CustomerID,Recency,Frequency,Monetary,AvgOrderValue,TotalItems,KMeansCluster,PCA1,PCA2,HierCluster
12346.0,348,1,5.16,5.16,3,3,-2.2140596598703954,0.44952518302847505,0
12350.0,223,1,19.04,19.04,16,3,-1.0162528421009447,-0.06020911840011013,0
12352.0,338,1,32.7,32.7,5,3,-1.6066984811417269,0.8981854527377471,0
12353.0,198,2,110.82,55.41,24,1,1.18929279211262,-0.061081791018053166,1
12355.0,165,1,12.04,12.04,2,3,-1.7592552070440346,-0.2615141189400493,0
12357.0,307,2,16.91,8.455,5,3,-1.2749280592624563,-0.36781041880436777,3
12360.0,119,2,126.81,63.405,18,1,1.2462462582328024,-0.15752537694287583,3
12362.0,88,1,89.44,89.44,16,0,0.49669995229778213,0.6487422182064646,2
12364.0,97,3,140.75,46.916666666666664,37,1,2.89344053120726,-1.4168144502886317,1
12366.0,213,1,39.78,39.78,9,3,-1.005680080902641,0.38976677700438334,0
12367.0,194,1,14.64,14.64,12,3,-1.2440015449868473,-0.22161445078612857,0
12369.0,270,1,35.63,35.63,7,3,-1.3051548073970256,0.6066123584754415,0
12370.0,332,1,16.5,16.5,10,3,-1.610524819086952,0.4888596454582104,0
12371.0,52,1,11.16,11.16,4,0,-1.4286711279043354,-0.8362983503169661,0
12372.0,56,2,201.23999999999998,100.61999999999999,28,1,2.8808589640679805,0.2686040697675407,1
12373.0,38,1,22.4,22.4,5,0,-1.149988643826416,-0.7022848634446598,0
12376.0,263,1,50.35,50.35,19,3,-0.39608725849661447,0.6797683009082363,0
12377.0,338,1,62.13,62.13,19,3,-0.3498739115507579,1.2552099983075407,0
12378.0,289,1,14.1,14.1,2,3,-1.9863156314527668,0.35816184321029004,0
12379.0,92,1,26.4,26.4,16,0,-0.6102111777747493,-0.5332327095283045,0
12380.0,16,4,149.72,37.43,38,1,3.7278420894535023,-2.6079490830204266,1
12385.0,126,2,115.67,57.835,19,1,1.139430943450139,-0.26897036869782137,3
12386.0,35,1,11.9,11.9,1,0,-1.5391612825325995,-0.8581694189740651,0
12388.0,262,1,53.57,53.57,11,3,-0.76301866605337,0.8527131127772131,0
12389.0,155,2,164.67,82.335,29,1,2.247682906869343,0.29179097979339247,1
12391.0,30,1,91.08,91.08,18,0,0.754560252658645,0.37940865847657845,2
12392.0,187,1,8.08,8.08,1,3,-1.9280534955590434,-0.21942048967409208,0
12393.0,41,2,45.989999999999995,22.994999999999997,13,0,0.09312248577481919,-1.3907385726032515,3
12394.0,125,1,172.77,172.77,13,2,1.7107714061372168,2.4527035543605753,2
12395.0,192,1,17.1,17.1,6,3,-1.5157652554322143,-0.09689995303920129,0
12396.0,29,3,326.43,108.81,45,1,5.609380110951851,-0.14840532439671725,1
12398.0,263,1,4.71,4.71,1,3,-2.1479390998627093,0.07214591274923429,0
12403.0,117,3,104.32,34.77333333333333,44,1,2.801887754843126,-1.7590806743763068,1
12404.0,47,5,230.15,46.03,53,1,5.844459450413163,-2.907843413452632,1
12405.0,151,2,77.53,38.765,29,1,1.1210307357961302,-0.7412831904574259,3
12406.0,115,1,34.19,34.19,13,0,-0.6826839574306112,-0.23358643472180848,0
12407.0,340,1,23.52,23.52,14,3,-1.2925917960013928,0.6018668063273996,0
12409.0,15,3,352.67,117.55666666666667,31,1,5.198392806412914,0.2302452795166941,1
12411.0,59,1,28.08,28.08,18,0,-0.4046689271160848,-0.6847802252764263,0
12412.0,174,1,28.86,28.86,6,3,-1.2726845120082833,0.042830865141634096,0
12413.0,329,2,133.46,66.73,34,1,1.7378633019641518,0.6702954965725273,1
12414.0,26,2,28.21,14.105,17,0,0.10589838357166485,-1.726068419486539,3
12416.0,116,2,88.72,44.36,22,1,0.9690054800002307,-0.6731015042253089,3
12418.0,135,1,54.72,54.72,12,0,-0.42051960520169873,0.2655969341283687,0
12420.0,54,1,122.57,122.57,17,2,1.1992126778923355,1.106066828888457,2
12421.0,149,1,80.08,80.08,11,0,-0.06147221316300268,0.8286896647189116,2
12424.0,3,1,75.4,75.4,13,0,0.27287930382993236,0.02705636845336689,0
12425.0,22,3,171.66000000000003,57.220000000000006,40,1,3.5692594729614737,-1.5279990677508792,1
12426.0,67,2,47.3,23.65,9,0,-0.15752749075831543,-1.195636579692854,3
12428.0,34,2,84.28999999999999,42.144999999999996,28,1,1.4040558088065904,-1.195729833282006,3
12429.0,275,1,19.04,19.04,16,3,-1.1265240883693017,0.18320117446739947,0
12430.0,280,1,9.66,9.66,6,3,-1.8320150265824457,0.17331832031916736,0
12431.0,170,2,59.51,29.755,15,0,0.10197365785399246,-0.6585886099489472,3
12433.0,22,2,125.07,62.535,33,1,2.2264501363469704,-0.8498879849523834,1
12435.0,262,1,10.16,10.16,4,3,-1.8914216283124141,0.12765813753066435,0
12436.0,102,1,5.23,5.23,1,0,-1.7974617135601068,-0.671585560364937,0
12440.0,131,1,10.11,10.11,3,0,-1.6676389146912443,-0.4719639340571685,0
12441.0,78,2,60.279999999999994,30.139999999999997,23,1,0.7322576902111398,-1.1965700991812418,3
12442.0,125,2,66.17,33.085,29,1,1.028184619570392,-0.9952240429483352,3
12444.0,22,1,36.4,36.4,8,0,-0.7126842780333844,-0.5541385626335326,0
12447.0,24,1,151.19,151.19,13,2,1.5489354094855707,1.5688998544855508,2
12448.0,147,1,70.46,70.46,13,0,-0.11856333326001346,0.6070253482700257,0
12451.0,208,1,8.25,8.25,3,3,-1.8633344064164874,-0.14695617133847974,0
12452.0,248,2,18.9,9.45,5,3,-1.1238897492545545,-0.6208229523714133,3
12453.0,86,1,15.84,15.84,12,0,-0.9940674726249105,-0.7043029636471047,0
12457.0,108,1,235.08,235.08,18,2,3.098254535190334,3.487237084516921,2
12458.0,73,1,195.86,195.86,14,2,2.2765148396545487,2.6345427116198485,2
12463.0,79,1,15.38,15.38,2,0,-1.5186863232492605,-0.60046159160757,0
12464.0,361,1,12.4,12.4,5,3,-2.0091858667750824,0.6192013530015584,0
12470.0,232,2,61.49,30.745,14,3,-0.056855792678390624,-0.3307835619031618,3
12471.0,191,1,22.08,22.08,12,3,-1.1080028494675844,-0.09395051464953007,0
12472.0,147,1,2.95,2.95,1,0,-1.9326161885056563,-0.5043683266478328,0
12476.0,177,1,12.6,12.6,10,3,-1.3497865040365427,-0.31097207603130583,0
12477.0,219,1,34.16,34.16,14,3,-0.850604392112234,0.23812579382466345,0
12478.0,195,2,206.5,103.25,27,2,2.6014703669507013,0.9950243219746482,1
12479.0,12,2,70.5,35.25,22,0,0.9522040208522898,-1.3720114002034052,3
12480.0,123,2,20.200000000000003,10.100000000000001,9,0,-0.629300958953183,-1.24895907607887,3
12486.0,136,2,63.54,31.77,22,1,0.5985846420389785,-0.8725891219519778,3
12488.0,97,1,23.8,23.8,5,0,-1.2507100573460672,-0.3994425352345949,0
12490.0,213,1,40.69,40.69,13,3,-0.7772448065205263,0.34895136475256433,0
12493.0,335,1,97.05,97.05,15,3,0.05236577141564479,1.9644228306787528,2
12494.0,138,3,463.02,154.34,74,1,8.498501840314653,1.1930176455388675,1
12495.0,303,1,16.02,16.02,9,3,-1.6105358510516368,0.3585061795400481,0
12496.0,79,2,125.72,62.86,32,1,2.0608983633841813,-0.560969593978963,1
12500.0,237,1,24.99,24.99,7,3,-1.4205696742606657,0.24948442671670704,0
12501.0,59,3,42.29,14.096666666666666,22,1,1.0385905249313399,-2.279687340053214,3
12502.0,20,1,136.42,136.42,19,2,1.618929425406328,1.181635686585185,2
12504.0,39,1,76.6,76.6,10,0,0.058012486278880164,0.2620380040975004,0
12505.0,1,2,131.36,65.68,28,1,2.0871958909571657,-0.8022849643363765,1
12511.0,169,1,1.19,1.19,1,3,-2.009936199937704,-0.43490909651189413,0
12517.0,125,1,18.4,18.4,10,0,-1.138454239148613,-0.4439119847107137,0
12519.0,180,1,28.73,28.73,17,3,-0.7030806182299217,-0.09146593731651774,0
12520.0,75,1,194.88,194.88,12,2,2.148908236067512,2.6543128776559963,2
12522.0,195,1,21.76,21.76,8,3,-1.334640182411295,-0.023173729117149974,0
12523.0,108,4,163.62,40.905,55,1,4.586713020432134,-2.3140986565517365,1
12526.0,88,1,7.38,7.38,3,0,-1.624021452436292,-0.7252427894301785,0
12529.0,159,1,40.4,40.4,10,0,-0.827219771188827,0.13426649428352128,0
12530.0,73,2,34.69,17.345,11,0,-0.22822646288761722,-1.3434109838792412,3
12533.0,88,1,48.45,48.45,19,0,-0.058088298540485674,-0.17558952806492897,0
12534.0,257,2,149.1,74.55,25,1,1.6159789035234897,0.6461553933114635,1
12535.0,218,1,46.62,46.62,14,3,-0.6313768443259272,0.4707656864789186,0
12536.0,328,1,18.12,18.12,6,3,-1.7863941766155624,0.5591391324754819,0
12540.0,360,1,13.41,13.41,3,3,-2.095756283718144,0.6628313872734163,0
12542.0,192,2,50.489999999999995,25.244999999999997,18,0,0.09725521476252563,-0.7042152212303521,3
12544.0,340,1,41.88,41.88,12,3,-1.0789709736532664,0.9806366294359187,0
12551.0,13,2,125.5,62.75,24,1,1.7728338804715118,-0.7561786607948823,1
12552.0,118,2,65.66,32.83,27,1,0.9300957048780172,-1.004853534054825,3
12554.0,20,2,128.0,64.0,23,1,1.7374112908897679,-0.6797737642452957,1
12555.0,32,2,41.44,20.72,32,1,1.0626879966425875,-1.762033616706591,3
12559.0,273,1,18.6,18.6,15,3,-1.1830943718157367,0.17999568687205983,0
12560.0,90,1,2.52,2.52,1,0,-1.8192343926171115,-0.7793735010922779,0
12561.0,148,1,6.78,6.78,6,0,-1.6022777321706856,-0.49942360592544593,0
12562.0,199,1,22.28,22.28,4,3,-1.5466410919687228,0.06360221550454123,0
12564.0,273,1,80.85,80.85,15,3,-0.09843085301083761,1.3656476550978067,2
12566.0,41,3,153.34,51.11333333333334,35,1,3.0514531174021564,-1.534402360500816,1
12567.0,199,1,153.52,153.52,19,2,1.5372976279285966,2.345225977285147,2
12570.0,335,1,35.52,35.52,12,3,-1.1791866034148142,0.836095303335631,0
12573.0,207,1,49.02,49.02,6,3,-0.9913901801001026,0.581282599912563,0
12575.0,20,3,74.17999999999999,24.726666666666663,33,1,2.0745555640957054,-2.3296644934538335,3
12577.0,288,1,4.84,4.84,4,3,-2.0392545995597176,0.14803527639878103,0
12578.0,342,1,64.79,64.79,11,3,-0.7371659391472491,1.4408935399696217,0
12579.0,184,2,30.42,15.21,24,0,0.171645654874302,-1.0625088848381385,3
12580.0,263,1,19.32,19.32,7,3,-1.574501155252254,0.2631952492976106,0
12581.0,278,1,39.93,39.93,11,3,-1.034615917181335,0.6678127184840037,0
12582.0,21,2,96.97999999999999,48.489999999999995,17,0,1.0123380267337012,-0.9489583340759336,3
12583.0,208,1,21.84,21.84,14,3,-1.0419453253235142,-0.04801917836105478,0
12587.0,50,1,28.2,28.2,6,0,-1.0212300486224126,-0.550179831859853,0
12588.0,5,1,9.3,9.3,6,0,-1.2551225347738553,-1.1208044340431635,0
12593.0,7,2,81.42,40.71,24,1,1.21134665209669,-1.2973762528144805,3
12595.0,15,1,14.38,14.38,2,0,-1.4003921798586891,-0.9190901084848935,0
12596.0,63,1,60.06,60.06,13,0,-0.12164571949184867,0.01573927912554287,0
12598.0,51,2,41.85,20.925,15,0,0.12427608652818187,-1.4211943519187813,3
12599.0,178,1,45.5,45.5,7,3,-0.9380815507488,0.3639534980861783,0
12602.0,353,1,14.24,14.24,8,3,-1.8007259609302606,0.5731885167411738,0
12604.0,130,1,48.9,48.9,10,0,-0.6176156801669805,0.1604146990276389,0
12606.0,119,3,227.72,75.90666666666667,44,1,4.224230051390803,-0.6179247749591326,1
12610.0,111,1,22.36,22.36,4,0,-1.3586342685840187,-0.346799166064936,0
12612.0,174,1,122.55,122.55,15,2,0.8381025103246148,1.6964758742919575,2
12614.0,333,1,83.6,83.6,19,3,0.034829104926093084,1.6407360501305064,2
12616.0,178,1,53.55,53.55,17,3,-0.2663679540128179,0.3719091861956457,0
12618.0,78,2,180.96,90.48,33,1,2.8357510122964222,0.06283188183794441,1
12619.0,114,1,145.75,145.75,11,2,1.1570034891424976,1.9156472154111959,2
12621.0,148,1,46.9,46.9,10,0,-0.6906351232931477,0.20657887217022983,0
12622.0,94,3,241.09,80.36333333333333,39,1,4.1660869507189915,-0.5396378618406927,1
12623.0,252,2,122.18,61.09,22,1,1.11647250890114,0.3530000595469558,1
12627.0,142,1,19.92,19.92,12,0,-1.041729923147569,-0.3644586008065386,0
12628.0,77,1,115.11,115.11,9,2,0.5952951802124989,1.1879369730003155,2
12632.0,355,1,39.2,39.2,14,3,-1.0511875728040854,0.9707322835524792,0
12633.0,104,2,28.529999999999998,14.264999999999999,21,0,0.15723916291638357,-1.4153758653174489,3
12637.0,1,1,17.25,17.25,15,0,-0.6298137530960223,-1.1189403177625152,0
12640.0,246,1,4.82,4.82,2,3,-2.056827422983711,-0.019872359823421108,0
12641.0,48,1,20.52,20.52,6,0,-1.1508075749460192,-0.7058197921603285,0
12644.0,13,1,70.38,70.38,18,0,0.4299271771942938,-0.09443277526615773,2
12645.0,104,1,26.98,26.98,2,0,-1.369579308254517,-0.26249664396814065,0
12646.0,1,3,49.09,16.363333333333333,23,1,1.293342544583121,-2.5033524937627667,3
12649.0,74,2,17.07,8.535,11,0,-0.45987507852402437,-1.5438350467022919,3
12651.0,270,1,11.12,11.12,2,3,-1.9979486689412154,0.21246454543911014,0
12652.0,89,2,64.22,32.11,24,1,0.8134005202450358,-1.1137529786500313,3
12653.0,14,1,26.45,26.45,5,0,-1.0285257525736395,-0.7374892727853201,0
12655.0,164,1,64.41,64.41,19,0,0.05883807817590755,0.4841479995921917,0
12657.0,109,4,220.87,55.2175,41,1,4.460450396617893,-1.6514845967810667,1
12658.0,75,1,39.84,39.84,8,0,-0.7651364865619776,-0.2405269368011715,0
12661.0,24,3,145.04999999999998,48.349999999999994,45,1,3.5231134644558946,-1.8353821974090543,1
12663.0,104,2,119.35,59.675,25,1,1.5528906331488876,-0.4163364794837342,3
12666.0,27,1,62.96,62.96,8,0,-0.26049751445884134,-0.02485555367123521,0
12667.0,124,2,118.38,59.19,10,0,0.7006710417107386,-0.11595400939852628,3
12668.0,82,2,48.28,24.14,22,0,0.5143117606298168,-1.3029948768394346,3
12670.0,324,1,34.84,34.84,13,3,-1.1145637395830008,0.7571160055950116,0
12671.0,21,2,152.4,76.2,24,1,2.1062835794080352,-0.40560235891150714,1
12676.0,327,1,63.72,63.72,18,3,-0.3519874304723577,1.248540440643275,0
12680.0,77,2,24.41,12.205,10,0,-0.4237667065799391,-1.4298141581555406,3
12683.0,30,2,273.20000000000005,136.60000000000002,64,1,5.786598298725249,0.46121642320304307,1
12684.0,31,1,83.88,83.88,18,0,0.6269845941721577,0.24695397631015337,2
12685.0,315,1,58.5,58.5,18,3,-0.41749513655266013,1.0929454888276353,0
12686.0,148,2,95.13,47.565,19,1,0.825212149363385,-0.40508428482065073,3
12687.0,300,1,95.4,95.4,18,3,0.2572710469771263,1.7255511841215887,2
12688.0,88,2,88.74000000000001,44.370000000000005,22,1,1.028642836145229,-0.8039357756584717,3
12691.0,88,1,43.56,43.56,18,0,-0.19643797908666238,-0.2541905312566336,0
12692.0,195,2,122.08000000000001,61.040000000000006,30,1,1.6612024015559896,-0.03127478507859437,1
12693.0,122,2,98.86,49.43,33,1,1.6729638687933561,-0.6868879101317006,3
12699.0,208,1,32.13,32.13,7,3,-1.2346626496737536,0.24972923103051115,0
12700.0,157,2,81.8,40.9,11,0,0.2073243776216895,-0.40182733729841547,3
12702.0,81,3,58.55,19.516666666666666,25,1,1.3393477423667863,-2.0711842812639767,3
12703.0,121,1,7.65,7.65,3,0,-1.6892967171390263,-0.5656282859525847,0
12704.0,96,3,126.92999999999999,42.309999999999995,38,1,2.788937816061516,-1.5627859627972316,1
12705.0,151,2,75.5,37.75,27,1,0.9882972412989958,-0.7358394213356062,3
12706.0,203,2,111.95,55.975,20,1,0.9808306531833763,0.033624607236385516,1
12709.0,125,2,195.69,97.845,23,1,2.396516149687992,0.5996710054744073,1
12710.0,52,1,21.6,21.6,8,0,-1.0341821453421294,-0.6955994933769558,0
12711.0,233,1,90.95,90.95,17,3,0.26866832401019136,1.341705892408364,2
12713.0,300,1,49.64,49.64,17,3,-0.5932103285659376,0.8685149047630362,0
12714.0,69,1,78.0,78.0,13,0,0.1782228603479668,0.38552140841329385,2
12715.0,323,1,50.64,50.64,8,3,-1.1028629208313823,1.1260563954954583,0
12716.0,74,1,100.89,100.89,19,2,0.8853311167457595,0.7576815775518122,2
12717.0,201,1,106.21,106.21,19,2,0.7087121518573211,1.453492415774637,2
12720.0,250,1,131.67,131.67,19,2,1.0484257313711072,2.167786700480399,2
12721.0,271,1,52.38,52.38,18,3,-0.43082549635971645,0.7704176313879474,0
12722.0,66,1,18.96,18.96,4,0,-1.3224498946314303,-0.6222011898145261,0
12725.0,213,1,54.84,54.84,12,3,-0.5838355569776221,0.6329979675852491,0
12727.0,90,1,10.68,10.68,4,0,-1.5176176322222745,-0.6675639744593265,0
12730.0,104,1,97.08,97.08,12,0,0.3833129445753446,0.927301688774381,2
12731.0,194,1,64.22,64.22,19,3,-0.008090568092844039,0.6209581572950041,0
12735.0,202,1,26.7,26.7,10,3,-1.1571187051540524,0.07460941651678793,0
12736.0,28,2,67.08,33.54,26,1,1.0863027151161115,-1.39507415749565,3
12737.0,111,1,32.49,32.49,9,0,-0.9164020359621493,-0.22654171934324344,0
12738.0,98,3,174.76,58.25333333333333,32,1,3.018773504366213,-1.027517468214792,1
12739.0,71,1,43.52,43.52,16,0,-0.26737431102616016,-0.30545492057487916,0
12741.0,281,2,113.72,56.86,28,1,1.2636390958419603,0.30304800407652194,1
12744.0,233,1,75.05,75.05,19,3,0.09791131300760801,1.0097907494899712,2
12746.0,277,2,72.98,36.49,26,1,0.6351298067857644,-0.1608345762471951,3
12747.0,243,1,18.24,18.24,4,3,-1.7103417578814701,0.1926164344354166,0
12749.0,11,1,93.24,93.24,18,0,0.8324881868434041,0.33161097703761305,2
12750.0,53,2,76.41,38.205,19,0,0.7828120014257728,-1.067685709805234,3
12752.0,306,1,29.95,29.95,5,3,-1.5867561149454135,0.6960163038812872,0
12753.0,104,1,260.11,260.11,19,2,3.596012294295305,3.9307131048107107,2
12754.0,129,1,37.44,37.44,12,0,-0.7088881380951491,-0.09161442730349491,0
12756.0,288,1,13.59,13.59,3,3,-1.9399366432143472,0.3292301422287502,0
12757.0,113,2,106.2,53.1,27,1,1.4687955151060361,-0.5563538343830818,3
12758.0,129,2,99.91,49.955,23,1,1.1403496795890282,-0.4965290630049444,3
12759.0,58,1,1.71,1.71,1,0,-1.7654888581239065,-0.9445922110996142,0
12760.0,258,1,5.12,5.12,2,3,-2.0770473395944946,0.042013231611966996,0
12761.0,145,1,31.2,31.2,10,0,-0.9578350434388703,-0.10649593136777062,0
12763.0,243,1,20.0,20.0,8,3,-1.4670958169775214,0.1679906474525436,0
12764.0,11,2,59.38,29.69,17,0,0.5437453208486405,-1.4334495680830737,3
12765.0,177,2,70.01,35.005,21,1,0.5427770716114378,-0.590818687286895,3
12766.0,23,1,9.52,9.52,8,0,-1.1831704272842158,-1.061430686320965,0
12769.0,197,1,4.37,4.37,1,3,-2.0139037077462207,-0.24327377061326003,0
12771.0,25,1,2.32,2.32,1,0,-1.684880197492685,-1.0874456907693582,0
12772.0,224,1,65.64,65.64,12,3,-0.41897958037009236,0.8901920804664991,0
12776.0,274,1,81.9,81.9,18,3,0.07717843711747122,1.3467166951810454,2
12780.0,148,1,101.68,101.68,8,2,0.15757919873167614,1.279026521508174,2
12781.0,76,2,27.919999999999998,13.959999999999999,15,0,-0.11019893829400543,-1.4663218791147248,3
12782.0,216,4,344.35,86.0875,40,1,5.517403928026243,-0.15597503092928608,1
12783.0,72,1,17.48,17.48,4,0,-1.360961484031633,-0.6223043813772814,0
12784.0,10,2,52.830000000000005,26.415000000000003,8,0,-0.017761141857369392,-1.3835429667971626,3
12786.0,196,1,55.29,55.29,19,3,-0.1679308899194283,0.4602337932223125,0
12787.0,351,1,19.8,19.8,5,3,-1.8590399375695903,0.7133366542259154,0
12791.0,67,1,17.36,17.36,7,0,-1.1930150354241331,-0.6916056873344721,0
12792.0,39,2,34.760000000000005,17.380000000000003,10,0,-0.2083589605875375,-1.48721207633181,3
12793.0,14,1,10.0,10.0,8,0,-1.1557213487697835,-1.0944170142332625,0
12794.0,43,1,217.26,217.26,17,2,2.872447538212176,2.8581004449732164,2
12795.0,57,2,218.94,109.47,24,2,2.8967293538029306,0.5374691388968222,1
12797.0,199,1,14.94,14.94,6,3,-1.5682459789396603,-0.10527387764658436,0
12801.0,181,1,14.46,14.46,3,3,-1.6978731952153692,-0.15506278738964072,0
12803.0,146,2,33.879999999999995,16.939999999999998,14,0,-0.23414748092237317,-1.0547400347163733,3
12806.0,19,1,35.14,35.14,14,0,-0.40940838687301845,-0.6794019546769459,0
12808.0,175,1,30.12,30.12,4,3,-1.359140052342122,0.10058448824541662,0
12809.0,253,1,54.53,54.53,7,3,-0.9397850660794651,0.8870169960859517,0
12810.0,199,1,10.6,10.6,4,3,-1.7501570742922765,-0.1588622823087395,0
12811.0,161,1,22.8,22.8,19,0,-0.6598258061824244,-0.3224246753792081,0
12813.0,147,2,50.26,25.13,9,0,-0.2886169397128191,-0.7867034234863435,3
12814.0,354,1,53.46,53.46,18,3,-0.5880171115716255,1.1795082539423998,0
12815.0,224,3,167.99,55.99666666666667,31,1,2.620167443536642,-0.4852713944056001,1
12816.0,52,1,98.93,98.93,13,0,0.578963958182378,0.7045906804896401,2
12817.0,12,1,14.28,14.28,3,0,-1.342628021283127,-0.9495746304424705,0
12819.0,33,1,76.57,76.57,19,0,0.548516447566577,0.10254817468863311,2
12820.0,265,1,2.52,2.52,2,3,-2.137194761066184,0.025258795100659183,0
12823.0,201,1,20.88,20.88,8,3,-1.3626971836784385,-0.01184894990182583,0
12826.0,48,3,131.92000000000002,43.973333333333336,25,1,2.2575320390897615,-1.5527248914276204,1
12828.0,46,3,47.980000000000004,15.993333333333334,18,1,0.919359253136073,-2.230204820476356,3
12829.0,218,1,28.35,28.35,5,3,-1.4280221383332752,0.25361660413318715,0
12831.0,70,1,126.0,126.0,15,2,1.1187588846264194,1.2753661205308955,2
12833.0,152,3,63.32,21.106666666666666,20,1,0.9782054158744103,-1.6224015708254356,3
12835.0,279,2,107.72,53.86,18,3,0.6582730556238382,0.36921285373692,3
12836.0,8,4,151.14,37.785,47,1,4.238485295433268,-2.7649583520997925,1
12838.0,7,1,23.22,23.22,3,0,-1.1762516536516634,-0.8027027017017313,0
12839.0,349,1,38.56,38.56,8,3,-1.3684842517111542,1.0176783969305463,0
12840.0,306,1,8.35,8.35,5,3,-1.963121287735547,0.28460935587042546,0
12841.0,71,1,3.94,3.94,1,0,-1.7542004504631254,-0.8412656798242081,0
12844.0,115,2,18.73,9.365,8,0,-0.6846299845948761,-1.2889813414047284,3
12846.0,189,1,24.45,24.45,5,3,-1.4344795353946538,0.043586746130328535,0
12848.0,132,1,40.18,40.18,14,0,-0.5612177471000193,-0.05445770987129787,0
12850.0,70,1,29.0,29.0,10,0,-0.8371234665268805,-0.4994710286770727,0
12851.0,96,2,37.32,18.66,12,0,-0.18959563917905287,-1.219671269179752,3
12852.0,274,1,206.25,206.25,15,2,2.0844574659087733,3.75877451488695,2
12856.0,160,2,58.949999999999996,29.474999999999998,24,1,0.5941878776319578,-0.8427495710672243,3
12858.0,183,1,55.33,55.33,11,3,-0.5648244039040847,0.5164387539211195,0
12859.0,153,3,202.86,67.62,49,1,4.130455941819785,-0.7594663924465759,1
12861.0,86,2,68.82000000000001,34.410000000000004,16,0,0.4545262080119303,-0.9579540623849908,3
12865.0,230,2,46.41,23.205,7,3,-0.6210686501067081,-0.4139250293007572,3
12866.0,102,2,48.3,24.15,9,0,-0.21872196033710584,-1.020162261641842,3
12867.0,87,1,45.73,45.73,17,0,-0.20965140504406582,-0.20300337879679864,0
12869.0,46,1,15.34,15.34,13,0,-0.8648108065496725,-0.915601918099642,0
12870.0,330,1,139.2,139.2,10,2,0.5316796559032202,2.816517735234408,2
12871.0,347,2,198.68,99.34,26,2,2.124126533017415,1.6300398379595853,1
12872.0,181,1,5.56,5.56,2,3,-1.906094373117492,-0.3100407286148433,0
12873.0,192,2,69.45,34.725,21,1,0.5036731837893075,-0.5271228412951574,3
12874.0,256,1,78.88,78.88,16,3,-0.043561748326444945,1.2340124171611424,2
12875.0,94,2,49.5,24.75,14,0,0.07959865696586897,-1.116326231755295,3
12876.0,156,2,73.61999999999999,36.809999999999995,22,1,0.6874803648022556,-0.6616338703498374,3
12877.0,6,1,237.24,237.24,18,2,3.352192343226509,3.050919127924046,2
12879.0,183,1,12.76,12.76,11,3,-1.30657743194464,-0.2943757727836204,0
12880.0,306,1,4.76,4.76,4,3,-2.0788193606600953,0.23076895603122632,0
12881.0,25,1,121.5,121.5,15,2,1.135776513668399,0.9790128170214931,2
12883.0,204,4,148.7,37.175,30,1,2.8929665848027866,-1.6197277252386748,1
12884.0,285,1,127.3,127.3,10,2,0.41975736463746915,2.3792194587953586,2
12885.0,287,1,40.26,40.26,11,3,-1.0479513017161373,0.7162268069467087,0
12886.0,38,2,50.84,25.42,22,0,0.6409661973821996,-1.479157836611522,3
12889.0,7,3,172.75,57.583333333333336,40,1,3.6136695885218644,-1.5882163676756462,1
12894.0,325,1,11.8,11.8,10,3,-1.6775748865674838,0.36657377083621767,0
12895.0,25,2,50.47,25.235,31,1,1.142017266526534,-1.6751500104957122,3
12896.0,178,1,97.09,97.09,19,2,0.5985762326996705,1.172125015025661,2
12899.0,56,2,51.480000000000004,25.740000000000002,16,0,0.2922636571963264,-1.3002287767113425,3
12900.0,20,1,9.42,9.42,3,0,-1.444274992279116,-1.0046934563806822,0
12902.0,26,2,78.34,39.17,21,1,0.9714990637905245,-1.2006796392395869,3
12903.0,287,1,80.19,80.19,11,3,-0.3521984614610429,1.4767582622278985,0
12905.0,80,2,74.0,37.0,15,0,0.48158261498711485,-0.9112052872711925,3
12907.0,202,1,34.56,34.56,8,3,-1.1264531751344633,0.2533897510089158,0
12908.0,148,2,39.169999999999995,19.584999999999997,15,0,-0.11633338476993885,-0.9983369881585545,3
12909.0,68,3,203.54000000000002,67.84666666666668,21,1,2.8305142122002325,-0.7440769696684554,1
12910.0,34,2,100.56,50.28,30,1,1.7222875399661555,-1.0354133511490824,3
12911.0,185,1,35.42,35.42,14,3,-0.7565493267804224,0.10297164866064343,0
12914.0,15,2,102.6,51.3,16,0,1.0451261207967701,-0.8970877534458368,3
12915.0,97,2,68.48,34.24,18,0,0.5330601418163338,-0.9394950996165067,3
12916.0,228,1,24.6,24.6,6,3,-1.461424535800913,0.21446449982583737,0
12918.0,173,1,16.48,16.48,4,3,-1.5925664874541174,-0.16857331511731527,0
12919.0,73,2,255.9,127.95,21,2,3.184827093163545,1.0862071529432689,1
12920.0,309,1,40.14,40.14,9,3,-1.2029850134413105,0.8459964078420178,0
12923.0,96,2,163.42000000000002,81.71000000000001,16,1,1.6656329230092484,0.19004379532442195,3
12927.0,174,1,58.32,58.32,9,3,-0.5999298728898418,0.5603333543964075,0
12929.0,259,1,18.24,18.24,16,3,-1.1065339249769632,0.09306840536816223,0
12931.0,178,1,30.81,30.81,13,3,-0.8751759933027389,-0.003063071694994058,0
12933.0,168,2,13.24,6.62,11,0,-0.7091032929506955,-1.1484071215985228,3
12934.0,297,1,27.45,27.45,15,3,-1.0797836182077387,0.46090146794142883,0
12938.0,117,1,35.42,35.42,7,0,-0.9843619771078539,-0.11357540838782798,0
12940.0,109,1,35.62,35.62,13,0,-0.6450435837081633,-0.2344355740572265,0
12944.0,129,1,41.22,41.22,9,0,-0.8024585946421068,0.023992664547335615,0
12945.0,264,1,18.88,18.88,4,3,-1.743722815891505,0.3031065805131443,0
12946.0,127,1,59.08,59.08,14,0,-0.2212952164597719,0.28211853378556095,0
12951.0,150,1,65.85,65.85,15,0,-0.09896164689485973,0.5041894236707489,0
12952.0,37,2,25.439999999999998,12.719999999999999,4,0,-0.6443940361490834,-1.517841411983872,3
12954.0,78,2,39.59,19.795,11,0,-0.1749993156759703,-1.2629678593223654,3
12955.0,353,2,196.73000000000002,98.36500000000001,25,2,2.0328563453684376,1.6499636888215357,1
12956.0,145,1,243.36,243.36,18,2,3.1640656185048366,3.818138866563992,2
12957.0,106,1,16.77,16.77,13,0,-0.9671300915524469,-0.6075072241801441,0
12958.0,234,2,175.14,87.57,31,1,2.322833110669033,0.7543891593196325,1
12962.0,104,2,54.95,27.475,22,0,0.5545457066824401,-1.1223716836475475,3
12963.0,56,1,13.89,13.89,1,0,-1.549019517243251,-0.7219663386456585,0
12964.0,201,2,68.55000000000001,34.275000000000006,21,1,0.4728638703742872,-0.49547055713464244,3
12967.0,69,2,119.76,59.88,30,1,1.8981764908407524,-0.6480825321966429,1
12968.0,345,1,21.08,21.08,17,3,-1.1862757637394832,0.5351870184002586,0
12970.0,24,1,93.44,93.44,8,0,0.2769573653698977,0.5416424603436159,2
12971.0,5,2,42.739999999999995,21.369999999999997,22,0,0.6054308780814899,-1.727917536607198,3
12972.0,357,1,36.66,36.66,13,3,-1.1528313182753323,0.9462527669159773,0
12973.0,9,1,6.03,6.03,1,0,-1.586306379966851,-1.0916782128533644,0
12977.0,238,1,140.42,140.42,17,2,1.120046111132047,2.3073469189136633,2
12979.0,107,2,50.08,25.04,15,0,0.11273103836727968,-1.0632591462802135,3
12980.0,257,2,143.22,71.61,18,1,1.167369210698651,0.6794681574138898,1
12983.0,41,1,69.36,69.36,12,0,0.03390882888390034,0.1044285070837795,0
12985.0,242,1,80.82,80.82,6,3,-0.5115180401901249,1.3507989021192919,0
12986.0,42,1,5.92,5.92,2,0,-1.6050580965587793,-0.9538383828515307,0
12987.0,23,1,20.93,20.93,13,0,-0.7186350733118202,-0.9167935686060358,0
12988.0,63,1,108.12,108.12,17,2,0.9283459390131735,0.8729719038511372,2
12990.0,273,2,51.3,25.65,20,3,0.042327632080481424,-0.3447020193799655,3
12992.0,234,2,107.19,53.595,18,1,0.7467960180351748,0.1523998835093908,1
12995.0,274,1,43.36,43.36,8,3,-1.125802479913473,0.7580296253655051,0
12996.0,321,1,18.48,18.48,3,3,-1.9247115792925253,0.576840020697556,0
12997.0,38,5,390.34000000000003,78.06800000000001,64,1,8.1121768802043,-1.957027026961966,1
12998.0,142,1,21.84,21.84,14,0,-0.9019856665982918,-0.35696301161597066,0
13001.0,20,1,52.39,52.39,13,0,-0.16410436619908433,-0.3316298689869882,0
13006.0,280,2,55.589999999999996,27.794999999999998,12,3,-0.34179092313503084,-0.1457019762052086,3
13008.0,127,2,45.010000000000005,22.505000000000003,9,0,-0.31459437012500496,-0.9414352190800281,3
13011.0,9,2,156.99,78.495,24,1,2.1915227076612305,-0.40834422104919876,1
13012.0,319,1,91.63,91.63,17,3,0.09814518070691426,1.7572207692890172,2
13014.0,241,1,73.26,73.26,18,3,-0.003387802635971084,1.0276819993492428,2
13015.0,149,2,107.68,53.84,18,1,0.9334301088321956,-0.23977849711515356,3
13017.0,162,1,24.48,24.48,9,0,-1.1641214329170715,-0.14037580353362422,0
13019.0,131,1,33.48,33.48,18,0,-0.4632608979824302,-0.2448988519956209,0
13020.0,85,1,10.95,10.95,3,0,-1.555454850375261,-0.6712892648121925,0
13023.0,3,1,81.18,81.18,18,0,0.6393157724871218,0.06446102703398318,2
13024.0,209,2,17.53,8.765,14,3,-0.5807296185394143,-0.9501607397718541,3
13025.0,182,2,65.93,32.965,14,0,0.10701218515178994,-0.513148246583331,3
13027.0,126,2,53.25,26.625,20,0,0.3794577579261446,-1.0101052826368657,3
13028.0,191,1,18.76,18.76,14,3,-1.0595619959470248,-0.18625920358752288,0
13031.0,145,1,8.7,8.7,3,0,-1.7218956092607989,-0.4332861249982489,0
13033.0,220,2,96.47,48.235,26,1,1.0619979886266318,-0.15421513319951863,1
13036.0,88,1,94.56,94.56,16,0,0.5859124376998879,0.7462609021794097,2
13038.0,121,1,21.78,21.78,18,0,-0.645919357679325,-0.5145539538734613,0
13041.0,142,1,65.85,65.85,15,0,-0.08199683977665098,0.46674168630651675,0
13043.0,197,2,58.68,29.34,16,0,0.0870501749941821,-0.5564010426727781,3
13048.0,356,1,30.03,30.03,13,3,-1.2662339162558607,0.8152927226476698,0
13050.0,150,1,21.12,21.12,8,0,-1.2503647030466338,-0.24600708728757442,0
13051.0,307,1,21.97,21.97,13,3,-1.3027644399109284,0.43240959050621297,0
13052.0,28,2,59.309999999999995,29.654999999999998,14,0,0.3473488846277796,-1.311077082930925,3
13053.0,60,1,43.01,43.01,17,0,-0.1997893138899799,-0.38119629326170945,0
13055.0,81,5,141.11,28.222,33,1,3.784523735729139,-3.098752341022294,1
13057.0,72,1,51.66,51.66,14,0,-0.2339505741009197,-0.11666056588245209,0
13059.0,341,1,47.1,47.1,15,3,-0.8307022960001957,1.0411300664268097,0
13060.0,12,1,5.84,5.84,2,0,-1.5428340149499045,-1.095791127404479,0
13063.0,47,1,101.84,101.84,19,2,0.9591404386470579,0.6493897510128209,2
13064.0,54,2,45.51,22.755,18,0,0.32502586096602953,-1.4081582168341886,3
13070.0,19,2,254.01,127.005,34,2,3.9656015742593476,0.6224539805034218,1
13071.0,169,1,24.08,24.08,14,0,-0.9202114282588252,-0.18791247377352352,0
13072.0,245,1,15.1,15.1,5,3,-1.7161505169622886,0.12763502972154883,0
13073.0,353,1,49.14,49.14,14,3,-0.8737486942868511,1.1506937317682715,0
13074.0,327,1,7.16,7.16,1,3,-2.240967988598387,0.4183920256735833,0
13075.0,44,2,73.36,36.68,20,0,0.8153111839272139,-1.1598547975912514,3
13077.0,25,2,157.85,78.925,25,1,2.221940723631057,-0.33797490327943125,1
13080.0,130,1,59.4,59.4,11,0,-0.3815156005766997,0.3458672289943868,0
13089.0,27,2,127.12,63.56,35,1,2.348841157626492,-0.8316941088799077,1
13091.0,106,1,87.24,87.24,12,0,0.2076164974136203,0.7492449023549353,2
13092.0,259,1,42.96,42.96,8,3,-1.100963191988871,0.6801964706221832,0
13100.0,167,1,87.72,87.72,17,0,0.3523474499524445,0.9712414831314534,2
13104.0,19,2,196.18,98.09,34,1,3.2122755190494914,-0.05071423087732223,1
13105.0,96,1,45.36,45.36,18,0,-0.18203902180569337,-0.18245888155816292,0
13107.0,29,1,85.14,85.14,18,0,0.6531804310311343,0.2615907806030625,2
13108.0,48,3,146.66,48.88666666666666,43,1,3.384542105792585,-1.6791985503203728,1
13111.0,310,1,20.1,20.1,5,3,-1.766868007022241,0.5271309856232648,0
13112.0,290,1,51.48,51.48,11,3,-0.8588123062972572,0.9439727620083823,0
13114.0,349,1,20.92,20.92,4,3,-1.8884282918700714,0.7398438906535822,0
13115.0,261,1,17.64,17.64,14,3,-1.2275192894130622,0.12007628623042735,0
13116.0,176,2,254.48,127.24,24,2,3.1073418458818494,1.5082064323016848,1
13117.0,312,3,74.53999999999999,24.846666666666664,32,1,1.406357148943149,-0.9449832909657313,1
13119.0,134,1,18.76,18.76,7,0,-1.310701256061993,-0.35131562176017495,0
13120.0,299,1,88.73,88.73,19,3,0.1963162637161372,1.5792923164850994,2
13122.0,323,1,66.78,66.78,18,3,-0.29018662743465107,1.2880992229293644,0
13123.0,9,2,13.02,6.51,6,0,-0.6405175313289572,-1.8225570112225715,3
13124.0,248,1,54.84,54.84,12,3,-0.6580565881197854,0.7968318185537651,0
13125.0,6,1,107.46,107.46,9,0,0.612561844690096,0.7098816764722409,2
13126.0,60,1,22.95,22.95,5,0,-1.1870584909461857,-0.5888279458131149,0
13127.0,137,1,26.88,26.88,16,0,-0.6972745473082261,-0.31344681023203463,0
13128.0,224,1,2.4,2.4,1,3,-2.1054858294737198,-0.15440949439700383,0
13130.0,103,1,9.8,9.8,2,0,-1.666808414241338,-0.5943985077510127,0
13131.0,51,2,109.4,54.7,26,1,1.5888129800132038,-0.7947873456422512,3
13132.0,214,3,219.54000000000002,73.18,44,1,3.9282068970377897,-0.24825780975824757,1
13137.0,259,1,11.06,11.06,7,3,-1.7099435816582658,0.08714631623726687,0
13138.0,264,1,105.45,105.45,15,2,0.3492926684525774,1.7920657524643047,2
13140.0,156,1,30.72,30.72,12,0,-0.8832357492093674,-0.09322158641370139,0
13141.0,207,1,13.96,13.96,4,3,-1.7085761878653536,-0.05741790858726211,0
13142.0,44,2,113.48,56.74,16,1,1.125357684802761,-0.6346914236429384,3
13143.0,199,2,22.75,11.375,9,3,-0.7572488945895652,-0.8635223800582992,3
13144.0,349,1,25.8,25.8,10,3,-1.484528918150727,0.7455696344174361,0
13145.0,196,1,4.72,4.72,4,3,-1.8462502353269292,-0.28489929744550563,0
13146.0,66,1,34.2,34.2,12,0,-0.6317450579577751,-0.4482264012484529,0
13147.0,260,1,14.64,14.64,3,3,-1.862264289067763,0.21816201031557647,0
13149.0,334,1,13.2,13.2,10,3,-1.67226625559833,0.43536774051983124,0
13153.0,107,2,37.69,18.845,17,0,0.057621515120576526,-1.2365584507316254,3
13156.0,77,1,62.79,62.79,13,0,-0.1037657559432944,0.1332700865532109,0
13157.0,161,2,24.78,12.39,12,0,-0.49078777901919546,-1.061379860309865,3
13158.0,191,2,64.84,32.42,23,1,0.5520309103954218,-0.6145402790152795,3
13160.0,26,3,78.83,26.276666666666667,19,1,1.3715619327751458,-2.0554126312675507,3
13162.0,337,1,169.26,169.26,14,2,1.2531894641880315,3.3636780068113206,2
13165.0,26,1,41.3,41.3,14,0,-0.31691882160204266,-0.5293080178282934,0
13168.0,62,2,93.21000000000001,46.605000000000004,33,1,1.7265998493468648,-1.0335145793795448,3
13170.0,2,2,66.96,33.48,28,1,1.2461647253861725,-1.5472500772785907,3
13171.0,216,1,6.28,6.28,2,3,-1.9677698984999843,-0.13249331271263193,0
13174.0,60,1,48.86,48.86,14,0,-0.25729144137788307,-0.22616270222650467,0
13176.0,114,1,151.02,151.02,18,2,1.620843132410074,1.9142641815311583,2
13177.0,96,1,83.16,83.16,7,0,-0.10799262930214028,0.6974098226069205,0
13179.0,330,1,91.42,91.42,14,3,-0.0882748967124245,1.8483224943414385,2
13181.0,245,1,110.25,110.25,15,2,0.4732207904227973,1.7945511424488891,2
13182.0,355,1,36.54,36.54,14,3,-1.097536246860648,0.9200682797696599,0
13183.0,17,1,29.75,29.75,17,0,-0.3396498733702177,-0.8350360357900145,0
13186.0,346,1,41.2,41.2,8,3,-1.316122261256365,1.053918566842509,0
13188.0,74,2,5.8500000000000005,2.9250000000000003,2,0,-1.0843361846207618,-1.5436084595211077,3
13190.0,109,1,31.5,31.5,7,0,-1.0357004791256323,-0.22568588816884627,0
13194.0,34,1,49.21,49.21,19,0,0.06966662780929846,-0.41388632562126254,0
13195.0,285,1,41.86,41.86,13,3,-0.9095416237249395,0.7082655440479096,0
13196.0,113,2,335.87,167.935,31,2,4.673185058412871,2.0589644058552037,1
13197.0,30,3,125.54,41.84666666666667,15,1,1.6904980722830447,-1.550128479780173,3
13199.0,144,2,184.35,92.175,23,1,2.2085035246535973,0.5566064849989542,1
13200.0,30,3,156.0,52.0,32,1,2.9460966790637038,-1.5178852681027266,1
13201.0,84,3,126.45,42.15,27,1,2.224243257627906,-1.4634534637561472,1
13202.0,85,1,132.26,132.26,17,2,1.3023156486581837,1.4357385392408404,2
13207.0,150,1,39.12,39.12,12,0,-0.724147910007881,0.038684201456237265,0
13212.0,305,2,37.94,18.97,28,3,0.2255918392149337,-0.46672337934232916,3
13213.0,22,1,4.68,4.68,2,0,-1.5842522275715798,-1.071075532536809,0
13217.0,60,1,64.22,64.22,19,0,0.2760699511371526,-0.006291443555885889,0
13218.0,167,2,151.01,75.505,18,1,1.4597002053571744,0.34886035063892085,1
13221.0,335,1,4.84,4.84,2,3,-2.245212415902681,0.3971146507129319,0
13222.0,81,1,15.93,15.93,3,0,-1.4601993653117646,-0.595160976036249,0
13224.0,5,4,260.39,65.0975,43,1,5.215192597306089,-1.8536933821230936,1
13225.0,259,1,55.8,55.8,12,3,-0.6646558568944279,0.8666072106745114,0
13228.0,97,1,235.6,235.6,19,2,3.1837865752882664,3.43111372833246,2
13229.0,119,2,102.85,51.425,30,1,1.5718672903153112,-0.6108744720351991,3
13233.0,8,1,48.95,48.95,11,0,-0.3048863686747983,-0.4242479235283725,0
13234.0,39,1,87.45,87.45,15,0,0.5127902246604206,0.39600901575288855,2
13235.0,56,3,36.12,12.04,20,1,0.8673335781608195,-2.3212460225193206,3
13239.0,104,1,25.5,25.5,6,0,-1.1827881432690883,-0.34883347315264307,0
13242.0,203,1,18.83,18.83,7,3,-1.455803015507687,-0.02699562373622946,0
13243.0,93,2,357.03,178.515,30,2,4.938094331627621,2.2261943045598818,1
13244.0,95,1,45.89,45.89,13,0,-0.4364074710404334,-0.1043603479598389,0
13246.0,14,2,42.0,21.0,8,0,-0.1673212071478026,-1.4908853566184783,3
13249.0,260,2,59.44,29.72,27,1,0.5479451656056322,-0.41255990109282786,3
13251.0,68,1,140.76,140.76,12,2,1.2207485926939985,1.5907431432795227,2
13254.0,82,1,107.46,107.46,18,2,0.929699262422806,0.934802553585658,2
13256.0,285,2,102.13,51.065,29,1,1.1573236310251074,0.17232190062286604,1
13258.0,21,1,24.8,24.8,10,0,-0.8063961398592668,-0.8088342154795514,0
13260.0,254,1,78.78,78.78,13,3,-0.20049733968763356,1.2663566969726674,2
13262.0,198,2,53.56,26.78,12,3,-0.19434557014703813,-0.5531714323660557,3
13264.0,344,1,16.32,16.32,6,3,-1.8516875552511578,0.5997506948697077,0
13267.0,54,4,107.83,26.9575,41,1,3.353121869004248,-2.8061805423730983,1
13274.0,346,2,216.69,108.345,29,2,2.5202898694487685,1.7913928069958795,1
13276.0,70,1,15.3,15.3,6,0,-1.288415711278709,-0.7022618601779815,0
13277.0,298,2,104.27,52.135,28,1,1.1044878739418926,0.27262203204592805,1
13278.0,189,1,19.85,19.85,5,3,-1.5146313777481082,-0.044027696501614186,0
13279.0,51,1,6.64,6.64,4,0,-1.5053084242836057,-0.9270700306823605,0
13284.0,4,2,18.15,9.075,11,0,-0.29736432975125493,-1.858931044190228,3
13286.0,6,1,1.57,1.57,1,0,-1.6576570157532635,-1.190669030482009,0
13287.0,230,1,79.05,79.05,15,3,-0.03860877914964335,1.13008215443082,2
13288.0,140,1,5.38,5.38,2,0,-1.82228611307659,-0.5053887738399573,0
13289.0,47,1,64.16,64.16,16,0,0.1431579421057048,-0.024675937901641555,0
13290.0,231,2,34.5,17.25,21,3,-0.03430857755184403,-0.7513994461777608,3
13294.0,181,1,39.05,39.05,11,3,-0.8442510268015406,0.1969978791348378,0
13296.0,81,2,40.79,20.395,3,0,-0.5908875425632008,-1.1186607281146372,3
13301.0,206,1,10.48,10.48,4,3,-1.767092198147321,-0.12838110627065213,0
13302.0,203,1,27.4,27.4,10,3,-1.1470422865552592,0.09262301626174298,0
13303.0,60,1,12.39,12.39,3,0,-1.4773488166115163,-0.7608863142080274,0
13307.0,72,1,6.75,6.75,5,0,-1.494779581216099,-0.8412115507749128,0
13309.0,49,1,49.02,49.02,19,0,0.03454699488718831,-0.34729067547638554,0
13310.0,72,3,117.65999999999998,39.21999999999999,16,1,1.5634797456197467,-1.4403382082303184,3
13311.0,213,1,3.13,3.13,1,3,-2.0694394707909605,-0.19199610215949311,0
13313.0,149,2,124.37,62.185,18,1,1.1508434213248897,-0.04549910150829516,3
13314.0,217,1,35.62,35.62,13,3,-0.8740684798039815,0.2711088803599088,0
13316.0,99,2,105.52,52.76,19,1,1.0644675676058584,-0.5135072231894396,3
13323.0,171,2,52.19,26.095,29,1,0.7485256479847383,-0.9426332829172941,3
13325.0,24,3,222.41,74.13666666666667,32,1,3.726562667902452,-0.9368751455124087,1
13326.0,207,2,69.36,34.68,23,1,0.57698135442545,-0.48702989307393313,3
13328.0,192,1,39.51,39.51,9,3,-0.9658520268772195,0.286323879573138,0
13330.0,287,1,15.0,15.0,6,3,-1.7538133984266508,0.30779403043777814,0
13332.0,87,2,396.45000000000005,198.22500000000002,60,2,7.05866861164675,2.220866954439404,1
13340.0,210,2,324.61,162.305,26,2,4.055083752592293,2.454631355295831,1
13342.0,175,1,65.64,65.64,12,0,-0.31507013677106377,0.6608246891105767,0
13343.0,108,1,176.68,176.68,14,2,1.8680954745255902,2.4330624300490897,2
13344.0,341,1,158.16,158.16,12,2,0.9450076056438436,3.2000583333982533,2
13348.0,357,1,13.5,13.5,10,3,-1.7158127819966509,0.5487439708310385,0
13350.0,122,1,22.95,22.95,17,0,-0.6807982989713791,-0.47305148503603384,0
13352.0,277,1,36.19,36.19,7,3,-1.310241398034603,0.6500452347286855,0
13353.0,307,1,36.05,36.05,7,3,-1.3762988286255997,0.7878077233296711,0
13354.0,223,1,70.95,70.95,11,3,-0.37748066176448547,1.0011856133316168,0
13364.0,109,1,196.64,196.64,16,2,2.3200537467190734,2.7888399744711103,2
13368.0,31,2,242.0,121.0,27,2,3.41169184837372,0.6405822874364957,1
13370.0,85,1,21.06,21.06,13,0,-0.8478471677157752,-0.6240975436979854,0
13371.0,36,1,37.2,37.2,10,0,-0.6221436651226833,-0.5024416451746397,0
13374.0,111,1,1.28,1.28,1,0,-1.8853731601107317,-0.7046909967858659,0
13375.0,17,1,9.6,9.6,6,0,-1.2753424513846388,-1.0589188426077754,0
13378.0,146,1,5.92,5.92,2,0,-1.8256005890954932,-0.4670177971165116,0
13381.0,77,3,65.35,21.78333333333333,23,1,1.3201529521854276,-1.9984663318160316,3
13385.0,213,2,113.55,56.775,21,1,1.0336119300487556,0.08452206762402611,1
13387.0,40,1,7.26,7.26,6,0,-1.36488916556842,-0.9958256837201177,0
13388.0,104,2,46.0,23.0,15,0,0.06594446985804647,-1.1247951534883842,3
13389.0,274,1,46.08,46.08,8,3,-1.0784083470436043,0.8098364262261321,0
13394.0,326,1,16.95,16.95,3,3,-1.961973783480707,0.5711035310660982,0
13395.0,316,1,5.36,5.36,2,3,-2.1958603559482843,0.31808051581388247,0
13396.0,290,1,56.77,56.77,7,3,-0.9792168366377593,1.1028772056336893,0
13397.0,302,1,5.8,5.8,5,3,-1.9990708837419449,0.21731661138147138,0
13399.0,341,1,35.49,35.49,13,3,-1.13928815089838,0.8490727491702581,0
13402.0,17,1,11.04,11.04,4,0,-1.356541014388784,-1.002417795441098,0
13403.0,164,2,57.870000000000005,28.935000000000002,24,1,0.5716367875844107,-0.8365974068342037,3
13404.0,48,2,91.46,45.73,21,1,1.0957543319269032,-0.9449754333656006,3
13405.0,112,1,17.2,17.2,10,0,-1.1317956038476422,-0.5276204994837501,0
13406.0,21,1,1.62,1.62,1,0,-1.6885948134221498,-1.1195021920259003,0
13407.0,205,1,42.25,42.25,13,3,-0.7330980702563634,0.34121635141133877,0
13409.0,300,1,225.34,225.34,19,2,2.574531137588406,4.185931763644694,2
13412.0,99,1,94.86,94.86,18,2,0.6741026965023679,0.7743916091449823,2
13413.0,223,1,5.5,5.5,1,3,-2.049349856563137,-0.10004594588078888,0
13414.0,12,1,108.68,108.68,19,2,1.152543774506097,0.6158347669144113,2
13415.0,223,2,140.72,70.36,24,1,1.525771960613068,0.4039923540118032,1
13419.0,186,2,289.09000000000003,144.54500000000002,31,2,3.9089986435246318,1.8561339591846597,1
13420.0,204,1,31.01,31.01,7,3,-1.2456954772963598,0.20967315022931335,0
13421.0,331,2,165.47,82.735,22,2,1.5128648886872427,1.226712286020001,1
13422.0,187,1,6.5,6.5,5,3,-1.7430047619291247,-0.30766198065494094,0
13425.0,242,2,121.4,60.7,20,1,1.0212282252559826,0.326184740816605,1
13427.0,11,2,108.0,54.0,12,0,0.9113728077511137,-0.7948052652839013,3
13428.0,6,1,34.32,34.32,12,0,-0.5024180869445976,-0.7267988373245787,0
13429.0,304,1,43.69,43.69,17,3,-0.7053673977778798,0.7739113965625306,0
13431.0,99,1,140.1,140.1,10,2,1.037220343641087,1.7523562750093213,2
13433.0,323,1,7.44,7.44,2,3,-2.1744619899821114,0.39046425137159446,0
13434.0,198,1,24.04,24.04,2,3,-1.6201432737454602,0.12151721324899845,0
13438.0,103,1,15.93,15.93,9,0,-1.1879838613163765,-0.5794014501824697,0
13439.0,109,2,105.24,52.62,24,1,1.3053380577790714,-0.5426416755154645,3
13440.0,55,1,2.52,2.52,1,0,-1.7450133614749481,-0.9432073520607939,0
13441.0,360,1,40.35,40.35,5,3,-1.5200557020202952,1.146873357909899,0
13443.0,167,1,2.66,2.66,2,3,-1.9269364699704132,-0.4308094610963007,0
13444.0,110,1,29.41,29.41,17,0,-0.542790022728128,-0.4061819390383931,0
13446.0,138,1,27.37,27.37,17,0,-0.6377124472942601,-0.3139699589090505,0
13449.0,271,1,57.24,57.24,12,3,-0.6650120560523985,0.9502059465882506,0
13452.0,274,1,23.1,23.1,5,3,-1.638253434325005,0.4157560213746173,0
13454.0,215,2,88.73,44.365,25,1,0.9186306193132622,-0.25318022562103953,1
13457.0,36,1,3.84,3.84,3,0,-1.5754322761529846,-1.036078109888357,0
13458.0,344,1,46.9,46.9,14,3,-0.8936937486422875,1.0659006029953464,0
13459.0,201,1,4.7,4.7,1,3,-2.016636087832142,-0.21826451800320015,0
13460.0,27,2,222.17999999999998,111.08999999999999,28,1,3.2151325890085163,0.3766074025296651,1
13461.0,144,1,15.06,15.06,3,0,-1.6089563741605946,-0.3168306019211353,0
13463.0,201,1,10.68,10.68,6,3,-1.6467147564639335,-0.17705053582989075,0
13467.0,131,1,8.8,8.8,2,0,-1.7436095527101674,-0.4823780449396655,0
13471.0,176,2,82.35,41.175,25,1,0.9182245912402105,-0.5100041252579963,3
13472.0,123,2,27.19,13.595,22,0,0.15263694077746168,-1.3565726736175852,3
13473.0,42,2,64.1,32.05,15,0,0.43320248932121436,-1.2043226638680065,3
13474.0,91,2,107.33999999999999,53.669999999999995,15,0,0.892561567722431,-0.47162147586495634,3
13475.0,331,1,3.63,3.63,3,3,-2.204668644483503,0.340807415645379,0
13476.0,178,1,152.13,152.13,11,2,1.1324521526783575,2.3367465369319658,2
13479.0,61,1,32.56,32.56,11,0,-0.7028627150010003,-0.48833073191153875,0
13482.0,286,1,22.32,22.32,6,3,-1.6241468223135518,0.4425343067598192,0
13486.0,229,1,25.27,25.27,7,3,-1.3987260593470292,0.2173697423822452,0
13487.0,23,2,175.12,87.56,28,1,2.610585005395291,-0.1899168470547127,1
13488.0,112,2,41.5,20.75,10,0,-0.2753638006040589,-1.067044724747168,3
13490.0,266,1,15.3,15.3,9,3,-1.5446191238895923,0.17159682929677855,0
13492.0,330,1,54.46,54.46,14,3,-0.7322775257088754,1.144359494411742,0
13496.0,44,1,43.36,43.36,16,0,-0.2129059771710215,-0.43488849305331767,0
13497.0,13,1,20.02,20.02,11,0,-0.8195747642726866,-0.9518617453587936,0
13498.0,53,1,60.12,60.12,18,0,0.16632968452793662,-0.10261238875015573,0
13501.0,247,1,18.48,18.48,14,3,-1.183194453569914,0.07054190493233241,0
13503.0,107,1,20.76,20.76,3,0,-1.4311755539748159,-0.38146066483895413,0
13504.0,265,1,4.9,4.9,2,3,-2.095724894805049,0.07058974585370772,0
13506.0,222,1,26.7,26.7,10,3,-1.1995307229495742,0.16822875992736847,0
13508.0,169,1,21.45,21.45,3,3,-1.5506300327879157,-0.07809853387136298,0
13509.0,11,2,239.61,119.805,31,1,3.635549533079755,0.4609943931001772,1
13512.0,121,1,27.2,27.2,17,0,-0.6046243654724333,-0.3967843258618332,0
13513.0,75,2,19.17,9.585,9,0,-0.5409294746542046,-1.4856351813592346,3
13514.0,117,2,91.28,45.64,30,1,1.4253911748066388,-0.7549166105207359,3
13516.0,253,1,10.64,10.64,7,3,-1.7045381880127506,0.051060933669436974,0
13517.0,29,1,48.02,48.02,14,0,-0.20618923718110715,-0.3872718436022157,0
13523.0,124,3,79.00999999999999,26.336666666666662,16,1,1.006389599753761,-1.551416057584785,3
13524.0,313,1,36.26,36.26,14,3,-1.0133498172854798,0.7181346055776705,0
13526.0,54,2,99.75,49.875,21,1,1.191020921948608,-0.8203901582285343,3
13529.0,217,1,7.83,7.83,3,3,-1.8897380261176135,-0.11282704634837407,0
13530.0,130,2,248.25,124.125,21,2,2.9642996464865052,1.2639727084823291,1
13531.0,43,1,33.36,33.36,12,0,-0.5976076608792079,-0.5718878052599319,0
13532.0,108,1,227.05,227.05,19,2,3.0114820846046353,3.3197557836206473,2
13533.0,77,6,213.75,35.625,63,1,6.694787291925796,-3.8312505505865952,1
13535.0,33,1,7.23,7.23,1,0,-1.6162916250553587,-0.9564790592045084,0
13536.0,310,1,18.72,18.72,16,3,-1.2063208998490964,0.34094010768760624,0
13537.0,117,1,65.7,65.7,9,0,-0.3504641881359754,0.43408226624663065,0
13540.0,274,2,79.08,39.54,22,3,0.5083744859446928,-0.04572279395698374,3
13541.0,326,1,52.7,52.7,10,3,-0.9670410630537196,1.1502614127124986,0
13543.0,12,1,139.32,139.32,12,2,1.3144112310021174,1.3011818518625062,2
13546.0,97,1,4.68,4.68,1,0,-1.7964420815665307,-0.7054660360974884,0
13547.0,83,1,142.01,142.01,11,2,1.1575751840294868,1.6993028819414335,2
13549.0,237,1,21.27,21.27,3,3,-1.697967269732608,0.23677884249118716,0
13550.0,302,1,28.49,28.49,11,3,-1.2848444856062913,0.5622626210746515,0
13551.0,110,1,108.97,108.97,17,2,0.8434883637155309,1.1091669861349474,2
13557.0,181,1,14.75,14.75,5,3,-1.5865305697609031,-0.17861318547952212,0
13558.0,260,1,58.86,58.86,18,3,-0.2945893347351393,0.8423490769153865,0
13559.0,235,1,22.14,22.14,9,3,-1.3596981915896575,0.15676571388048496,0
13560.0,252,2,32.1,16.05,9,3,-0.7478423911301614,-0.5065927527989229,3
13561.0,49,2,47.980000000000004,23.990000000000002,12,0,0.048935748905979064,-1.315589347095209,3
13564.0,203,1,200.0,200.0,16,2,2.1792629566252524,3.292847524858084,2
13566.0,220,2,129.68,64.84,23,1,1.3351757363610157,0.2759756545591036,1
13567.0,120,1,83.04,83.04,6,0,-0.21412275554512192,0.8220043991936448,0
13568.0,135,1,8.54,8.54,7,0,-1.4908983414848789,-0.5412910901762666,0
13569.0,29,4,232.46,58.115,39,1,4.649301769003935,-1.9048936839931936,1
13570.0,324,2,112.83000000000001,56.415000000000006,21,3,0.7888461069579809,0.5957282872533515,1
13572.0,43,2,86.13000000000001,43.065000000000005,25,1,1.2495049122899808,-1.0885717933665222,3
13573.0,103,2,78.58,39.29,27,1,1.1302078936234368,-0.9246732069069119,3
13574.0,191,1,76.45,76.45,11,3,-0.2137877087386072,0.9561510626737499,2
13577.0,82,1,100.62,100.62,13,2,0.5447930213972121,0.8772084799637683,2
13578.0,359,1,64.03,64.03,19,3,-0.3613003344813683,1.3896988830192354,0
13579.0,33,1,15.48,15.48,9,0,-1.0473827401318443,-0.9156401302030613,0
13581.0,93,1,139.68,139.68,18,2,1.4677840353805516,1.5999752232443458,2
13583.0,28,1,97.89,97.89,13,0,0.6117370934397014,0.5724389857149388,2
13584.0,90,2,50.72,25.36,14,0,0.10397346563228828,-1.1208487305967663,3
13585.0,91,1,43.2,43.2,9,0,-0.6873756199915195,-0.11617178436510507,0
13588.0,357,1,41.07,41.07,3,3,-1.6074379681147835,1.1756179386312937,0
13589.0,107,4,339.28999999999996,84.82249999999999,42,1,5.800050910563724,-0.7354375715248131,1
13591.0,26,1,107.78,107.78,17,2,1.0008839053261553,0.6933002684339847,2
13593.0,20,4,187.39,46.8475,39,1,4.180383388484243,-2.3047606298333956,1
13594.0,249,1,57.8,57.8,17,3,-0.3428772845777508,0.7852059816479366,0
13595.0,21,1,71.4,71.4,10,0,0.0055768718083363715,0.07873818161795582,0
13596.0,199,1,49.05,49.05,15,3,-0.4955995582195477,0.41357363324044566,0
13598.0,81,4,283.86,70.965,48,1,5.573876646261285,-1.3843340885731026,1
13599.0,276,1,123.25,123.25,17,2,0.7402878135795099,2.1581932409610585,2
13602.0,182,1,5.62,5.62,2,3,-1.9071695151939623,-0.3042169643665064,0
13604.0,6,2,47.2,15.733333333333334,32,1,1.1236653163786408,-1.9332131132724273,3
13606.0,67,1,17.78,17.78,7,0,-1.1856968237309917,-0.6836061077898165,0
13609.0,308,1,4.8,4.8,4,3,-2.0823635898974437,0.24089275509082275,0
13611.0,303,1,174.2,174.2,13,2,1.358221216140863,3.3131523744024984,2
13612.0,171,2,41.660000000000004,20.830000000000002,10,0,-0.39839500325070876,-0.7890051869527556,3
13616.0,22,1,53.46,53.46,9,0,-0.36228070152165553,-0.24374021882644895,0
13617.0,251,1,146.16,146.16,12,2,0.9267699230625067,2.550211872489051,2
13621.0,350,1,19.8,19.8,12,3,-1.4849058258476084,0.6068969765078838,0
13623.0,170,1,6.34,6.34,2,3,-1.8691767987569778,-0.3466750054791592,0
13627.0,348,1,72.96,72.96,12,3,-0.5543881154790052,1.6100532531046683,0
13631.0,300,1,58.2,58.2,10,3,-0.8160717153664979,1.133312665077806,0
13632.0,354,1,107.66,107.66,14,2,0.14380153406775334,2.26998278216082,2
13633.0,164,1,15.45,15.45,3,3,-1.644572909669628,-0.215783077504803,0
13635.0,202,2,163.13,81.565,19,1,1.596505887624835,0.6392397039976454,1
13637.0,152,1,110.04,110.04,14,2,0.6136327800636597,1.369758364467005,2
13638.0,114,1,62.51,62.51,19,0,0.13176192691002458,0.21391106693515516,0
13640.0,83,2,32.62,16.31,11,0,-0.2763974542215602,-1.3206970790347174,3
13643.0,92,2,92.18,46.09,28,1,1.3838405279345893,-0.8323904521104285,3
13644.0,167,1,59.6,59.6,10,0,-0.509637758049139,0.5374092965462973,0
13645.0,108,1,121.3,121.3,10,2,0.6905578407972451,1.4364085618309255,2
13647.0,14,3,48.83,16.276666666666667,25,1,1.3690585400389916,-2.4739584928769403,3
13650.0,75,2,84.12,42.06,19,0,0.836593571504304,-0.874956430847551,3
13651.0,29,1,8.22,8.22,6,0,-1.3248352147679883,-1.0290315693510097,0
13655.0,147,1,28.75,28.75,5,0,-1.270489749737133,-0.07111341778898765,0
13656.0,103,2,129.66,64.83,21,1,1.476735934710064,-0.24285639643515644,3
13659.0,176,3,64.92,21.64,27,1,1.3178215361244658,-1.597142269084765,3
13660.0,43,1,25.04,25.04,8,0,-0.9551570987046046,-0.6722078321173947,0
13661.0,102,1,138.6,138.6,45,2,2.86478962480014,1.2290356968381968,1
13666.0,115,1,64.95,64.95,15,0,-0.04042249795228518,0.3232136165351138,0
13667.0,22,2,61.61,30.805,13,0,0.3368887943004504,-1.2978528530147155,3
13668.0,61,2,64.96000000000001,32.480000000000004,20,0,0.6698378516686878,-1.1780582791852243,3
13670.0,150,1,155.87,155.87,13,2,1.3632854848116451,2.2478398900412286,2
13671.0,18,1,25.92,25.92,8,0,-0.8868086805317152,-0.7724709875727704,0
13672.0,173,1,60.6,60.6,15,0,-0.2392131135239783,0.5118569242847212,0
13674.0,23,2,122.91,61.455,13,0,1.1332964172454345,-0.5796112536871809,3
13679.0,147,1,49.44,49.44,16,0,-0.3253880424029586,0.16305456272904453,0
13680.0,190,1,40.8,40.8,10,3,-0.8859886733498463,0.2869951237553075,0
13682.0,89,2,133.86,66.93,19,1,1.4548463312096083,-0.23042605777679298,3
13683.0,79,2,25.22,12.61,10,0,-0.41745639349315905,-1.411023445477661,3
13686.0,202,1,45.36,45.36,7,3,-0.99141537600114,0.47363018366398985,0
13687.0,21,1,40.2,40.2,10,0,-0.5380617111107456,-0.5155162988421778,0
13690.0,100,1,100.52,100.52,14,2,0.5580245612874761,0.9450242685873006,2
13691.0,252,1,21.84,21.84,8,3,-1.4541204880441245,0.24516512904008197,0
13693.0,166,1,82.26,82.26,18,0,0.312476086093125,0.848029023230758,2
13700.0,41,1,1.17,1.17,1,0,-1.738847772317466,-1.0344538266988792,0
13701.0,235,2,32.15,16.075,19,3,-0.17969297530836217,-0.7309567578402238,3
13703.0,327,1,116.1,116.1,15,2,0.4012637517584853,2.2898131655185447,2
13705.0,150,1,26.52,26.52,17,0,-0.6779703244934072,-0.27398797813164816,0
13706.0,172,1,20.1,20.1,15,3,-0.9427772116157028,-0.26421207040617345,0
13707.0,184,2,171.2,85.6,20,1,1.7929458427189675,0.6343839056342224,1
13709.0,79,1,19.3,19.3,5,0,-1.2909486523280422,-0.5694097251397137,0
13713.0,225,1,56.32,56.32,11,3,-0.6366395708551329,0.7318955268671699,0
13714.0,59,1,23.76,23.76,18,0,-0.4799419616741115,-0.7670616148785986,0
13715.0,186,1,29.4,29.4,4,3,-1.3950121678893304,0.13836156218754048,0
13716.0,118,1,125.82,125.82,18,2,1.17326802726248,1.4530132775339353,2
13717.0,69,1,25.2,25.2,5,0,-1.1669391934551985,-0.5038443508605555,0
13718.0,72,1,83.16,83.16,18,0,0.5274944519316667,0.4251600653681483,2
13719.0,139,1,12.18,12.18,7,0,-1.4359562437034237,-0.45323753210713497,0
13720.0,140,1,122.4,122.4,16,2,0.9607340808054811,1.5199290391498077,2
13723.0,33,3,70.63,23.543333333333333,16,1,1.1024860820525413,-2.054243336126734,3
13726.0,328,1,9.96,9.96,6,3,-1.9285765752251685,0.40371872989360086,0
13727.0,272,1,36.9,36.9,9,3,-1.180977556438115,0.6110895803308146,0
13728.0,293,1,27.75,27.75,15,3,-1.0660739205821048,0.4478915846483527,0
13729.0,193,1,113.81,113.81,19,2,0.8581017419942807,1.560798974932745,2
13731.0,1,2,292.97,146.485,25,2,4.032984143428634,1.1225417968147333,1
13733.0,334,1,22.14,22.14,18,3,-1.0913345943217978,0.4893488359160698,0
13735.0,71,3,231.04,77.01333333333334,34,1,3.832952360335507,-0.6667914022424801,1
13736.0,320,1,75.46,75.46,14,3,-0.34516093215404026,1.4975287999392337,0
13737.0,228,1,7.86,7.86,6,3,-1.7531075447132665,-0.10437588488258048,0
13740.0,137,1,210.63,210.63,17,2,2.557587855702918,3.1718322819051665,2
13741.0,105,2,142.5,71.25,32,1,2.2243484432834006,-0.24393740990092525,1
13742.0,93,1,131.94,131.94,18,2,1.332919848464087,1.4525544002071205,2
13743.0,88,1,24.36,24.36,3,0,-1.3281566082707146,-0.4018312164105289,0
13745.0,245,2,76.87,38.435,19,3,0.38164884890791434,-0.163585398205712,3
13746.0,55,3,209.85000000000002,69.95,39,1,3.887635859587661,-1.008721055308001,1
13747.0,138,1,75.36,75.36,16,0,0.1453355729531866,0.6146141958073175,2
13748.0,129,2,21.93,10.965,5,0,-0.8320677618341792,-1.142587430404405,3
13749.0,75,1,10.4,10.4,2,0,-1.596977001194548,-0.714037617747746,0
13750.0,10,2,16.36,8.18,4,0,-0.705418991120555,-1.7499229666972191,3
13751.0,79,6,214.61,35.76833333333334,66,1,6.858661917067387,-3.859734883675276,1
13752.0,264,1,8.04,8.04,1,3,-2.0920367366140065,0.14025211773810453,0
13753.0,98,1,14.95,14.95,13,0,-0.9818775351045179,-0.6796198062378842,0
13754.0,103,1,18.88,18.88,16,0,-0.7645686254966292,-0.6249726377377481,0
13755.0,138,1,79.8,79.8,14,0,0.11640995061433775,0.728255096864392,2
13757.0,182,1,106.42,106.42,17,2,0.6463731000861503,1.3976277466061997,2
13759.0,304,1,35.62,35.62,13,3,-1.058560757214502,0.6783530241959344,0
13762.0,306,1,98.0,98.0,14,3,0.07727150783475174,1.861306028448347,2
13764.0,86,1,10.62,10.62,9,0,-1.2444567511677576,-0.7601154334674667,0
13765.0,34,2,50.31,25.155,23,0,0.69568931057446,-1.5185881114970043,3
13768.0,34,3,153.35999999999999,51.12,29,1,2.7476598129447827,-1.479763943794217,1
13769.0,185,1,58.63,58.63,13,3,-0.40527579642832345,0.5595806102423284,0
13770.0,143,1,69.44,69.44,16,0,0.031580632258121306,0.5252630533162448,2
13772.0,15,1,71.1,71.1,10,0,0.01307318308046317,0.04493839320574168,0
13774.0,33,2,247.76,123.88,33,2,3.8013523647696577,0.6297715602748715,1
13775.0,97,1,104.85,104.85,9,2,0.3741097053416635,1.0861380161057366,2
13777.0,124,3,57.26,19.086666666666666,13,1,0.5955112259051814,-1.7072907467931127,3
13779.0,193,2,58.8,29.4,17,0,0.15024055320263488,-0.588265013954638,3
13784.0,31,2,76.34,38.17,29,1,1.3600012343088477,-1.3168514067490797,3
13785.0,363,1,11.48,11.48,2,3,-2.1888917988105563,0.6546512747651578,0
13786.0,74,2,116.77,58.385,23,1,1.4766105564851808,-0.5577239823731582,3
13787.0,166,2,51.48,25.74,18,0,0.16528713384444335,-0.8143963052524358,3
13791.0,24,1,10.48,10.48,8,0,-1.168563687161097,-1.0384649659055085,0
13794.0,328,1,96.46,96.46,13,3,-0.04935994187691829,1.9494924731858914,2
13798.0,86,4,183.97,45.9925,28,1,3.418800385238956,-1.8630561308480822,1
13800.0,46,2,85.80000000000001,42.900000000000006,29,1,1.4514234933517143,-1.1365180805907318,3
13802.0,213,2,282.64,141.32,27,2,3.555141948369946,1.9655868947054167,1
13803.0,261,1,103.36,103.36,19,2,0.531816804838724,1.6800675848105013,2
13806.0,50,1,10.68,10.68,2,0,-1.539083171154718,-0.8257287439812011,0
13807.0,190,1,14.85,14.85,5,3,-1.603873546413378,-0.1345798191484143,0
13812.0,205,1,54.34,54.34,19,3,-0.20356939580475694,0.4842682106917813,0
13813.0,183,1,124.02,124.02,18,2,1.0040652050278562,1.7229922312840837,2
13814.0,352,1,13.59,13.59,3,3,-2.075655100160017,0.628812041142608,0
13816.0,206,1,25.84,25.84,17,3,-0.8085725075383356,-0.02480551679717923,0
13817.0,167,1,4.2,4.2,1,3,-1.9532478143573047,-0.38694071078292,0
13820.0,322,1,21.0,21.0,12,3,-1.4046198246677593,0.4986858372892297,0
13821.0,30,2,91.6,45.8,21,1,1.135748866561745,-1.0276031770435738,3
13825.0,139,1,167.28,167.28,12,2,1.5322787250011154,2.428208120778198,2
13828.0,81,2,122.39,61.195,25,1,1.6412652007663915,-0.488611704475114,3
13831.0,112,3,135.63,45.21,41,1,3.0150201684356697,-1.451707137954794,1
13833.0,36,2,211.14,105.57,24,1,2.83965479229392,0.34837318507224374,1
13834.0,167,1,44.4,44.4,12,0,-0.6681977495631531,0.21882678620233034,0
13835.0,31,2,102.87,51.435,23,1,1.3867271890146695,-0.9208080631526012,3
13839.0,72,2,79.80000000000001,39.900000000000006,22,1,0.9461149900050925,-0.9828970261044504,3
13842.0,20,1,25.5,25.5,5,0,-1.0578024557896402,-0.7274977568274382,0
13845.0,357,1,19.92,19.92,12,3,-1.4976591144494293,0.6419493408572028,0
13848.0,259,1,31.15,31.15,5,3,-1.4661786968598185,0.49886678842258164,0
13849.0,28,3,155.87,51.95666666666667,25,1,2.5768214862607866,-1.426680819412164,1
13850.0,264,1,66.96,66.96,18,3,-0.16193479849794373,1.0153505511015752,2
13853.0,170,1,99.71,99.71,13,2,0.3423240177617758,1.2718011686235684,2
13854.0,8,2,73.67,36.835,24,1,1.1082701990907737,-1.3829089055332955,3
13855.0,302,1,71.3,71.3,10,3,-0.5920544095742561,1.3921852947402664,0
13857.0,167,1,79.99,79.99,19,0,0.32394708069501826,0.7949372089745762,2
13859.0,303,1,25.62,25.62,6,3,-1.6026968027079191,0.5849645879382498,0
13865.0,135,1,68.15,68.15,5,0,-0.5585245849889279,0.6231517239252174,0
13871.0,317,1,94.62,94.62,19,3,0.26077465453969934,1.7757343053594359,2
13872.0,41,1,59.6,59.6,8,0,-0.3487316204608385,-0.02331864964107394,0
13874.0,81,1,120.87,120.87,17,2,1.1123351208247132,1.200073691954849,2
13878.0,139,1,14.76,14.76,6,0,-1.4441463019930125,-0.3895602991117499,0
13879.0,16,1,17.37,17.37,3,0,-1.2972692959569763,-0.8719967122532449,0
13880.0,189,1,97.76,97.76,8,2,0.002331253114868913,1.396283433083078,2
13881.0,196,2,56.69,28.345,8,3,-0.36191037972110357,-0.4679508701403284,3
13882.0,144,2,201.03,100.515,20,2,2.2663522097454267,0.7943803518839173,1
13883.0,269,1,13.86,13.86,3,3,-1.894940661648725,0.24543435283883433,0
13884.0,14,1,51.48,51.48,12,0,-0.22038167345731133,-0.3625111357072733,0
13885.0,294,1,24.32,24.32,19,3,-0.9153807679188949,0.32909481760562104,0
13888.0,327,1,57.12,57.12,12,3,-0.7858566235064718,1.21005451398226,0
13889.0,348,1,31.0,31.0,5,3,-1.6575258230831558,0.9126158739051455,0
13893.0,29,2,137.52,45.84,31,1,2.0659040957583303,-0.9826214386659743,1
13895.0,190,2,105.73,52.865,21,1,0.9805180390880296,-0.11416862988326028,3
13898.0,363,1,143.11,143.11,11,2,0.5829736798027895,3.030924969449375,2
13902.0,151,1,51.84,51.84,9,0,-0.6640656042620318,0.3292490250709814,0
13903.0,187,1,42.88,42.88,16,3,-0.5245155749154504,0.22534743570987006,0
13904.0,57,2,106.19,53.095,29,1,1.693708473841351,-0.847678317902819,3
13905.0,328,1,57.12,57.12,14,3,-0.6816876498727604,1.1856615638535029,0
13907.0,140,1,22.24,22.24,8,0,-1.2096434629671624,-0.27148454687378304,0
13909.0,203,1,87.29,87.29,7,3,-0.2629345095256242,1.2769358420426409,2
13910.0,235,1,4.8,4.8,4,3,-1.927559724943789,-0.10081784835779622,0
13913.0,76,1,231.88,231.88,17,2,3.057211173025109,3.2910339162265445,2
13915.0,255,1,13.71,13.71,3,3,-1.8678658962251242,0.1770438197569081,0
13919.0,346,1,5.76,5.76,2,3,-2.2525086572195274,0.46612817811513974,0
13920.0,12,1,36.3,36.3,3,0,-0.958944636799852,-0.5301681028869533,0
13923.0,107,1,31.5,31.5,10,0,-0.8720249155608492,-0.27865869845883395,0
13925.0,240,1,88.91,88.91,17,3,0.21827851812935714,1.3356175619565969,2
13927.0,230,1,21.71,21.71,13,3,-1.1440084929224947,0.06702299770497656,0
13928.0,78,1,80.85,80.85,15,0,0.3150863204955008,0.45285905684464617,2
13934.0,55,1,14.4,14.4,9,0,-1.1128542183464252,-0.8332291998519659,0
13935.0,199,1,153.14,153.14,13,2,1.2118076652071965,2.4252100143568893,2
13938.0,141,1,73.5,73.5,6,0,-0.42488332554606234,0.7385999744032903,0
13940.0,136,1,48.24,48.24,18,0,-0.2166810343580527,0.05963406499777987,0
13941.0,44,1,30.5,30.5,10,0,-0.755851373060054,-0.5926062481656287,0
13945.0,158,2,53.39,26.695,17,0,0.1539878862869507,-0.8150737918394575,3
13946.0,292,1,14.85,14.85,9,3,-1.6075956881235651,0.2847309976469739,0
13947.0,181,2,84.44999999999999,42.224999999999994,7,0,-0.02162880463697343,-0.20048905283853158,3
13949.0,344,1,21.66,21.66,19,3,-1.0677594864642623,0.5124791723492531,0
13950.0,96,2,36.47,18.235,19,0,0.171345294324286,-1.3313243767473764,3
13952.0,305,1,40.11,40.11,3,3,-1.5138940628593214,0.9139228925188572,0
13955.0,34,2,55.3,27.65,22,0,0.7075470655139472,-1.445965222105706,3
13956.0,193,2,82.14999999999999,41.074999999999996,12,0,0.18868682939867423,-0.24377531433014016,3
13957.0,297,1,26.11,26.11,7,3,-1.5282904964655206,0.5516746690675304,0
13959.0,80,2,52.28,26.14,16,0,0.25179048509239854,-1.1785731909526491,3
13961.0,42,3,120.57,40.19,27,1,2.2453319069096516,-1.713983975636742,1
13962.0,332,2,125.48,62.74,26,1,1.2023912399251577,0.707743139962942,1
13967.0,237,1,23.1,23.1,6,3,-1.5066464141415459,0.2280232774153999,0
13971.0,169,2,124.07999999999998,62.03999999999999,24,1,1.4235224242464515,-0.04247724544949803,1
13975.0,69,1,7.25,7.25,1,0,-1.692284770816196,-0.7875833087061941,0
13979.0,342,1,54.12,54.12,12,3,-0.8699385775184094,1.2231291676497982,0
13980.0,44,1,19.2,19.2,8,0,-1.0590356907561576,-0.7787591138535059,0
13981.0,4,2,297.61,148.805,33,2,4.512223884507305,1.0743007963919557,1
13984.0,242,2,30.49,15.245,7,3,-0.8538987208729182,-0.5430696592077453,3
13985.0,1,3,70.65,23.55,19,1,1.3300108851952632,-2.2474617265301493,3
13986.0,36,1,34.64,34.64,8,0,-0.7730394823472236,-0.5221270698618259,0
13987.0,40,3,240.7,80.23333333333333,21,1,3.319484576804723,-0.5343218159033293,1
13988.0,7,1,4.89,4.89,1,0,-1.6019288956401114,-1.1227532916727734,0
13990.0,51,1,25.63,25.63,11,0,-0.802407199040074,-0.6671334661036472,0
13992.0,192,1,92.25,92.25,15,2,0.27197499358915217,1.2036207590684658,2
13993.0,138,1,37.35,37.35,15,0,-0.5701073725378616,-0.09481079433437516,0
13995.0,7,1,79.95,79.95,13,0,0.34367752694652737,0.13244234886925235,0
13998.0,96,2,63.910000000000004,31.955000000000002,6,0,-0.16208809077942882,-0.8229294975583238,3
14004.0,328,1,5.42,5.42,2,3,-2.2202621078122915,0.3753949189380389,0
14006.0,174,1,58.24,58.24,16,0,-0.22931030714204387,0.4570509144118276,0
14008.0,165,1,94.01,94.01,7,0,-0.06526028862386886,1.2270523622770277,2
14009.0,218,1,12.8,12.8,5,3,-1.6989702141150613,-0.04255830519870639,0
14010.0,150,1,53.44,53.44,16,0,-0.26205259085189175,0.2532839360944949,0
14012.0,253,4,242.29,60.5725,37,1,4.174433744299225,-0.7492585606544356,1
14013.0,163,2,67.52000000000001,33.760000000000005,25,1,0.7526084948224794,-0.7434848253082894,3
14014.0,195,1,80.64,80.64,16,3,0.11646169780687078,0.9819954673745717,2
14015.0,89,2,32.62,16.31,7,0,-0.5017002086071914,-1.2344634414129703,3
14016.0,263,1,9.42,9.42,6,3,-1.8001466467094758,0.08917069010894224,0
14017.0,89,1,4.45,4.45,1,0,-1.7834848665659946,-0.7472944955933177,0
14018.0,53,1,21.76,21.76,17,0,-0.5552117707073961,-0.8187036951790613,0
14019.0,257,1,10.29,10.29,3,3,-1.9316982503631144,0.12126632066291297,0
14020.0,92,1,60.24,60.24,12,0,-0.23315155611718136,0.16945267695395178,0
14023.0,232,1,44.88,44.88,17,3,-0.5319492005834332,0.4595472356609649,0
14024.0,245,1,53.1,53.1,18,3,-0.363144367465867,0.662426049887888,0
14025.0,51,2,6.46,3.23,4,0,-0.9213265870787668,-1.6732439368222396,3
14026.0,216,2,24.14,12.07,7,3,-0.8814817636661578,-0.7386917716153497,3
14030.0,98,2,181.32999999999998,90.66499999999999,53,1,3.861054567514222,-0.12998097492381638,1
14035.0,58,3,85.15,28.383333333333336,14,1,1.1110420395448735,-1.7749714277902737,3
14036.0,154,3,184.85,61.61666666666667,31,1,2.963521967585937,-0.6583033892827999,1
14038.0,51,1,29.34,29.34,18,0,-0.3657494849184516,-0.6982292240066916,0
14042.0,215,1,18.62,18.62,14,3,-1.112895821199365,-0.07658251800971137,0
14044.0,300,1,3.68,3.68,2,3,-2.1912035884844325,0.2111867229067954,0
14046.0,338,1,12.68,12.68,4,3,-2.0086780257765477,0.5314091197588044,0
14047.0,136,1,29.04,29.04,8,0,-1.0826757272333862,-0.16069141340433163,0
14050.0,3,1,87.64,87.64,14,0,0.539297689006085,0.2456500136765452,2
14052.0,128,1,58.44,58.44,12,0,-0.34085695254829856,0.3036835827587583,0
14055.0,14,1,21.48,21.48,12,0,-0.7431110801102746,-0.9339096746112477,0
14058.0,277,1,23.15,23.15,5,3,-1.6437440213165786,0.4307512537843777,0
14059.0,22,4,85.91,21.4775,23,1,2.227032059125877,-2.8682938609293327,3
14061.0,287,3,189.20999999999998,63.06999999999999,32,1,2.785031245362457,-0.010282883719409306,1
14062.0,127,1,6.35,6.35,5,0,-1.6183823555758237,-0.5913770035812025,0
14063.0,85,1,112.14,112.14,18,2,1.00488324719134,1.037983627166265,2
14064.0,188,1,9.39,9.39,3,3,-1.8010586711681529,-0.21886237027070918,0
14073.0,11,1,4.32,4.32,1,0,-1.6203431579256222,-1.1148859952298327,0
14074.0,280,2,72.78,36.39,18,3,0.20100439370981196,-0.03282409895496154,3
14075.0,180,1,38.5,38.5,14,3,-0.6922794365818378,0.13823039613547294,0
14076.0,7,2,44.43,22.215,16,0,0.3043358417735758,-1.611661460998862,3
14077.0,283,1,7.7,7.7,2,3,-2.085107632866742,0.20817768522093463,0
14080.0,107,1,17.78,17.78,14,0,-0.8985073484898296,-0.5981261315161579,0
14081.0,93,1,24.96,24.96,16,0,-0.6374227901838676,-0.5559788722251663,0
14082.0,239,1,70.33,70.33,13,3,-0.31592377588157683,1.0351982676234457,0
14083.0,7,2,194.7,97.35,15,2,2.208692460639882,0.15208848613745635,1
14087.0,59,3,156.34,52.11333333333334,24,1,2.463371574205399,-1.2627231559187,1
14088.0,153,3,104.61,34.87,26,1,1.7722925389273108,-1.3262407930082534,3
14089.0,42,2,28.1,14.05,18,0,0.12368063482502,-1.6669903547867924,3
14092.0,245,1,68.12,68.12,13,3,-0.36715511417700164,1.0211910449473607,0
14093.0,301,1,29.28,29.28,16,3,-1.0032347406992685,0.4999436888470442,0
14097.0,46,2,171.18,85.59,30,1,2.616776106894239,-0.1571919597368658,1
14099.0,277,1,30.87,30.87,9,3,-1.2966491716242414,0.519643309863761,0
14101.0,37,1,180.83,180.83,13,2,2.0378242516916094,2.1942941841395553,2
14102.0,80,2,31.65,15.825,19,0,0.14248688182524605,-1.4623269028134716,3
14106.0,27,1,236.16,236.16,18,2,3.2888414659017045,3.1286490911046125,2
14109.0,352,1,42.72,42.72,12,3,-1.0897817609442968,1.0528073945715781,0
14111.0,173,1,5.36,5.36,1,3,-1.945759215972047,-0.3367608309221255,0
14112.0,251,1,39.9,39.9,10,3,-1.0310272098257771,0.5553921649904592,0
14115.0,50,2,263.8,131.9,29,2,3.7616690480729917,0.9542089287756738,1
14117.0,330,1,47.72,47.72,4,3,-1.3811652716876783,1.1613548758344143,0
14118.0,135,1,19.08,19.08,3,0,-1.5198252256611127,-0.282391902242764,0
14120.0,89,1,194.1,194.1,15,2,2.2650632208229005,2.66137918008297,2
14123.0,12,1,20.52,20.52,12,0,-0.7555972193436173,-0.9615563621972328,0
14124.0,109,3,139.26999999999998,46.423333333333325,34,1,2.691449205280175,-1.3306061584741697,1
14125.0,245,3,124.43,41.47666666666667,27,1,1.8594740130237035,-0.728344684547762,1
14126.0,161,3,149.78,49.92666666666667,35,1,2.7558251171602652,-1.0053377304722677,1
14127.0,63,3,75.52,25.173333333333332,21,1,1.3611235419663574,-1.9416492561616547,3
14128.0,76,1,10.08,10.08,2,0,-1.6046733824219557,-0.7154515683255259,0
14129.0,54,2,121.56,60.78,31,1,2.0065781022632088,-0.7118811576557288,1
14131.0,218,2,102.63,51.315,17,1,0.6681797242808681,0.038960837534387734,1
14134.0,124,1,40.77,40.77,9,0,-0.7996965312930207,-0.007983149388869073,0
14136.0,149,1,57.6,57.6,5,0,-0.7720395054520853,0.4877434447980593,0
14137.0,250,1,13.2,13.2,5,3,-1.7598597171658568,0.114851291443609,0
14139.0,163,1,108.0,108.0,45,2,2.202248975737776,0.9317481845584138,1
14140.0,83,2,72.0,36.0,27,1,1.0869051363319648,-1.0948868237203164,3
14142.0,216,1,179.62,179.62,14,2,1.6902980602817625,2.9946039412788146,2
14143.0,29,1,130.5,130.5,18,2,1.4435472938904148,1.1255453714258719,2
14146.0,58,1,19.21,19.21,17,0,-0.6102467747217786,-0.843867735133254,0
14147.0,70,1,86.24,86.24,14,0,0.3728233904139483,0.5326095489531378,2
14148.0,282,2,141.45,70.725,14,3,0.8787180254401039,0.8340365445396702,1
14152.0,365,1,72.48,72.48,12,3,-0.598802001111646,1.6804873183811986,0
14155.0,193,1,14.76,14.76,12,3,-1.2397900264704595,-0.22400982380104173,0
14161.0,150,2,102.58,51.29,32,1,1.6089010656336291,-0.4979813331603595,3
14162.0,64,1,27.54,27.54,17,0,-0.4778258481464624,-0.6571236044744095,0
14163.0,205,2,119.24000000000001,59.620000000000005,31,1,1.6561457450799935,-0.032060998537236,1
14164.0,39,2,35.44,17.72,11,0,-0.14635611146270028,-1.493833517365356,3
14167.0,222,1,54.34,54.34,11,3,-0.6647779090249002,0.6801403217879206,0
14168.0,20,3,158.24,52.74666666666667,36,1,3.2057776800899065,-1.6022980541329224,1
14169.0,49,4,90.78,22.695,27,1,2.435085812862671,-2.7614004846270275,3
14171.0,34,2,57.1,28.55,13,0,0.25269179097232536,-1.294179753510424,3
14172.0,238,1,43.86,43.86,17,3,-0.5624456057482907,0.46820548836140374,0
14174.0,57,3,177.07,59.02333333333333,30,1,3.026133654501308,-1.1691764621249765,1
14175.0,202,1,231.2,231.2,17,2,2.7781669276958536,3.867884079498045,2
14176.0,205,1,52.35,52.35,15,3,-0.4508229288263783,0.5045132755430571,0
14178.0,139,1,10.38,10.38,3,0,-1.6798991571495763,-0.4293736098428005,0
14179.0,123,1,39.9,39.9,15,0,-0.49386635962571845,-0.11645642608547281,0
14180.0,337,1,9.2,9.2,8,3,-1.854614887011541,0.4022980874768415,0
14181.0,74,2,16.49,8.245,7,0,-0.6800096332777555,-1.4924386830115663,3
14183.0,29,1,22.88,22.88,8,0,-0.9631052035267527,-0.7788820673058872,0
14188.0,149,3,98.94,32.98,30,1,1.9278052387334272,-1.455116319481662,3
14190.0,342,1,33.6,33.6,10,3,-1.3337750661925238,0.861366484338766,0
14193.0,179,1,17.36,17.36,14,3,-1.05850882424685,-0.2690960747827235,0
14194.0,241,1,14.35,14.35,5,3,-1.7207363485695082,0.09462619756683337,0
14195.0,170,1,29.58,29.58,17,0,-0.6670639428103268,-0.12208598375286218,0
14196.0,197,1,16.66,16.66,14,3,-1.108876659751389,-0.198171298287627,0
14197.0,196,2,187.16,93.58,18,2,1.8691129800695994,0.9054112836164936,1
14199.0,26,2,58.35,29.175,9,0,0.07336065099777538,-1.2589290724229634,3
14201.0,79,1,6.43,6.43,1,0,-1.7277787168291383,-0.7563918637309458,0
14202.0,73,2,120.65,60.325,19,1,1.3166950671938693,-0.45909210266502976,3
14203.0,22,1,74.86,74.86,19,0,0.5420474811748953,0.018487819095287242,2
14204.0,170,2,58.61,29.305,21,0,0.409118476017419,-0.7562867822210528,3
14205.0,172,1,32.76,32.76,18,0,-0.5627510402229213,-0.06669276293762605,0
14206.0,160,1,8.4,8.4,5,0,-1.6526423421504823,-0.39785952012863973,0
14207.0,137,1,52.36,52.36,7,0,-0.7316061232800024,0.3026936433238636,0
14208.0,212,1,17.05,17.05,11,3,-1.2933245525967727,-0.0769177337750102,0
14209.0,218,1,62.13,62.13,19,3,-0.09540180477762665,0.6934939378440574,0
14210.0,25,1,73.56,73.56,6,0,-0.17784816351872945,0.19675057969973087,0
14212.0,244,1,15.54,15.54,6,3,-1.6532184308465254,0.11679761580530146,0
14213.0,134,1,2.69,2.69,1,0,-1.9095786984628929,-0.5701730205352114,0
14214.0,341,1,14.94,14.94,9,3,-1.7099369435026348,0.5158125846196083,0
14215.0,301,1,69.75,69.75,15,3,-0.35121755838616475,1.285297276478149,0
14217.0,205,2,141.78,70.89,24,1,1.5777509318862133,0.3320738400497266,1
14219.0,12,1,91.36,91.36,16,0,0.6913203019465549,0.3295582197361128,2
14220.0,244,3,134.31,44.77,28,1,2.028958566195264,-0.6569457191608677,1
14223.0,16,1,9.15,9.15,5,0,-1.3342075788564007,-1.0576338292122205,0
14225.0,54,2,125.07000000000001,62.535000000000004,24,1,1.6802878225184419,-0.569264407648665,1
14226.0,172,2,105.93,52.965,21,1,1.0212941674166738,-0.19609794553628362,3
14227.0,126,2,124.56,62.28,23,1,1.4678162247954991,-0.22363445093300477,3
14228.0,164,1,9.02,9.02,2,3,-1.8097560330906568,-0.3237158723602451,0
14229.0,28,2,100.97999999999999,50.489999999999995,25,1,1.4747583648527098,-0.9859253647493921,3
14230.0,109,1,4.65,4.65,3,0,-1.7161224471270096,-0.6789397458893305,0
14233.0,35,2,51.99,25.995,9,0,-0.028573688553261322,-1.2908337385328765,3
14234.0,296,1,15.84,15.84,9,3,-1.5988280212631216,0.3223110181129211,0
14236.0,123,3,134.29999999999998,44.76666666666666,46,1,3.24204183812723,-1.4850997199896805,1
14238.0,19,1,36.89,36.89,7,0,-0.7509293489838014,-0.544311662693378,0
14239.0,325,1,25.5,25.5,15,3,-1.173137854553912,0.5548276436874833,0
14240.0,210,1,34.32,34.32,11,3,-0.9881654557206645,0.24265542411298646,0
14241.0,145,1,21.98,21.98,14,0,-0.9059080653699062,-0.34025358358949837,0
14244.0,260,1,45.22,45.22,19,3,-0.47911218436494313,0.5680162492440695,0
14246.0,220,1,28.44,28.44,9,3,-1.218116002845894,0.20654489949238414,0
14248.0,29,1,12.04,12.04,1,0,-1.5239982732962294,-0.8835886954823541,0
14251.0,14,1,51.0,51.0,17,0,0.03697859234495974,-0.4443383055779529,0
14254.0,212,1,162.63,162.63,13,2,1.3495965892779949,2.6668149920470574,2
14255.0,296,1,67.32,67.32,12,3,-0.5423899976614054,1.2592200349232114,0
14258.0,106,1,8.28,8.28,2,0,-1.6996551735144163,-0.6093064655438934,0
14261.0,218,2,109.6,54.8,21,1,0.9715540074245521,0.061947058500811975,1
14264.0,195,1,75.4,75.4,10,3,-0.2937104287923088,0.9694129411438703,2
14265.0,64,1,68.85,68.85,15,0,0.13568297029118073,0.15876610089564983,0
14268.0,149,1,15.26,15.26,2,0,-1.669219303160199,-0.2750794838261539,0
14269.0,166,1,14.22,14.22,6,3,-1.5108116553367206,-0.27345935920773773,0
14270.0,52,1,18.62,18.62,7,0,-1.1392513869980674,-0.7378214562584406,0
14271.0,66,1,7.96,7.96,2,0,-1.6204069182610041,-0.8026400701133638,0
14272.0,14,1,220.5,220.5,45,2,4.478453783263027,2.377028597039493,2
14276.0,294,1,43.35,43.35,15,3,-0.7963752300123397,0.7496997920489485,0
14281.0,173,1,18.72,18.72,8,3,-1.3409568760437212,-0.18405672547772478,0
14283.0,126,1,172.9,172.9,13,2,1.7109159660096036,2.459860581866355,2
14284.0,121,2,137.9,68.95,25,1,1.758483135023262,-0.12082937320443964,3
14286.0,54,1,10.04,10.04,4,0,-1.4524275608655983,-0.8482686280949896,0
14287.0,138,1,24.12,24.12,18,0,-0.6411966790865874,-0.39040842593995756,0
14289.0,12,1,59.62,59.62,11,0,-0.12745134660099885,-0.2022966411760762,0
14291.0,28,2,147.09,73.545,31,1,2.3942818421102983,-0.5364051794733603,1
14293.0,133,2,107.76,53.88,18,1,0.968401847993683,-0.3137427344770183,3
14294.0,218,1,73.22,73.22,14,3,-0.16789010376029972,0.9774057243071094,2
14296.0,160,1,6.7,6.7,5,0,-1.6822636751941502,-0.43023877066653143,0
14300.0,213,1,17.16,17.16,13,3,-1.1872389044720006,-0.09921555592778648,0
14301.0,38,4,134.37,33.5925,33,1,3.2492599601084313,-2.5541219737254424,1
14305.0,61,2,23.91,11.955,13,0,-0.2369160113399769,-1.5541407423741829,3
14307.0,267,1,17.36,17.36,4,3,-1.7765695751645834,0.2881986227202635,0
14308.0,269,2,50.03,25.015,25,3,0.2999902387628207,-0.45089407450506763,3
14309.0,207,2,161.46,53.82,48,1,2.868660343761004,-0.17696588143092665,1
14313.0,7,2,302.26,151.13,28,2,4.300711656798942,1.2151566630853652,1
14316.0,326,1,25.6,25.6,16,3,-1.1203712368264342,0.5468763140047157,0
14317.0,54,2,23.58,11.79,9,0,-0.438949719474432,-1.5326010321065366,3
14319.0,220,1,8.92,8.92,2,3,-1.930252114273628,-0.06348637260696598,0
14320.0,44,1,5.08,5.08,2,0,-1.6239357217246146,-0.960475607599784,0
14321.0,56,1,120.6,120.6,9,2,0.7354872803152892,1.1942025950386332,2
14323.0,166,2,75.14,37.57,26,1,0.8986538785277964,-0.6552785232777261,3
14324.0,328,1,129.47,129.47,11,2,0.4195270740534052,2.607295249459185,2
14326.0,49,2,29.8,14.9,13,0,-0.13474235305439716,-1.5417499973046298,3
14328.0,332,1,22.95,22.95,17,3,-1.1261244858243593,0.5099516207750623,0
14329.0,7,2,74.97999999999999,37.489999999999995,15,0,0.649152510272875,-1.2415082329789657,3
14331.0,24,4,271.13,67.7825,47,1,5.503769672442376,-1.7376552542464156,1
14333.0,324,1,27.54,27.54,17,3,-1.029182079488247,0.559927859863138,0
14338.0,279,1,31.92,31.92,12,3,-1.1231604823857086,0.5053933171175283,0
14340.0,242,1,30.6,30.6,10,3,-1.1739879178802108,0.33612991339546583,0
14343.0,38,2,248.16,124.08,26,2,3.423946474113921,0.7595912935080177,1
14346.0,66,1,79.61,79.61,19,0,0.5315065314114663,0.31492180992502733,2
14347.0,123,1,50.26,50.26,14,0,-0.3664952584566388,0.0954034946656763,0
14349.0,88,1,68.55,68.55,15,0,0.0795612548700249,0.26539532759930684,0
14359.0,240,1,31.78,31.78,7,3,-1.308620387890873,0.39285386420022705,0
14360.0,209,1,21.0,21.0,12,3,-1.1649919241230606,-0.030263452980550453,0
14363.0,240,2,165.06,82.53,34,1,2.3382361265568092,0.6215281782023173,1
14365.0,263,1,37.5,37.5,15,3,-0.8325688367266086,0.49316709467627334,0
14368.0,78,3,216.87,72.29,33,1,3.6011490380665876,-0.7494513726303214,1
14369.0,53,2,7.72,3.86,5,0,-0.8560095340267253,-1.6637519726068795,3
14372.0,72,3,196.5,65.5,44,1,3.962974980262337,-1.1242722707882298,1
14375.0,8,1,99.68,99.68,8,0,0.4196146961901318,0.5855978817071783,2
14376.0,124,2,110.72,55.36,22,1,1.2386250272762263,-0.3795634910461644,3
14378.0,295,1,34.84,34.84,13,3,-1.053066313779494,0.6213679576496699,0
14379.0,20,2,107.83999999999999,53.919999999999995,10,0,0.7839135753695017,-0.7254651181830534,3
14380.0,338,1,8.94,8.94,3,3,-2.126989745734361,0.4747117272250855,0
14381.0,200,3,295.74,98.58,48,1,5.0513955490808105,0.3269481745653356,1
14384.0,145,2,304.32,152.16,31,2,4.194337812615621,1.8414986188593836,1
14385.0,27,3,91.26,30.42,24,1,1.778864076007763,-2.0094116033266305,3
14386.0,317,2,91.64,45.82,12,3,0.04935438830284774,0.4471326474283467,3
14388.0,313,1,23.04,23.04,9,3,-1.5094231787926042,0.5390231093488685,0
14390.0,168,1,132.43,132.43,17,2,1.129267908111135,1.8274967394485395,2
14391.0,125,1,5.52,5.52,3,0,-1.7348929085704912,-0.5874737135326509,0
14398.0,104,2,255.01,127.505,27,2,3.4263635493595466,1.1337353676283877,1
14402.0,344,1,12.04,12.04,7,3,-1.873118830005237,0.5036942113364307,0
14403.0,110,1,87.36,87.36,7,0,-0.06449892482759063,0.8429391584408834,0
14405.0,8,3,222.46,74.15333333333334,34,1,3.8673598888739975,-1.040385950034051,1
14407.0,301,1,8.15,8.15,5,3,-1.9560031459976865,0.2573951964250869,0
14408.0,43,1,43.96,43.96,14,0,-0.3066203626716735,-0.3990675721464807,0
14413.0,295,2,144.69,72.345,19,1,1.1590802096470614,0.8599194378556188,1
14415.0,87,2,27.16,13.58,12,0,-0.30286009665493707,-1.3800671192726728,3
14416.0,30,1,61.68,61.68,8,0,-0.2891624384786961,-0.03519232315288434,0
14417.0,133,2,178.68,89.34,30,1,2.5299830412090154,0.33735568721787984,1
14418.0,36,2,160.46,80.23,30,1,2.498337375832642,-0.3287874385665132,1
14424.0,63,3,131.97,43.99,34,1,2.7046041433104526,-1.612884424210366,1
14425.0,153,1,49.6,49.6,16,0,-0.3353237575727993,0.19418782462637332,0
14428.0,205,1,27.64,27.64,4,3,-1.46597037665205,0.19377789081189226,0
14430.0,55,1,15.72,15.72,2,0,-1.4618676352859006,-0.7063289535926883,0
14437.0,152,1,6.1,6.1,2,0,-1.835187817994232,-0.4355036028599135,0
14438.0,37,3,78.69,26.23,18,1,1.2934720455332733,-1.9906690787591923,3
14440.0,195,1,39.9,39.9,15,3,-0.6465496236895971,0.22057321019261733,0
14442.0,148,1,55.68,55.68,12,0,-0.4313600757558931,0.34473426059017326,0
14443.0,74,1,38.8,38.8,5,0,-0.9405715335547354,-0.22140551070477535,0
14444.0,22,2,39.69,19.845,15,0,0.15763613935480308,-1.5820858087623146,3
14445.0,149,1,93.75,93.75,15,2,0.38929730218217246,1.030909097680916,2
14450.0,360,1,63.0,63.0,12,3,-0.7533814891651021,1.476520544234897,0
14451.0,328,1,120.3,120.3,10,2,0.20660133149140564,2.4471747213838464,2
14453.0,112,3,118.39,39.46333333333333,40,1,2.7625698746004943,-1.5952911514114085,1
14454.0,140,1,117.54,117.54,18,2,0.9823414914511884,1.3982885585480773,2
14455.0,55,1,18.62,18.62,14,0,-0.7735996788351897,-0.8255372652943561,0
14456.0,78,2,82.04,41.02,19,0,0.8031365207831601,-0.8851257008675555,3
14457.0,193,1,105.82,105.82,13,2,0.4000127531185791,1.4958382493025122,2
14458.0,222,1,33.3,33.3,18,3,-0.6593719553919727,0.17764076928909694,0
14462.0,257,1,34.16,34.16,14,3,-0.9311872259237256,0.4160025463047666,0
14464.0,242,1,197.4,197.4,15,2,1.998111519418984,3.4404209964533488,2
14465.0,306,2,30.92,15.46,19,3,-0.3462783092054135,-0.4129258632441328,3
14469.0,272,2,156.6,78.3,30,1,1.9475930382108637,0.730988610739903,1
14471.0,302,1,56.5,56.5,10,3,-0.849934250189718,1.1102953488809724,0
14472.0,107,2,134.03,67.015,13,1,1.1000213070889495,-0.056968017405386845,3
14473.0,286,1,2.52,2.52,1,3,-2.2348721670132257,0.13809606433141208,0
14476.0,116,2,32.739999999999995,16.369999999999997,17,0,-0.025945372626104368,-1.2520500582552194,3
14478.0,71,1,21.84,21.84,14,0,-0.7514230034241891,-0.6893116807235318,0
14479.0,173,1,63.36,63.36,12,0,-0.3505563698971368,0.6080364658128166,0
14480.0,292,1,16.94,16.94,11,3,-1.4648892982699213,0.295464511891331,0
14482.0,356,1,35.63,35.63,7,3,-1.4875264839177698,1.0091755351409377,0
14483.0,42,4,83.59,20.8975,38,1,2.956671619739887,-3.0111436458728655,1
14484.0,185,1,134.0,134.0,10,2,0.7485603544342404,2.0387350820976766,2
14486.0,25,3,333.47,111.15666666666668,37,1,5.274091151815901,0.013735596978408779,1
14487.0,283,1,2.44,2.44,2,3,-2.1767595221665617,0.10799247473310429,0
14488.0,47,2,15.46,7.73,2,0,-0.9018947039727933,-1.558129684462605,3
14492.0,149,1,18.4,18.4,4,0,-1.5082173840737014,-0.24434702072015768,0
14495.0,243,1,103.5,103.5,15,2,0.35984787570543264,1.6566245368544368,2
14496.0,249,1,55.26,55.26,18,3,-0.3339902537459579,0.7222906133710902,0
14497.0,241,1,22.8,22.8,5,3,-1.5735008990289236,0.2555701193581195,0
14499.0,196,1,28.26,28.26,6,3,-1.3297923197164163,0.13438417211519332,0
14501.0,76,2,16.0,8.0,6,0,-0.743778637485104,-1.4742436188912884,3
14504.0,300,1,49.02,49.02,19,3,-0.4977238284466114,0.8276320843264009,0
14506.0,38,1,2.36,2.36,2,0,-1.6586062492558267,-1.0403682114835853,0
14510.0,123,3,82.25,27.416666666666668,27,1,1.6305593478369824,-1.68628709950555,3
14512.0,248,1,8.5,8.5,5,3,-1.8375127890952687,0.01597025267426143,0
14515.0,198,1,4.72,4.72,4,3,-1.8504914371064813,-0.2755373631044476,0
14520.0,236,1,24.4,24.4,10,3,-1.2692950565831667,0.18995507899880348,0
14524.0,28,1,3.9,3.9,3,0,-1.55742201022147,-1.0723830501747815,0
14525.0,157,2,75.3,37.65,28,1,1.0261131109094082,-0.7246186703785744,3
14526.0,130,3,212.85,70.95,42,1,3.922707087338077,-0.6737441431007355,1
14527.0,205,1,33.18,33.18,7,3,-1.2100053177715717,0.25568527838056315,0
14528.0,115,2,93.93,46.965,17,0,0.7732705303264614,-0.5444508446478173,3
14529.0,221,1,26.55,26.55,15,3,-0.9342998327843444,0.08800600681410338,0
14530.0,31,1,7.47,7.47,3,0,-1.5015790134990956,-0.9903437225336215,0
14533.0,76,1,36.36,36.36,9,0,-0.7747489113617538,-0.3166651587931468,0
14536.0,89,2,30.52,15.26,10,0,-0.36962162610504357,-1.302519298235142,3
14537.0,234,1,41.4,41.4,6,3,-1.1814196734139102,0.5625334846352373,0
14538.0,18,2,48.75,24.375,18,0,0.44357355246329727,-1.5389579216259466,3
14540.0,291,1,27.72,27.72,9,3,-1.3812241717796676,0.52518000366625,0
14543.0,114,2,184.3,92.15,20,1,2.1120358614834807,0.45920632247788834,1
14546.0,125,3,113.31,37.77,35,1,2.4105500540220746,-1.5083462755669523,1
14547.0,198,1,13.65,13.65,5,3,-1.6417475297977053,-0.1199880233403411,0
14548.0,363,1,10.32,10.32,8,3,-1.890235278964009,0.545335446029678,0
14550.0,224,2,50.36,25.18,25,1,0.39971604411865796,-0.6576962430416503,3
14551.0,14,1,61.54,61.54,17,0,0.2206308572157009,-0.24358695224302326,0
14554.0,203,1,212.8,212.8,16,2,2.402294170130517,3.536644234790447,2
14556.0,25,2,21.15,10.575,12,0,-0.24967247648469043,-1.7402462910112737,3
14559.0,304,1,85.68,85.68,18,3,0.07942431566246179,1.559141926198817,2
14560.0,36,2,155.19,77.595,26,1,2.2171082473466917,-0.3319848654926944,1
14561.0,150,1,26.95,26.95,5,0,-1.3082153168056392,-0.09135442861163907,0
14563.0,137,1,12.12,12.12,2,0,-1.698484437045896,-0.3910574702777848,0
14566.0,224,1,37.75,37.75,5,3,-1.2769571962540034,0.4607406160129401,0
14567.0,144,1,72.0,72.0,18,0,0.1803558485928855,0.54962944517396,2
14570.0,120,1,24.7,24.7,10,0,-1.0180780593026102,-0.3473231273935241,0
14572.0,202,1,36.96,36.96,7,3,-1.1377796098639699,0.31363859277087697,0
14574.0,264,1,49.0,49.0,4,3,-1.2189024916119295,0.8767907135727349,0
14575.0,11,2,29.130000000000003,14.565000000000001,9,0,-0.2754664645373402,-1.6692780281314321,3
14577.0,193,1,56.84,56.84,14,3,-0.40028533754841533,0.5483979428023135,0
14580.0,320,1,62.72,62.72,16,3,-0.4608571123225112,1.2258009697853927,0
14582.0,154,2,41.32,20.66,17,0,0.0052396917761438535,-0.9742980982073004,3
14583.0,291,1,18.4,18.4,4,3,-1.8093427104219069,0.42035031749496454,0
14585.0,11,4,229.97,45.994,62,1,5.78170665242319,-2.513584499002781,1
14590.0,157,2,25.029999999999998,12.514999999999999,10,0,-0.5853383095927353,-1.0481196949220708,3
14591.0,193,1,29.88,29.88,12,3,-0.9763344055173659,0.06397503980656141,0
14592.0,303,1,38.58,38.58,6,3,-1.3768776990338392,0.8318087567447667,0
14593.0,174,1,100.75,100.75,13,2,0.3519629002999742,1.310333519987689,2
14597.0,1,1,1.15,1.15,1,0,-1.6543722229975244,-1.2220734458793099,0
14598.0,313,1,71.4,71.4,12,3,-0.5073490134827959,1.416506678113146,0
14599.0,76,2,68.13,34.065,15,0,0.41359910216922,-0.9982586977275603,3
14600.0,235,1,9.42,9.42,3,3,-1.9002041835809762,0.0017144852830591711,0
14603.0,36,2,92.15,46.075,20,1,1.0770450828212,-0.9785781584753832,3
14604.0,42,1,22.47,22.47,7,0,-1.0509617709131762,-0.7113016488043876,0
14607.0,272,3,124.57,41.52333333333333,23,1,1.5912571301453655,-0.5425266913278013,1
14612.0,57,1,264.29,264.29,19,2,3.7685141667750948,3.790322510883134,2
14614.0,82,1,4.68,4.68,4,0,-1.6051987064346582,-0.8192914196043535,0
14618.0,356,2,41.18,20.59,6,3,-1.0095380664566802,0.12953414999408955,3
14619.0,119,2,129.54,64.77,26,1,1.7069670693947598,-0.2420425710048077,3
14622.0,350,1,10.38,10.38,6,3,-1.967911583107101,0.5146995871898951,0
14624.0,1,1,53.28,53.28,18,0,0.15741862607941792,-0.4763015484877714,0
14626.0,264,1,15.36,15.36,3,3,-1.8582011868671964,0.25059944393138794,0
14629.0,9,2,116.35,58.175,13,0,1.0775305858465734,-0.7215062581357612,3
14630.0,36,2,35.3,17.65,14,0,0.01761633437298685,-1.5531169602174222,3
14631.0,261,1,5.08,5.08,4,3,-1.9778165402825398,0.026220351105728932,0
14632.0,304,1,22.96,22.96,14,3,-1.2260077795603088,0.42268588212881386,0
14642.0,238,2,61.89,30.945,19,3,0.20135516291702044,-0.3707263652952054,3
14643.0,193,1,142.31,142.31,19,2,1.3546946783145957,2.1036275868915206,2
14644.0,51,3,80.03,26.676666666666666,20,1,1.3855644708718442,-1.9419193105073613,3
14648.0,157,1,102.79,102.79,19,2,0.7424274386490315,1.1823904268363068,2
14650.0,309,1,12.24,12.24,8,3,-1.7422681488903102,0.3291327253109647,0
14654.0,118,4,125.96,31.49,36,1,3.1479854150888156,-2.290008939741363,1
14655.0,140,1,8.75,8.75,7,0,-1.4978422400871887,-0.5138864645512937,0
14656.0,279,1,141.78,141.78,17,2,1.056798541086162,2.5251699733356676,2
14657.0,313,1,3.51,3.51,3,3,-2.1685887460941453,0.25426441242024045,0
14658.0,105,2,113.65,56.825,20,1,1.2107946950391675,-0.4053213814352162,3
14660.0,312,1,4.62,4.62,3,3,-2.1471271571582093,0.2707251911891585,0
14662.0,362,1,9.4,9.4,2,3,-2.2230137701153856,0.6103533422306198,0
14664.0,38,1,238.05,238.05,45,2,4.733356064800384,2.823639954391015,2
14667.0,214,1,24.12,24.12,6,3,-1.4400997938504951,0.13978858281596734,0
14668.0,182,1,59.8,59.8,5,3,-0.8036858449934792,0.684117920945142,0
14672.0,199,1,93.29,93.29,19,2,0.4878312225049972,1.1980481773456007,2
14673.0,213,1,29.44,29.44,16,3,-0.8138339722301564,0.09106603671464417,0
14677.0,74,2,220.76000000000002,110.38000000000001,23,2,2.8312426934603323,0.652768189535602,1
14678.0,16,2,46.21,23.105,6,0,-0.2230101592690422,-1.4034431385608255,3
14680.0,226,1,4.53,4.53,1,3,-2.0726132433809115,-0.10447826379376349,0
14685.0,176,1,54.48,54.48,12,3,-0.5116460769357424,0.4529453998088271,0
14687.0,136,3,156.39,52.129999999999995,39,1,3.097835146830435,-1.1198844760265045,1
14688.0,294,1,69.42,69.42,13,3,-0.44841295015440186,1.2753190396557887,0
14690.0,273,1,29.88,29.88,6,3,-1.4648512002699157,0.5256741653467433,0
14692.0,186,1,14.2,14.2,4,3,-1.6598617339268318,-0.15114703085713993,0
14693.0,15,3,55.379999999999995,18.459999999999997,22,1,1.283225797088809,-2.3655916864572504,3
14694.0,212,3,162.09,54.03,20,1,1.992814193361268,-0.43564978102669205,1
14696.0,312,1,49.35,49.35,7,3,-1.1551584627916665,1.0645325780964117,0
14698.0,265,1,22.88,22.88,4,3,-1.6761461625608858,0.38397401953753674,0
14702.0,215,2,66.78,33.39,27,1,0.7389871675207138,-0.5377623953811135,1
14703.0,173,1,40.59,40.59,11,3,-0.8004527768084797,0.18888193343434306,0
14704.0,45,2,18.6,9.3,12,0,-0.32530222626681327,-1.676310138661058,3
14709.0,100,3,65.83,21.94333333333333,23,1,1.2769282409523202,-1.8864016468352212,3
14713.0,147,2,55.980000000000004,27.990000000000002,27,1,0.7425011631410606,-0.9817852074680444,3
14714.0,92,2,245.48,122.74,34,2,3.6996811391701216,0.8648713997383499,1
14716.0,140,1,63.42,63.42,14,0,-0.17324150719773238,0.42563342896388007,0
14717.0,13,3,178.16,59.38666666666666,36,1,3.4509099194356683,-1.4523635618929451,1
14719.0,231,1,38.04,38.04,12,3,-0.9147348407192514,0.3972721948685456,0
14721.0,60,1,36.96,36.96,7,0,-0.8366542835157644,-0.35105874544424526,0
14722.0,21,3,158.45,52.81666666666666,32,1,2.9935056654420427,-1.5375431848381647,1
14724.0,2,2,173.85000000000002,86.92500000000001,24,1,2.4259947418481307,-0.24485271623201912,1
14725.0,24,3,57.2,19.066666666666666,29,1,1.6571942724167221,-2.408529107247637,3
14726.0,275,1,46.44,46.44,9,3,-1.021111407791801,0.8068372172138655,0
14728.0,246,1,20.32,20.32,8,3,-1.4678818393092181,0.18812846671243974,0
14729.0,85,1,13.11,13.11,1,0,-1.624107907619735,-0.6010746527118199,0
14730.0,11,1,6.1,6.1,5,0,-1.3767487307505715,-1.1391308498534365,0
14732.0,132,1,83.79,83.79,19,0,0.46438050334655706,0.7034805062672305,2
14735.0,40,2,46.8,23.4,14,0,0.1589393887926712,-1.400527720086602,3
14737.0,93,3,122.22,40.74,33,1,2.4751250480856495,-1.547343014136036,1
14738.0,231,2,140.16,70.08,26,1,1.607801853542858,0.4058475125105513,1
14739.0,178,2,60.9,30.45,18,0,0.26255013309410324,-0.6485714992889751,3
14740.0,85,3,120.32000000000001,40.10666666666667,47,1,3.214151652825955,-1.8057344978274017,1
14742.0,89,2,41.019999999999996,20.509999999999998,13,0,-0.07340836790439677,-1.2239052698178634,3
14743.0,157,1,62.66,62.66,13,0,-0.2756789878875448,0.5052713998602827,0
14749.0,147,1,119.7,119.7,19,2,1.0582785897635127,1.4576590648932233,2
14753.0,240,1,4.62,4.62,2,3,-2.0475886803560743,-0.05176748643928852,0
14755.0,41,1,17.58,17.58,3,0,-1.346625212354808,-0.7509727432176915,0
14756.0,157,1,18.4,18.4,16,0,-0.8874447440509857,-0.3813427871516442,0
14759.0,310,2,184.8,92.4,30,1,2.2343592404864894,1.2371265349463936,1
14761.0,56,1,32.11,32.11,19,0,-0.27494235355796476,-0.6366022150448893,0
14762.0,210,2,25.06,12.53,5,3,-0.9630632962126855,-0.726994427623341,3
14764.0,19,1,42.84,42.84,12,0,-0.3815307470222452,-0.5036690790589725,0
14766.0,150,1,36.47,36.47,7,0,-1.0360462772376113,0.060895457101269035,0
14767.0,4,1,94.56,94.56,12,0,0.5514637633941051,0.41120749445354404,2
14768.0,220,1,36.45,36.45,15,3,-0.7596785276990903,0.27188655748188617,0
14769.0,283,3,114.07,38.02333333333333,33,1,1.9779916285308903,-0.7327090152312281,1
14771.0,261,1,63.12,63.12,8,3,-0.7539302324976317,1.073538223106712,0
14776.0,88,1,15.08,15.08,13,0,-0.9584063654445942,-0.723953417607924,0
14777.0,213,1,3.33,3.33,1,3,-2.0659546080799407,-0.18818677856679997,0
14779.0,166,1,95.37,95.37,17,2,0.4877640495387263,1.112267143381438,2
14780.0,108,1,3.09,3.09,1,0,-1.8474733499066749,-0.6842595197835798,0
14782.0,30,2,59.28,29.64,17,0,0.5021512477865574,-1.3456752385512718,3
14783.0,129,1,125.0,125.0,10,2,0.7104951822658128,1.6051813588768586,2
14786.0,176,1,6.9,6.9,2,3,-1.8721427885047794,-0.3079230963964442,0
14787.0,353,1,20.72,20.72,8,3,-1.6878164090932206,0.6966106011444322,0
14789.0,91,3,113.27,37.75666666666667,30,1,2.2164641221964314,-1.5951812361216102,1
14791.0,230,1,30.03,30.03,11,3,-1.1053277786675604,0.2545647764602987,0
14792.0,271,1,10.08,10.08,2,3,-2.0181905559282938,0.19733702992763477,0
14793.0,182,3,49.79,16.596666666666668,19,1,0.7050270854496317,-1.5915293762129183,3
14796.0,170,1,3.42,3.42,1,3,-1.97320058159961,-0.3877541712828362,0
14798.0,63,1,7.05,7.05,3,0,-1.5767564536650722,-0.848552352621348,0
14799.0,20,3,118.32000000000001,39.440000000000005,34,1,2.6379871877931373,-1.9393604017107717,1
14801.0,111,2,34.59,17.295,11,0,-0.310111952855446,-1.1666982781073876,3
14802.0,236,1,12.4,12.4,5,3,-1.7441107555530706,0.03408045668542982,0
14803.0,329,1,74.9,74.9,10,3,-0.586583104799855,1.5871392330130272,0
14805.0,84,1,10.96,10.96,2,0,-1.6063047936116774,-0.6612428071534437,0
14807.0,110,2,38.91,19.455,15,0,-0.0391374569649242,-1.1792402620801068,3
14809.0,323,1,57.38,57.38,19,3,-0.40083038759083583,1.0945240554231428,0
14810.0,191,1,41.47,41.47,13,3,-0.7170006223724752,0.260826449012429,0
14812.0,351,1,4.49,4.49,1,3,-2.338385327145127,0.47988076780382655,0
14814.0,92,1,38.87,38.87,13,0,-0.5523643495278986,-0.25211050757495607,0
14816.0,149,1,8.75,8.75,7,0,-1.5169276480951734,-0.4717577600165324,0
14817.0,87,3,63.41,21.136666666666667,24,1,1.3296640807377829,-1.9839868139973997,3
14818.0,241,1,40.46,40.46,14,3,-0.7874844362901858,0.4611007647461369,0
14821.0,16,1,202.88,202.88,16,2,2.625997346052067,2.472360923703937,2
14822.0,349,1,118.26,118.26,9,2,0.07337832589196251,2.521156889969129,2
14823.0,23,1,36.96,36.96,8,0,-0.7050472633323052,-0.5387914894034627,0
14824.0,30,1,9.93,9.93,3,0,-1.4565946012637765,-0.9481700095140243,0
14826.0,15,3,77.41,25.80333333333333,35,1,2.2287890239400094,-2.352518493711147,3
14827.0,106,1,55.5,55.5,10,0,-0.4517207893487023,0.17377916549381667,0
14831.0,262,1,10.56,10.56,2,3,-1.9907414774138619,0.16435070201533722,0
14833.0,25,1,8.33,8.33,7,0,-1.2612913494560793,-1.0601972687067878,0
14835.0,53,2,175.78,87.89,23,1,2.2898405730251157,0.03087966958382162,1
14836.0,91,2,104.11999999999999,52.059999999999995,20,1,1.1163399757970884,-0.5817885731188096,3
14838.0,314,1,37.08,37.08,9,3,-1.2669064173687934,0.8111185927264577,0
14839.0,12,1,47.16,47.16,6,0,-0.6102822298062481,-0.36693270775264414,0
14841.0,55,1,24.64,24.64,8,0,-0.9875740348039572,-0.6236548732564325,0
14842.0,11,1,193.76,193.76,16,2,2.477690610878446,2.275250932024484,2
14851.0,14,1,46.92,46.92,17,0,-0.03411260695984323,-0.5220485068688935,0
14852.0,80,1,10.8,10.8,4,0,-1.4943207056979015,-0.7120880520090008,0
14853.0,330,1,24.78,24.78,2,3,-1.8871685991651317,0.7534993770517953,0
14854.0,295,2,90.68,45.34,18,3,0.40237083234754606,0.24575476937965268,3
14857.0,189,3,315.75,105.25,37,1,4.721457990087447,0.6188908007802684,1
14858.0,238,1,13.3,13.3,10,3,-1.4669461388243152,-0.012100446054609103,0
14859.0,67,2,43.2,21.6,27,1,0.7456697775432422,-1.5050277504246659,3
14860.0,303,1,57.44,57.44,8,3,-0.9419655708611887,1.1619540542364455,0
14862.0,258,1,10.17,10.17,3,3,-1.9359097688795024,0.12366169367782619,0
14863.0,129,1,44.33,44.33,11,0,-0.6419794049622622,0.05415372911442785,0
14865.0,254,2,44.4,22.2,22,3,0.0990253487224415,-0.5430335357885259,3
14866.0,71,3,219.28,73.09333333333333,30,1,3.4844200351108316,-0.7165033490806586,1
14867.0,322,1,22.2,22.2,6,3,-1.7025793719721027,0.6087635307432482,0
14868.0,139,1,55.59,55.59,17,0,-0.14811891965914864,0.22820656719048402,0
14872.0,146,2,250.11,125.055,28,2,3.326612947590167,1.2587607414367337,1
14874.0,302,1,151.44,151.44,12,2,0.9106196532548475,2.889507341033131,2
14876.0,44,1,77.14,77.14,14,0,0.26939776019672795,0.23758017905184423,0
14878.0,316,1,73.78,73.78,17,3,-0.20651701358227054,1.4031957371295654,0
14880.0,350,1,95.4,95.4,18,3,0.15124100248832162,1.95959954264804,2
14881.0,110,1,146.3,146.3,11,2,1.1750692651569064,1.907398986608986,2
14885.0,253,1,29.44,29.44,8,3,-1.3238163059151498,0.3946003927329513,0
14888.0,235,2,31.42,15.71,8,3,-0.773795025128805,-0.5795477536643705,3
14890.0,146,2,230.95999999999998,115.47999999999999,33,2,3.3428782299602937,0.9631610035587185,1
14892.0,281,1,46.2,46.2,10,3,-0.9848720611219374,0.8158148732761648,0
14893.0,184,1,7.32,7.32,4,3,-1.7754998094063592,-0.2915496967868428,0
14895.0,350,1,26.4,26.4,11,3,-1.4230501436457001,0.7471416137164012,0
14898.0,67,1,20.57,20.57,17,0,-0.6056351162948291,-0.7758356301681791,0
14899.0,43,1,18.04,18.04,4,0,-1.2897064426372709,-0.7473863232630824,0
14901.0,173,1,11.41,11.41,7,3,-1.5214733953932371,-0.3087505441410167,0
14903.0,65,2,218.06,109.03,34,1,3.3997490451263905,0.4193036787320256,1
14904.0,16,1,58.95,58.95,5,0,-0.46647676381248143,-0.10911225463162276,0
14905.0,23,2,61.13,30.565,13,0,0.3285154438602552,-1.2987593100437846,3
14906.0,9,1,11.74,11.74,1,0,-1.486813549567237,-0.9829220242819744,0
14908.0,262,1,3.12,3.12,2,3,-2.120378370263796,0.02264386436715144,0
14910.0,10,2,74.63,37.315,34,1,1.6479823690294964,-1.5077417092894736,3
14912.0,30,2,26.36,13.18,22,0,0.33904077742903904,-1.8015642081552568,3
14913.0,231,1,18.76,18.76,14,3,-1.1443860315380687,0.0009794832336382316,0
14914.0,25,2,218.76999999999998,109.38499999999999,30,1,3.281242790380454,0.2984775581380093,1
14919.0,132,3,230.54,76.84666666666666,36,1,3.8041049584662536,-0.4149121972005824,1
14921.0,179,1,6.66,6.66,2,3,-1.8826864264273313,-0.29845138319608905,0
14922.0,142,2,217.47,108.735,21,2,2.5378948708885734,0.9618507377294504,1
14923.0,328,1,10.17,10.17,3,3,-2.0843518311638287,0.4513293956148583,0
14924.0,35,3,12.559999999999999,4.1866666666666665,10,0,0.10804954610396798,-2.4902631794823877,3
14925.0,206,2,85.17,42.585,26,1,0.9444862554173831,-0.3512859516191299,1
14926.0,119,2,102.9,51.45,30,1,1.57251861839348,-0.6102924486810741,3
14927.0,87,1,69.92,69.92,16,0,0.15869795259203004,0.2722712683890829,0
14928.0,47,2,22.28,11.14,7,0,-0.5473296178018715,-1.5514264922081984,3
14929.0,35,2,86.97,43.485,34,1,1.755715116477116,-1.2470741662282472,3
14930.0,255,1,59.16,59.16,17,3,-0.33190382348147307,0.8391951851014243,0
14933.0,58,1,3.06,3.06,2,0,-1.6888212475627795,-0.9334162354985784,0
14934.0,347,1,1.28,1.28,1,3,-2.3858349700978896,0.4000172554589852,0
14936.0,103,1,145.32,145.32,12,2,1.2259824313630856,1.8414295721614427,2
14938.0,87,2,104.0,52.0,24,1,1.3358383410155632,-0.6600571324493981,3
14939.0,218,1,85.95,85.95,15,3,0.1070661950578515,1.205332212332386,2
14940.0,36,3,121.07999999999998,40.35999999999999,21,1,1.9450827172365728,-1.6501704341997487,3
14942.0,81,2,64.39,32.195,23,1,0.7794350555672743,-1.134684877960596,3
14943.0,179,1,5.04,5.04,4,3,-1.8046242398631038,-0.35838082159619,0
14944.0,310,1,96.48,96.48,18,3,0.25488329671887217,1.7929312032274218,2
14945.0,52,2,142.18,71.09,27,1,2.0668478544325364,-0.4230688261571462,1
14947.0,181,2,66.82,33.41,20,0,0.43959514940343,-0.5946909499482981,3
14948.0,243,2,83.61000000000001,41.80500000000001,11,3,0.048530777530650535,0.021805084786399028,3
14951.0,358,1,17.6,17.6,4,3,-1.9653624208809843,0.7187378235496372,0
14954.0,159,1,30.48,30.48,12,0,-0.8937793871319193,-0.08374987321334611,0
14959.0,295,1,17.81,17.81,13,3,-1.3498023736228262,0.29700405373184685,0
14960.0,28,2,55.300000000000004,27.650000000000002,31,1,1.198573756208297,-1.6048836529756692,3
14962.0,109,2,55.78,27.89,22,0,0.5547547483311591,-1.0893052601164306,3
14963.0,346,1,10.7,10.7,2,3,-2.1664325482573394,0.5602184708546609,0
14964.0,218,1,3.47,3.47,1,3,-2.0741182086311074,-0.16211541619926959,0
14965.0,336,1,16.24,16.24,14,3,-1.4109583951234077,0.44448355887125235,0
14966.0,350,1,116.09,116.09,19,2,0.5648948372050591,2.339137109662505,2
14967.0,236,1,11.69,11.69,7,3,-1.6501924436537034,-0.00851655936791742,0
14968.0,337,1,33.28,33.28,13,3,-1.1693134802960439,0.7882558547888823,0
14969.0,236,2,36.660000000000004,18.330000000000002,15,3,-0.3356429325943011,-0.615629449529065,3
14971.0,104,1,82.11,82.11,17,0,0.38819490696423425,0.5694890246130814,2
14972.0,250,1,24.45,24.45,15,3,-1.0323883170535588,0.18375615703616707,0
14974.0,139,1,64.82,64.82,14,0,-0.14672686733081816,0.44761772694220303,0
14975.0,260,2,177.38,88.69,29,1,2.190587410913323,0.9312428693174649,1
14977.0,300,1,83.05,83.05,11,3,-0.3299327362605496,1.5920841628202882,0
14978.0,301,1,28.27,28.27,11,3,-1.286557233698637,0.5533913979521599,0
14982.0,208,1,19.84,19.84,16,3,-0.9705043779102243,-0.11518633158727293,0
14983.0,28,1,43.84,43.84,16,0,-0.17061269242815652,-0.5006415911593184,0
14985.0,348,1,36.41,36.41,11,3,-1.2443915631796092,0.928436325189636,0
14986.0,263,2,46.769999999999996,23.384999999999998,16,3,-0.2080558319508118,-0.3860951723703898,3
14987.0,265,1,13.99,13.99,1,3,-1.990482671850945,0.2582604617912554,0
14988.0,285,1,11.97,11.97,7,3,-1.7492230794573043,0.22618388501777562,0
14989.0,120,1,14.64,14.64,8,0,-1.2996562281903912,-0.5098581868067039,0
14992.0,296,1,27.68,27.68,4,3,-1.6582480850794707,0.6205077680485725,0
14998.0,284,1,21.12,21.12,16,3,-1.109366924182681,0.26494684436616966,0
14999.0,37,1,48.62,48.62,11,0,-0.37213381795148776,-0.2947852595109744,0
15000.0,167,2,102.47,51.235,24,1,1.146259630641515,-0.3033896734432947,1
15001.0,70,1,53.57,53.57,11,0,-0.35586329521635984,-0.04603258396436071,0
15002.0,166,2,61.4,30.7,18,0,0.29451062455310284,-0.6989228717940754,3
15003.0,26,2,126.06,63.03,25,1,1.8057057306416553,-0.7033443846614502,1
15004.0,69,1,58.52,58.52,14,0,-0.10805798044361369,-4.36681646634819e-05,0
15005.0,20,2,27.689999999999998,13.844999999999999,19,0,0.2181377514208548,-1.7892811826918975,3
15006.0,106,1,142.74,142.74,18,2,1.4935346232920648,1.719110447429429,2
15013.0,8,4,362.9,90.725,60,1,7.2222382256118545,-1.273116760432883,1
15017.0,66,1,50.67,50.67,9,0,-0.5042009754905293,-0.0909177274412412,0
15020.0,215,1,132.05,132.05,19,2,1.1292680016642083,2.0111905643380004,2
15022.0,125,2,122.58000000000001,61.290000000000006,30,1,1.816157744622003,-0.35312225347437837,1
15023.0,2,1,119.85,119.85,17,2,1.2620897912908238,0.8108497351603204,2
15026.0,73,2,98.48,49.24,23,1,1.2404753463808662,-0.7753090924825393,3
15027.0,98,2,68.3,34.15,20,0,0.6348843343686378,-0.9659833338201135,3
15028.0,164,6,409.82,68.30333333333333,91,1,9.977622161562836,-2.516777536896755,1
15029.0,223,2,141.02,70.51,22,1,1.4233903545585929,0.4365584114358387,1
15031.0,156,1,29.24,29.24,17,0,-0.6432997969621951,-0.19409537424784698,0
15032.0,215,2,53.64,26.82,15,3,-0.06991929856293085,-0.5162746290493923,3
15033.0,145,1,11.7,11.7,9,0,-1.3507539450250403,-0.4633680230057108,0
15036.0,263,1,49.13,49.13,17,3,-0.5236344955573224,0.6856053442920944,0
15038.0,94,1,65.6,65.6,5,0,-0.5160119480736101,0.3826631941266891,0
15039.0,222,2,151.66,75.83,13,2,1.0858104851269634,0.6865646418698562,1
15043.0,17,1,100.81,100.81,17,0,0.8985218478551017,0.5184166366938666,2
15044.0,2,2,78.71000000000001,39.355000000000004,27,1,1.346082036494061,-1.3959376304096196,3
15045.0,260,1,3.39,3.39,3,3,-2.058287816562624,0.0038875582265860374,0
15046.0,17,1,63.07,63.07,17,0,0.24092825428567372,-0.20040272524733335,0
15047.0,104,1,49.77,49.77,7,0,-0.7067552660250971,0.09889098617102919,0
15050.0,175,1,38.55,38.55,15,3,-0.6276604291934587,0.10124093253135787,0
15052.0,20,1,128.86,128.86,17,2,1.3809120404062942,1.0667171720806703,2
15053.0,207,1,2.36,2.36,2,3,-2.0169877996279864,-0.24928475966417923,0
15055.0,36,1,81.77,81.77,13,0,0.31389235181330033,0.302855241508102,0
15056.0,203,1,25.2,25.2,14,3,-0.9727966273295017,-0.007427377856454721,0
15057.0,90,3,242.87,80.95666666666666,39,1,4.195147301012476,-0.5420360153053412,1
15060.0,218,1,41.34,41.34,13,3,-0.7765220071585925,0.3847365022814624,0
15061.0,90,1,29.92,29.92,11,0,-0.8103603285899679,-0.40286575538974667,0
15066.0,40,1,19.8,19.8,11,0,-0.8806643372787628,-0.8296658877064722,0
15067.0,74,1,6.56,6.56,4,0,-1.555476189832864,-0.8209315151972699,0
15068.0,321,1,5.9,5.9,2,3,-2.1970542310774115,0.35177052536679904,0
15069.0,2,1,206.04,206.04,17,2,2.7638913766047875,2.4524777374314395,2
15070.0,337,1,39.76,39.76,14,3,-1.0032591411972602,0.8971409805424975,0
15072.0,329,1,28.0,28.0,8,3,-1.5100729850574754,0.7229267678257667,0
15073.0,332,1,10.35,10.35,3,3,-2.0896978582830155,0.4734816555303983,0
15074.0,328,1,41.52,41.52,12,3,-1.059796515855789,0.9176082409227228,0
15075.0,296,1,31.68,31.68,12,3,-1.163392532765126,0.58039857070529,0
15076.0,11,1,14.85,14.85,11,0,-0.905417263572995,-1.05969469457097,0
15077.0,174,1,134.2,134.2,10,2,0.7753718269327972,1.9910537668145503,2
15079.0,251,1,36.3,36.3,11,3,-1.040609951362389,0.472287381672339,0
15080.0,89,1,60.75,60.75,15,0,-0.058468991749521665,0.12151267465480253,0
15081.0,84,2,239.7,119.85,30,2,3.42877327140506,0.8182895972358637,1
15086.0,316,1,79.05,79.05,15,3,-0.22098045567038743,1.5326453310963164,0
15087.0,316,1,16.74,16.74,6,3,-1.7849925186442859,0.4766831936395506,0
15088.0,129,1,57.06,57.06,18,0,-0.0481543825736488,0.19485846524184516,0
15089.0,314,1,36.56,36.56,8,3,-1.3291118476791883,0.8157513100350987,0
15090.0,128,1,18.12,18.12,6,0,-1.3622739986603436,-0.3770543016303241,0
15092.0,104,3,127.16,42.38666666666666,22,1,1.9243153609289516,-1.2906373845106076,3
15093.0,193,2,67.33,33.665,7,3,-0.27009074927923094,-0.3436022432445147,3
15096.0,248,1,60.06,60.06,13,3,-0.5139568841004261,0.8817182056734134,0
15097.0,166,2,47.67,23.835,15,0,-0.04377842749723858,-0.8151356088878159,3
15098.0,312,1,5.84,5.84,2,3,-2.1790142818827323,0.30849902375423005,0
15099.0,60,1,8.34,8.34,3,0,-1.5479172865096662,-0.838025116960064,0
15100.0,151,1,78.6,78.6,15,0,0.12107775004287362,0.7517147698754671,2
15101.0,56,2,84.45,42.225,28,1,1.3594868390816561,-1.090886080797168,3
15102.0,171,1,56.72,56.72,8,3,-0.6745917591704154,0.5303528227929183,0
15104.0,180,1,34.54,34.54,11,3,-0.9207140800452601,0.10641666494907803,0
15105.0,26,2,42.89,21.445,19,0,0.40341788184546684,-1.584260280014784,3
15111.0,98,1,70.92,70.92,9,0,-0.21921785447261405,0.4445672357758706,0
15113.0,7,3,26.240000000000002,8.746666666666668,9,0,0.2724311968606266,-2.481323759936234,3
15117.0,142,1,6.76,6.76,4,0,-1.6961921876266186,-0.49881642400860293,0
15118.0,4,2,129.24,64.62,27,1,2.000072990511743,-0.7983828943900378,1
15124.0,156,2,58.14,29.07,32,1,1.0172770644186797,-0.9871978872833079,3
15125.0,112,2,86.82000000000001,43.410000000000004,30,1,1.377895714682876,-0.8302379295613133,3
15127.0,315,2,45.629999999999995,22.814999999999998,16,3,-0.3331773584014137,-0.15595501197692568,3
15128.0,343,1,7.5,7.5,1,3,-2.2689733362260713,0.49976335050962634,0
15130.0,229,1,160.16,160.16,13,2,1.2705083196707072,2.69934628757629,2
15131.0,140,1,4.8,4.8,1,0,-1.885537002200291,-0.5018988536091243,0
15132.0,11,1,14.94,14.94,9,0,-1.0101386498765237,-1.0289065816549716,0
15133.0,136,1,8.37,8.37,3,0,-1.7085602247259968,-0.48170021346095393,0
15135.0,159,2,68.18,34.09,31,1,1.088557152583872,-0.8417477376138176,3
15136.0,297,1,20.79,20.79,7,3,-1.620987844578646,0.45034666150189234,0
15137.0,166,2,126.97,63.485,22,1,1.3612414153104404,0.006194720206614946,1
15139.0,267,1,47.52,47.52,16,3,-0.6133148312018796,0.6882011167026739,0
15142.0,86,1,45.0,45.0,6,0,-0.8048432129286923,-0.061681831934582106,0
15143.0,205,1,47.34,47.34,6,3,-1.0164218250931165,0.5399223473928825,0
15146.0,61,2,85.27000000000001,42.635000000000005,20,1,0.934407317020792,-0.9416403927397301,3
15148.0,179,1,20.96,20.96,16,3,-0.8894917209250068,-0.229602167413533,0
15149.0,68,1,33.18,33.18,14,0,-0.5474694850400407,-0.48736593452941646,0
15150.0,231,1,88.16,88.16,19,3,0.33058526549450523,1.2501299766499498,2
15151.0,71,2,103.83,51.915,19,1,1.1018295034774885,-0.6642466933336708,3
15153.0,110,1,24.48,24.48,2,0,-1.4258636974809205,-0.2820273858536311,0
15155.0,87,1,4.84,4.84,1,0,-1.772448182499954,-0.7492282489286242,0
15158.0,314,1,40.74,40.74,14,3,-0.9374094934484131,0.8081444212245265,0
15162.0,241,2,176.44,88.22,29,1,2.2186338599494984,0.8313624540198671,1
15166.0,263,2,139.53,69.765,21,1,1.2660119549763795,0.620989760953724,1
15168.0,164,1,54.54,54.54,9,0,-0.6445877692303542,0.4415274667892164,0
15169.0,25,2,159.86,79.93,27,1,2.3544136868969243,-0.3436514817429005,1
15170.0,44,1,24.96,24.96,16,0,-0.5335133465848391,-0.7853462635810887,0
15171.0,223,2,48.51,24.255,23,3,0.27144793159270686,-0.6548381570155105,3
15172.0,99,2,82.26,41.13,30,1,1.3460624055209847,-0.9441710326743723,3
15174.0,203,4,138.39,34.5975,35,1,3.049177683800253,-1.7789279934865543,1
15175.0,169,1,21.04,21.04,8,3,-1.2920500650367877,-0.1585924404846002,0
15176.0,311,1,52.28,52.28,4,3,-1.261418984970682,1.159269077507767,0
15177.0,354,1,70.21,70.21,17,3,-0.34930464678546486,1.5130760634800953,0
15178.0,240,1,31.6,31.6,10,3,-1.1523224025455598,0.34581459701787354,0
15180.0,255,1,7.32,7.32,3,3,-1.9792072598422055,0.05533593097036151,0
15181.0,2,1,14.8,14.8,8,0,-1.0466374330279964,-1.0591648540549747,0
15182.0,46,1,5.29,5.29,1,0,-1.6776626049193397,-0.9325769248367549,0
15183.0,170,1,65.24,65.24,14,0,-0.20514728322073555,0.6007272887732585,0
15186.0,66,2,16.12,8.06,4,0,-0.8272990157232256,-1.4905825172473925,3
15190.0,9,2,62.6,31.3,16,0,0.5367872636005098,-1.3907922397688515,3
15194.0,107,1,63.0,63.0,5,0,-0.588882974883956,0.39399456063855554,0
15195.0,161,1,20.7,20.7,9,0,-1.2278647372655687,-0.21705298660605402,0
15201.0,86,1,214.71,214.71,17,2,2.736829700386302,3.010813157499127,2
15203.0,321,1,2.44,2.44,1,3,-2.310487143239797,0.30040618586285056,0
15204.0,67,1,58.96,58.96,11,0,-0.2555844424850491,0.042585785347133025,0
15205.0,295,1,84.84,84.84,7,3,-0.500719359595017,1.6609206077208203,0
15207.0,116,3,82.12,27.373333333333335,22,1,1.3781767340064328,-1.6475614039669195,3
15208.0,229,1,39.52,39.52,16,3,-0.6721265058311783,0.3579514205148442,0
15209.0,265,3,107.44999999999999,35.81666666666666,20,1,1.2487487453230715,-0.6887029476641722,1
15210.0,338,1,35.42,35.42,14,3,-1.081001262916165,0.819159625751585,0
15211.0,130,1,23.75,23.75,19,0,-0.5775340807220217,-0.44944037060031544,0
15214.0,5,2,32.550000000000004,16.275000000000002,11,0,-0.11190244412846075,-1.6866273510317566,3
15215.0,340,1,16.0,16.0,10,3,-1.6362017829827102,0.5167840738407096,0
15216.0,199,2,88.08,44.04,27,1,1.0503825430569746,-0.364715921252413,1
15218.0,171,1,15.86,15.86,13,3,-1.1208252747230332,-0.32057678044251126,0
15219.0,190,1,39.8,39.8,5,3,-1.1691369232136637,0.34063329904005785,0
15220.0,303,1,42.84,42.84,7,3,-1.2495053360273745,0.898410390619488,0
15228.0,125,1,12.06,12.06,2,0,-1.6740826851818886,-0.44837187340194107,0
15229.0,156,1,156.0,156.0,13,2,1.3528270402351512,2.2784017533996535,2
15230.0,206,1,14.08,14.08,11,3,-1.3323511585167596,-0.161571992149678,0
15233.0,112,1,31.35,31.35,19,0,-0.4069384816873011,-0.3889434831474977,0
15237.0,14,2,31.43,15.715,9,0,-0.2518671756109107,-1.6284620523301043,3
15242.0,90,1,86.4,86.4,16,0,0.4394888373107298,0.6002024339385867,2
15244.0,289,1,84.6,84.6,18,3,0.09241507036959629,1.4683570712403382,2
15250.0,92,1,47.58,47.58,13,0,-0.4005985784629882,-0.08621446511316878,0
15252.0,145,1,64.08,64.08,18,0,0.04023468434672708,0.4034611980738397,0
15254.0,197,1,45.54,45.54,18,3,-0.3930833352331612,0.2937471938986929,0
15255.0,176,2,65.63,32.815,9,0,-0.14989611428728403,-0.472041396483038,3
15256.0,348,1,79.36,79.36,16,3,-0.23029335967939818,1.673803773472277,2
15257.0,148,1,39.36,39.36,16,0,-0.5031457239281305,-0.024254379172161847,0
15258.0,279,1,45.15,45.15,15,3,-0.7332024522665205,0.7137691968252513,0
15260.0,200,1,6.4,6.4,5,3,-1.7723150048517238,-0.24871406923441017,0
15262.0,244,1,19.6,19.6,7,3,-1.5293309305510807,0.17958992608732952,0
15263.0,6,3,175.46,58.48666666666667,28,1,3.0093820881415976,-1.3935983882193685,1
15265.0,202,1,121.68,121.68,9,2,0.4446978090474863,1.898194149336415,2
15266.0,210,2,61.75,30.875,15,3,0.04632912016490408,-0.44527527686299473,3
15267.0,129,1,106.08,106.08,17,2,0.7528406806355497,1.1430606364605826,2
15268.0,212,3,74.47,24.823333333333334,52,1,2.6805037380593366,-1.704461203520051,1
15269.0,187,2,31.28,15.64,25,0,0.22963148241121806,-1.0529921402852482,3
15270.0,251,1,25.5,25.5,10,3,-1.2819373250191994,0.2811208663165514,0
15271.0,235,1,42.88,42.88,8,3,-1.0514627157186525,0.5663295290924094,0
15272.0,38,2,86.8,43.4,13,0,0.6310982658453967,-0.9297340124781764,3
15273.0,181,1,11.64,11.64,1,3,-1.8532993339642352,-0.1797003327473279,0
15274.0,89,1,61.95,61.95,5,0,-0.56900768810084,0.2897382027073939,0
15278.0,202,1,27.9,27.9,18,3,-0.711051230793984,-0.01883031112419893,0
15279.0,166,1,3.36,3.36,2,3,-1.912618849592068,-0.42215779569240364,0
15281.0,211,4,138.54,34.635,40,1,3.299560965825889,-1.8129744406242367,1
15282.0,116,1,3.72,3.72,3,0,-1.7471712649616842,-0.6638863304016506,0
15284.0,14,1,38.85,38.85,15,0,-0.2810163918729778,-0.6466807965347762,0
15285.0,189,1,45.22,45.22,7,3,-0.9662869683317648,0.4101110839322272,0
15288.0,329,1,14.37,14.37,3,3,-2.0132903151221897,0.5360061582319438,0
15289.0,145,1,9.93,9.93,3,0,-1.7004637035880275,-0.40985878490318595,0
15292.0,77,1,20.09,20.09,7,0,-1.1666526683164744,-0.5927987485889202,0
15293.0,333,1,40.96,40.96,8,3,-1.2927362849424995,0.9884948053143999,0
15295.0,290,1,104.0,104.0,16,2,0.32203657792524926,1.871616344201391,2
15298.0,83,3,177.8,59.26666666666667,42,1,3.617174748797997,-1.2152194418977544,1
15300.0,23,1,23.8,23.8,4,0,-1.14693037876438,-0.7312971472040998,0
15302.0,264,1,3.1,3.1,1,3,-2.178112845576194,0.04616182499858343,0
15303.0,205,2,73.35,36.675,17,3,0.31432981327239784,-0.3627246118579727,3
15305.0,90,1,14.31,14.31,3,0,-1.5075121612790094,-0.5838877926023023,0
15309.0,98,2,48.050000000000004,24.025000000000002,15,0,0.10537252640161765,-1.1290179989924416,3
15312.0,93,1,27.64,27.64,4,0,-1.2284630769971274,-0.330490432287359,0
15313.0,145,2,44.900000000000006,22.450000000000003,12,0,-0.19476374612771463,-0.9020691373385097,3
15314.0,22,1,53.04,53.04,17,0,0.0555593848791525,-0.36803546756825045,0
15319.0,171,1,10.16,10.16,4,3,-1.6984469473427894,-0.29830987498747735,0
15321.0,69,1,7.92,7.92,3,0,-1.5743209062107926,-0.8038959919699584,0
15322.0,154,1,80.96,80.96,16,0,0.20898211462532212,0.7961707311311903,2
15324.0,355,1,24.01,24.01,7,3,-1.6878764065382414,0.7831728672349361,0
15326.0,132,2,172.85999999999999,86.42999999999999,18,1,1.8185516066590366,0.4393707054229427,1
15327.0,292,1,13.68,13.68,8,3,-1.6811269222447744,0.2769834132793621,0
15329.0,182,1,41.88,41.88,3,3,-1.2222191184243367,0.3718764443391211,0
15332.0,165,1,31.01,31.01,7,0,-1.1629920425950921,0.027115430578681172,0
15342.0,58,1,85.44,85.44,12,0,0.2780415757236951,0.4902745658353033,2
15343.0,270,1,18.88,18.88,16,3,-1.118708974089237,0.15674887974059973,0
15346.0,318,1,78.96,78.96,6,3,-0.7050929310255918,1.6711256976674518,0
15352.0,192,2,38.08,19.04,12,0,-0.3832731378093945,-0.7614516658262682,3
15353.0,40,1,33.53,33.53,7,0,-0.8540076612142313,-0.5100079884695137,0
15354.0,172,1,6.0,6.0,5,3,-1.7199079053600326,-0.3873997971946092,0
15355.0,337,1,3.19,3.19,1,3,-2.33134852230989,0.38958662406391437,0
15356.0,97,1,17.9,17.9,5,0,-1.35351350732115,-0.5118175812190432,0
15358.0,25,1,20.3,20.3,7,0,-1.0527223162015469,-0.8322092516841019,0
15359.0,120,2,44.51,22.255,23,0,0.43776357698615287,-1.1835396439099846,3
15360.0,201,2,114.92,57.46,26,1,1.342629466376608,-0.028386891767518827,1
15362.0,5,2,58.269999999999996,29.134999999999998,15,0,0.43571986832846565,-1.4453823722685322,3
15365.0,7,2,195.42,97.71,23,1,2.64322988305946,0.04417395323970768,1
15366.0,299,1,12.33,12.33,9,3,-1.6663491645108468,0.26950029057274316,0
15367.0,146,2,6.42,3.21,4,0,-1.1233047340700308,-1.2290176743052814,3
15370.0,317,1,12.94,12.94,2,3,-2.065904660090412,0.46713484714748243,0
15371.0,175,2,57.28,28.64,13,0,-0.043968153404696966,-0.6320680983909815,3
15372.0,236,1,10.29,10.29,3,3,-1.8871656316778165,0.022966010081803427,0
15375.0,158,2,20.549999999999997,10.274999999999999,15,0,-0.38009396997770367,-1.16827281352934,3
15377.0,337,1,4.96,4.96,4,3,-2.1410731255321345,0.3796882619103193,0
15379.0,207,1,25.65,25.65,19,3,-0.7077141534800931,-0.05281732433899527,0
15380.0,7,1,83.79,83.79,19,0,0.7294556145685689,0.11835960995110179,2
15383.0,35,1,15.73,15.73,13,0,-0.834688714475647,-0.9596643759697097,0
15386.0,141,2,109.44,54.72,32,1,1.7173486859663523,-0.4602564335091981,3
15387.0,242,1,37.31,37.31,7,3,-1.216505135710729,0.5075435958792512,0
15388.0,298,1,4.84,4.84,4,3,-2.0604606084574786,0.1948449481040714,0
15389.0,153,1,94.32,94.32,18,2,0.5501811191347054,1.016878662653278,2
15390.0,158,1,31.85,31.85,13,0,-0.8146426894099142,-0.07687393242357012,0
15391.0,184,3,181.61,60.53666666666667,25,1,2.543578730007927,-0.4603690926649092,1
15393.0,196,2,130.86,65.43,19,1,1.1888623513134473,0.2355160282223252,1
15394.0,265,1,20.57,20.57,17,3,-1.025514092470496,0.1509958695965687,0
15396.0,357,1,141.3,141.3,45,2,2.3710820445060032,2.4741081938244576,1
15397.0,77,3,174.69,58.23,20,1,2.424759430814291,-0.9520162975087346,1
15399.0,215,1,152.36,152.36,13,2,1.1642870863978025,2.485249127073851,2
15403.0,82,1,41.92,41.92,16,0,-0.31857982250185524,-0.28443887044060523,0
15404.0,15,2,190.23000000000002,95.11500000000001,27,1,2.771236370474321,-0.0369401681527868,1
15405.0,182,1,58.72,58.72,16,3,-0.2379114437538053,0.5036410283985234,0
15406.0,127,1,17.8,17.8,10,0,-1.1531500290612242,-0.4459780211477351,0
15411.0,226,1,37.07,37.07,11,3,-0.9741782076805605,0.36992909824098197,0
15412.0,140,2,26.39,13.195,14,0,-0.31899282169337967,-1.1700129361874425,3
15416.0,323,1,52.43,52.43,7,3,-1.1248181868294993,1.1746868002997055,0
15419.0,102,1,6.86,6.86,2,0,-1.7159152952035521,-0.655076531734131,0
15420.0,13,1,115.83,115.83,9,2,0.7435591429178403,0.9020686390201529,2
15424.0,40,1,23.1,23.1,14,0,-0.6637297407617057,-0.8104229243759647,0
15426.0,159,1,86.4,86.4,15,0,0.24002258865443554,0.9377261273547329,2
15431.0,71,3,159.91,53.303333333333335,31,1,2.851209374271379,-1.2755671124836976,1
15433.0,64,2,162.28,81.14,13,1,1.559207509514607,0.07059358934237715,3
15435.0,86,1,72.36,72.36,18,0,0.3096234530797346,0.284990131750124,0
15436.0,117,1,71.4,71.4,10,0,-0.19800081361016864,0.5281110299887426,0
15437.0,177,1,24.16,24.16,8,3,-1.2546510138630882,-0.061719255074354606,0
15440.0,49,1,55.08,27.54,36,0,0.8013715387764698,-0.8869272581855348,3
15441.0,340,1,1.72,1.72,1,3,-2.3633240659052137,0.3756309971692068,0
15442.0,6,2,47.53,23.765,17,0,0.3999835707715517,-1.5947939388632968,3
15443.0,14,1,21.72,21.72,12,0,-0.738929244857051,-0.929338486300016,0
15445.0,3,1,5.36,5.36,1,0,-1.5852570647101107,-1.1325252499120606,0
15447.0,348,1,233.07,233.07,17,2,2.501142664136579,4.586922461986965,2
15448.0,42,1,36.08,36.08,8,0,-0.760672076166538,-0.46661413697126103,0
15450.0,43,3,39.16,13.053333333333333,8,0,0.2923083010546892,-2.1797729715690743,3
15454.0,154,1,10.34,10.34,2,0,-1.7655499303001654,-0.3453840083537605,0
15455.0,111,1,22.8,22.8,5,0,-1.2978227833580314,-0.35295561281065435,0
15458.0,65,1,82.04,82.04,14,0,0.31024427793141407,0.4292089176539365,2
15460.0,213,1,60.97,60.97,13,3,-0.423879727623123,0.7352167770516512,0
15461.0,97,1,15.72,15.72,6,0,-1.3383537236095218,-0.5678761670290421,0
15462.0,70,1,17.27,17.27,11,0,-0.9883658772664455,-0.7374248160381699,0
15465.0,160,2,174.42000000000002,87.21000000000001,38,1,2.842391963019042,0.29785774185358493,1
15467.0,41,1,24.75,24.75,15,0,-0.5839554370238251,-0.7888519962153604,0
15469.0,40,1,24.16,24.16,4,0,-1.176707841010738,-0.6448639228382587,0
15470.0,25,1,88.95,88.95,15,0,0.568615107449934,0.3590454023106809,2
15472.0,195,1,18.0,18.0,5,3,-1.5595899631636974,-0.05117813671085174,0
15474.0,123,1,32.88,32.88,4,0,-1.2007777006616926,-0.09025713904292723,0
15477.0,89,2,39.36,19.68,12,0,-0.14817724736133944,-1.2286914865251635,3
15479.0,7,1,43.54,43.54,7,0,-0.6096104531650814,-0.4738232592826787,0
15480.0,142,1,72.8,72.8,16,0,0.09224692669302927,0.584578722502961,2
15481.0,293,3,159.54000000000002,53.18000000000001,32,1,2.4293033256366954,-0.25432290682109976,1
15482.0,71,2,70.92,35.46,11,0,0.2479670643329361,-0.9310387958214685,3
15484.0,346,1,16.65,16.65,9,3,-1.6907443717722963,0.5717871371897799,0
15485.0,91,1,66.88,66.88,11,0,-0.16847830048329318,0.305778211710479,0
15488.0,69,2,89.12,44.56,20,1,0.967594771921569,-0.8593768571078884,3
15490.0,241,1,18.34,18.34,14,3,-1.1729102521289712,0.03978957539427292,0
15491.0,247,1,47.26,47.26,17,3,-0.5222883476689397,0.5750926939719488,0
15492.0,189,1,175.5,175.5,13,2,1.6226213251969663,2.8042827203146947,2
15493.0,8,2,116.72999999999999,58.364999999999995,24,1,1.6691939400096119,-0.8816703929610175,1
15495.0,303,1,10.56,10.56,6,3,-1.865106964847707,0.29812252140845463,0
15496.0,45,2,132.6,66.3,15,1,1.3191601537429314,-0.3929077672054424,3
15497.0,339,1,22.47,22.47,7,3,-1.6807802351766763,0.678945600842734,0
15501.0,250,1,47.04,47.04,14,3,-0.6919178611056208,0.6285562154805031,0
15504.0,193,1,32.27,32.27,7,3,-1.2004142324293983,0.182181249987461,0
15507.0,129,1,34.7,34.7,10,0,-0.8629203317596071,-0.1147282432241047,0
15509.0,88,1,8.55,8.55,5,0,-1.497345431053339,-0.73203216371221,0
15510.0,52,2,57.09,28.545,20,0,0.5864042201729277,-1.3117974596592292,3
15513.0,268,4,196.06,49.015,43,1,3.9609295507370583,-1.133211420604533,1
15514.0,10,2,79.88,39.94,19,0,0.9192000083110488,-1.2285748773617209,3
15519.0,126,1,5.38,5.38,2,0,-1.7925977006197247,-0.5709223142273637,0
15526.0,33,1,25.0,25.0,10,0,-0.8283584878255602,-0.74885328584051,0
15528.0,118,2,26.759999999999998,13.379999999999999,18,0,-0.05494062529288297,-1.326835075717131,3
15529.0,282,1,219.83,219.83,19,2,2.5166939859157815,3.9967274895964753,2
15537.0,304,1,92.96,92.96,8,3,-0.3251745542738563,1.8431708914692806,0
15540.0,118,1,21.84,21.84,8,0,-1.1699599688141278,-0.38208447181080796,0
15541.0,304,1,12.95,12.95,5,3,-1.8787282436025408,0.36286186416131017,0
15542.0,304,1,1.61,1.61,1,3,-2.288899108364335,0.20502105105418061,0
15545.0,91,2,68.93,34.465,17,0,0.49850091259676443,-0.9478057338029143,3
15546.0,231,2,7.779999999999999,3.8899999999999997,6,3,-1.1795501114513243,-0.8443783468774058,3
15548.0,45,1,129.92,129.92,8,2,0.8680637051746031,1.3347633942319583,2
15550.0,37,2,148.66,74.33,22,1,1.9173450504011154,-0.3451683137722914,1
15553.0,228,2,102.3,51.15,27,1,1.174122822684631,-0.06344043139397791,1
15555.0,113,1,47.7,47.7,15,0,-0.3367507049981869,-0.01470247767572966,0
15557.0,42,2,48.599999999999994,24.299999999999997,11,0,0.018711636041959124,-1.3266020690481217,3
15558.0,44,2,15.06,7.53,7,0,-0.6350195896200959,-1.6495135660554068,3
15562.0,311,1,49.97,49.97,19,3,-0.5044973403568047,0.8972170102675128,0
15563.0,46,1,7.29,7.29,1,0,-1.6428139778091422,-0.8944836889098232,0
15564.0,114,1,22.68,22.68,3,0,-1.412565078177459,-0.31212438815539667,0
15565.0,199,1,14.56,14.56,4,3,-1.6811567926140853,-0.08343767517341485,0
15567.0,273,1,10.8,10.8,4,3,-1.903596677424688,0.19133861190310184,0
15568.0,317,1,8.55,8.55,3,3,-2.089252609335552,0.3689832356382242,0
15569.0,187,1,39.44,39.44,8,3,-1.00961351163894,0.2761227391126934,0
15570.0,43,1,53.2,53.2,19,0,0.12010423088615774,-0.29576161541227264,0
15571.0,268,1,33.06,33.06,19,3,-0.7079566443131531,0.37385711217255757,0
15574.0,194,1,41.88,41.88,6,3,-1.088231967316419,0.3844371744365398,0
15575.0,160,2,43.26,21.63,9,0,-0.40737068222351885,-0.8073341198469381,3
15576.0,218,2,47.2,23.6,13,3,-0.2664617322238681,-0.5481224182497929,3
15578.0,41,1,4.62,4.62,2,0,-1.6255891032906316,-0.9832799533745653,0
15581.0,32,1,28.8,28.8,16,0,-0.44115677185594654,-0.7683788566477283,0
15583.0,17,1,10.71,10.71,9,0,-1.096567101553248,-1.0813879726172577,0
15584.0,70,2,197.85000000000002,98.92500000000001,33,1,3.07273444422,0.22199163349706996,1
15587.0,122,2,164.08,82.04,31,1,2.4162666394330516,0.10137727028797565,1
15588.0,47,2,74.59,37.295,23,1,0.9844064137660655,-1.1751049975171237,3
15589.0,15,2,465.86,232.93,37,2,6.893195406804238,3.026152187299156,1
15592.0,188,1,29.44,29.44,4,3,-1.3985563971266786,0.1484853612471372,0
15593.0,357,1,15.96,15.96,12,3,-1.5666593961276205,0.566524733721878,0
15595.0,150,1,28.38,28.38,11,0,-0.9644298248513857,-0.1513395168217424,0
15596.0,226,2,45.2,22.6,20,3,0.06253384836338312,-0.6357143255980554,3
15598.0,81,1,74.16,74.16,9,0,-0.1267128634279005,0.42670183607850626,0
15602.0,319,1,132.0,132.0,16,2,0.7484199316645084,2.5406696951237757,2
15604.0,169,1,77.77,77.77,11,0,-0.14413439527080282,0.8783113206338861,2
15606.0,247,1,48.1,48.1,13,3,-0.7202310733296315,0.6492396876598332,0
15608.0,314,1,41.07,41.07,3,3,-1.5162521298544114,0.9743363502985457,0
15609.0,139,1,54.36,54.36,12,0,-0.43527476164063866,0.27746402034363715,0
15610.0,17,2,88.28999999999999,44.144999999999996,17,0,0.9076196103070951,-1.0688378617049399,3
15611.0,122,2,234.81,117.405,23,2,2.9124770407164693,1.0410031762300642,1
15613.0,326,1,36.75,36.75,3,3,-1.6169723750897511,0.9482265667427215,0
15614.0,277,2,177.0,88.5,17,2,1.5118496552521232,1.1808394375208286,1
15616.0,291,1,35.46,35.46,6,3,-1.4057943466484342,0.716211702652405,0
15618.0,343,1,31.08,31.08,12,3,-1.2735153627176616,0.7889760569420746,0
15620.0,78,1,105.52,105.52,8,2,0.3729306250675818,1.0244978325508505,2
15623.0,70,2,44.41,22.205,22,0,0.4893461780568766,-1.4042150904950426,3
15625.0,124,2,41.769999999999996,20.884999999999998,9,0,-0.35043862692100514,-0.9931932339389022,3
15628.0,154,2,47.53,23.765,17,0,0.08613463908468973,-0.9020107976250002,3
15630.0,282,1,232.94,232.94,19,2,2.7451267366231265,4.246428651097512,2
15631.0,266,2,303.78,151.89,23,2,3.505552463614542,2.517905463465994,1
15632.0,267,1,8.19,8.19,3,3,-1.9894953177265828,0.12807809464492514,0
15633.0,176,1,15.66,15.66,9,3,-1.3474922909299083,-0.24283343358398637,0
15635.0,137,1,12.38,12.38,2,0,-1.6939541155215703,-0.3861053496072837,0
15636.0,145,1,15.96,15.96,6,0,-1.4359607310655507,-0.3386185545324168,0
15637.0,126,1,45.54,45.54,18,0,-0.24252067205905853,-0.038601475208868224,0
15642.0,67,2,87.19,43.595,26,1,1.2655634334542734,-0.978426644816023,3
15643.0,246,1,72.9,72.9,18,3,-0.020263559964687074,1.04423005273504,2
15644.0,125,1,43.65,43.65,9,0,-0.7516351091441124,0.05155207751644144,0
15646.0,302,1,15.75,15.75,5,3,-1.8256989638687118,0.4068304601179564,0
15647.0,174,2,120.08,60.04,16,1,0.93565487545013,0.0506613912703091,3
15648.0,322,1,20.72,20.72,8,3,-1.6220777815101617,0.5515006188580323,0
15649.0,158,1,55.44,55.44,14,0,-0.35045834538339043,0.35789882668494527,0
15651.0,230,1,18.81,18.81,3,3,-1.7259868748497182,0.157157392107358,0
15653.0,299,1,67.04,67.04,16,3,-0.3410514590791864,1.2097820488064557,0
15654.0,251,1,124.48,124.48,16,2,0.76158995423494,2.079133360442539,2
15657.0,326,1,76.2,76.2,15,3,-0.2918457582001798,1.5251721416057293,0
15659.0,131,1,15.6,15.6,5,0,-1.4656898587502645,-0.39647191873702764,0
15660.0,107,4,188.14000000000001,47.035000000000004,45,1,4.322880598819818,-1.978785194163721,1
15661.0,118,2,180.70999999999998,90.35499999999999,15,2,1.7910641656031479,0.5088257075820595,1
15666.0,131,1,17.76,17.76,4,0,-1.481198128732995,-0.3407942652862982,0
15667.0,117,2,12.65,6.325,7,0,-0.8212174679414794,-1.3358564882756028,3
15674.0,78,1,14.67,14.67,9,0,-1.1569234741513985,-0.7204243680796623,0
15676.0,21,2,37.22,18.61,15,0,0.1275811331830479,-1.6155187296266085,3
15680.0,130,1,8.75,8.75,7,0,-1.4766362311894277,-0.560696136256584,0
15681.0,202,1,1.24,1.24,1,3,-2.07904481362256,-0.2794848489862628,0
15682.0,240,2,56.269999999999996,28.134999999999998,22,3,0.28333904693654344,-0.4703947319067048,3
15685.0,219,1,30.69,30.69,11,3,-1.0705011219336582,0.21564490544036682,0
15687.0,166,1,7.6,7.6,1,3,-1.8918845473801928,-0.3268631768776652,0
15688.0,48,1,76.0,76.0,19,0,0.5067755754935294,0.16190611000739313,2
15691.0,331,2,23.04,11.52,5,3,-1.2459696582336064,-0.1841111434959705,3
15693.0,25,1,22.05,22.05,7,0,-1.022229767480124,-0.7988776702480368,0
15698.0,20,1,62.26,62.26,11,0,-0.09841596593374682,-0.11456583238829417,0
15699.0,198,1,58.8,58.8,12,3,-0.48302626195278964,0.6382080671626381,0
15700.0,272,1,32.84,32.84,4,3,-1.5174442057805346,0.6064451046473596,0
15702.0,153,1,41.8,41.8,10,0,-0.790102126873032,0.13284595640919925,0
15703.0,82,2,73.59,36.795,21,1,0.7908692465370418,-0.9938376963318171,3
15704.0,187,1,13.3,13.3,5,3,-1.624519429754453,-0.17814497850337338,0
15705.0,2,2,117.28,58.64,20,1,1.4765030051611487,-0.8452061044902456,3
15707.0,48,1,54.6,54.6,14,0,-0.13182867089430297,-0.1730067211625592,0
15709.0,276,1,22.8,22.8,5,3,-1.647721930171087,0.4194039703266356,0
15710.0,315,1,133.12,133.12,16,2,0.7764175664053234,2.5432780385607416,2
15711.0,177,2,127.3,63.65,24,1,1.4485031453623038,0.032452795920371494,1
15712.0,166,2,171.55,85.775,30,1,2.3671238278995554,0.4088310735471414,1
15713.0,94,1,146.41,146.41,11,2,1.2109155538843845,1.8345986398565024,2
15714.0,255,1,65.01,65.01,11,3,-0.5488403127546072,1.0378396520855586,0
15715.0,173,1,596.7,596.7,45,2,10.696305001216789,10.286640055009451,2
15716.0,102,1,6.96,6.96,6,0,-1.5015937148010674,-0.7113197045363575,0
15717.0,39,2,65.91,32.955,19,0,0.6757215174672224,-1.2554441545588486,3
15718.0,121,1,1.84,1.84,1,0,-1.8968215534176374,-0.6472152190210346,0
15719.0,200,2,177.78,88.89,22,1,1.9510205780930316,0.7567997364662242,1
15724.0,249,1,7.44,7.44,3,3,-1.9643927368769372,0.02953572210280319,0
15726.0,167,1,49.8,49.8,12,0,-0.5741064563656197,0.32167852320504575,0
15730.0,317,1,27.39,27.39,11,3,-1.3358202438635414,0.6115258488727745,0
15731.0,268,1,36.6,36.6,10,3,-1.1245776596837966,0.5721147676100156,0
15732.0,185,1,13.61,13.61,1,3,-1.827455839819795,-0.12345462667718418,0
15733.0,21,3,27.330000000000002,9.110000000000001,20,1,0.8399365464966914,-2.565699557061735,3
15734.0,296,1,16.47,16.47,9,3,-1.5878507037234095,0.33431038742990443,0
15736.0,40,2,309.29,154.645,36,2,4.747466853320793,1.3351653941056245,1
15737.0,46,1,72.15,72.15,13,0,0.1250644465154892,0.16643644840485122,0
15738.0,190,2,83.44999999999999,41.724999999999994,20,1,0.6371414601943368,-0.3589812778316283,3
15739.0,263,1,14.36,14.36,4,3,-1.8203601122707753,0.21233490014774983,0
15740.0,132,2,52.26,26.13,11,0,-0.12446522871594447,-0.8627109141785733,3
15741.0,152,2,301.87,150.935,31,2,4.147578530556924,1.8457462447009714,1
15744.0,39,2,71.22,35.61,15,0,0.5323134103217578,-1.1354854397522218,3
15745.0,100,2,105.92,52.96,10,0,0.5892545059857383,-0.3733374413391231,3
15746.0,104,1,20.4,20.4,15,0,-0.7933490570443987,-0.5768038526131078,0
15747.0,145,1,21.71,21.71,13,0,-0.9637574172915266,-0.3308592117899909,0
15748.0,23,4,145.38,36.345,58,1,4.72890147309695,-2.9003697655459164,1
15749.0,135,1,28.35,28.35,9,0,-1.0394331154348846,-0.19305150561929527,0
15751.0,141,1,44.87,44.87,7,0,-0.8705966353667968,0.17875834345962066,0
15754.0,42,4,271.78,67.945,67,1,6.535532597280161,-1.9389777136024506,1
15756.0,45,1,13.04,13.04,1,0,-1.5405035739775481,-0.7896466027904238,0
15759.0,30,1,16.2,16.2,12,0,-0.8690410699176138,-0.9595803427298827,0
15760.0,352,1,19.39,19.39,7,3,-1.7620149324934695,0.6811345907321368,0
15761.0,24,1,55.32,55.32,12,0,-0.17467831830349295,-0.24256245102227408,0
15764.0,23,1,174.72,174.72,14,2,2.0141948955885653,1.9978488493457294,2
15768.0,305,1,88.57,88.57,17,3,0.07451519368517726,1.6334045779334052,2
15769.0,339,1,51.87,51.87,19,3,-0.5307679695158478,1.0644726651729104,0
15770.0,259,1,42.88,42.88,8,3,-1.1023571370732788,0.678672741185106,0
15771.0,347,1,47.8,47.8,4,3,-1.415821541729464,1.2424550471704852,0
15773.0,255,2,83.82,41.91,27,1,0.8761357409695446,-0.15217014947422045,3
15775.0,11,4,191.31,47.8275,43,1,4.454492472963842,-2.373922593730046,1
15776.0,87,2,259.96,129.98,34,2,3.898908755056642,1.0100205272402467,1
15785.0,30,3,75.98,25.326666666666668,30,1,1.914724353031749,-2.2227347955797025,3
15786.0,143,2,257.31,128.655,33,2,3.692489929824499,1.2558444096709016,1
15789.0,13,2,51.7,25.85,22,0,0.7051840625711027,-1.5861712141838014,3
15790.0,273,1,46.62,46.62,14,3,-0.7480098932636124,0.7282188808580151,0
15791.0,9,1,22.41,22.41,9,0,-0.8757378258403835,-0.89599027980894,0
15793.0,257,1,66.87,66.87,9,3,-0.626961865845163,1.1117022131379497,0
15796.0,248,1,39.42,39.42,9,3,-1.08617386492464,0.5467438455060517,0
15801.0,94,1,220.86,220.86,18,2,2.8801692088936948,3.1508606366890306,2
15802.0,29,1,57.38,57.38,19,0,0.2226262740033359,-0.28168029271239187,0
15805.0,15,2,32.82,16.41,15,0,0.08298786764286373,-1.6948225878127652,3
15806.0,11,2,61.15,30.575,15,0,0.4605127602923232,-1.3837720240477693,3
15807.0,92,1,74.88,74.88,12,0,0.02194039432946467,0.44829516393909125,0
15808.0,75,1,2.49,2.49,1,0,-1.787948108677123,-0.8501594071891173,0
15810.0,96,1,25.52,25.52,2,0,-1.3780539989267524,-0.3277524435590331,0
15811.0,62,1,68.51,68.51,17,0,0.24028947998548691,0.1138543991477271,0
15814.0,198,2,29.990000000000002,14.995000000000001,14,3,-0.39509205167225064,-0.8566111587997731,3
15816.0,193,1,27.35,27.35,5,3,-1.3924314296439717,0.11754580690649558,0
15817.0,237,2,228.79,114.395,36,2,3.2810702721833813,1.3202583265589143,1
15821.0,97,2,80.78,40.39,16,0,0.5869972745223332,-0.7672434372025194,3
15823.0,301,1,223.06,223.06,19,2,2.5326831017930043,4.147186441858521,2
15824.0,85,1,23.2,23.2,4,0,-1.2888622220635573,-0.45250515340937947,0
15827.0,351,1,3.48,3.48,1,3,-2.3559838838357767,0.46064368366072594,0
15828.0,345,1,25.2,25.2,14,3,-1.2739219536777073,0.6572699603586675,0
15829.0,306,1,14.35,14.35,5,3,-1.8585754064049544,0.39888906365122023,0
15831.0,8,3,101.94,33.98,21,1,1.7831888115345564,-1.9567848123129477,3
15835.0,42,1,24.2,24.2,4,0,-1.1802520702480863,-0.634740123778662,0
15836.0,38,4,197.2,49.3,73,1,6.055354934784833,-2.636894002843614,1
15837.0,104,2,43.980000000000004,21.990000000000002,14,0,-0.013513971761710472,-1.1337719383453828,3
15838.0,210,1,6.96,6.96,6,3,-1.7306186108968857,-0.20577525011922218,0
15841.0,46,2,152.04000000000002,76.02000000000001,28,1,2.2611581440477937,-0.35091658239655277,1
15842.0,187,1,9.24,9.24,4,3,-1.748406930049898,-0.24093728878540133,0
15843.0,3,1,14.52,14.52,6,0,-1.1599264162366876,-1.03074302261493,0
15845.0,18,1,44.37,44.37,9,0,-0.5121853081783991,-0.43559784479646935,0
15848.0,137,1,40.5,40.5,15,0,-0.5131001839495244,-0.039494914919986905,0
15852.0,75,1,166.4,166.4,13,2,1.7058085732800423,2.0973282394068464,2
15853.0,61,1,62.24,62.24,16,0,0.08001484762304993,0.004288095995910568,0
15857.0,219,2,79.69,39.845,20,1,0.526664162912548,-0.2670013861164713,3
15859.0,121,2,46.47,23.235,16,0,0.08916152592838182,-1.0542846507102608,3
15860.0,95,1,12.7,12.7,10,0,-1.174154799719393,-0.6929067222183397,0
15861.0,178,2,317.94,158.97,33,2,4.408069326269636,2.1254397798511504,1
15862.0,208,2,105.18,52.59,22,1,0.9883274014739486,-0.05085043635875374,1
15864.0,192,1,16.02,16.02,2,3,-1.747162663118696,-0.059322465841171644,0
15865.0,27,5,179.98000000000002,35.996,37,1,4.515393408841298,-3.129933698178793,1
15868.0,255,1,63.04,63.04,8,3,-0.742600572243383,1.0439286906464607,0
15869.0,299,1,23.8,23.8,7,3,-1.572781862557351,0.5170389159129827,0
15871.0,164,2,106.58,53.29,26,1,1.3124501758597933,-0.2986641725451097,1
15872.0,284,2,145.52,72.76,22,1,1.3526532273174292,0.7744795107093415,1
15873.0,284,1,4.4,4.4,1,3,-2.1978732557500877,0.16454177176166965,0
15874.0,124,1,8.52,8.52,2,0,-1.7336441542771623,-0.5204778681631392,0
15875.0,87,1,21.6,21.6,8,0,-1.1084031764842925,-0.5317656424084397,0
15878.0,229,1,46.41,46.41,17,3,-0.4989281981748041,0.47464565963348027,0
15880.0,252,1,5.16,5.16,4,3,-1.957337187190147,-0.014384623991954998,0
15884.0,257,1,70.89,70.89,17,3,-0.1317578272597164,1.0719739481539363,2
15885.0,58,1,13.4,13.4,10,0,-1.0834955473091086,-0.8527698749534878,0
15886.0,253,1,26.7,26.7,10,3,-1.2652693505326331,0.3133387422137684,0
15887.0,81,2,102.05000000000001,51.025000000000006,15,0,0.8448570659499495,-0.5800092184366504,3
15891.0,112,1,106.65,106.65,9,2,0.37366445639420015,1.190636435997911,2
15892.0,183,2,200.24,100.12,20,2,2.173357791409094,0.9677421025393778,1
15893.0,137,2,110.76,55.38,34,1,1.8493157253125962,-0.49268880294170586,3
15894.0,81,1,9.96,9.96,4,0,-1.5110777299739606,-0.7234062439277831,0
15895.0,284,1,54.3,54.3,10,3,-0.8500969239949657,0.9841353802918249,0
15896.0,336,1,6.96,6.96,1,3,-2.2635382593173916,0.45671140661565157,0
15898.0,166,1,1.55,1.55,1,3,-1.9973016443885405,-0.44209521555663356,0
15899.0,45,2,33.480000000000004,16.740000000000002,17,0,0.13425694610489444,-1.5757847817217334,3
15900.0,10,1,44.44,44.44,11,0,-0.38771122458784607,-0.5007862362025454,0
15902.0,205,1,34.8,34.8,10,3,-1.0223435680270805,0.24292992353244805,0
15903.0,19,1,10.6,10.6,4,0,-1.3684489141325795,-1.0014363730039648,0
15905.0,61,3,172.39000000000001,57.46333333333334,37,1,3.3355609467649168,-1.2951350945621312,1
15907.0,326,1,7.53,7.53,3,3,-2.126110817169737,0.39168438985025034,0
15908.0,109,1,32.22,32.22,9,0,-0.9168653988424739,-0.24104624053443738,0
15911.0,2,1,3.72,3.72,3,0,-1.5054227635272093,-1.1975165878419598,0
15912.0,122,2,113.98,56.99,23,1,1.338477607014118,-0.36551446134792864,3
15914.0,154,2,122.22999999999999,61.114999999999995,34,1,1.9626801713182902,-0.27959620360648335,3
15915.0,113,1,9.12,9.12,8,0,-1.380994232786104,-0.6477622881587385,0
15916.0,259,1,95.03,95.03,13,3,0.0720447511338411,1.5992690747316323,2
15917.0,76,1,15.21,15.21,9,0,-1.1432731430520933,-0.7195011287204488,0
15918.0,83,2,117.73,58.865,37,1,2.214057669242446,-0.707937850534206,3
15919.0,18,1,25.6,25.6,8,0,-0.8923844608693469,-0.7785659053210795,0
15921.0,91,1,48.96,48.96,17,0,-0.16185327582020104,-0.12275893409268786,0
15922.0,27,1,8.46,8.46,3,0,-1.4758465395204434,-0.9902114394319063,0
15923.0,251,1,16.6,16.6,5,3,-1.702737651968297,0.18429075968992178,0
15924.0,284,1,42.5,42.5,17,3,-0.6836903131129253,0.6576265777754257,0
15925.0,70,1,64.2,64.2,12,0,-0.11749805486391608,0.14189600633763777,0
15926.0,175,1,61.49,61.49,13,0,-0.33423625076297997,0.5672442659125504,0
15927.0,34,1,3.3,3.3,2,0,-1.6337449909549293,-1.0411882592800437,0
15928.0,256,1,70.83,70.83,9,3,-0.5558409832771959,1.1824458531027453,0
15929.0,164,2,89.71000000000001,44.855000000000004,19,1,0.7206785714534865,-0.3932801416793146,3
15930.0,319,1,19.52,19.52,4,3,-1.849204304153927,0.5727496103888592,0
15931.0,219,2,93.19,46.595,13,3,0.33050923318587677,-0.008096369955272574,3
15932.0,65,1,24.6,24.6,15,0,-0.6374635054117163,-0.6793657768171836,0
15933.0,57,1,6.76,6.76,4,0,-1.5159411119956505,-0.8966986335035705,0
15934.0,38,3,108.06,36.02,34,1,2.4812041619486633,-1.9492051488947417,1
15935.0,191,2,28.439999999999998,14.219999999999999,15,0,-0.3472942286053024,-0.9219576116209885,3
15939.0,142,2,95.44999999999999,47.724999999999994,31,1,1.4798417015432452,-0.6038886421731451,3
15940.0,86,3,208.35,69.45,39,1,3.8045562656554055,-0.8773686982048602,1
15947.0,334,1,12.65,12.65,11,3,-1.628704840791891,0.41035514199028184,0
15948.0,196,1,152.52,152.52,12,2,1.1542216062106203,2.413895168357597,2
15951.0,250,1,10.2,10.2,3,3,-1.9184222323546405,0.086785354852498,0
15953.0,279,1,3.2,3.2,1,3,-2.2081794275673254,0.11828099435286549,0
15954.0,222,2,83.03999999999999,41.519999999999996,14,3,0.24507261791005683,-0.12674116798066332,3
15956.0,57,2,103.05,51.525,18,1,1.0682124106531794,-0.7243228393957809,3
15958.0,52,2,123.5,61.75,30,1,1.9829460462139608,-0.6841236272071015,1
15959.0,239,2,46.96,23.48,18,3,-0.04839678937565715,-0.5253006130166986,3
15960.0,86,2,86.7,43.35,18,0,0.7937307032885256,-0.7788964282492487,3
15961.0,206,1,58.88,58.88,16,3,-0.2860179749396156,0.6190316993653747,0
15962.0,95,2,61.68,30.84,8,0,-0.08272714765248708,-0.8826426236221053,3
15963.0,64,1,18.9,18.9,7,0,-1.159819789879953,-0.6763167971823218,0
15965.0,233,1,30.96,30.96,18,3,-0.7234714588984408,0.18456232213040635,0
15967.0,200,1,15.39,15.39,3,3,-1.7219600005148732,-0.04841105644356598,0
15973.0,94,2,40.260000000000005,20.130000000000003,17,0,0.11866758990553423,-1.267495023546488,3
15977.0,175,1,158.08,158.08,13,2,1.3487781955240112,2.406957095003714,2
15978.0,121,1,47.77,47.77,17,0,-0.24620623564405136,-0.004995394353341267,0
15979.0,215,1,12.8,12.8,10,3,-1.4268844751370144,-0.1292859999585096,0
15980.0,114,1,47.07,47.07,9,0,-0.6687173469981375,0.06520087207567526,0
15981.0,285,1,45.89,45.89,13,3,-0.8393216400978915,0.7850234144406769,0
15982.0,127,3,302.04,100.68,42,1,4.960162749130628,0.13024134878426422,1
15984.0,2,2,245.31,122.655,34,1,3.8883207037841974,0.44160547498671315,1
15986.0,113,1,11.5,11.5,10,0,-1.2332347920014812,-0.6315052547049762,0
15988.0,138,1,13.11,13.11,3,0,-1.6302101802543807,-0.38205730997306786,0
15990.0,351,1,7.22,7.22,2,3,-2.2376721638779635,0.517341076194445,0
15991.0,146,1,24.75,24.75,9,0,-1.1254872540207774,-0.21012869141195292,0
15992.0,310,1,21.12,21.12,8,3,-1.589660845410809,0.5029476599970701,0
15993.0,51,2,170.21,85.105,25,1,2.327813401420168,-0.07239358370602564,1
15994.0,214,1,35.75,35.75,13,3,-0.8654415163724903,0.2595420391835722,0
15995.0,47,3,71.25,23.75,24,1,1.50512356711396,-2.099318979860726,3
15997.0,361,1,22.23,22.23,9,3,-1.6253257154814866,0.7482817729838545,0
16002.0,65,2,39.87,19.935,15,0,0.068795082175838,-1.3787089363547171,3
16005.0,15,2,43.3,21.65,20,0,0.4852301691357304,-1.6455152860364233,3
16008.0,168,2,273.48,136.74,31,2,3.7438248335363498,1.5901688589573744,1
16011.0,322,1,31.92,31.92,19,3,-0.8423328098138746,0.6049161949027739,0
16013.0,193,1,11.4,11.4,10,3,-1.4046252945390787,-0.25893254285900047,0
16014.0,78,2,207.66,103.83,24,1,2.705257120682786,0.5044649807873768,1
16016.0,240,1,13.02,13.02,1,3,-1.9543692337549885,0.12276106310346753,0
16017.0,251,1,22.5,22.5,18,3,-0.9090519675905463,0.1076853432290081,0
16020.0,350,1,23.36,23.36,4,3,-1.8480335676854065,0.7909986056549678,0
16021.0,310,1,13.92,13.92,12,3,-1.5025367539605454,0.30766417606154334,0
16022.0,204,1,18.6,18.6,4,3,-1.6213655703003669,0.016915497251632248,0
16025.0,351,1,57.97,57.97,17,3,-0.5562164420305454,1.2659025580956866,0
16026.0,252,1,67.84,67.84,16,3,-0.2274437664156309,1.0050138861623639,2
16028.0,95,1,13.7,13.7,5,0,-1.4224544224730127,-0.6011753110066576,0
16029.0,158,1,89.57,89.57,13,0,0.1910886889903871,1.0224968564276766,2
16030.0,196,1,5.04,5.04,2,3,-1.9469640295127848,-0.24973046239791014,0
16032.0,335,1,4.82,4.82,2,3,-2.2455609021737835,0.39673371835366256,0
16035.0,306,1,203.55,203.55,15,2,1.9695525908371716,3.8571395958425216,2
16037.0,216,2,30.060000000000002,15.030000000000001,18,3,-0.21977185933180943,-0.8296867516330488,3
16039.0,319,1,196.01,196.01,17,2,1.9168950295881249,3.7453067523155794,2
16040.0,134,1,97.3,97.3,7,0,0.057804330555464904,1.1446057530904303,2
16041.0,33,1,44.88,44.88,17,0,-0.10994962351799055,-0.47196523127431206,0
16044.0,163,1,78.84,78.84,18,0,0.25924673640401547,0.7688466882841178,2
16046.0,338,1,9.24,9.24,4,3,-2.0686176644060876,0.4658887539644821,0
16047.0,79,2,33.17,16.585,6,0,-0.526474378111319,-1.2603338975732448,3
16048.0,176,1,43.47,43.47,7,3,-0.9692117054860983,0.3159269292792846,0
16049.0,225,1,33.42,33.42,6,3,-1.3013802875756135,0.3684127687520188,0
16050.0,351,1,70.56,70.56,12,3,-0.6025682706805704,1.5783842715039376,0
16054.0,282,1,33.18,33.18,6,3,-1.4264363735460746,0.6306567091609416,0
16055.0,336,1,6.96,6.96,6,3,-1.9978143230086736,0.38402661336743543,0
16058.0,3,1,34.44,34.44,12,0,-0.4939653666486575,-0.7385561446805499,0
16062.0,64,1,28.44,28.44,18,0,-0.4089991786851298,-0.6545186069569335,0
16063.0,154,1,119.8,119.8,10,2,0.5668737295348967,1.623163124730062,2
16065.0,197,2,76.39000000000001,38.19500000000001,15,0,0.26460579301977316,-0.3357114119921304,3
16068.0,124,1,37.14,37.14,6,0,-1.0223811512832606,-0.033511496647320345,0
16071.0,110,1,30.97,30.97,19,0,-0.4093185190586865,-0.40554313231467287,0
16072.0,304,1,26.86,26.86,17,3,-0.9986185949101921,0.4533568162374009,0
16073.0,129,2,71.52000000000001,35.760000000000005,21,1,0.6642360222813836,-0.7979280061777194,3
16074.0,169,1,50.4,50.4,16,0,-0.35531392096513786,0.2843205937256104,0
16075.0,153,1,55.48,55.48,19,0,-0.0734344320835875,0.2625710623026226,0
16078.0,60,1,32.0,32.0,5,0,-1.0293684532725418,-0.4164560532437493,0
16080.0,37,2,33.79,16.895,11,0,-0.16360873626271355,-1.5224022223925326,3
16083.0,276,2,97.12,48.56,30,1,1.1642907528623376,0.05733749735515665,1
16085.0,24,1,292.32,292.32,18,2,4.2737527178253805,4.184264254421266,2
16091.0,276,1,16.7,16.7,2,3,-1.9134446046424207,0.3468304766984239,0
16095.0,185,1,93.6,93.6,15,2,0.3103420231169682,1.1965669231254414,2
16096.0,18,1,62.86,62.86,14,0,0.0757141857640958,-0.15611067190020245,0
16097.0,240,2,120.52,60.26,18,1,0.9077164783362793,0.3356531127422368,1
16101.0,22,2,34.42,17.21,13,0,-0.017303414607659603,-1.614357152987782,3
16103.0,313,1,18.92,18.92,11,3,-1.4749217761161235,0.4314771260401029,0
16104.0,259,1,99.72,99.72,12,2,0.10061999444551066,1.7031346716299303,2
16105.0,88,1,47.16,47.16,9,0,-0.6120135356440001,-0.0547900787413677,0
16106.0,325,1,14.04,14.04,9,3,-1.6916892114658062,0.4237751537240244,0
16109.0,159,1,3.57,3.57,3,0,-1.840970750255321,-0.46546173476342223,0
16110.0,95,1,10.38,10.38,6,0,-1.4271583562141972,-0.6789470412950075,0
16113.0,186,2,307.53,153.765,23,2,3.724050140659278,2.1870798413830315,1
16114.0,306,1,4.49,4.49,1,3,-2.242958287105203,0.2692372451300203,0
16115.0,46,3,228.79999999999998,76.26666666666667,21,1,3.1691893050957742,-0.6153798393340109,1
16116.0,69,2,134.68,67.34,28,1,1.986243214842789,-0.44533284602651596,1
16117.0,206,1,19.53,19.53,7,3,-1.449967798688446,0.00037991034978369014,0
16118.0,272,1,19.68,19.68,16,3,-1.10901072502471,0.1813481084524306,0
16119.0,16,3,138.18,46.06,32,1,2.7697744112921154,-1.7468593956672511,1
16129.0,8,2,124.2,62.1,27,1,1.9259367166732388,-0.8383269798037019,1
16131.0,54,2,63.980000000000004,31.990000000000002,25,1,0.9376399638737334,-1.2949175003679896,3
16132.0,108,1,64.96,64.96,4,0,-0.6099967084674823,0.4505438576671207,0
16133.0,109,1,45.76,45.76,13,0,-0.4683610442594616,-0.0413028679076831,0
16135.0,159,1,36.79,36.79,13,0,-0.7306871813375024,0.02189732748648,0
16137.0,170,1,11.25,11.25,9,3,-1.4116099083692373,-0.3549148218260448,0
16141.0,269,1,21.95,21.95,5,3,-1.6476883904644883,0.37044757486398644,0
16142.0,299,1,3.63,3.63,3,3,-2.136809416010668,0.19101646618845003,0
16144.0,8,1,116.0,116.0,10,2,0.810269067932831,0.8673647695716539,2
16145.0,118,1,17.1,8.55,10,0,-1.2214631996003207,-0.6280845383215061,0
16149.0,23,1,77.66,77.66,11,0,0.16355666014544615,0.19279498576066642,0
16151.0,271,2,114.6,57.3,32,1,1.5088876279624643,0.20833410880525496,1
16153.0,77,2,22.990000000000002,11.495000000000001,15,0,-0.17654048769121009,-1.519028414660901,3
16154.0,2,2,92.7,46.35,17,0,0.9968757601482113,-1.0877179094290679,3
16155.0,1,1,34.2,34.2,12,0,-0.49390600012232894,-0.7524892673328398,0
16156.0,274,1,165.2,165.2,14,2,1.3160446072102243,2.9914478061363208,2
16157.0,174,1,89.44,89.44,16,2,0.314328275777038,1.051305394871961,2
16158.0,44,2,49.93000000000001,24.965000000000003,14,0,0.19123012292692407,-1.3453691894362734,3
16159.0,152,1,9.39,9.39,3,0,-1.7247170391362134,-0.3873771884097542,0
16160.0,15,2,118.75,59.375,19,1,1.414939451830474,-0.7527050860124559,3
16161.0,364,1,42.84,42.84,17,3,-0.8474141176862793,1.0385798015253265,0
16162.0,89,1,12.24,12.24,8,0,-1.2757359531395693,-0.7006800522054217,0
16163.0,58,1,83.98,83.98,19,0,0.6246155887654568,0.36070779306114076,2
16164.0,321,2,19.17,9.585,6,3,-1.222031655324355,-0.29050638146016344,3
16166.0,318,1,46.8,46.8,18,3,-0.6277214078166442,0.8841429601666724,0
16167.0,72,1,193.95,193.95,15,2,2.298499788915829,2.5789457454894564,2
16169.0,98,2,160.53,80.265,22,1,1.9426136818820106,0.07854302789920699,1
16170.0,174,1,13.8,13.8,3,3,-1.6945290359333018,-0.2004003254392315,0
16171.0,188,1,39.45,39.45,15,3,-0.639546358560959,0.17923546191535455,0
16172.0,201,1,46.2,46.2,12,3,-0.7089344154163624,0.41226358233455584,0
16174.0,52,2,208.95999999999998,104.47999999999999,18,2,2.458458550278887,0.4851141934587261,1
16179.0,59,2,38.1,19.05,24,0,0.5367647589030179,-1.558230993960698,3
16180.0,229,2,153.29000000000002,76.64500000000001,13,2,1.092199574246829,0.7383053734080283,1
16181.0,66,1,43.42,43.42,13,0,-0.4179480997180206,-0.28715354227494133,0
16183.0,188,3,165.29999999999998,55.099999999999994,30,1,2.6122661553206115,-0.6639212617236468,1
16184.0,97,1,66.22,66.22,11,0,-0.19270195276831487,0.3212932468777657,0
16188.0,73,2,46.87,23.435,10,0,-0.12270773030747863,-1.1870931361647965,3
16189.0,22,2,108.96000000000001,54.480000000000004,24,1,1.538289144205339,-0.9065832818046048,3
16192.0,364,1,3.96,3.96,3,3,-2.2688984503729315,0.5015647162007806,0
16193.0,309,1,75.66,75.66,13,3,-0.37149424691722704,1.4643844433057505,0
16198.0,98,2,145.82,72.91,16,1,1.4321242377143324,-0.00546649098645003,3
16199.0,290,1,47.43,47.43,17,3,-0.610512052624945,0.7796122073584864,0
16200.0,24,2,176.22,88.11,51,1,3.84512372924533,-0.5067814150352324,1
16205.0,230,1,47.96,47.96,11,3,-0.7929098366246391,0.596070636545241,0
16206.0,337,1,79.23,79.23,19,3,-0.049797548868792764,1.5762261983122774,2
16209.0,292,2,45.39,22.695,11,3,-0.5532538490204916,-0.1937261757506762,3
16211.0,52,4,186.92,46.73,30,1,3.6291320624389853,-2.027867626601423,1
16213.0,98,1,55.4,55.4,10,0,-0.43649841358600344,0.13442676633323777,0
16215.0,32,6,291.19,48.531666666666666,61,1,7.465660408750333,-3.4937372679074925,1
16216.0,214,1,2.93,2.93,1,3,-2.0750449343917565,-0.19112445858165725,0
16217.0,91,1,41.64,41.64,6,0,-0.8739919109227047,-0.10227363243918211,0
16218.0,209,2,76.73,38.365,22,1,0.6156011241062126,-0.37734075768523617,3
16228.0,162,2,63.2,31.6,23,1,0.592164775234997,-0.7693786929759149,3
16230.0,34,1,43.34,43.34,11,0,-0.45777239085308086,-0.40939430386966097,0
16231.0,241,1,41.85,41.85,15,3,-0.7101198531868549,0.47303860506571116,0
16234.0,194,2,22.16,11.08,9,3,-0.7543315614630748,-0.8937950914896169,3
16238.0,332,1,2.66,2.66,2,3,-2.2768356167834685,0.3415501220409893,0
16245.0,56,1,47.9,47.9,10,0,-0.4781155278786483,-0.2050234895549751,0
16246.0,32,1,38.22,38.22,7,0,-0.7553228235226093,-0.4581270875850912,0
16250.0,115,2,23.08,11.54,14,0,-0.3090957182237418,-1.32556706149373,3
16251.0,193,1,60.84,60.84,18,3,-0.11800893428104543,0.5664365800576039,0
16254.0,314,1,48.06,48.06,18,3,-0.5972843691781152,0.8894178301185234,0
16256.0,240,2,151.44,75.72,32,1,2.0545247835401823,0.49205893383800814,1
16258.0,228,3,142.76,47.586666666666666,22,1,1.8417069006283593,-0.5671181534591132,1
16260.0,173,1,50.48,50.48,4,3,-1.0001398265807588,0.4790116956405226,0
16263.0,257,1,19.8,19.8,11,3,-1.3408347303601753,0.18610398829832708,0
16266.0,222,1,21.28,21.28,16,3,-0.9751017788477474,-0.022225661332475652,0
16269.0,173,2,49.8,24.9,19,0,0.1817030914512878,-0.8157224784069691,3
16270.0,297,1,5.94,5.94,1,3,-2.198607624442325,0.25472613664228433,0
16272.0,23,1,16.5,16.5,6,0,-1.1678382931931137,-0.8994113756366867,0
16273.0,67,1,69.75,69.75,15,0,0.14500304982144147,0.1899509585743563,0
16274.0,322,2,70.39999999999999,35.199999999999996,8,3,-0.4505119327990486,0.2814417970473495,3
16276.0,39,1,84.36,84.36,19,0,0.67152824482214,0.2790071316472062,2
16279.0,151,1,120.87,120.87,17,2,0.9638930585403866,1.527741393891881,2
16280.0,58,1,5.36,5.36,2,0,-1.6487453263860523,-0.8896090141826072,0
16282.0,49,2,222.65,111.325,30,1,3.280891427891715,0.45598578251079097,1
16284.0,200,1,22.78,22.78,17,3,-0.8491673016782814,-0.11117397078855874,0
16286.0,63,1,73.56,73.56,6,0,-0.258430997330221,0.37462733217983407,0
16288.0,56,3,132.26999999999998,44.089999999999996,21,1,2.0320343084060566,-1.453919206922055,3
16289.0,211,2,86.91,43.455,9,3,0.053088084639128605,-0.06049840599900682,3
16292.0,277,1,25.44,25.44,16,3,-1.0192496833962217,0.31446146377463896,0
16293.0,293,1,12.69,12.69,3,3,-1.9662215298628167,0.3354930219142762,0
16294.0,139,1,49.78,49.78,19,0,-0.14306460689078518,0.08847179952346104,0
16295.0,174,1,40.74,40.74,14,3,-0.6405253688797599,0.1528090173504623,0
16297.0,188,2,45.56,22.78,13,0,-0.22420726649451686,-0.7076417993809573,3
16298.0,84,2,168.71,84.355,13,1,1.600556282571573,0.23906113609340715,3
16299.0,57,1,73.56,73.56,12,0,0.07316133157889769,0.25931977725880045,0
16300.0,69,3,126.91999999999999,42.306666666666665,27,1,2.261485773763962,-1.5293572487566613,1
16302.0,38,3,58.56,19.52,36,1,2.0152418469486673,-2.4322806972415787,3
16305.0,319,1,7.02,7.02,2,3,-2.1732977981161485,0.36374080314482277,0
16308.0,160,1,23.45,23.45,7,0,-1.2841168486227585,-0.14028183707776562,0
16310.0,44,2,65.61,32.805,31,1,1.2989479916902544,-1.409974962626671,3
16311.0,134,1,66.0,66.0,8,0,-0.43443189645738317,0.5339096521843071,0
16312.0,117,4,173.32999999999998,43.332499999999996,38,1,3.7693030558350276,-1.947769582129113,1
16314.0,11,2,68.96,34.48,24,1,1.0405532914579587,-1.4236926039802646,3
16315.0,1,1,22.12,22.12,14,0,-0.5981021333444347,-1.0116463296307934,0
16318.0,216,1,174.9,174.9,15,2,1.66120008756344,2.890166945841613,2
16319.0,348,1,65.52,65.52,14,3,-0.5777354338054527,1.4392724981571963,0
16321.0,239,1,74.46,74.46,17,3,-0.03138221185204427,1.0557129652139867,2
16322.0,47,1,23.96,23.96,4,0,-1.1950369099501905,-0.6159064762372485,0
16323.0,13,1,10.64,10.64,8,0,-1.1424491872047442,-1.0869081459071734,0
16324.0,197,1,134.31,134.31,11,2,0.7816594682207517,2.0862741810630565,2
16325.0,67,1,39.6,39.6,15,0,-0.38034000386478667,-0.38430457302413806,0
16328.0,2,1,80.99,80.99,7,0,0.05353309392224825,0.216067747596471,0
16330.0,203,1,74.4,74.4,15,3,-0.06237561315689795,0.9151292672964205,2
16331.0,201,1,87.4,87.4,19,2,0.3809608138859132,1.095225531881845,2
16332.0,88,1,9.03,9.03,7,0,-1.382692186023404,-0.7519637043890329,0
16335.0,104,2,106.08,53.04,18,1,1.008014650370723,-0.4690467671209536,3
16336.0,214,2,65.83,32.915,32,1,0.9944564712340042,-0.62618659952823,3
16338.0,336,1,123.42,123.42,17,2,0.6160138934973111,2.4422891962465894,2
16339.0,253,1,81.45,81.45,15,3,-0.04556424708225637,1.2834562824653057,2
16340.0,112,3,51.769999999999996,17.256666666666664,16,1,0.7169248615296665,-1.857426136959119,3
16341.0,75,4,262.59000000000003,65.64750000000001,42,1,5.037426656008542,-1.4940264599239934,1
16342.0,302,1,39.78,39.78,9,3,-1.1944135600927135,0.8063728551814671,0
16343.0,225,1,28.16,28.16,16,3,-0.8615843042579961,0.12285797176775619,0
16345.0,203,1,22.23,22.23,13,3,-1.0776916258498888,-0.049458874558304985,0
16350.0,34,1,18.69,18.69,7,0,-1.0998608690332408,-0.8207456020705206,0
16355.0,232,2,195.81,97.905,19,2,1.9585958928225795,1.160079183369486,1
16356.0,292,1,79.9,79.9,17,3,-0.04898579327043973,1.4074178269732796,2
16357.0,93,1,38.4,38.4,12,0,-0.6158191650503149,-0.24184449219761278,0
16358.0,45,1,53.7,53.7,10,0,-0.35372789947153827,-0.14604374424269254,0
16359.0,309,1,7.37,7.37,1,3,-2.1991380667358467,0.33813440637638875,0
16360.0,124,1,81.27,81.27,7,0,-0.20030140683500758,0.7924787954307829,0
16361.0,359,1,13.64,13.64,4,3,-2.0364833034489513,0.6479941835848414,0
16364.0,75,3,80.44,26.813333333333333,24,1,1.5519890626996398,-1.8839635154631462,3
16370.0,345,1,22.05,22.05,7,3,-1.7008220522084745,0.6990318243212528,0
16371.0,108,3,215.68,71.89333333333333,28,1,3.2580499084275574,-0.5472519469116199,1
16372.0,92,2,52.010000000000005,26.005000000000003,14,0,0.11653652826948725,-1.0964705937192882,3
16374.0,345,2,25.57,12.785,2,3,-1.4021352317203692,-0.0455163454409195,3
16375.0,195,1,12.14,12.14,2,3,-1.8211308023818074,-0.11918044202783183,0
16377.0,92,3,215.24,71.74666666666667,30,1,3.3931824137250315,-0.6552569089931268,1
16378.0,49,1,21.68,21.68,8,0,-1.0264263975883932,-0.7081186654514656,0
16379.0,355,1,8.46,8.46,2,3,-2.224548418628746,0.5596827511512587,0
16381.0,49,3,63.14,21.046666666666667,19,1,1.1414016042977007,-2.091655145762273,3
16382.0,24,2,67.84,33.92,16,0,0.5732374328459425,-1.2595816846986367,3
16383.0,313,1,102.48,102.48,14,3,0.14048822633316155,1.979401647118377,2
16385.0,349,1,20.16,20.16,16,3,-1.263933323031022,0.5509249572056294,0
16388.0,299,1,71.94,71.94,11,3,-0.521396258967921,1.3757952700756542,0
16389.0,281,1,40.2,40.2,15,3,-0.8236940061438116,0.6288503722471538,0
16390.0,240,1,19.38,19.38,6,3,-1.5778266632358418,0.17121276010289407,0
16391.0,85,3,72.43,24.143333333333334,29,1,1.7039062298058885,-1.983304355484676,3
16392.0,247,2,46.69,23.345,7,3,-0.6534714279951572,-0.3310892566186648,3
16394.0,14,1,141.48,141.48,12,2,1.3478065465015787,1.3516844810046504,2
16396.0,70,1,92.16,92.16,18,0,0.6885544757071078,0.5872176926982826,2
16400.0,43,1,51.17,51.17,7,0,-0.5530045727716171,-0.15998274608238955,0
16401.0,205,1,55.98,55.98,18,3,-0.22813830883613873,0.5300416228015082,0
16404.0,83,2,53.65,26.825,10,0,-0.05559365180557125,-1.061361097640183,3
16405.0,85,1,41.64,41.64,12,0,-0.542399582013586,-0.2175811873602157,0
16406.0,149,1,12.0,12.0,3,0,-1.6728777780880772,-0.35170841703669564,0
16407.0,214,1,11.55,11.55,1,3,-1.9248473515468052,-0.026942611736581995,0
16409.0,51,2,51.28,25.64,18,0,0.40655092385601965,-1.3550356232797738,3
16411.0,40,2,41.89,20.945,6,0,-0.3301793265774394,-1.3413867442645118,3
16415.0,54,1,53.62,53.62,14,0,-0.1616281035169564,-0.16358660374358155,0
16416.0,57,3,103.37,34.45666666666667,37,1,2.546127685376328,-1.94689315667661,1
16423.0,244,1,64.2,64.2,15,3,-0.3270482478997254,0.9127734180607592,0
16424.0,95,2,96.47999999999999,48.239999999999995,8,0,0.37059719475289066,-0.47755436915124433,3
16425.0,287,1,20.02,20.02,11,3,-1.4006194080713366,0.3307232593661604,0
16428.0,126,1,12.6,12.6,1,0,-1.719938944013655,-0.41886877388149735,0
16430.0,104,1,14.79,14.79,3,0,-1.5288369032294273,-0.5092118755924322,0
16434.0,121,1,81.54,81.54,18,0,0.3953576203733782,0.6236719356232563,2
16435.0,8,1,54.0,54.0,12,0,-0.16374879795980582,-0.3425994614625134,0
16437.0,166,2,27.02,13.51,10,0,-0.578500860089608,-0.9828264608931424,3
16439.0,228,1,64.24,64.24,11,3,-0.5050008101680789,0.8967876426494062,0
16441.0,93,1,67.65,67.65,11,0,-0.15930278082541913,0.3298060418834059,0
16444.0,173,2,111.16,55.58,16,1,0.8215785471946196,-0.057852542276084384,3
16445.0,94,1,133.43,133.43,11,2,0.9847479639392025,1.5873735386907162,2
16447.0,71,3,117.84,39.28,22,1,1.8865499860418888,-1.5305900122767155,3
16450.0,78,5,259.9,51.98,68,1,6.884932965214299,-2.766683708431936,1
16451.0,81,2,90.8,45.4,23,1,1.1234665464559532,-0.8272601423118765,3
16452.0,174,1,17.6,17.6,5,3,-1.522027069900439,-0.1570970944773478,0
16455.0,156,2,160.32,80.16,15,1,1.4448697415144822,0.4493533362500691,1
16456.0,180,1,103.04,103.04,8,2,0.11341703669377533,1.4547208713954163,2
16457.0,4,1,19.39,19.39,7,0,-1.0240458228513887,-0.9478419846119654,0
16464.0,290,1,179.62,179.62,14,2,1.5333735944383315,3.340995511897963,2
16465.0,210,2,77.0,38.5,12,3,0.08554982222111017,-0.22414727790600097,3
16467.0,208,1,33.0,33.0,12,3,-0.9537795605720991,0.19361499541051022,0
16469.0,12,4,141.37,35.3425,37,1,3.5927685312621542,-2.6784132132636924,1
16472.0,225,1,66.45,66.45,15,3,-0.24755212549500735,0.8666899322385057,0
16476.0,222,1,6.64,6.64,4,3,-1.867931176435318,-0.12662464452189648,0
16482.0,9,1,53.77,53.77,19,0,0.2021365198649512,-0.44405792697108404,0
16485.0,84,1,3.9,3.9,1,0,-1.7824652345724186,-0.7811749713258693,0
16486.0,44,4,249.89000000000001,62.472500000000004,35,1,4.593640166052018,-1.6381826055164317,1
16490.0,119,1,14.85,14.85,9,0,-1.2407317341923008,-0.5250763228545482,0
16491.0,207,1,103.68,103.68,16,2,0.49247067143903367,1.4770011512991725,2
16493.0,245,1,28.28,28.28,7,3,-1.3802084897825995,0.34959553718074193,0
16494.0,190,1,34.3,34.3,14,3,-0.7866675624110135,0.10504427239420679,0
16497.0,99,1,5.58,5.58,2,0,-1.7318566138847504,-0.6934991042389543,0
16499.0,343,1,14.44,14.44,4,3,-1.988614238368455,0.5883360032271494,0
16500.0,358,1,55.76,55.76,17,3,-0.6095683812157465,1.2565763025901306,0
16501.0,319,1,9.57,9.57,3,3,-2.075721011288903,0.39777272030201744,0
16502.0,172,1,45.5,45.5,10,3,-0.7659235836249124,0.2922568191140744,0
16503.0,88,2,68.12,34.06,26,1,0.9726142857554538,-1.1021100414981124,3
16508.0,312,1,73.78,73.78,17,3,-0.1980346100231662,1.3844718684474493,0
16509.0,287,1,92.4,92.4,15,3,0.07313155609368809,1.6511696329632435,2
16510.0,123,1,61.18,61.18,14,0,-0.17622175443496008,0.3033925628267231,0
16512.0,85,1,29.26,29.26,11,0,-0.8112573710874527,-0.4388413590982792,0
16513.0,143,3,98.41999999999999,32.806666666666665,28,1,1.8282277345475417,-1.4588975152690795,3
16516.0,56,1,4.66,4.66,1,0,-1.7098459313568128,-0.8977666224484481,0
16518.0,313,1,30.26,30.26,17,3,-0.9584613368308411,0.560244021847946,0
16519.0,333,1,91.98,91.98,7,3,-0.4568925946231033,1.9747902124600691,0
16520.0,60,2,61.34,30.67,18,0,0.5185127251755666,-1.1958038198951024,3
16522.0,166,1,87.02,87.02,19,0,0.44856060587713875,0.9241539660872119,2
16523.0,243,1,66.8,66.8,5,3,-0.8110723043841296,1.1029832440916736,0
16525.0,163,1,100.2,100.2,12,2,0.31256135037046323,1.262904199881607,2
16526.0,42,2,157.53,78.765,21,1,1.9691428597576093,-0.2039755762482634,1
16527.0,199,1,35.97,35.97,11,3,-0.9360887285672146,0.22259170487688568,0
16528.0,121,2,21.259999999999998,10.629999999999999,4,0,-0.876975538225174,-1.1732973220642666,3
16531.0,38,1,57.36,57.36,8,0,-0.38140028015493155,-0.08002597539082448,0
16532.0,253,1,15.09,15.09,3,3,-1.839579141739536,0.19396621820543294,0
16533.0,322,1,77.55,77.55,15,3,-0.25984053134169216,1.532161207174292,0
16534.0,107,1,35.49,35.49,3,0,-1.174515415308211,-0.1009039822371027,0
16535.0,283,2,151.08,75.54,23,1,1.4803462977613027,0.8199825818678472,1
16537.0,135,1,16.8,16.8,5,0,-1.4532630860432505,-0.3548921084987525,0
16538.0,175,1,63.28,63.28,8,3,-0.5687706658080717,0.6740225053153702,0
16539.0,79,1,68.77,68.77,13,0,-0.0038095626633559507,0.2565307963157945,0
16540.0,258,1,41.28,41.28,8,3,-1.1281154378716607,0.6435171852730317,0
16541.0,345,1,227.43,227.43,19,2,2.515520912878638,4.436382717862144,2
16545.0,122,1,21.76,21.76,16,0,-0.7546780193636905,-0.481180001762915,0
16549.0,3,3,139.18,46.39333333333334,28,1,2.5963237180450274,-1.7403923841633824,1
16556.0,140,1,10.78,10.78,7,0,-1.4624708835703382,-0.4752218300854581,0
16558.0,76,2,225.55,112.775,19,2,2.6768195725223616,0.7760357958003887,1
16559.0,299,1,24.48,24.48,16,3,-1.0826302439841906,0.3991579882813503,0
16560.0,346,1,26.84,26.84,11,3,-1.4069010421223525,0.7367982569382103,0
16561.0,10,3,153.5,38.375,68,1,4.760310272578352,-2.347238524910706,1
16563.0,13,1,46.44,46.44,9,0,-0.4655139746704642,-0.4195761814647403,0
16565.0,6,2,267.98,133.99,31,2,4.0157160890815256,0.7678296083779438,1
16566.0,154,1,37.05,37.05,13,0,-0.7155538553642964,0.0034446123043359116,0
16567.0,88,1,19.84,19.84,16,0,-0.7160322711370929,-0.6769023920507564,0
16569.0,237,1,64.62,64.62,18,3,-0.1454514681929202,0.8443953514627821,0
16571.0,30,2,190.95999999999998,95.47999999999999,35,1,3.1740950451628906,-0.07452378882177577,1
16575.0,122,1,50.48,50.48,8,0,-0.6794100321552031,0.18213453534496912,0
16576.0,120,1,79.3,79.3,10,0,-0.06671053919421673,0.6926222134117095,0
16577.0,185,1,15.6,15.6,6,3,-1.5270575195364298,-0.15823665017810326,0
16578.0,243,1,197.2,197.2,17,2,2.0987956303416757,3.4122187227318976,2
16579.0,114,2,135.26999999999998,67.63499999999999,29,1,1.9516466333869982,-0.24235840642368045,1
16580.0,313,1,21.7,21.7,14,3,-1.267047822647718,0.44081584802960827,0
16581.0,4,2,82.92999999999999,41.464999999999996,15,0,0.7590754773710181,-1.1630094211847095,3
16584.0,19,2,174.93,87.465,18,1,2.0851444896399176,-0.06548281798607074,1
16586.0,99,2,35.4,17.7,8,0,-0.433547589097032,-1.1698302298679844,3
16589.0,320,1,135.9,135.9,18,2,0.9205437281631049,2.590558555052535,2
16590.0,233,3,213.57,71.19,35,1,3.340595348706548,-0.08324215390077849,1
16593.0,89,1,85.12,85.12,14,0,0.313016742326492,0.6002157130741078,2
16594.0,44,1,40.98,40.98,3,0,-0.9452580778348246,-0.29123898136100435,0
16598.0,283,2,77.43,38.715,16,3,0.14892652778668047,0.06442089178951857,3
16600.0,70,1,8.33,8.33,7,0,-1.3567183894960035,-0.8495537460329815,0
16603.0,123,1,4.42,4.42,1,0,-1.856108026225035,-0.5887130103342347,0
16604.0,359,1,5.2,5.2,4,3,-2.1835445098539847,0.48724072797318996,0
16605.0,308,1,44.37,44.37,17,3,-0.702001268119517,0.8055869654598032,0
16606.0,204,1,51.04,51.04,8,3,-0.8435416895259875,0.5766399493878905,0
16607.0,29,3,237.3,79.10000000000001,29,1,3.728663294294698,-0.7332920743916816,1
16608.0,97,1,6.02,6.02,2,0,-1.7199487141409548,-0.6944805266760876,0
16610.0,17,1,14.08,14.08,8,0,-1.090991952134309,-1.002663911430735,0
16611.0,163,1,30.8,30.8,4,0,-1.321844308447342,0.057364582414225006,0
16612.0,94,1,38.88,38.88,12,0,-0.6095760954336434,-0.22802114840462007,0
16617.0,159,1,3.49,3.49,1,3,-1.9486542698632163,-0.43791154690121303,0
16619.0,241,1,17.01,17.01,7,3,-1.5680980999894583,0.11621628405036602,0
16620.0,19,2,62.959999999999994,31.479999999999997,16,0,0.520270816865563,-1.3397919999138626,3
16621.0,38,1,12.45,12.45,5,0,-1.3233605636996488,-0.8917987121811445,0
16623.0,170,1,20.57,20.57,17,0,-0.8240570079417668,-0.2936960116036892,0
16624.0,68,1,16.3,16.3,10,0,-1.054171046897083,-0.7507250111541466,0
16625.0,26,1,13.3,13.3,1,0,-1.4956818355474766,-0.8736328583599743,0
16627.0,237,1,25.06,25.06,14,3,-1.047336461479603,0.14905897942664698,0
16628.0,209,1,46.7,46.7,10,3,-0.8234766402805092,0.4883085459798076,0
16629.0,113,1,1.68,1.68,1,0,-1.8826446364682445,-0.6877104152594214,0
16630.0,79,1,56.34,56.34,18,0,0.04533015615548482,-0.052903458218301704,0
16634.0,192,1,9.36,9.36,2,3,-1.8632085913956538,-0.1861729414778539,0
16636.0,178,1,18.51,18.51,3,3,-1.6209429226478909,-0.09196688614919127,0
16637.0,59,1,58.56,58.56,12,0,-0.19244457352713618,-0.017017557852128756,0
16639.0,118,2,125.28,62.64,26,1,1.6535945180245675,-0.2963119279467696,3
16641.0,299,1,70.6,70.6,10,3,-0.5978896263934971,1.364809760654253,0
16642.0,1,2,55.620000000000005,27.810000000000002,25,1,0.9411297563620687,-1.6403230652156948,3
16644.0,273,1,44.28,44.28,9,3,-1.0545067232912622,0.7563345880717214,0
16645.0,261,2,55.03,27.515,21,3,0.16950870465091936,-0.37199164185824685,3
16646.0,324,1,18.83,18.83,7,3,-1.7123957231705944,0.539401403897783,0
16649.0,89,1,10.68,10.68,4,0,-1.5154970313324985,-0.6722449416298555,0
16651.0,229,1,30.72,30.72,4,3,-1.463197912256972,0.3647846862320636,0
16654.0,279,1,4.9,4.9,2,3,-2.125413307261914,0.13612328624111406,0
16655.0,274,1,147.96,147.96,18,2,1.2282285905672967,2.6049362778475977,2
16656.0,176,2,17.630000000000003,8.815000000000001,4,0,-1.0408950056379032,-0.9580990231946303,3
16657.0,69,2,40.72,20.36,28,1,0.7622674903482687,-1.539071133097841,3
16658.0,301,1,31.2,31.2,12,3,-1.1823592077204539,0.5946610299354715,0
16659.0,192,1,58.2,58.2,12,3,-0.4807572447471922,0.5986942933613846,0
16661.0,78,1,58.24,58.24,16,0,-0.02573262172353882,0.0076780660410408486,0
16663.0,279,1,82.26,82.26,18,3,0.0728481855484264,1.3769783135005382,2
16666.0,167,1,25.28,25.28,16,0,-0.788771475689667,-0.203492383857709,0
16669.0,4,1,35.7,35.7,15,0,-0.31469697067377794,-0.7534873148249838,0
16670.0,333,1,43.8,43.8,12,3,-1.0306720853990443,0.9844393657320697,0
16673.0,192,1,49.91,49.91,7,3,-0.8909287404276797,0.5134826236924689,0
16675.0,245,1,9.12,9.12,2,3,-1.9797822738070106,0.057347130248952806,0
16679.0,54,1,17.38,17.38,11,0,-0.9525195885389672,-0.8102251627906532,0
16680.0,183,4,300.39,75.0975,58,1,6.0680048705525005,-0.9210399398331305,1
16682.0,36,1,85.47,85.47,11,0,0.27207273744367844,0.40240164527221206,0
16686.0,356,1,23.8,23.8,14,3,-1.3216426024423826,0.6820953340856345,0
16687.0,304,1,52.02,52.02,18,3,-0.5070780786021633,0.9180327655485577,0
16688.0,272,1,20.0,20.0,8,3,-1.5285932427810283,0.3037386953978855,0
16690.0,355,1,19.68,19.68,6,3,-1.8164684714935628,0.7152379701027722,0
16692.0,220,1,33.96,33.96,12,3,-0.9624994302365174,0.26807135470178584,0
16697.0,210,3,133.74,44.580000000000005,38,1,2.6259173018523936,-0.9666960870249254,1
16698.0,364,1,194.88,194.88,16,2,1.7486337279691955,3.948964555340313,2
16700.0,83,2,163.55,81.775,20,1,1.9074733366265506,0.07255664822969617,1
16701.0,67,2,75.0,37.5,15,0,0.5221769881175768,-0.9604173934055739,3
16702.0,1,1,27.28,27.28,11,0,-0.6676270371853563,-0.86975490499038,0
16703.0,53,5,416.9,83.38,60,1,8.143691617193726,-1.6375182995334987,1
16706.0,215,2,105.24000000000001,52.620000000000005,24,1,1.0805543634628056,-0.04645915543938717,1
16707.0,287,1,13.29,13.29,3,3,-1.943043336391101,0.31883518966918134,0
16708.0,71,1,54.24,54.24,16,0,-0.0805856697155013,-0.10127517600652568,0
16710.0,113,2,274.96000000000004,137.48000000000002,30,2,3.826592406326083,1.3644805145100154,1
16713.0,277,2,52.71,26.355,23,3,0.21164704211096408,-0.35317596806045953,3
16714.0,131,2,88.43,44.215,20,1,0.8271291892767239,-0.5771888148220107,3
16717.0,51,3,80.78,26.926666666666666,20,1,1.3942349540464425,-1.9350404979157316,3
16718.0,115,2,29.18,14.59,21,0,0.14237981814503903,-1.3563189228380068,3
16722.0,331,1,52.11,52.11,9,3,-1.0410691997618522,1.1769657026163423,0
16723.0,52,2,205.86,102.93,18,2,2.418076209432431,0.44902874550298877,1
16724.0,78,2,61.47,30.735,21,0,0.6414697239480663,-1.153644026053785,3
16725.0,126,1,8.73,8.73,3,0,-1.6810814629484,-0.5216531026993965,0
16728.0,338,1,129.1,129.1,10,2,0.3387292818785139,2.6615946311676355,2
16729.0,353,1,64.82,64.82,14,3,-0.6005354577429023,1.4493447014354153,0
16732.0,298,1,49.4,49.4,19,3,-0.4868613875161217,0.8255078648114599,0
16733.0,345,1,112.95,112.95,15,2,0.3082063480439545,2.3140737280031503,2
16735.0,193,1,59.1,59.1,15,3,-0.3077616016521484,0.576906340750103,0
16736.0,142,3,116.75,38.916666666666664,22,1,1.7233862206540367,-1.2082385508023228,3
16739.0,313,1,10.35,10.35,9,3,-1.7305377178068078,0.2973215273924874,0
16740.0,26,1,239.94,239.94,18,2,3.3568259720297537,3.195964339835984,2
16741.0,364,1,80.36,80.36,7,3,-0.7251017457164101,1.8985784940109962,0
16748.0,27,2,50.88,25.44,16,0,0.3459451460618095,-1.4429611049061821,3
16749.0,73,1,4.98,4.98,2,0,-1.6871755788836311,-0.8266322214507886,0
16751.0,19,1,60.97,60.97,13,0,-0.012483155006560715,-0.17289085403098053,0
16753.0,325,1,66.9,66.9,15,3,-0.45177127337282225,1.343357627374968,0
16756.0,228,1,32.13,32.13,7,3,-1.2770746674692754,0.34334857444109185,0
16757.0,62,2,43.620000000000005,21.810000000000002,8,0,-0.24800702012439102,-1.2473413757594414,3
16760.0,253,1,20.0,20.0,16,3,-1.0631435277813328,0.098504649960688,0
16761.0,33,2,106.22,53.11,22,1,1.3729801812106728,-0.8579136054355382,3
16763.0,248,1,7.28,7.28,4,3,-1.911915238894233,0.007270337408476412,0
16764.0,261,1,23.73,23.73,3,3,-1.705997879741691,0.39597673477400974,0
16768.0,52,2,82.5,41.25,14,0,0.5985404259277717,-0.9287914391951462,3
16770.0,20,1,68.12,68.12,13,0,0.10998008602261955,-0.03202656842167079,0
16771.0,161,1,72.24,72.24,12,0,-0.1703812548505466,0.7209988272820446,0
16772.0,360,1,6.2,6.2,2,3,-2.2745303717121494,0.540042230406471,0
16774.0,20,1,38.28,38.28,11,0,-0.5162510049850155,-0.5713037311522045,0
16776.0,191,1,6.34,6.34,2,3,-1.913709417442276,-0.24837469489804964,0
16777.0,41,2,5.04,2.52,3,0,-0.971763082862739,-1.7220461131350306,3
16779.0,173,1,64.64,64.64,16,0,-0.11567409949963561,0.5742683022074798,0
16781.0,304,1,133.32,133.32,11,2,0.5375051025951615,2.5682815165258317,2
16782.0,40,2,35.879999999999995,17.939999999999998,9,0,-0.24903459978807976,-1.4549568273792424,3
16784.0,215,1,8.07,8.07,3,3,-1.8813149890848377,-0.11761779237820016,0
16785.0,50,3,58.35,19.45,27,1,1.5090638156267735,-2.2472025308740977,3
16787.0,55,1,55.68,55.68,12,0,-0.23414419300671632,-0.09059568626902649,0
16791.0,357,1,27.28,27.28,11,3,-1.422560953945646,0.7966694077179544,0
16793.0,46,2,48.51,24.255,19,0,0.4342151400361007,-1.4252215116005758,3
16794.0,101,1,40.56,40.56,13,0,-0.5420026676277665,-0.1777930186819375,0
16795.0,114,2,136.49,68.245,28,1,1.91439425123257,-0.21362007793339174,1
16796.0,7,2,59.230000000000004,29.615000000000002,20,0,0.70970810195847,-1.497530382776494,3
16798.0,174,1,15.96,15.96,6,3,-1.4974581568690573,-0.20287050658707498,0
16799.0,155,1,31.71,31.71,7,0,-1.129589014208762,-0.006361608552183035,0
16802.0,122,2,56.08,28.04,18,0,0.31851575618610695,-0.9668127121762314,3
16804.0,155,2,256.91,128.455,29,2,3.4492529454748624,1.3655076634828247,1
16808.0,47,1,62.1,62.1,15,0,0.05411906892045769,-0.04937501225673782,0
16809.0,110,2,75.92999999999999,37.964999999999996,19,0,0.6556850011581163,-0.8064580052846774,3
16811.0,350,1,63.84,63.84,14,3,-0.6112494823575707,1.416636114319632,0
16813.0,18,2,67.14,33.57,22,0,0.8957111686607002,-1.3830375665774177,3
16814.0,60,1,30.59,30.59,19,0,-0.30990971372081927,-0.6468292056672413,0
16816.0,339,1,25.2,25.2,14,3,-1.2611983483390508,0.6291841573354932,0
16817.0,339,1,7.28,7.28,2,3,-2.211179494387345,0.4623122672259045,0
16818.0,54,1,20.67,20.67,13,0,-0.7889040224192048,-0.7766357069901368,0
16819.0,88,1,20.0,20.0,8,0,-1.1384026790622268,-0.5575592639794561,0
16820.0,110,4,104.62,26.155,48,1,3.5716248593372852,-2.671284118541831,1
16822.0,156,1,183.9,183.9,15,2,1.9452549629458948,2.780728477281064,2
16823.0,291,1,155.48,155.48,13,2,1.057485277066727,2.90042808008007,2
16828.0,214,1,10.85,10.85,7,3,-1.6181756474649123,-0.12749699620886729,0
16829.0,200,1,118.95,118.95,15,2,0.7202393583920809,1.7496131960572354,2
16831.0,344,1,84.16,84.16,16,3,-0.13817425105581962,1.7465036710147963,2
16832.0,357,1,145.62,145.62,18,2,1.0114458229969496,2.9488874669669967,2
16835.0,50,1,19.84,19.84,4,0,-1.2731868844665257,-0.6803356407351407,0
16837.0,162,1,30.6,30.6,6,0,-1.216918995745098,0.01980037435171631,0
16838.0,360,1,11.07,11.07,9,3,-1.8176604538666128,0.5310405493410468,0
16841.0,165,2,27.59,13.795,7,0,-0.7283894808939404,-0.9372614858777188,3
16842.0,90,2,182.38000000000002,91.19000000000001,22,1,2.244208859159918,0.29543949628751287,1
16844.0,206,1,15.99,15.99,13,3,-1.1927811451030335,-0.15426686913874466,0
16846.0,16,2,178.39,89.195,23,1,2.4023021316272346,-0.11193449664043799,1
16848.0,188,2,226.17000000000002,113.08500000000001,37,1,3.4039949117481165,1.0458559527972093,1
16851.0,339,1,72.36,72.36,18,3,-0.22688857203361734,1.469274825893968,0
16852.0,30,2,29.22,14.61,11,0,-0.20829591637889508,-1.6083659271532427,3
16853.0,167,1,50.1,50.1,15,0,-0.40944480051385895,0.28378163264515593,0
16856.0,46,2,155.63,77.815,24,1,2.0953443510133276,-0.2509794709718194,1
16857.0,21,2,65.7,32.85,18,0,0.6580119682931401,-1.3276091030660522,3
16859.0,32,1,10.64,10.64,8,0,-1.18274060411049,-0.9979697696671218,0
16860.0,286,2,106.6,53.3,28,1,1.1602869730618646,0.24357271430179545,1
16863.0,125,1,94.44,94.44,12,0,0.29278013810458575,0.9753189279319409,2
16864.0,288,1,50.76,50.76,9,3,-0.9734061848008634,0.9499711800329153,0
16865.0,271,1,22.5,22.5,9,3,-1.4297670707417616,0.33213731448637773,0
16868.0,318,1,185.92,185.92,16,2,1.6900595194452104,3.5629823685433237,2
16869.0,153,1,24.08,24.08,4,0,-1.4177296866398448,-0.11743836200555569,0
16871.0,252,1,20.52,20.52,18,3,-0.9456727093194178,0.07465400683187469,0
16873.0,161,2,87.66,43.83,18,1,0.6471911356561564,-0.41664904206037534,3
16875.0,11,2,122.51,61.255,19,1,1.4724017268678606,-0.7276607984643868,3
16877.0,7,3,101.00999999999999,33.669999999999995,17,1,1.5619788642408556,-1.9118476724985245,3
16878.0,22,2,17.14,8.57,11,0,-0.34869197294623117,-1.7864305068740265,3
16879.0,170,2,42.36,21.18,20,0,0.1442920633508652,-0.9309074136619697,3
16882.0,205,2,125.06,62.53,29,1,1.6256707588553363,0.0647604371821772,1
16884.0,101,2,22.470000000000002,11.235000000000001,4,0,-0.818801380937971,-1.2528317003050269,3
16885.0,143,1,35.23,35.23,13,0,-0.723939496247039,-0.08271087126499119,0
16886.0,34,2,136.65,68.325,29,1,2.1392713595265413,-0.6007719354921582,1
16887.0,216,2,36.54,18.27,8,3,-0.6668076130185898,-0.6088869384420424,3
16888.0,32,1,17.38,17.38,11,0,-0.9058663689638932,-0.9132064405422918,0
16891.0,148,1,86.66,86.66,14,0,0.21473473270455445,0.9057245677990579,2
16894.0,110,1,44.48,44.48,8,0,-0.7585087028084827,0.011683221517825821,0
16895.0,6,1,56.14,56.14,14,0,-0.015929990648854832,-0.340275550661041,0
16896.0,44,2,114.71000000000001,57.355000000000004,22,1,1.460249079096172,-0.7075954010293277,3
16897.0,26,1,38.31,38.31,3,0,-0.9536101790109686,-0.42635086039298054,0
16901.0,91,1,101.52,101.52,8,0,0.2756655592800975,1.0091639339138645,2
16906.0,98,1,11.04,11.04,4,0,-1.5283096864606476,-0.6232594546282465,0
16907.0,94,1,82.08,82.08,18,0,0.46202297371708595,0.5075709957192439,2
16913.0,8,2,64.44,32.22,20,0,0.7754558868138668,-1.4322025821061608,3
16914.0,233,2,40.32,20.16,10,3,-0.5473278509117464,-0.5143834482705004,3
16917.0,38,2,76.08,38.04,23,1,1.0229013985034758,-1.199889406098966,3
16919.0,177,1,68.1,68.1,15,0,-0.11701316541984202,0.6734304276928308,0
16921.0,217,1,40.5,40.5,15,3,-0.682748255131612,0.3349824587223356,0
16922.0,230,1,100.1,100.1,14,2,0.2750282339234423,1.5455504212114188,2
16923.0,35,2,209.64000000000001,104.82000000000001,18,2,2.503366827268174,0.4134532691758302,1
16926.0,90,2,105.39,52.695,24,1,1.3475834589193232,-0.6298339816931416,3
16927.0,217,1,35.4,35.4,5,3,-1.3030601268800528,0.3832142936050922,0
16928.0,4,1,72.99,72.99,9,0,0.016186958225393167,0.04398282093051588,0
16929.0,71,2,51.400000000000006,25.700000000000003,14,0,0.15312294440112773,-1.2018715892207203,3
16930.0,29,1,16.2,16.2,10,0,-0.9732100435513251,-0.9351873926011253,0
16931.0,352,1,16.98,16.98,6,3,-1.8571523154230012,0.6497692000898274,0
16933.0,44,1,51.7,51.7,10,0,-0.38645592569195975,-0.1888179473401533,0
16934.0,38,1,32.01,32.01,11,0,-0.6636722669914545,-0.6064686167136126,0
16935.0,202,1,27.4,27.4,10,3,-1.1449216856654831,0.08794204909121396,0
16937.0,322,1,91.97,91.97,17,3,0.09770764464631962,1.7777395209081828,2
16938.0,99,2,160.36,80.18,28,1,2.257147289096923,-0.005976636232147403,1
16939.0,151,2,81.95,40.975,18,0,0.594015478027058,-0.5299257808067178,3
16940.0,319,2,60.599999999999994,30.299999999999997,25,3,0.3316509499988678,-0.09380597891663332,3
16941.0,146,2,52.85,26.425,7,0,-0.35904711889739443,-0.7321616636139213,3
16946.0,301,1,12.53,12.53,7,3,-1.7733950781028665,0.31174546580578094,0
16949.0,361,1,14.4,14.4,5,3,-1.9743372396648848,0.6572945889284899,0
16950.0,111,2,39.620000000000005,19.810000000000002,10,0,-0.2977331354534239,-1.0936097700327894,3
16954.0,142,1,3.96,3.96,3,0,-1.798125052842639,-0.537609995656664,0
16956.0,41,1,11.25,11.25,9,0,-1.138052393588121,-0.9587595868242895,0
16960.0,116,3,81.41,27.136666666666667,17,1,1.1042447402924278,-1.5813885533054461,3
16965.0,190,1,45.3,45.3,15,3,-0.5418553260431833,0.3000201113426876,0
16967.0,11,3,62.16,20.72,23,1,1.4232341558080255,-2.3366680479606785,3
16968.0,90,3,155.17000000000002,51.723333333333336,40,1,3.234423589057866,-1.3609354596695336,1
16970.0,215,2,233.64000000000001,116.82000000000001,26,2,2.859454442723377,1.4191029006538138,1
16971.0,68,2,13.95,6.975,5,0,-0.8066630688335534,-1.5210173551249941,3
16974.0,190,1,8.84,8.84,2,3,-1.868028032664753,-0.20543911715991414,0
16976.0,356,1,23.9,23.9,10,3,-1.5324793201338476,0.7421478304805541,0
16977.0,110,1,18.26,18.26,11,0,-1.0559398424379416,-0.5313299774331774,0
16978.0,54,1,123.36,123.36,16,2,1.15983309833912,1.1356506157292383,2
16980.0,315,1,105.92,105.92,8,3,-0.12268206038731296,2.141505699151617,0
16983.0,165,2,199.64999999999998,99.82499999999999,20,2,2.2038429361026735,0.8766168178911822,1
16984.0,292,1,100.47,100.47,17,2,0.30943233655794206,1.7992067584817713,2
16985.0,79,1,109.2,109.2,8,2,0.4349314980605694,1.0992703538269337,2
16989.0,319,1,12.38,12.38,1,3,-2.1330482647225626,0.48036763407864286,0
16991.0,248,1,2.58,2.58,1,3,-2.153243874388428,-0.038637891070883335,0
16992.0,109,3,113.52000000000001,37.84,32,1,2.2874730417621487,-1.537704806820831,1
16994.0,331,1,39.87,39.87,9,3,-1.2543427976762613,0.9438350987435208,0
16996.0,337,1,47.9,47.9,10,3,-1.074004377905731,1.110328285363682,0
16997.0,308,1,113.58,113.58,18,2,0.5570802602906133,2.1092664360616293,2
16998.0,235,1,101.46,101.46,19,2,0.5538462322182146,1.5221738642461613,2
16999.0,272,1,15.99,15.99,3,3,-1.8641886764456927,0.30004655061260377,0
17004.0,27,1,34.62,34.62,6,0,-0.8605921351338282,-0.5355627894565702,0
17006.0,34,1,14.22,14.22,2,0,-1.4434714869332508,-0.8331991911189967,0
17008.0,360,1,63.36,63.36,8,3,-0.9596878853322413,1.5415251613003178,0
17009.0,352,1,63.25,63.25,11,3,-0.7852053909198623,1.4583714200111746,0
17011.0,292,1,211.48,211.48,17,2,2.2437053843094574,3.913571818606112,2
17014.0,335,1,17.08,17.08,4,3,-1.9256492434647856,0.601171337286467,0
17015.0,182,1,4.52,4.52,4,3,-1.8200466855810837,-0.3542421614256053,0
17017.0,245,2,27.47,13.735,17,3,-0.3681528668461958,-0.7095505547817285,3
17019.0,104,3,159.96,53.32,33,1,2.888097151643896,-1.1497105256494173,1
17020.0,157,2,146.82999999999998,73.41499999999999,30,1,2.0641926340609613,0.07895002273307844,1
17022.0,27,1,150.92,150.92,11,2,1.4315794676328781,1.606874086446288,2
17023.0,84,3,72.37,24.123333333333335,15,1,0.961306170377285,-1.78501820656753,3
17025.0,91,2,139.78,69.89,29,1,2.059170246502661,-0.2975221448037909,1
17026.0,128,1,4.62,4.62,1,0,-1.8632261679628956,-0.5614988508888966,0
17029.0,199,1,2.56,2.56,1,3,-2.0496829170605015,-0.26838621478607494,0
17032.0,19,1,4.9,4.9,1,0,-1.6272018631818737,-1.0663912194467904,0
17034.0,310,1,69.0,69.0,15,3,-0.38337120156047355,1.3131410175403109,0
17038.0,189,1,42.84,42.84,18,3,-0.42316417471371903,0.20487358803310296,0
17039.0,237,1,80.58,80.58,17,3,0.07949578888471256,1.1629163328093395,2
17040.0,325,1,53.92,53.92,16,3,-0.6247940760562608,1.0815955675595386,0
17041.0,44,1,29.04,29.04,12,0,-0.6750012963270108,-0.6494882276915752,0
17043.0,83,2,118.61000000000001,59.30500000000001,26,1,1.6409283835390334,-0.5377876943555339,3
17044.0,62,5,65.22,13.044,31,1,2.9301870602582705,-3.704780172639602,1
17048.0,123,2,68.03999999999999,34.019999999999996,18,0,0.472192831594271,-0.8229117586990502,3
17050.0,133,2,182.05,91.025,22,1,2.148724255583633,0.4928797304830374,1
17056.0,200,1,27.54,27.54,9,3,-1.1913858672499609,0.09578359991468434,0
17057.0,146,1,75.72,75.72,6,0,-0.3968043539026236,0.8042883021348296,0
17058.0,333,1,226.95,226.95,17,2,2.4263148785260156,4.400142652492618,2
17059.0,308,1,12.9,12.9,5,3,-1.8880818628393998,0.38063340194525275,0
17060.0,243,1,5.12,5.12,2,3,-2.045238326247853,-0.02820127594596846,0
17061.0,3,1,73.8,73.8,15,0,0.3512899766652615,-0.032492137587465074,0
17062.0,160,1,51.2,51.2,16,0,-0.3222890621130739,0.2574291835616219,0
17063.0,14,2,27.09,13.545,12,0,-0.14896809101071815,-1.722592555417067,3
17067.0,74,1,184.52,184.52,14,2,2.0768025230499525,2.423235031084675,2
17068.0,331,1,16.38,16.38,13,3,-1.451060774038557,0.4382822081831358,0
17073.0,27,4,117.0,29.25,19,1,2.3404826499239078,-2.5399676843279897,3
17074.0,202,1,16.26,16.26,6,3,-1.5516076877162583,-0.06608944042322229,0
17075.0,1,1,59.7,59.7,10,0,-0.15587557899079746,-0.23772659196517495,0
17078.0,59,2,290.05,145.025,32,2,4.243965242888777,1.2582890182770257,1
17083.0,75,3,148.34,49.446666666666665,45,1,3.452997338603218,-1.5664778138101254,1
17085.0,213,1,5.58,5.58,2,3,-1.9736051153192251,-0.1598688467986451,0
17088.0,218,1,55.16,55.16,7,3,-0.8545867173975896,0.7351825144344193,0
17090.0,92,1,44.0,44.0,16,0,-0.30354325920501074,-0.19801223337130605,0
17091.0,349,1,25.84,25.84,19,3,-1.0055288602528298,0.6154988712891855,0
17095.0,112,3,266.44,88.81333333333333,29,1,3.889530593387005,-0.07750700067765892,1
17097.0,5,4,252.24,63.06,72,1,6.668145790521451,-2.3399549248451375,1
17098.0,116,1,19.95,19.95,5,0,-1.3580850814389434,-0.38383363815388677,0
17099.0,360,1,69.3,69.3,14,3,-0.5373187392444922,1.5674403201054452,0
17100.0,92,1,6.94,6.94,2,0,-1.6933153412213835,-0.7003624740023442,0
17101.0,311,2,117.3,58.65,12,3,0.39633956335765363,0.7177412297420203,3
17102.0,59,2,135.32999999999998,67.66499999999999,25,1,1.8564821269715108,-0.44096533817925426,1
17103.0,361,1,141.1,141.1,17,2,0.8710607349070549,2.8960575811038907,2
17105.0,104,1,136.98,136.98,18,2,1.3974117789942477,1.6000399936188074,2
17106.0,26,2,54.11,27.055,20,0,0.6027206898482548,-1.4681911979988223,3
17107.0,45,3,70.2,23.400000000000002,31,1,1.8692396032812808,-2.2200699623775684,3
17108.0,291,1,244.91,244.91,19,2,2.9346103618696735,4.516545372654958,2
17109.0,251,2,109.68,54.84,11,3,0.371168430369574,0.36271979899130213,3
17110.0,279,1,131.22,131.22,18,2,0.9259425772060625,2.3095007289918246,2
17113.0,342,1,30.36,30.36,11,3,-1.3370850548493003,0.7851184834874937,0
17114.0,284,2,58.56,29.28,24,3,0.3261530082900067,-0.26684942408379797,3
17115.0,104,1,48.72,48.72,14,0,-0.35303728442574506,-0.02286667323811261,0
17116.0,355,1,6.05,6.05,5,3,-2.107106652511303,0.4701695259103763,0
17117.0,176,1,3.44,3.44,2,3,-1.9324309134054212,-0.373824394550036,0
17118.0,266,1,3.54,3.54,3,3,-2.0683977748680156,0.03483035394428013,0
17119.0,228,1,14.41,14.41,11,3,-1.373254354618651,-0.052305330470095605,0
17121.0,196,1,7.11,7.11,1,3,-1.964040487715474,-0.19576700456389265,0
17126.0,15,2,38.55,19.275,10,0,-0.10809387090772792,-1.555437918181847,3
17127.0,62,1,33.15,33.15,13,0,-0.5884133963697809,-0.5014861774418514,0
17128.0,115,1,27.9,27.9,6,0,-1.1642964005243883,-0.2516309511645058,0
17129.0,162,1,16.96,16.96,4,0,-1.5608762071601328,-0.21092157737067097,0
17130.0,176,1,14.63,14.63,11,3,-1.2591497593681724,-0.2915253673856425,0
17131.0,112,1,9.3,9.3,6,0,-1.4820268299798973,-0.6199409467965572,0
17132.0,351,1,135.28,135.28,19,2,0.8971468134376286,2.7093226755519426,2
17133.0,322,2,252.44,126.22,26,2,2.8774495049087463,2.1388071690513453,1
17140.0,245,1,49.65,49.65,15,3,-0.5826926110161889,0.6403260938628605,0
17141.0,344,1,19.84,19.84,16,3,-1.258906098919773,0.521425203604675,0
17144.0,123,1,23.12,23.12,4,0,-1.3708390009594567,-0.2761521303663536,0
17145.0,255,1,24.84,24.84,4,3,-1.6207884990951313,0.3744957190406394,0
17146.0,306,1,45.63,45.63,13,3,-0.888384580307515,0.8783716043512854,0
17147.0,162,2,75.8,37.9,29,1,1.0751681745039579,-0.7099305596343246,3
17148.0,126,1,21.97,21.97,13,0,-0.9189356788614552,-0.4148454673595414,0
17150.0,22,1,13.7,13.7,10,0,-1.0019266212106392,-1.0155707077034932,0
17151.0,88,1,34.98,34.98,6,0,-0.9836760365303344,-0.24316700958745172,0
17153.0,155,1,1.28,1.28,1,0,-1.97867959926088,-0.49872844128258853,0
17158.0,147,1,42.05,42.05,5,0,-1.0387463794543195,0.1822066011251077,0
17163.0,133,2,81.57,40.785,33,1,1.4244080095751013,-0.8366609471122374,3
17165.0,350,1,109.26,109.26,18,2,0.39274198836199076,2.2235856676216765,2
17166.0,224,1,2.9,2.9,1,3,-2.09677367269617,-0.14488618541527085,0
17169.0,339,1,17.03,17.03,13,3,-1.4566997773459516,0.4881102472236207,0
17170.0,231,1,85.69,85.69,19,3,0.28754721101341124,1.203084830280189,2
17173.0,216,1,27.2,27.2,10,3,-1.1780949608333682,0.14966626588592719,0
17174.0,286,2,41.06,20.53,12,3,-0.543790467989496,-0.2867521598907012,3
17175.0,203,1,18.59,18.59,11,3,-1.2474057017139357,-0.08971464664603405,0
17176.0,343,1,25.6,25.6,4,3,-1.7941588990935524,0.800896259699428,0
17181.0,121,1,37.52,37.52,7,0,-0.9562533222012508,-0.054853641982433615,0
17183.0,112,3,107.71000000000001,35.903333333333336,30,1,2.1076543215767787,-1.547875856219781,1
17184.0,63,1,106.21,106.21,13,2,0.6824863510759599,0.8947406981394904,2
17187.0,212,1,36.75,36.75,7,3,-1.1626447246083016,0.3564484747038394,0
17188.0,39,1,28.28,28.28,7,0,-0.9433647064887238,-0.6146836999482382,0
17189.0,248,1,27.28,27.28,8,3,-1.3508498187452829,0.33005486207921986,0
17190.0,149,5,308.01,61.602,51,1,6.330671286411265,-1.8409698222716315,1
17191.0,324,1,5.04,5.04,2,3,-2.2184009434041245,0.34943333542980565,0
17192.0,286,2,32.95,16.475,19,3,-0.27742237143624465,-0.4829150584772465,3
17195.0,1,2,62.160000000000004,31.080000000000002,12,0,0.3354412345838597,-1.375213948050809,3
17196.0,105,1,20.34,20.34,18,0,-0.6370807549622498,-0.6168765584693164,0
17197.0,25,1,41.4,41.4,18,0,-0.10047664030978194,-0.5902321578010487,0
17198.0,58,1,5.55,5.55,3,0,-1.5922899195488398,-0.900527115419192,0
17201.0,53,2,79.02000000000001,39.510000000000005,36,1,1.7202727105558189,-1.2844323877638542,3
17210.0,78,1,35.61,35.61,3,0,-1.1109270718780924,-0.23436643602682863,0
17215.0,82,2,63.45,31.725,20,0,0.6056351250226967,-1.0973350738986836,3
17218.0,182,1,100.24,100.24,14,2,0.3792564805304086,1.3235305235409105,2
17219.0,152,1,32.62,32.62,7,0,-1.107371086204294,-0.003072087717016304,0
17223.0,273,2,115.58,57.79,22,1,0.9859645838975808,0.37447328738359165,1
17224.0,91,1,62.01,62.01,9,0,-0.35962428202011154,0.24209509952768687,0
17226.0,309,1,159.41,159.41,19,2,1.4066607368927577,2.9723169458481533,2
17228.0,156,1,45.79,45.79,19,0,-0.24863783310182289,0.09205223574822591,0
17229.0,156,2,25.25,12.625,22,0,0.05738558198190718,-1.2246832631301694,3
17230.0,196,1,70.55,70.55,17,3,-0.008325439592108363,0.7799591006440872,2
17231.0,257,1,32.45,32.45,5,3,-1.4392858874586378,0.5142654574340292,0
17232.0,52,1,94.24,94.24,16,0,0.6566782893941955,0.5716511662920553,2
17234.0,351,1,4.92,4.92,3,3,-2.2246032977929473,0.45899689622883044,0
17235.0,335,1,12.03,12.03,3,3,-2.0667868141797774,0.5195228752206079,0
17236.0,257,1,70.38,70.38,9,3,-0.5658025252667666,1.1785558421897144,0
17237.0,130,1,138.72,138.72,17,2,1.3194496741841977,1.769423213958636,2
17238.0,71,2,255.76,127.88,34,2,3.8781268107268936,0.8862350907652994,1
17241.0,7,2,39.089999999999996,19.544999999999998,15,0,0.18162921576342062,-1.6592845965697476,3
17243.0,78,1,53.28,53.28,18,0,-0.005867642433341405,-0.11586707635703611,0
17244.0,2,1,221.04,221.04,18,2,3.078400867193013,2.7236400482337837,2
17249.0,93,2,124.03999999999999,62.019999999999996,19,1,1.3184430930981814,-0.32601157584478785,3
17253.0,68,1,84.78,84.78,18,0,0.5642042434500312,0.43729171778684695,2
17256.0,139,1,35.64,35.64,12,0,-0.7614579113920877,-0.07908866793244303,0
17259.0,190,1,12.04,12.04,4,3,-1.7059806547649496,-0.17356385697611004,0
17261.0,87,2,74.46,37.23,20,0,0.7384545633865519,-0.9457686954677573,3
17262.0,276,2,61.949999999999996,30.974999999999998,15,3,-0.09102522624764364,-0.13400335019157966,3
17265.0,141,2,155.46,77.73,22,1,1.7853831764953376,0.22080744812370062,1
17267.0,89,1,39.93,39.93,11,0,-0.633822349013653,-0.21689007674598293,0
17269.0,189,1,42.5,42.5,10,3,-0.8542467394164023,0.3146934071226704,0
17271.0,174,1,40.04,40.04,7,3,-1.024735899200535,0.24123509532353873,0
17277.0,331,1,25.64,25.64,4,3,-1.7680147158740354,0.7454865183716184,0
17278.0,2,1,76.57,76.57,19,0,0.614255075149636,-0.042561807597766704,2
17279.0,176,1,42.0,42.0,10,3,-0.8353910846268624,0.24431752492406017,0
17282.0,56,1,33.64,33.64,4,0,-1.0454549627448193,-0.3894065098161382,0
17284.0,209,1,50.55,50.55,15,3,-0.49066909678466053,0.4889532318909348,0
17285.0,301,1,24.0,24.0,4,3,-1.7329725634111148,0.5738210497956635,0
17287.0,173,1,45.01,45.01,7,3,-0.9360164599419178,0.33121581943143485,0
17288.0,297,1,39.84,39.84,12,3,-1.0233307350452958,0.7404999404577002,0
17289.0,268,1,69.94,69.94,13,3,-0.3842166839715722,1.163518134563036,2
17290.0,267,1,27.1,27.1,10,3,-1.2879880375674588,0.38649092978656124,0
17291.0,205,1,96.14,96.14,19,2,0.524766910798372,1.2804168415646524,2
17294.0,264,1,100.38,100.38,14,2,0.20780661146648272,1.7100363580391762,2
17297.0,42,2,42.95,21.475,21,0,0.47655943582633914,-1.5377402945606562,3
17298.0,250,2,82.08000000000001,41.040000000000006,28,1,0.9172173155599002,-0.21036635670005163,3
17299.0,253,2,55.5,27.75,13,3,-0.23256230239003617,-0.2876726904965602,3
17300.0,1,3,290.49,96.83,43,1,5.146977807615347,-0.5800311872631321,1
17302.0,35,3,141.63,47.21,21,1,2.1847745571103405,-1.4663719363596281,3
17304.0,46,1,13.12,13.12,8,0,-1.1692167189507106,-0.88520061673032,0
17305.0,129,1,30.02,30.02,19,0,-0.4661630338417762,-0.33469904313991383,0
17306.0,328,1,32.41,32.41,7,3,-1.4842559486514573,0.8167783445237652,0
17307.0,294,1,18.6,18.6,15,3,-1.2276269905010346,0.2782959974531695,0
17308.0,17,2,46.16,23.08,20,0,0.5182449334274248,-1.6028616158394267,3
17310.0,161,1,23.1,23.1,6,0,-1.3454807465185628,-0.12773022754480637,0
17315.0,21,1,14.94,14.94,9,0,-1.0313446587742847,-0.9820969099496812,0
17318.0,343,1,15.1,15.1,5,3,-1.923969404160346,0.5863698124333936,0
17319.0,164,2,99.42999999999999,49.714999999999996,15,0,0.6347176008024963,-0.22198696703888068,3
17320.0,100,1,148.08,148.08,12,2,1.2804353394444867,1.8799553362290218,2
17323.0,242,2,73.80000000000001,36.900000000000006,19,3,0.34801910757768784,-0.2133645336605618,3
17325.0,132,1,50.54,50.54,19,0,-0.11497792236047748,0.07018045898199185,0
17328.0,130,1,36.96,36.96,6,0,-1.0382411330618349,-0.008854084857570003,0
17333.0,351,1,190.12,190.12,14,2,1.586972232490527,3.826523997916625,2
17335.0,220,1,5.08,5.08,2,3,-1.9971614783252074,-0.1366253855866748,0
17336.0,268,1,50.2,50.2,10,3,-0.8876069953344531,0.8311487719131507,0
17337.0,345,1,80.22,80.22,14,3,-0.3152362218761723,1.7052148807085568,2
17339.0,23,1,94.5,94.5,18,0,0.8289956112455155,0.4117813217179283,2
17340.0,101,1,21.68,21.68,8,0,-1.13669764385675,-0.4647083725839561,0
17342.0,8,2,89.91,44.955,21,1,1.160387197094719,-1.1502568441646308,3
17344.0,48,1,45.9,45.9,15,0,-0.2302754115619187,-0.35324925609435504,0
17348.0,206,1,6.56,6.56,4,3,-1.8353955072833084,-0.20304384868743813,0
17350.0,113,4,119.14999999999999,29.787499999999998,20,1,2.2345352846350535,-2.134876074281812,3
17352.0,190,1,41.4,41.4,15,3,-0.6098101489080686,0.22573830128517083,0
17353.0,179,2,69.42,34.71,30,1,1.0091532838651887,-0.7191572563712988,3
17355.0,58,1,50.9,50.9,10,0,-0.43008378899290417,-0.13852170132351957,0
17356.0,327,1,40.2,40.2,15,3,-0.921241647073512,0.844174862091489,0
17361.0,131,3,75.78,25.26,24,1,1.3793628107473415,-1.6645697094828458,3
17363.0,220,1,58.71,58.71,19,3,-0.15923415891561674,0.6377164387500623,0
17367.0,124,1,3.97,3.97,1,0,-1.8660695682146053,-0.5926030212472654,0
17368.0,258,1,63.2,63.2,8,3,-0.7461744847438955,1.0610190510322024,0
17373.0,218,2,61.27,30.635,10,3,-0.2426123728124421,-0.3407301704501445,3
17374.0,363,1,29.76,29.76,8,3,-1.5515066234528887,0.9156016992394537,0
17377.0,191,1,21.0,21.0,12,3,-1.126821108107091,-0.11452086205007302,0
17379.0,131,3,242.68,80.89333333333333,38,1,4.05286135486568,-0.3373220351872207,1
17382.0,244,1,20.8,20.8,4,3,-1.6678561160701935,0.24605674359241816,0
17383.0,95,1,53.4,53.4,12,0,-0.35869566350338533,0.05321671159543263,0
17385.0,65,3,227.85999999999999,75.95333333333333,33,1,3.755768329752123,-0.7095064120045206,1
17391.0,48,3,111.57,37.19,31,1,2.3411416525227913,-1.8265917583116955,1
17392.0,60,2,42.71,21.355,9,0,-0.20247520210576447,-1.2818330937952138,3
17394.0,223,1,18.9,18.9,6,3,-1.5501401186160955,0.082493941581437,0
17397.0,318,2,90.16000000000001,45.080000000000005,26,1,0.7719814979636915,0.23106830222177657,1
17399.0,14,2,80.55,40.275,18,0,0.8663006137376607,-1.1875149370846896,3
17400.0,315,2,23.61,11.805,7,3,-1.0983253293825788,-0.2814454692866986,3
17401.0,5,2,196.60000000000002,98.30000000000001,19,1,2.450263278436818,0.10669560465456829,1
17405.0,157,1,36.52,36.52,11,0,-0.8374401187413142,0.03646672359457273,0
17406.0,98,1,24.74,24.74,2,0,-1.3958861652792816,-0.3332468712294784,0
17408.0,282,1,10.02,10.02,2,3,-2.042562624529137,0.24768487172564616,0
17410.0,120,1,207.68,207.68,16,2,2.4890915585798274,3.0506052756635924,2
17412.0,247,1,90.0,90.0,18,3,0.27557160093772587,1.3746081870808347,2
17413.0,80,1,142.32,142.32,12,2,1.2224833111626394,1.6766274733488775,2
17419.0,24,1,202.56,202.56,16,2,2.6034567585962267,2.5037137433198606,2
17420.0,24,2,18.369999999999997,9.184999999999999,13,0,-0.23062092947934734,-1.791824715320785,3
17426.0,336,1,11.3,11.3,10,3,-1.70961365313257,0.4085411007303042,0
17428.0,292,1,18.78,18.78,6,3,-1.698552497637258,0.4031950821923242,0
17429.0,66,1,205.19,205.19,17,2,2.6133622531372835,2.7358700110763516,2
17431.0,148,1,33.12,33.12,12,0,-0.8244525895589216,-0.0849574406656157,0
17433.0,191,2,169.95999999999998,84.97999999999999,31,1,2.3465413600311336,0.49280995149955487,1
17434.0,160,2,139.42000000000002,69.71000000000001,28,1,1.8550144356835525,0.03581098046265695,1
17435.0,172,1,16.74,16.74,3,3,-1.6390603523017593,-0.1537652029677,0
17437.0,212,1,41.52,41.52,6,3,-1.132675536212224,0.4618378010392147,0
17442.0,169,2,64.59,32.295,19,0,0.3828483405326779,-0.6622838389389691,3
17443.0,233,1,160.81,160.81,13,2,1.2733517199224174,2.7304504579346593,2
17448.0,53,1,28.62,28.62,18,0,-0.3825361924576749,-0.702580854599329,0
17451.0,360,1,5.96,5.96,2,3,-2.278712206965373,0.5354710420952392,0
17454.0,45,1,18.75,18.75,15,0,-0.6969837219135222,-0.8844078353140391,0
17456.0,42,2,11.690000000000001,5.845000000000001,4,0,-0.8341122620943415,-1.6544929985155465,3
17457.0,167,1,39.06,39.06,14,0,-0.6549540094238931,0.08804392897813643,0
17458.0,7,2,47.68,23.84,27,1,0.9312648267337185,-1.7337364881268256,3
17461.0,291,1,5.32,5.32,2,3,-2.143542306246086,0.2002944718321181,0
17462.0,77,2,61.36,30.68,20,0,0.5890126158041277,-1.1450684859537454,3
17465.0,293,1,16.77,16.77,13,3,-1.3636824579405766,0.26783363670878446,0
17466.0,85,1,84.0,84.0,12,0,0.19569434018039825,0.5892335495721964,2
17467.0,334,1,52.56,52.56,4,3,-1.3053139976401045,1.2722643754597052,0
17469.0,169,1,28.44,28.44,12,0,-0.9505309956820819,-0.07579530215352605,0
17470.0,199,1,106.68,106.68,14,2,0.45541884469905136,1.5257671851246242,2
17471.0,281,1,16.53,16.53,3,3,-1.8738649551339244,0.35246042884763656,0
17473.0,179,1,55.8,55.8,12,3,-0.49500778571234016,0.49212983703218904,0
17474.0,65,2,98.61,49.305,38,1,2.056305415428469,-1.0292979488706957,3
17477.0,264,1,11.48,11.48,7,3,-1.7132283744140047,0.11855073163456759,0
17478.0,58,2,13.05,6.525,5,0,-0.7971809653428281,-1.5783034472045308,3
17479.0,171,2,158.02,79.01,22,1,1.7551131474042896,0.3910360589707614,1
17482.0,201,1,7.32,7.32,6,3,-1.7052604500090653,-0.24104717218713587,0
17484.0,143,1,23.27,23.27,13,0,-0.9323342863660204,-0.31050842210804236,0
17485.0,143,1,40.8,40.8,16,0,-0.4674517079599077,-0.02023208515741626,0
17487.0,73,1,43.68,43.68,16,0,-0.2688276226368965,-0.2930455273596667,0
17488.0,60,1,66.32,66.32,8,0,-0.2719316502763207,0.1936129993134678,0
17492.0,284,1,79.39,79.39,17,3,-0.04090738606533143,1.3602563144476796,2
17494.0,321,1,21.92,21.92,8,3,-1.5990480043542672,0.5696755932436622,0
17498.0,213,1,5.83,5.83,1,3,-2.0223938241921937,-0.14057023365813545,0
17499.0,1,1,35.94,35.94,6,0,-0.7824564181069193,-0.63212640017855,0
17500.0,56,1,27.3,27.3,10,0,-0.8370563871136831,-0.5973838196023709,0
17502.0,183,1,263.53,263.53,19,2,3.4880759763614306,4.365648944717557,2
17504.0,255,1,4.68,4.68,4,3,-1.9720626603659226,-0.009484099102831456,0
17505.0,264,2,152.15,76.075,25,1,1.6408657100633446,0.7144255881067798,1
17506.0,5,1,19.68,19.68,12,0,-0.7553894365014676,-1.0103222914802477,0
17507.0,168,1,169.13,169.13,13,2,1.556161066536285,2.5846554533063077,2
17508.0,51,2,46.88,23.44,18,0,0.3492340529771788,-1.4062536784427562,3
17510.0,37,2,224.17999999999998,112.08999999999999,20,2,2.7948214051435514,0.5629936775970935,1
17511.0,23,1,22.11,22.11,3,0,-1.2295222559342407,-0.7489489729127139,0
17513.0,174,1,82.72,82.72,11,0,-0.0684870476219443,0.995996915405687,2
17514.0,264,1,3.84,3.84,3,3,-2.058929279021934,0.031182404992261624,0
17515.0,6,1,28.9,28.9,10,0,-0.7031474409367203,-0.8009575893872771,0
17516.0,68,1,5.15,5.15,1,0,-1.7267552283921277,-0.8322621736000014,0
17517.0,203,1,58.86,58.86,18,3,-0.17371508401790203,0.5755339481952318,0
17520.0,204,1,11.0,11.0,2,3,-1.8600799278426048,-0.09876488197142157,0
17521.0,122,1,8.5,8.5,5,0,-1.5703170769834809,-0.5738316108123961,0
17522.0,17,2,76.0,38.0,19,0,0.8538127432167293,-1.2409731194481022,3
17523.0,205,1,36.78,36.78,6,3,-1.2004225762349596,0.33879006169868336,0
17524.0,4,4,235.04,58.76,55,1,5.580568816200412,-2.234030731214322,1
17525.0,60,1,67.87,67.87,11,0,-0.08548960248068632,0.1795243812079103,0
17527.0,8,1,5.28,5.28,2,0,-1.5441092269816554,-1.125181102146136,0
17528.0,142,1,139.5,139.5,18,2,1.3607382153416052,1.8259142233668444,2
17529.0,87,2,106.91,53.455,19,1,1.1080216988562597,-0.5534985799911186,3
17531.0,272,1,12.14,12.14,1,3,-2.03756185815631,0.25579098875254674,0
17536.0,84,1,8.37,8.37,1,0,-1.704578552981127,-0.696036589029177,0
17538.0,171,1,262.2,262.2,19,2,3.4903488500104625,4.284145336779799,2
17540.0,130,2,79.07,39.535,31,1,1.2919138338125098,-0.850731099030778,3
17542.0,219,1,168.61,168.61,13,2,1.4389497781090532,2.8134805376622865,2
17547.0,306,1,30.21,30.21,19,3,-0.838198771756676,0.49745100345678306,0
17548.0,107,1,32.85,32.85,9,0,-0.9016468795232094,-0.23840880555851188,0
17551.0,133,3,189.32,63.10666666666666,40,1,3.538033751347533,-0.8464386046645866,1
17552.0,173,2,199.43,99.715,34,1,2.928039307104935,0.7079862314022604,1
17556.0,332,1,58.24,58.24,16,3,-0.5643652477266669,1.1966437273554142,0
17557.0,257,1,30.17,30.17,7,3,-1.3727237478407757,0.4417652511780406,0
17558.0,73,2,35.839999999999996,17.919999999999998,16,0,0.052478019218980085,-1.4027092399825867,3
17560.0,128,2,57.72,28.86,26,1,0.7523140099053315,-1.03593221233491,3
17562.0,277,1,20.06,20.06,17,3,-1.0598477030609095,0.19745370048154948,0
17564.0,246,2,42.18,21.09,18,3,-0.1255079598770124,-0.5481752754773264,3
17565.0,143,1,36.96,36.96,6,0,-1.065808944628924,0.051998488359307364,0
17566.0,87,1,143.64,143.64,19,2,1.6026527096591427,1.632777068706853,2
17567.0,47,3,190.89000000000001,63.63,29,1,3.1539629794345894,-1.0746955884921963,1
17570.0,352,2,132.45,66.225,21,3,0.9850504199176268,0.9551813321867356,1
17571.0,120,1,21.59,21.59,17,0,-0.7002541636267613,-0.5083168198074054,0
17578.0,29,2,15.97,7.985,6,0,-0.6445011925125288,-1.6945982899186276,3
17579.0,221,1,101.6,101.6,16,2,0.4265396867875627,1.50291772632257,2
17580.0,76,1,13.46,13.46,1,0,-1.5989239898674654,-0.6365370409593682,0
17582.0,170,1,39.2,39.2,5,3,-1.137179493551201,0.23558598485139784,0
17584.0,348,1,23.88,23.88,6,3,-1.7284421483337156,0.7624669953556253,0
17586.0,310,1,38.94,38.94,11,3,-1.1197252160737177,0.7987475161571013,0
17589.0,257,1,50.75,50.75,7,3,-1.0141313748768428,0.8337446488661671,0
17590.0,213,1,48.86,48.86,14,3,-0.5817433775136255,0.49002527486443687,0
17591.0,233,1,5.02,5.02,1,3,-2.0789195359673456,-0.06237865079796215,0
17594.0,23,2,88.2,44.1,30,1,1.5846058488304031,-1.2307801631645523,3
17595.0,80,3,111.86,37.28666666666667,37,1,2.59550373444793,-1.7613627532171956,1
17596.0,147,2,49.92,24.96,14,0,-0.02732203433564739,-0.8633459755426083,3
17602.0,46,1,57.2,57.2,11,0,-0.24171861565672503,-0.08923657284967636,0
17603.0,206,1,79.02,79.02,18,3,0.17119727458356102,0.9735566678502898,2
17605.0,25,2,87.36,43.68,18,0,0.9316848881966933,-1.0567527173770725,3
17607.0,116,1,1.8,1.8,1,0,-1.886915521510961,-0.6713819195922185,0
17608.0,54,2,76.74,38.37,29,1,1.3164380384693466,-1.2045329749939135,3
17611.0,216,1,39.45,39.45,15,3,-0.6989231834746896,0.3103025426901674,0
17613.0,119,1,18.5,9.25,10,0,-1.2053466143013747,-0.6071069172354827,0
17618.0,201,1,160.55,160.55,13,2,1.3366806268709266,2.575707387807229,2
17621.0,104,1,9.1,9.1,5,0,-1.521691672834452,-0.6466610491038391,0
17623.0,106,3,79.84,26.613333333333333,29,1,1.7450379848856208,-1.8170413764982662,3
17624.0,222,1,10.68,10.68,4,3,-1.797536949672719,-0.04967630794949459,0
17625.0,135,1,7.58,7.58,1,0,-1.826494406068236,-0.4723540915233345,0
17626.0,248,2,37.76,18.88,7,3,-0.7719192236458535,-0.4303576604948251,3
17627.0,194,1,38.24,38.24,8,3,-1.045366894133491,0.28603356775023775,0
17630.0,166,2,23.1,11.55,6,0,-0.8421441304650047,-0.9703092572579538,3
17631.0,82,1,52.06,52.06,19,0,0.0175370787320774,-0.1349170402399915,0
17636.0,92,2,56.82,28.41,23,0,0.6574973747450042,-1.1713125748992714,3
17638.0,257,1,3.57,3.57,3,3,-2.048789637453378,-0.00672695205157731,0
17640.0,93,3,137.91,45.97,41,1,3.081669854192194,-1.5197339239162915,1
17641.0,280,1,77.6,77.6,16,3,-0.11675929103159766,1.3219759582606028,2
17642.0,237,1,5.64,5.64,2,3,-2.023454077860545,-0.04638283762814043,0
17644.0,25,3,123.63,41.21,37,1,2.848205566005643,-1.910864448658319,1
17645.0,315,1,74.72,74.72,16,3,-0.24116234521244534,1.4309555494943376,0
17646.0,77,2,33.29,16.645,17,0,0.06392267093501837,-1.4282055210104787,3
17647.0,270,2,37.38,18.69,9,3,-0.7172329620915219,-0.36087367753382144,3
17648.0,286,1,79.1,79.1,14,3,-0.2096360005610935,1.4077056055282624,2
17649.0,244,1,20.6,20.6,5,3,-1.6181961915194691,0.2277104613500818,0
17651.0,71,1,55.88,55.88,4,0,-0.6897472426260636,0.10440478124927707,0
17658.0,166,1,46.8,46.8,13,0,-0.5711140088793963,0.24532074349447602,0
17659.0,41,1,92.99,92.99,17,0,0.711369294499603,0.4818152963122606,2
17662.0,120,2,96.08,48.04,14,0,0.6312402714536015,-0.4524081286188763,3
17666.0,284,1,79.8,79.8,6,3,-0.6183560773869217,1.527971972958776,0
17668.0,204,1,18.8,18.8,4,3,-1.617880707589347,0.020724820844325312,0
17669.0,54,1,52.02,52.02,9,0,-0.4552309415138328,-0.12137639923691061,0
17670.0,319,1,61.4,61.4,10,3,-0.8006053288959276,1.2832002188009481,0
17672.0,236,2,38.760000000000005,19.380000000000003,16,3,-0.2551423660494742,-0.6057214273054665,3
17673.0,103,1,38.15,38.15,5,0,-1.0133947631690565,-0.09803776443568633,0
17675.0,110,1,64.8,64.8,12,0,-0.1918675023219007,0.34056266393687834,0
17677.0,117,2,95.96000000000001,47.980000000000004,34,1,1.698934631970199,-0.7585870591732273,3
17679.0,40,3,274.51,91.50333333333333,33,1,4.3480874054565355,-0.3986684480683879,1
17681.0,22,2,125.71,62.855,25,1,1.809628837653579,-0.72614241682244,1
17682.0,204,2,67.16,33.58,33,1,1.0861325942727946,-0.6720514086634438,3
17685.0,358,1,159.79,159.79,19,2,1.3093725324446666,3.2089220520301933,2
17686.0,47,2,144.86,72.43,32,1,2.3780859801799745,-0.48796200347691804,1
17689.0,167,2,102.75,51.375,33,1,1.6282101532349527,-0.43096297050698484,3
17693.0,157,1,18.15,18.15,5,0,-1.476393482318941,-0.2261978964964351,0
17694.0,196,1,14.88,14.88,2,3,-1.7755087841306127,-0.06231174163740635,0
17699.0,19,2,97.07,48.535,16,0,0.9646068317922134,-0.9427356677299237,3
17700.0,182,1,20.72,20.72,7,3,-1.3783384442032522,-0.08929782636638864,0
17701.0,22,1,6.3,6.3,5,0,-1.396590477827089,-1.083830887384924,0
17702.0,272,1,49.56,49.56,14,3,-0.6946618105218458,0.7795349705000758,0
17704.0,280,2,81.17,40.585,24,3,0.6291659687969731,-0.02238233203067939,3
17707.0,326,2,47.34,23.67,12,3,-0.5468076969625577,-0.026411339791465174,3
17711.0,1,1,13.75,13.75,5,0,-1.222246723156305,-1.0402338941382134,0
17712.0,235,1,47.88,47.88,19,3,-0.37974848806397793,0.501656073763663,0
17715.0,90,2,38.04,19.02,19,0,0.20452060131743804,-1.3411346464510319,3
17717.0,24,2,93.03,46.515,21,1,1.167100454936025,-1.0390431121387786,3
17718.0,70,1,101.66,101.66,13,2,0.5883615181718278,0.840845356599424,2
17720.0,21,1,26.4,26.4,15,0,-0.5127933018623904,-0.8510444199862224,0
17725.0,327,1,7.47,7.47,3,3,-2.129276876872819,0.39522255994297134,0
17729.0,116,2,46.410000000000004,23.205000000000002,8,0,-0.3261753614104896,-0.9620922453907096,3
17731.0,51,3,109.63,36.54333333333333,32,1,2.3654969873035787,-1.844879010686767,1
17732.0,109,1,18.34,18.34,14,0,-0.8929909346785264,-0.578098091115559,0
17739.0,204,3,218.4,72.8,33,1,3.35164111163098,-0.1456167314567395,1
17740.0,252,1,37.95,37.95,15,3,-0.8014012858392771,0.4502474338840137,0
17741.0,14,1,187.65,187.65,15,2,2.3117214651257205,2.187455956428938,2
17744.0,287,1,9.12,9.12,8,3,-1.7499787876071444,0.16672599951331266,0
17746.0,35,1,11.48,11.48,7,0,-1.2276107706552788,-0.9533907504165802,0
17747.0,352,1,15.82,15.82,14,3,-1.4522062210529667,0.5113794540550611,0
17751.0,103,1,24.21,24.21,9,0,-1.0437105450801587,-0.4216954534449727,0
17752.0,193,1,57.85,57.85,13,3,-0.4358315681195092,0.5821719855950572,0
17757.0,365,1,5.98,5.98,2,3,-2.2889667251431516,0.5592568103071537,0
17758.0,341,1,46.08,46.08,16,3,-0.795330308564653,1.0071655574544311,0
17770.0,279,1,153.84,153.84,12,2,1.0012118262519347,2.827556979223281,2
17772.0,278,1,124.3,124.3,10,2,0.3823286302006055,2.2893128347112577,2
17773.0,228,1,22.61,22.61,19,3,-0.8052166853728914,-0.012418732366821646,0
17774.0,248,1,79.69,79.69,13,3,-0.1719176090138371,1.255603316296247,2
17775.0,161,1,11.8,11.8,4,0,-1.6486650642146665,-0.31388309323268365,0
17777.0,306,2,41.99,20.995,11,3,-0.6272325707928248,-0.1677702234437562,3
17778.0,73,1,66.69,66.69,13,0,-0.0273285295193048,0.18882802792861142,0
17780.0,127,1,146.16,146.16,18,2,1.5085931569652047,1.8825501914455915,2
17782.0,238,1,26.7,26.7,15,3,-0.9677364008772732,0.17043944140761677,0
17783.0,267,2,131.99,65.995,21,1,1.1593092772294435,0.5519445078338203,1
17784.0,365,1,13.8,13.8,3,3,-2.0995638058805355,0.6936644041318132,0
17785.0,2,2,149.9,74.95,33,1,2.5923116777610424,-0.6544745307045878,1
17786.0,225,1,20.52,20.52,4,3,-1.6324435069598753,0.15178531432259612,0
17787.0,218,2,112.74000000000001,56.370000000000005,19,1,0.9061678362100558,0.12757204243913606,1
17788.0,214,2,111.55,55.775,32,1,1.5900308659114142,-0.09398444451651244,1
17789.0,183,2,64.32000000000001,32.160000000000004,13,0,0.030774032883239797,-0.5126714727659772,3
17792.0,50,1,41.31,41.31,17,0,-0.2082046380358868,-0.4603852155048916,0
17794.0,130,2,18.25,9.125,7,0,-0.7758365347536803,-1.2098172993967478,3
17795.0,119,2,33.839999999999996,16.919999999999998,16,0,-0.07112274483746614,-1.2106656843032433,3
17796.0,70,1,26.96,26.96,2,0,-1.2978273642732316,-0.422030460125397,0
17799.0,300,1,5.22,5.22,3,3,-2.111225358347837,0.22598155592088962,0
17800.0,259,1,64.61,64.61,13,3,-0.4580028672122638,1.019870956283002,0
17801.0,110,2,130.04,65.02,12,1,0.9885387365200197,-0.07483362090331573,3
17802.0,173,1,2.84,2.84,1,3,-1.9896684861308958,-0.3847583081900593,0
17804.0,307,1,16.74,16.74,3,3,-1.925341472421532,0.47816536505371904,0
17805.0,326,1,13.28,13.28,8,3,-1.760197077919201,0.42851764989196267,0
17806.0,358,1,27.45,27.45,9,3,-1.5280089960545427,0.8336622172415592,0
17808.0,168,2,35.97,17.985,9,0,-0.5192991231387162,-0.8547453875141018,3
17809.0,250,1,27.88,27.88,17,3,-0.8663333470360823,0.2200121393515684,0
17812.0,28,3,243.04999999999998,81.01666666666667,34,1,4.062981535831778,-0.757920271607934,1
17814.0,25,2,61.29,30.645,29,1,1.1766750881187416,-1.5201262393638189,3
17817.0,83,1,72.08,72.08,17,0,0.25796166069189147,0.2801511358584097,0
17818.0,37,3,127.34,42.446666666666665,28,1,2.387345260076316,-1.6898330218119209,1
17820.0,28,2,30.67,15.335,17,0,0.13370252323801,-1.6880709361225406,3
17821.0,13,1,10.6,10.6,4,0,-1.355725308793923,-1.0295221760271391,0
17822.0,63,2,115.75,57.875,16,1,1.1146365626458719,-0.5193291871256209,3
17823.0,280,1,32.28,32.28,6,3,-1.4378770539661112,0.6041528186527644,0
17825.0,241,1,17.76,17.76,6,3,-1.6081746520848776,0.1450382061726086,0
17826.0,24,1,43.6,43.6,8,0,-0.5914704222162254,-0.4076409789555205,0
17829.0,243,1,31.0,31.0,4,3,-1.4880075169184097,0.43565127964924055,0
17830.0,331,1,229.52,229.52,19,2,2.58162614066566,4.410656609018381,2
17831.0,218,2,22.14,11.07,8,3,-0.8586313013107123,-0.7671477300889269,3
17834.0,126,1,196.16,196.16,16,2,2.275639861086433,2.8592740397476404,2
17835.0,334,1,23.18,23.18,19,3,-1.0200685209627514,0.4946203599484311,0
17836.0,269,2,110.7,55.35,25,1,1.0903117288126563,0.25533306338996525,1
17837.0,263,1,75.79,75.79,13,3,-0.27168144522536364,1.251536013796666,2
17841.0,4,3,50.19,16.73,19,1,1.0871183015228953,-2.4210728325182167,3
17842.0,21,1,74.97,74.97,17,0,0.4397951820322447,0.044975897200026045,2
17844.0,276,1,30.91,30.91,11,3,-1.1875420236687737,0.4866502901124841,0
17846.0,12,1,3.1,3.1,1,0,-1.6437214213526188,-1.1334419019747322,0
17847.0,121,1,26.28,26.28,9,0,-1.045813032037074,-0.2980115451910759,0
17849.0,353,1,23.34,23.34,3,3,-1.9078886438875802,0.8191975334569288,0
17850.0,147,1,38.36,38.36,14,0,-0.6247390111169404,-0.018908047006870234,0
17851.0,134,1,11.13,11.13,7,0,-1.4436487684873969,-0.49664131682141915,0
17853.0,12,3,71.08,23.69333333333333,15,1,1.0990762033808543,-2.1338794005032224,3
17854.0,15,2,37.26,18.63,11,0,-0.0717533480627353,-1.58499107936791,3
17855.0,36,2,33.0,16.5,10,0,-0.22492390626974565,-1.52174219990859,3
17857.0,68,2,186.68,93.34,32,1,2.8783241660749326,0.09714264049417456,1
17858.0,167,1,11.25,11.25,9,3,-1.4052481056999089,-0.3689577233376319,0
17859.0,144,2,162.16,81.08,18,1,1.6537201872536331,0.37098931368658383,1
17864.0,143,1,42.77,42.77,13,0,-0.5925601720415942,0.06090062817954121,0
17866.0,12,1,2.73,2.73,1,0,-1.6501684173680053,-1.1404891506212145,0
17871.0,300,1,117.36,117.36,18,2,0.6399089726470955,2.143814914599298,2
17872.0,264,1,26.0,26.0,4,3,-1.6196617033792016,0.4387185004130211,0
17873.0,107,2,222.8,111.4,25,2,2.894126624210489,0.8019127417120653,1
17874.0,258,1,3.52,3.52,2,3,-2.1049262412826524,0.011538642870421788,0
17875.0,129,2,54.49,27.245,22,0,0.49553846611888624,-1.01070211924227,3
17876.0,160,1,55.23,55.23,7,0,-0.7303721638417192,0.46501968180117814,0
17877.0,226,1,15.36,15.36,12,3,-1.2993152677000115,-0.058109936395504234,0
17878.0,72,2,73.2,36.6,23,1,0.9132844709485748,-1.0742610674985675,3
17879.0,44,2,112.56,56.28,23,1,1.4853867589966638,-0.7471593639063374,3
17883.0,344,1,100.88,100.88,13,3,-0.006274090199799099,2.1085739993128745,2
17885.0,107,2,81.66,40.83,14,0,0.47096506527685306,-0.6811162371653461,3
17886.0,136,2,111.03,55.515,22,1,1.2172160506835588,-0.3197833402042422,3
17892.0,36,4,296.42,74.105,40,1,5.380141118935185,-1.3789883030261034,1
17893.0,240,1,2.75,2.75,1,3,-2.1333169339658524,-0.07284770338132632,0
17894.0,207,2,61.589999999999996,30.794999999999998,19,3,0.26318582203106744,-0.5193284877063542,3
17897.0,105,2,134.84,67.42,32,1,2.1245649817079646,-0.3331033877528445,1
17898.0,364,1,50.44,50.44,13,3,-0.9275684837145035,1.2414819326462394,0
17900.0,33,2,135.9,67.95,26,1,1.9721876774585558,-0.5705723770256295,1
17904.0,140,2,141.16,70.58,14,1,1.176065648934931,0.1659634708706244,3
17906.0,21,2,44.760000000000005,22.380000000000003,28,1,0.9166836417735479,-1.7167300702699506,3
17907.0,189,1,20.88,20.88,18,3,-0.8058021003836884,-0.21339014244460644,0
17908.0,148,2,58.040000000000006,29.020000000000003,22,0,0.5014913427631144,-0.8804400848593574,3
17909.0,312,1,9.38,9.38,7,3,-1.8516082755889647,0.303239258096683,0
17912.0,90,2,97.55,48.775,16,0,0.8202969181685299,-0.6047995744227646,3
17918.0,315,2,92.18,46.09,28,1,0.9109465295145206,0.21146522691754488,1
17919.0,148,2,81.0,40.5,20,1,0.6942916217346693,-0.5841010433459626,3
17920.0,137,1,27.15,27.15,5,0,-1.2771626425275302,-0.1483976782358233,0
17921.0,130,1,90.12,90.12,12,0,0.20690409909767868,0.9164423741824137,2
17922.0,283,1,49.83,49.83,11,3,-0.8727182174347375,0.8797790721749604,0
17923.0,13,2,26.2,13.1,10,0,-0.2647307044358313,-1.7085596209917306,3
17927.0,237,1,66.06,66.06,18,3,-0.12036045667357799,0.8718224813301728,0
17929.0,199,2,131.04,65.52,24,1,1.4505692660342444,0.17896942056054516,1
17932.0,148,1,7.76,7.76,2,0,-1.7977810539336638,-0.42261008572267644,0
17936.0,126,1,24.6,24.6,15,0,-0.7668201596880581,-0.39382677941491273,0
17939.0,136,2,131.02,65.51,34,1,2.1153544634763084,-0.2615339070208657,3
17942.0,92,1,34.7,34.7,10,0,-0.7844580988378916,-0.28792402853367877,0
17944.0,53,4,118.08000000000001,29.520000000000003,51,1,3.9976741195784387,-2.874872831709446,1
17947.0,87,2,73.25,36.625,10,0,0.1912445512774339,-0.8144840741411451,3
17949.0,246,2,105.43,52.715,28,1,1.2298699316237622,0.042714680994114004,1
17950.0,116,1,51.36,51.36,12,0,-0.4387738818410848,0.11266192153107198,0
17959.0,48,2,95.73,47.865,8,0,0.4604955153998377,-0.7062901764779806,3
17965.0,271,1,3.38,3.38,1,3,-2.1880782440091995,0.08426164822205709,0
17966.0,7,1,16.94,16.94,7,0,-1.073097193730709,-0.9804632971108695,0
17968.0,285,1,216.64,216.64,16,2,2.2953142612204562,3.9936225557535354,2
17970.0,73,1,46.67,46.67,13,0,-0.37616328689238226,-0.19248526369997418,0
17975.0,203,1,26.82,26.82,6,3,-1.3697275374641913,0.13972381244150578,0
17976.0,172,2,99.95,49.975,20,1,0.8902505420059601,-0.2511709800399665,3
17980.0,176,2,30.08,15.04,12,0,-0.45355601607996043,-0.9294708772147007,3
17982.0,298,1,26.46,26.46,6,3,-1.5774573748727558,0.5775589111749159,0
17985.0,308,1,48.6,48.6,18,3,-0.5751516345197054,0.8716172007956206,0
17988.0,58,3,123.51,41.17,29,1,2.351680161241147,-1.641197472848376,1
17989.0,191,1,103.92,103.92,8,2,0.10542382283472516,1.5229725340790856,2
17992.0,352,1,49.13,49.13,17,3,-0.7123679747473949,1.102211422469178,0
17999.0,16,3,162.6,54.199999999999996,44,1,3.6898227905979586,-1.6973287614795114,1
18000.0,267,1,2.62,2.62,2,3,-2.1396935314902263,0.03652539123806379,0
18001.0,238,2,118.03,59.015,23,1,1.1452454781317514,0.22462162211754755,1
18002.0,283,1,9.32,9.32,4,3,-1.950590670383995,0.2099592890224627,0
18003.0,87,1,112.05,112.05,45,1,2.433983113258909,0.653133482350244,1
18004.0,30,2,85.26,42.63,19,0,0.9468708917264734,-1.072329821047312,3
18005.0,163,1,5.94,5.94,1,3,-1.9144471052123286,-0.3725234642086056,0
18006.0,149,1,104.58,104.58,14,2,0.5248578307221485,1.2517209288748943,2
18007.0,114,1,31.8,31.8,5,0,-1.1473657640314707,-0.1674931496278749,0
18008.0,344,1,24.48,24.48,8,3,-1.6032155821180643,0.7260971801523023,0
18009.0,35,2,36.53,18.265,24,0,0.5672074786031486,-1.6888497393729136,3
18011.0,223,1,17.25,17.25,15,3,-1.1005871506263154,-0.07976560590507067,0
18014.0,314,1,34.1,34.1,10,3,-1.2656860845012439,0.7398227125456863,0
18015.0,184,3,136.97,45.656666666666666,27,1,2.133801145979328,-0.8988699354179868,1
18016.0,184,2,31.33,15.665,22,0,0.07721025137348385,-1.0228421424937808,3
18019.0,113,1,61.6,61.6,14,0,-0.14769753384405762,0.2645824706660885,0
18020.0,3,1,50.15,50.15,17,0,0.045494535610662766,-0.512018569722718,0
18021.0,231,1,22.86,22.86,18,3,-0.8603671969151888,0.020922782285275096,0
18022.0,37,1,32.48,32.48,14,0,-0.493927876945551,-0.6458085493902426,0
18023.0,139,2,120.88,60.44,24,1,1.445455453936941,-0.22015575522935604,3
18026.0,182,1,35.42,35.42,7,3,-1.1222010349433,0.19068745769655895,0
18027.0,16,2,101.81,50.905,23,1,1.4047280471041355,-1.0033614658179824,3
18028.0,259,1,42.4,42.4,10,3,-1.0044312330562388,0.6404564472633559,0
18033.0,259,1,19.04,19.04,16,3,-1.0925944741328841,0.10830569973893499,0
18035.0,218,1,20.52,20.52,18,3,-0.8735722790670307,-0.08449887696611223,0
18037.0,80,1,13.8,13.8,5,0,-1.3889029777708615,-0.6694851567682466,0
18038.0,143,3,58.88,19.62666666666667,44,1,2.2214364577706225,-2.054139853494081,1
18040.0,195,1,115.47,115.47,9,2,0.3513370280987554,1.7471478815895887,2
18042.0,186,1,16.9,16.9,10,3,-1.2939473637576029,-0.1869429142536417,0
18044.0,197,1,24.39,24.39,9,3,-1.2399106522791938,0.02174385181817991,0
18045.0,52,1,17.1,17.1,10,0,-1.0063019818165864,-0.8103831915118384,0
18046.0,61,2,96.44,48.22,27,1,1.4519275205158733,-0.9133750859757523,3
18047.0,294,1,23.01,23.01,13,3,-1.2570753422465364,0.39136549997134024,0
18048.0,64,2,52.790000000000006,26.395000000000003,4,0,-0.34537380141478813,-1.0730885236733219,3
18049.0,109,3,137.62,45.873333333333335,28,1,2.353505418725597,-1.258517794277895,1
18053.0,10,4,214.65,53.6625,28,1,3.912159446073146,-1.9752904602313874,1
18055.0,61,2,51.36,25.68,20,0,0.4926766144068159,-1.3363686315071701,3
18056.0,34,1,129.44,129.44,16,2,1.3081849425496423,1.1578347095365298,2
18057.0,139,1,73.78,73.78,17,0,0.16882934390809812,0.5746645479459273,2
18058.0,127,3,81.46000000000001,27.153333333333336,25,1,1.5066544608104802,-1.6457349961206635,3
18059.0,173,1,31.32,31.32,9,3,-1.068265737987733,0.04139370221230133,0
18060.0,9,1,90.63,90.63,19,0,0.8443967175058921,0.25800041116226585,2
18062.0,294,1,18.24,18.24,16,3,-1.1807549561191264,0.25690225633667835,0
18063.0,109,1,1.23,1.23,1,0,-1.8820031740089347,-0.7150052620250972,0
18064.0,80,1,107.76,107.76,8,2,0.407719885651451,1.076524191130072,2
18065.0,218,1,7.13,7.13,1,3,-2.010345221019446,-0.09240479445298452,0
18070.0,184,1,6.42,6.42,2,3,-1.8974712661294355,-0.2796177356546755,0
18071.0,215,1,147.29,147.29,11,2,0.9696562421499639,2.4177566912983655,2
18072.0,275,1,12.32,12.32,7,3,-1.7219185608152587,0.1860405295996983,0
18075.0,144,1,54.47,54.47,13,0,-0.39081630433671455,0.2884270255226203,0
18076.0,8,1,106.65,106.65,15,2,0.9130756725013761,0.6165940983650324,2
18081.0,132,1,12.5,12.5,5,0,-1.5218258316608468,-0.4508354672532427,0
18082.0,169,1,111.96,111.96,18,2,0.8236163960102303,1.4277564782572796,2
18083.0,363,1,14.4,14.4,12,3,-1.6065649306122312,0.5648978127220455,0
18084.0,340,1,7.26,7.26,6,3,-2.0010694325012484,0.40846446743859127,0
18088.0,93,3,119.29,39.763333333333335,18,1,1.6440805515573966,-1.3561618622493536,3
18089.0,251,2,139.93,69.965,25,1,1.5092489393260167,0.5113265071418012,1
18093.0,115,3,122.52,40.839999999999996,27,1,2.1130712982099524,-1.3543884594498863,1
18094.0,253,1,111.15,111.15,15,2,0.4719378655041775,1.8491408359802408,2
18095.0,216,1,25.44,25.44,16,3,-0.8898930291198798,0.028922466372367967,0
18097.0,162,1,22.5,22.5,18,0,-0.7203184884004737,-0.30892073494807554,0
18098.0,162,2,32.61,16.305,12,0,-0.3909104028677616,-0.9655540358833922,3
18099.0,182,1,2.34,2.34,2,3,-1.964321263654686,-0.3666898712866741,0
18102.0,80,3,143.06,47.68666666666667,25,1,2.318458387370292,-1.3007606456096874,1
18105.0,352,1,8.02,8.02,2,3,-2.225853313923661,0.5372593377357465,0
18108.0,180,1,24.58,24.58,2,3,-1.5725633284097373,0.04754497787974752,0
18111.0,358,1,7.98,7.98,7,3,-1.9735499554958031,0.4918984827921663,0
18112.0,224,1,68.25,68.25,15,3,-0.21406776020605356,0.8962928774022152,0
18113.0,100,2,21.509999999999998,10.754999999999999,5,0,-0.7760414918872892,-1.2832244745243953,3
18116.0,68,2,52.62,26.31,22,0,0.6005354502717205,-1.3180087900888084,3
18117.0,48,1,47.63,47.63,11,0,-0.4127104981585725,-0.2621507724189862,0
18118.0,283,2,92.54,46.27,21,3,0.6114818093179639,0.16762355615781713,3
18120.0,132,1,20.88,20.88,18,0,-0.684927849666451,-0.4802052711647611,0
18121.0,41,1,76.7,76.7,13,0,0.21494807764006912,0.2296937242859754,0
18122.0,96,1,12.96,12.96,4,0,-1.4906138026553057,-0.5960518824794502,0
18125.0,233,1,24.65,24.65,5,3,-1.5243011118337821,0.25335862522629904,0
18130.0,60,1,100.0,100.0,8,0,0.31491923025940627,0.8351030923229967,2
18133.0,143,1,36.68,36.68,14,0,-0.645529454330402,-0.06963023386760893,0
18135.0,266,2,28.880000000000003,14.440000000000001,22,3,-0.12859409741841948,-0.6675219788625156,3
18137.0,212,1,23.59,23.59,7,3,-1.3919486909934013,0.10579498230462919,0
18139.0,344,1,154.96,154.96,13,2,0.9360327868599431,3.1386150987771066,2
18140.0,5,3,38.94,12.979999999999999,12,0,0.5829269421819401,-2.4178153436746284,3
18145.0,317,1,23.85,23.85,9,3,-1.5037918883720784,0.573174738581392,0
18155.0,313,1,68.0,68.0,16,3,-0.35401253052315695,1.2936003424387892,0
18159.0,180,2,60.55,30.275,22,1,0.4663287838143453,-0.7014315630253636,3
18161.0,189,2,107.24000000000001,53.620000000000005,26,1,1.2680326842472174,-0.1739572850074364,1
18162.0,143,2,192.97,96.485,16,2,1.9508995753874416,0.7540250546270432,1
18163.0,155,3,45.540000000000006,15.180000000000001,23,1,0.925729720531171,-1.8150432624350092,3
18164.0,35,1,53.38,53.38,17,0,0.03391583992079688,-0.3007070442437946,0
18166.0,186,2,39.28,19.64,24,0,0.28281978854623396,-0.9500124121461659,3
18169.0,51,1,21.93,21.93,17,0,-0.5480084356234772,-0.8248277044663302,0
18176.0,185,2,96.63,48.315,21,1,0.8725793333102163,-0.2435017161866192,3
18178.0,280,2,113.37,56.685,24,1,1.0486212511375812,0.35244070802569216,1
18179.0,139,1,2.5,2.5,2,0,-1.8703475352254983,-0.5649240007452679,0
18182.0,29,2,98.94999999999999,49.474999999999994,29,1,1.6587729930362616,-1.063022380354903,3
18184.0,358,1,14.04,14.04,12,3,-1.6022346790431863,0.5346361944025529,0
18185.0,14,2,141.18,70.59,31,1,2.34698327572763,-0.6707338803183183,1
18186.0,295,1,97.32,97.32,12,3,-0.01753999011866598,1.825937606656657,2
18187.0,52,1,56.56,56.56,14,0,-0.10615941988541368,-0.11695148127205013,0
18190.0,77,1,64.92,64.92,12,0,-0.11979675533267768,0.18837634146503637,0
18191.0,276,1,100.8,100.8,16,2,0.29596718700579855,1.7451336263308939,2
18192.0,306,1,234.27,234.27,19,2,2.7174066522967815,4.3841038650816175,2
18196.0,215,1,21.44,21.44,16,3,-0.9574696824504989,-0.05194497265202421,0
18197.0,188,2,67.68,33.84,21,1,0.4890985733812419,-0.5664503367132915,3
18198.0,268,1,121.7,121.7,10,2,0.35823142385510964,2.1929819563009567,2
18203.0,216,1,4.72,4.72,2,3,-1.9949518276459384,-0.16220603673563871,0
18204.0,133,1,68.75,68.75,11,0,-0.22496007150585434,0.5379960084643793,0
18208.0,175,2,57.36,28.68,24,1,0.5416666313995535,-0.7910434061704574,3
18209.0,99,1,12.24,12.24,9,0,-1.2437971747755867,-0.6684073391497746,0
18210.0,212,1,96.05,96.05,17,2,0.40206494182649305,1.34054333344093,2
18212.0,312,1,10.5,10.5,2,3,-2.0978169807159723,0.39725626346398074,0
18215.0,112,1,3.9,3.9,1,0,-1.8418420594861493,-0.6501078905510564,0
18217.0,242,2,286.56,143.28,27,2,3.5447086438948614,2.1469655736141435,1
18218.0,86,1,125.7,125.7,15,2,1.0796019763234723,1.3445476098703204,2
18220.0,21,2,57.99,28.995,23,0,0.8233011149482533,-1.4900418975203122,3
18222.0,105,2,96.86,48.43,23,1,1.151513088175367,-0.6443756996992539,3
18223.0,218,1,131.68,131.68,16,2,0.9570248411942625,2.0617970931520353,2
18226.0,352,1,37.65,37.65,15,3,-1.0186886688834165,0.9126301655478767,0
18228.0,219,3,132.22,44.07333333333333,43,1,2.854983650919275,-1.0111932359240832,1
18229.0,318,1,23.64,23.64,6,3,-1.6690059568936562,0.6174667919285228,0
18231.0,135,1,50.57,50.57,13,0,-0.43968571919361493,0.17201651093034231,0
18232.0,278,1,9.98,9.98,2,3,-2.0347771935122365,0.22819913832499147,0
18234.0,52,3,63.34,21.113333333333333,25,1,1.456220654045394,-2.1629996461241108,3
18236.0,69,1,38.88,38.88,16,0,-0.3439819241422663,-0.40319316226641866,0
18237.0,248,1,14.88,14.88,8,3,-1.5669113068285077,0.09387679933224374,0
18238.0,36,2,185.53,92.765,17,1,2.134031039823733,0.15201953363702367,1
18242.0,147,1,15.57,15.57,9,0,-1.2875630533463602,-0.38029567714604007,0
18243.0,82,2,28.42,14.21,5,0,-0.6478571354684125,-1.2870462560538702,3
18245.0,11,1,16.94,16.94,14,0,-0.7095660864576074,-1.0634981389762561,0
18246.0,284,1,71.88,71.88,6,3,-0.756356640743304,1.3771227586881267,0
18247.0,126,1,5.72,5.72,2,0,-1.786673434010991,-0.5644464641197854,0
18248.0,43,1,21.98,21.98,14,0,-0.6896067746127446,-0.8177122349834595,0
18250.0,332,1,15.48,15.48,4,3,-1.9471663424836152,0.5566538470333346,0
18252.0,179,1,16.9,16.9,5,3,-1.5448270938378887,-0.1470248911991288,0
18254.0,227,1,100.23,100.23,13,2,0.2305104100931898,1.5485205386847256,2
18256.0,32,2,60.82,30.41,7,0,-0.013476921802837504,-1.1730173984067376,3
18257.0,325,1,18.68,18.68,4,3,-1.8765643328788664,0.5848362543227219,0
18258.0,37,2,49.89,24.945,27,1,0.8964355010954898,-1.5675820407586385,3
18259.0,277,1,35.7,35.7,14,3,-0.9467658008443954,0.5389536813790846,0
18261.0,261,1,31.28,31.28,4,3,-1.5212995251389516,0.5252417417485336,0
18262.0,34,1,86.52,86.52,12,0,0.34775425571782803,0.3985017011431497,0
18264.0,83,1,219.52,219.52,16,2,2.7738576639939123,3.1029214470414535,2
18271.0,4,1,5.38,5.38,2,0,-1.533884392067041,-1.1420003090319055,0
18272.0,69,4,67.75999999999999,16.939999999999998,26,1,2.0902756860413247,-2.8359629381658995,3
18278.0,43,1,33.54,33.54,13,0,-0.5413264971775464,-0.5829963726761512,0
18279.0,299,1,14.5,14.5,5,3,-1.841117553143257,0.3689792861520369,0
18280.0,122,1,6.96,6.96,1,0,-1.809729668905308,-0.5450155678775607,0
18282.0,255,1,212.94,212.94,18,2,2.400751902283361,3.7536471368735547,2
18285.0,76,3,191.48000000000002,63.826666666666675,31,1,3.205575908251921,-0.9626101252740586,1
