InvoiceNo,StockCode,Description,Quantity,InvoiceDate,UnitPrice,CustomerID,Country
537540,22423,,16,04/01/2019 20:57,12.37,16174.0,France
536196,21755,  LOVE BUILDING BLOCK WORD  ,5,2019-10-08 10:13:00,6.01,,switzerland
536933,21730,GLASS STAR FROSTED T-LIGHT HOLDER,3,02/01/2019 12:12,3.96,18162.0,Belgium
537451,85123A,WHITE HANGING HEART T-LIGHT HOLDER,3,05-31-2019,2.69,16784.0,Netherlands
537427,84879,  ASSORTED COLOUR BIRD ORNAMENT  ,18,2019-11-03 06:24:00,1.56,12411.0,  Australia  
537457,84406B,CREAM CUPID HEARTS COAT HANGER,15,2019-06-12 12:13:00,2.51,15137.0,france
536236,71270,  PINK CRYSTAL GUITAR PHONE CHARM  ,9,10-04-2019,1.33,14444.0,Belgium
536706,71053,WHITE METAL LANTERN,1,2019-07-29 19:50:00,3.17,17023.0,Netherlands
536507,85123A,  WHITE HANGING HEART T-LIGHT HOLDER  ,12,03-06-2019,2.6,16658.0,EIRE
536429,22752,SET 7 BABUSHKA NESTING BOXES,7,23/04/2019 10:55,7.79,12809.0,eire
536463,22423,REGENCY CAKESTAND 3 TIER,18,2019-08-13 15:53:00,12.11,17510.0,germany
537389,84406B,CREAM CUPID HEARTS COAT HANGER,10,2019-03-29 22:54:00,2.77,12746.0,Australia
537052,84879,ASSORTED COLOUR BIRD ORNAMENT,6,2019-09-16 08:02:00,1.77,16200.0,Switzerland
536649,22960,  JAM MAKING SET WITH JARS  ,11,2019-05-13 17:06:00,4.69,12470.0,Netherlands
536807,22960,JAM MAKING SET WITH JARS,3,21/06/2019 20:33,4.46,16656.0,Portugal
537632,22752,SET 7 BABUSHKA NESTING BOXES,6,08-04-2019,7.8,,  France  
536119,85123A,WHITE HANGING HEART T-LIGHT HOLDER,1,2019-11-11 04:56:00,2.38,14025.0,Australia
536379,71053,WHITE METAL LANTERN,14,2019-03-22 01:41:00,3.24,15174.0,Belgium
537221,84879,ASSORTED COLOUR BIRD ORNAMENT,19,2019-04-07 08:23:00,1.63,,France
536233,71270,PINK CRYSTAL GUITAR PHONE CHARM,12,14/07/2019 16:18,1.21,16820.0,  Switzerland  
536065,84406B,CREAM CUPID HEARTS COAT HANGER,5,23/07/2019 10:54,2.98,18098.0,  Belgium  
536542,22960,JAM MAKING SET WITH JARS,12,10-05-2019,5.02,12404.0,germany
537329,84406B,CREAM CUPID HEARTS COAT HANGER,14,03-16-2019,2.83,14793.0,Germany
C537420,22752,  SET 7 BABUSHKA NESTING BOXES  ,-9,2019-08-19 03:23:00,8.1,15849.0,United Kingdom
537007,22960,JAM MAKING SET WITH JARS,6,2019-05-09 11:53:00,4.84,13566.0,EIRE
537578,22423,REGENCY CAKESTAND 3 TIER,3,2019-02-21 06:15:00,13.69,15608.0,Australia
536890,22423,REGENCY CAKESTAND 3 TIER,14,2019-03-16 19:52:00,12.83,16464.0,portugal
536631,71053,WHITE METAL LANTERN,5,28/07/2019 03:51,3.63,17693.0,Switzerland
536318,71270,pink crystal guitar phone charm,14,04-15-2019,1.26,13115.0,EIRE
537438,22752,set 7 babushka nesting boxes,15,2019-02-08 00:05:00,7.74,13703.0,France
536644,22423,REGENCY CAKESTAND 3 TIER,12,10-13-2019,11.86,17413.0,spain
536198,71053,WHITE METAL LANTERN,1,2019-03-06 23:41:00,3.57,13947.0,United Kingdom
537278,84406B,CREAM CUPID HEARTS COAT HANGER,12,2019-01-22 21:35:00,2.59,15618.0,Netherlands
536631,22960,JAM MAKING SET WITH JARS,2,05/01/2019 00:12,4.81,,australia
C537215,21730,GLASS STAR FROSTED T-LIGHT HOLDER,-13,09-04-2019,4.21,14946.0,Australia
536026,22960,  JAM MAKING SET WITH JARS  ,5,07-04-2019,4.82,,EIRE
537524,84406B,cream cupid hearts coat hanger,18,25/06/2019 23:27,2.66,17201.0,  Australia  
536241,71270,PINK CRYSTAL GUITAR PHONE CHARM,12,07-18-2019,1.28,,United Kingdom
536598,22752,SET 7 BABUSHKA NESTING BOXES,5,2019-05-21 16:33:00,7.55,14566.0,EIRE
536695,71053,WHITE METAL LANTERN,1,09-15-2019,3.09,14780.0,Portugal
537539,21755,LOVE BUILDING BLOCK WORD,18,09-20-2019,6.03,13656.0,Germany
536231,22752,set 7 babushka nesting boxes,3,2019-02-03 15:18:00,7.04,13656.0,  EIRE  
536846,71053,white metal lantern,3,10/05/2019 09:00,3.43,15372.0,netherlands
537547,21730,GLASS STAR FROSTED T-LIGHT HOLDER,8,2019-01-05 13:47:00,4.4,16189.0,Netherlands
537452,22752,  SET 7 BABUSHKA NESTING BOXES  ,17,02-04-2019,8.31,13421.0,United Kingdom
537359,22423,  REGENCY CAKESTAND 3 TIER  ,19,11-05-2019,13.91,14612.0,Switzerland
C536921,84406B,  CREAM CUPID HEARTS COAT HANGER  ,-17,28/05/2019 07:36,2.71,17798.0,Switzerland
537268,71270,PINK CRYSTAL GUITAR PHONE CHARM,4,09-05-2019,1.29,18272.0,Netherlands
536684,21755,LOVE BUILDING BLOCK WORD,17,15/02/2019 09:56,6.04,17043.0,portugal
537338,21755,LOVE BUILDING BLOCK WORD,7,06-13-2019,6.48,13686.0,Portugal
536207,71270,PINK CRYSTAL GUITAR PHONE CHARM,3,2019-11-25 23:01:00,1.28,13457.0,Spain
537615,22960,JAM MAKING SET WITH JARS,6,04-18-2019,4.76,,Germany
536590,22423,REGENCY CAKESTAND 3 TIER,13,03/03/2019 17:53,13.4,13611.0,France
536153,71270,PINK CRYSTAL GUITAR PHONE CHARM,1,2019-05-14 18:27:00,1.23,15546.0,Switzerland
536785,85123A,  WHITE HANGING HEART T-LIGHT HOLDER  ,2,05/05/2019 13:38,2.31,14753.0,France
536597,85123A,WHITE HANGING HEART T-LIGHT HOLDER,18,2019-05-05 17:13:00,2.51,16256.0,germany
537531,22960,JAM MAKING SET WITH JARS,3,2019-03-19 07:29:00,4.53,12756.0,Belgium
C536266,84406B,cream cupid hearts coat hanger,-11,2019-07-26 03:42:00,2.53,15725.0,Australia
536710,22423,REGENCY CAKESTAND 3 TIER,15,2019-08-07 15:24:00,12.15,14872.0,United Kingdom
536394,85123A,WHITE HANGING HEART T-LIGHT HOLDER,12,28/02/2019 07:35,2.5,14739.0,Australia
536558,21755,  LOVE BUILDING BLOCK WORD  ,7,07-01-2019,5.5,15744.0,netherlands
537635,84406B,CREAM CUPID HEARTS COAT HANGER,7,2019-12-06 17:30:00,2.9,15358.0,australia
536499,21755,love building block word,12,2019-01-24 20:40:00,6.33,14469.0,Portugal
536516,22752,  SET 7 BABUSHKA NESTING BOXES  ,15,24/12/2019 11:02,7.11,18076.0,Australia
537470,22960,JAM MAKING SET WITH JARS,15,2019-04-03 12:04:00,5.39,12564.0,Portugal
537002,22752,SET 7 BABUSHKA NESTING BOXES,15,05-04-2019,7.12,17190.0,Portugal
537205,85123A,white hanging heart t-light holder,15,27/06/2019 03:08,2.63,16171.0,France
537243,84879,ASSORTED COLOUR BIRD ORNAMENT,9,2019-03-04 09:11:00,1.78,12495.0,france
537421,21755,love building block word,19,01-27-2019,5.52,17379.0,  Netherlands  
537017,85123A,WHITE HANGING HEART T-LIGHT HOLDER,13,05-29-2019,2.74,13314.0,United Kingdom
536149,22423,REGENCY CAKESTAND 3 TIER,11,05-04-2019,12.21,14036.0,Belgium
537599,21755,love building block word,13,2019-01-10 22:29:00,6.03,18178.0,Netherlands
536534,22752,SET 7 BABUSHKA NESTING BOXES,13,2019-06-03 00:25:00,7.21,14694.0,Switzerland
537205,22960,JAM MAKING SET WITH JARS,6,03-27-2019,5.38,17823.0,United Kingdom
536189,85123A,white hanging heart t-light holder,14,08-07-2019,2.74,17850.0,Belgium
536544,22752,SET 7 BABUSHKA NESTING BOXES,3,13/01/2019 12:08,7.78,17849.0,Switzerland
536048,71270,PINK CRYSTAL GUITAR PHONE CHARM,10,2019-07-08 02:31:00,1.26,12476.0,EIRE
536721,84879,ASSORTED COLOUR BIRD ORNAMENT,19,20/03/2019 08:15,1.56,14129.0,  France  
537157,22752,SET 7 BABUSHKA NESTING BOXES,17,2019-03-20 04:05:00,7.62,14061.0,Switzerland
537485,71053,WHITE METAL LANTERN,11,2019-03-20 05:34:00,3.66,12885.0,Spain
536731,71270,PINK CRYSTAL GUITAR PHONE CHARM,13,2019-01-30 16:13:00,1.31,,  Germany  
536653,22960,JAM MAKING SET WITH JARS,3,13/02/2019 12:10,4.73,17808.0,France
537253,21755,LOVE BUILDING BLOCK WORD,17,2019-08-24 09:23:00,5.42,17785.0,Portugal
537284,85123A,  WHITE HANGING HEART T-LIGHT HOLDER  ,16,2019-06-28 05:49:00,2.68,13903.0,Germany
536057,22423,REGENCY CAKESTAND 3 TIER,15,12-24-2019,12.85,14405.0,  Portugal  
537379,84406B,CREAM CUPID HEARTS COAT HANGER,15,03-28-2019,3.01,15258.0,United Kingdom
536528,84406B,cream cupid hearts coat hanger,9,2019-06-17 03:37:00,2.66,15814.0,Switzerland
536713,71270,PINK CRYSTAL GUITAR PHONE CHARM,8,2019-09-03 21:33:00,1.22,17795.0,Spain
536512,21755,  LOVE BUILDING BLOCK WORD  ,18,2019-10-07 19:18:00,6.23,14063.0,Switzerland
537011,22752,SET 7 BABUSHKA NESTING BOXES,7,2019-03-16 20:53:00,8.11,13396.0,Netherlands
536156,71053,  WHITE METAL LANTERN  ,10,2019-05-31 09:47:00,3.48,16377.0,  Switzerland  
537439,22752,  SET 7 BABUSHKA NESTING BOXES  ,9,2019-09-25 02:59:00,7.88,15111.0,Belgium
537304,22960,JAM MAKING SET WITH JARS,17,2019-12-08 00:48:00,4.77,14331.0,Belgium
537478,71053,WHITE METAL LANTERN,3,2019-12-25 11:11:00,3.51,,Netherlands
536995,21730,GLASS STAR FROSTED T-LIGHT HOLDER,4,18/05/2019 03:24,4.36,,Spain
536894,21730,glass star frosted t-light holder,7,01-11-2019,4.16,16297.0,EIRE
537043,22423,regency cakestand 3 tier,10,2019-07-01 02:29:00,12.31,13707.0,France
536447,85123A,WHITE HANGING HEART T-LIGHT HOLDER,16,06/08/2019 03:29,2.46,15257.0,  Australia  
536224,84879,ASSORTED COLOUR BIRD ORNAMENT,16,12-11-2019,1.53,17906.0,Portugal
537637,71053,WHITE METAL LANTERN,9,08/01/2019 09:54,3.05,17806.0,  France  
536548,71053,white metal lantern,9,2019-06-01 23:15:00,3.56,12428.0,Australia
537648,22752,SET 7 BABUSHKA NESTING BOXES,2,2019-11-11 09:33:00,7.42,,Australia
537022,21730,  GLASS STAR FROSTED T-LIGHT HOLDER  ,14,2019-03-08 12:10:00,3.91,16520.0,Germany
537433,71270,pink crystal guitar phone charm,11,2019-12-06 09:26:00,1.19,12414.0,Australia
537181,84879,assorted colour bird ornament,11,11-22-2019,1.8,15066.0,United Kingdom
537625,22960,JAM MAKING SET WITH JARS,18,01/09/2019 13:58,4.53,16434.0,Australia
537226,22960,jam making set with jars,11,2019-11-28 00:49:00,5.19,16886.0,EIRE
537424,84879,ASSORTED COLOUR BIRD ORNAMENT,10,2019-03-12 02:13:00,1.75,14962.0,australia
537210,85123A,WHITE HANGING HEART T-LIGHT HOLDER,19,2019-08-14 22:41:00,2.62,16294.0,portugal
536262,84406B,CREAM CUPID HEARTS COAT HANGER,16,01-13-2019,2.83,12746.0,Switzerland
536266,84406B,CREAM CUPID HEARTS COAT HANGER,11,20/03/2019 15:32,2.86,16860.0,EIRE
536253,84879,  ASSORTED COLOUR BIRD ORNAMENT  ,8,09-03-2019,1.83,14989.0,spain
537656,21755,love building block word,3,2019-04-12 00:45:00,5.72,13560.0,Spain
537040,84879,  ASSORTED COLOUR BIRD ORNAMENT  ,17,29/06/2019 00:00,1.59,18166.0,france
537149,22960,JAM MAKING SET WITH JARS,5,2019-04-16 05:58:00,5.09,15862.0,Belgium
536742,84406B,  CREAM CUPID HEARTS COAT HANGER  ,12,2019-10-13 10:21:00,2.7,,France
536406,71270,PINK CRYSTAL GUITAR PHONE CHARM,14,09-16-2019,1.27,14080.0,Netherlands
536869,84406B,CREAM CUPID HEARTS COAT HANGER,5,12/07/2019 22:01,2.98,17976.0,Spain
537251,21755,LOVE BUILDING BLOCK WORD,8,06-11-2019,6.38,16606.0,EIRE
536427,22960,JAM MAKING SET WITH JARS,5,2019-05-12 20:59:00,4.93,18125.0,Netherlands
536687,84879,ASSORTED COLOUR BIRD ORNAMENT,14,2019-01-26 16:30:00,1.8,16816.0,  France  
536428,84406B,CREAM CUPID HEARTS COAT HANGER,7,01-29-2019,2.93,16950.0,  Spain  
537517,21755,love building block word,1,01-08-2019,5.78,,Australia
536932,21755,LOVE BUILDING BLOCK WORD,13,2019-04-21 15:32:00,6.06,13260.0,belgium
536782,84406B,CREAM CUPID HEARTS COAT HANGER,5,09/05/2019 15:06,2.48,14802.0,Portugal
536402,22423,REGENCY CAKESTAND 3 TIER,8,02/11/2019 04:17,12.5,18130.0,Spain
537395,21755,LOVE BUILDING BLOCK WORD,14,2019-05-23 21:17:00,6.12,16116.0,  Belgium  
537665,71270,PINK CRYSTAL GUITAR PHONE CHARM,13,06-09-2019,1.23,16844.0,Belgium
537085,71053,WHITE METAL LANTERN,17,2019-10-31 14:35:00,3.35,15905.0,Germany
536091,21730,  GLASS STAR FROSTED T-LIGHT HOLDER  ,1,15/06/2019 19:08,4.11,13143.0,portugal
537596,22960,JAM MAKING SET WITH JARS,3,26/12/2019 23:42,5.09,18140.0,Portugal
536148,21755,LOVE BUILDING BLOCK WORD,5,09/09/2019 07:55,6.36,18007.0,belgium
536794,22752,  SET 7 BABUSHKA NESTING BOXES  ,19,2019-01-30 22:00:00,7.64,17300.0,  EIRE  
537418,22960,JAM MAKING SET WITH JARS,3,2019-01-05 21:53:00,4.47,12540.0,France
536488,84879,assorted colour bird ornament,12,12/06/2019 13:18,1.69,17906.0,France
537298,22423,REGENCY CAKESTAND 3 TIER,2,16/06/2019 16:39,12.02,13434.0,germany
536053,71053,WHITE METAL LANTERN,12,11/06/2019 00:06,3.63,,Netherlands
536246,22960,JAM MAKING SET WITH JARS,3,2019-04-29 05:57:00,4.47,16392.0,Australia
536359,84406B,CREAM CUPID HEARTS COAT HANGER,5,2019-04-13 00:04:00,2.93,14986.0,Belgium
537258,22960,JAM MAKING SET WITH JARS,9,09/04/2019 11:03,5.1,18093.0,France
536572,21730,  GLASS STAR FROSTED T-LIGHT HOLDER  ,9,2019-02-21 05:26:00,4.12,14838.0,netherlands
536129,71053,WHITE METAL LANTERN,6,2019-05-14 03:08:00,3.24,,  Spain  
537465,22752,SET 7 BABUSHKA NESTING BOXES,4,05/11/2019 20:32,8.41,17282.0,united kingdom
536001,85123A,WHITE HANGING HEART T-LIGHT HOLDER,11,2019-11-10 19:51:00,2.33,13990.0,Belgium
536245,71053,WHITE METAL LANTERN,19,02-17-2019,3.2,18228.0,germany
537448,22423,REGENCY CAKESTAND 3 TIER,18,12/11/2019 22:19,12.72,14313.0,Portugal
536818,21755,  LOVE BUILDING BLOCK WORD  ,16,2019-09-13 12:48:00,6.44,16486.0,  Spain  
536817,22960,  JAM MAKING SET WITH JARS  ,12,04/05/2019 23:12,4.51,14376.0,Germany
C536347,21730,  GLASS STAR FROSTED T-LIGHT HOLDER  ,-11,2019-11-19 23:05:00,4.22,13536.0,Switzerland
537576,22960,JAM MAKING SET WITH JARS,19,10/02/2019 18:15,5.24,14163.0,germany
536205,22423,REGENCY CAKESTAND 3 TIER,17,05-01-2019,13.21,14714.0,Netherlands
537631,85123A,WHITE HANGING HEART T-LIGHT HOLDER,5,11-24-2019,2.5,15934.0,France
536071,22423,regency cakestand 3 tier,17,2019-03-30 05:05:00,13.8,14381.0,Spain
537531,21730,GLASS STAR FROSTED T-LIGHT HOLDER,19,10-27-2019,4.19,14346.0,Netherlands
536027,71270,PINK CRYSTAL GUITAR PHONE CHARM,14,02/12/2019 03:10,1.34,18004.0,  Belgium  
537484,71270,,10,2019-08-10 20:00:00,1.23,18038.0,Netherlands
536123,22423,REGENCY CAKESTAND 3 TIER,9,25/09/2019 14:13,11.65,13775.0,France
536398,21730,GLASS STAR FROSTED T-LIGHT HOLDER,19,01/03/2019 07:39,4.56,16571.0,Switzerland
537230,84879,  ASSORTED COLOUR BIRD ORNAMENT  ,8,2019-02-19 13:27:00,1.7,14510.0,France
537335,21755,LOVE BUILDING BLOCK WORD,4,24/04/2019 22:45,6.24,13821.0,Belgium
537131,71053,WHITE METAL LANTERN,8,2019-12-13 15:49:00,3.24,13671.0,belgium
C536886,22960,JAM MAKING SET WITH JARS,-19,2019-11-04 13:08:00,5.34,17701.0,  EIRE  
537577,71053,WHITE METAL LANTERN,12,13/01/2019 18:34,3.56,14109.0,Belgium
536221,84406B,CREAM CUPID HEARTS COAT HANGER,8,2019-07-16 02:32:00,2.79,16877.0,France
C536320,85123A,WHITE HANGING HEART T-LIGHT HOLDER,-19,05-17-2019,2.55,16133.0,Switzerland
537643,22752,,5,18/10/2019 15:49,7.76,14443.0,EIRE
536756,21755,LOVE BUILDING BLOCK WORD,9,2019-11-08 02:49:00,5.78,17669.0,France
536139,71053,WHITE METAL LANTERN,14,21/01/2019 21:02,3.35,13458.0,Netherlands
536269,84406B,CREAM CUPID HEARTS COAT HANGER,13,2019-03-03 10:32:00,2.74,13759.0,  Germany  
537250,22960,JAM MAKING SET WITH JARS,9,2019-10-16 03:40:00,4.89,13381.0,eire
536797,84879,assorted colour bird ornament,13,2019-06-12 05:53:00,1.71,16345.0,Portugal
536262,21730,  GLASS STAR FROSTED T-LIGHT HOLDER  ,7,25/05/2019 04:28,3.93,15214.0,eire
537448,84879,assorted colour bird ornament,3,02-23-2019,1.54,14660.0,Belgium
536233,21730,glass star frosted t-light holder,19,2019-08-11 01:28:00,4.24,15026.0,Netherlands
537565,84879,ASSORTED COLOUR BIRD ORNAMENT,6,29/05/2019 16:41,1.57,16037.0,United Kingdom
536739,84406B,cream cupid hearts coat hanger,1,05-22-2019,2.9,17166.0,EIRE
537273,84406B,CREAM CUPID HEARTS COAT HANGER,4,02/09/2019 20:45,2.91,15359.0,australia
537039,84406B,CREAM CUPID HEARTS COAT HANGER,5,2019-03-02 17:35:00,2.59,15541.0,france
536247,71053,WHITE METAL LANTERN,11,04-04-2019,3.18,13533.0,Belgium
537542,21755,love building block word,8,29/05/2019 13:45,6.5,15255.0,  Netherlands  
536820,71270,PINK CRYSTAL GUITAR PHONE CHARM,4,26/12/2019 20:02,1.26,15214.0,EIRE
536856,84879,ASSORTED COLOUR BIRD ORNAMENT,12,2019-06-10 04:30:00,1.64,14163.0,  Germany  
536280,84879,ASSORTED COLOUR BIRD ORNAMENT,7,2019-04-11 14:02:00,1.64,17477.0,Netherlands
536396,22752,SET 7 BABUSHKA NESTING BOXES,8,2019-05-28 01:33:00,8.4,17787.0,Australia
536064,71270,PINK CRYSTAL GUITAR PHONE CHARM,12,2019-11-24 18:33:00,1.17,18258.0,Portugal
537155,22960,jam making set with jars,3,2019-03-15 08:36:00,5.36,14694.0,Spain
536480,22960,JAM MAKING SET WITH JARS,2,06/05/2019 17:52,5.36,,australia
536536,21730,GLASS STAR FROSTED T-LIGHT HOLDER,3,2019-07-10 14:22:00,4.6,16170.0,EIRE
536289,21755,  LOVE BUILDING BLOCK WORD  ,11,2019-05-17 13:15:00,5.84,16439.0,Spain
537059,84879,  ASSORTED COLOUR BIRD ORNAMENT  ,13,28/08/2019 03:39,1.69,17148.0,france
536381,22960,JAM MAKING SET WITH JARS,13,12-12-2019,5.24,16770.0,Australia
537613,22960,JAM MAKING SET WITH JARS,17,2019-02-12 14:38:00,5.41,16937.0,France
536109,22423,REGENCY CAKESTAND 3 TIER,12,2019-08-14 00:55:00,11.49,17904.0,Belgium
537599,84879,ASSORTED COLOUR BIRD ORNAMENT,8,07-05-2019,1.8,13612.0,Spain
536955,71053,white metal lantern,16,26/04/2019 09:34,3.56,16416.0,EIRE
537572,84406B,CREAM CUPID HEARTS COAT HANGER,15,05/04/2019 03:21,2.54,16151.0,Belgium
537450,84406B,CREAM CUPID HEARTS COAT HANGER,17,2019-01-14 11:47:00,2.89,17992.0,France
537199,22960,JAM MAKING SET WITH JARS,9,2019-09-03 17:42:00,5.34,18102.0,France
537267,84879,ASSORTED COLOUR BIRD ORNAMENT,12,22/04/2019 06:35,1.75,14865.0,  Spain  
536792,22423,  REGENCY CAKESTAND 3 TIER  ,12,2019-06-16 13:41:00,13.07,16455.0,Germany
536904,84406B,CREAM CUPID HEARTS COAT HANGER,12,2019-10-26 16:11:00,2.85,13146.0,spain
536177,22423,regency cakestand 3 tier,8,24/12/2019 08:08,12.46,14375.0,EIRE
537152,21730,GLASS STAR FROSTED T-LIGHT HOLDER,8,12-20-2019,3.83,17853.0,United Kingdom
537263,21755,LOVE BUILDING BLOCK WORD,3,2019-02-08 17:47:00,5.65,13394.0,EIRE
536961,22423,  REGENCY CAKESTAND 3 TIER  ,17,2019-05-03 10:16:00,11.6,16578.0,Portugal
537552,21730,glass star frosted t-light holder,4,19/11/2019 05:27,4.51,14899.0,Switzerland
537137,85123A,WHITE HANGING HEART T-LIGHT HOLDER,4,12/10/2019 08:00,2.49,15894.0,Germany
536674,71270,PINK CRYSTAL GUITAR PHONE CHARM,9,22/02/2019 08:08,1.15,16739.0,United Kingdom
537190,22752,SET 7 BABUSHKA NESTING BOXES,7,06-02-2019,7.45,15266.0,Spain
536724,84406B,  CREAM CUPID HEARTS COAT HANGER  ,3,2019-07-14 03:58:00,2.67,,germany
536955,22960,JAM MAKING SET WITH JARS,17,11-18-2019,5.18,16896.0,EIRE
536826,22423,REGENCY CAKESTAND 3 TIER,17,12-30-2019,12.12,15069.0,  EIRE  
536904,71053,WHITE METAL LANTERN,12,2019-07-08 21:30:00,3.54,13659.0,france
537227,22423,REGENCY CAKESTAND 3 TIER,3,01/03/2019 16:10,13.37,13952.0,france
536633,22752,  SET 7 BABUSHKA NESTING BOXES  ,18,09-09-2019,8.39,13176.0,  United Kingdom  
537107,84406B,  CREAM CUPID HEARTS COAT HANGER  ,19,2019-03-11 21:41:00,2.83,13514.0,Australia
537252,21755,LOVE BUILDING BLOCK WORD,4,2019-11-13 20:18:00,5.61,13404.0,united kingdom
537107,21730,GLASS STAR FROSTED T-LIGHT HOLDER,13,11/04/2019 00:15,3.99,17894.0,France
C537490,71270,PINK CRYSTAL GUITAR PHONE CHARM,-9,11-27-2019,1.21,14192.0,United Kingdom
536941,84406B,CREAM CUPID HEARTS COAT HANGER,10,2019-07-22 23:01:00,3.02,17147.0,  Portugal  
536672,84879,  ASSORTED COLOUR BIRD ORNAMENT  ,3,2019-01-11 10:10:00,1.85,13523.0,Netherlands
537017,22752,SET 7 BABUSHKA NESTING BOXES,7,18/09/2019 19:07,7.11,15047.0,United Kingdom
536437,21730,,5,06-12-2019,4.51,,Portugal
537122,21755,love building block word,1,2019-04-03 10:42:00,5.51,14059.0,Netherlands
536679,84406B,CREAM CUPID HEARTS COAT HANGER,17,04/10/2019 05:47,2.59,13904.0,  EIRE  
537440,84406B,CREAM CUPID HEARTS COAT HANGER,7,2019-12-27 15:03:00,2.77,16457.0,Germany
536157,22423,REGENCY CAKESTAND 3 TIER,11,23/12/2019 07:35,11.53,13011.0,Germany
536559,84879,assorted colour bird ornament,6,15/01/2019 15:02,1.73,14622.0,Portugal
537313,71270,  PINK CRYSTAL GUITAR PHONE CHARM  ,6,09/04/2019 16:58,1.14,16968.0,France
536928,22960,JAM MAKING SET WITH JARS,17,2019-05-13 11:29:00,5.35,12711.0,Germany
537619,71270,PINK CRYSTAL GUITAR PHONE CHARM,12,10-21-2019,1.13,14372.0,Switzerland
536108,84879,  ASSORTED COLOUR BIRD ORNAMENT  ,5,2019-10-04 18:07:00,1.71,15509.0,france
537276,71270,PINK CRYSTAL GUITAR PHONE CHARM,7,2019-04-27 09:58:00,1.31,17017.0,netherlands
536977,84406B,  CREAM CUPID HEARTS COAT HANGER  ,19,2019-03-24 20:04:00,2.54,17682.0,Australia
C537127,22423,REGENCY CAKESTAND 3 TIER,-5,08-08-2019,11.73,15340.0,Germany
536337,21730,GLASS STAR FROSTED T-LIGHT HOLDER,7,2019-06-10 22:47:00,4.43,13420.0,Belgium
536925,21755,LOVE BUILDING BLOCK WORD,17,11-21-2019,5.47,17659.0,Belgium
536046,21730,glass star frosted t-light holder,4,2019-12-10 01:04:00,4.6,16101.0,france
536134,85123A,white hanging heart t-light holder,9,2019-09-13 06:04:00,2.52,,Switzerland
537528,71053,WHITE METAL LANTERN,6,12-21-2019,3.52,14575.0,  Spain  
536158,84406B,CREAM CUPID HEARTS COAT HANGER,13,2019-09-08 01:33:00,2.63,12406.0,United Kingdom
536476,21755,LOVE BUILDING BLOCK WORD,15,23/04/2019 01:38,5.43,16339.0,Portugal
536778,71053,WHITE METAL LANTERN,2,2019-08-01 20:04:00,3.05,14437.0,France
536994,71053,WHITE METAL LANTERN,18,2019-06-27 08:37:00,3.73,16848.0,Switzerland
537603,84406B,CREAM CUPID HEARTS COAT HANGER,12,07-29-2019,2.54,12899.0,Netherlands
536817,84406B,  CREAM CUPID HEARTS COAT HANGER  ,5,2019-07-03 16:34:00,2.95,13557.0,united kingdom
537149,84406B,CREAM CUPID HEARTS COAT HANGER,3,2019-12-05 10:33:00,2.82,15922.0,portugal
537311,22960,  JAM MAKING SET WITH JARS  ,11,30/08/2019 18:11,4.99,17662.0,Belgium
536151,84879,ASSORTED COLOUR BIRD ORNAMENT,15,2019-11-05 19:54:00,1.6,15101.0,netherlands
537135,22423,REGENCY CAKESTAND 3 TIER,1,11-17-2019,13.04,15756.0,  EIRE  
537390,85123A,WHITE HANGING HEART T-LIGHT HOLDER,8,2019-11-09 22:54:00,2.7,12710.0,France
536409,84406B,  CREAM CUPID HEARTS COAT HANGER  ,13,19/10/2019 02:53,2.59,13647.0,  Spain  
537521,71053,WHITE METAL LANTERN,11,2019-11-15 20:51:00,3.19,12828.0,EIRE
536353,22752,SET 7 BABUSHKA NESTING BOXES,8,2019-06-18 12:53:00,8.21,16065.0,Belgium
536742,21730,glass star frosted t-light holder,19,2019-11-29 09:45:00,4.03,12819.0,Portugal
536405,84879,ASSORTED COLOUR BIRD ORNAMENT,13,07/08/2019 07:02,1.56,14713.0,france
537059,22423,REGENCY CAKESTAND 3 TIER,7,11/03/2019 15:54,12.12,15205.0,France
537364,84879,  ASSORTED COLOUR BIRD ORNAMENT  ,17,2019-05-31 15:30:00,1.74,13132.0,Portugal
536786,21755,love building block word,12,2019-12-08 18:31:00,5.9,13487.0,Netherlands
536187,22960,JAM MAKING SET WITH JARS,8,2019-09-12 06:17:00,4.65,14171.0,Belgium
537482,22960,  JAM MAKING SET WITH JARS  ,10,06/06/2019 09:23,4.67,16628.0,Germany
536811,22960,JAM MAKING SET WITH JARS,1,2019-05-03 14:55:00,4.63,13984.0,Belgium
536069,84879,  ASSORTED COLOUR BIRD ORNAMENT  ,17,2019-08-15 14:39:00,1.61,13446.0,Netherlands
536444,21730,GLASS STAR FROSTED T-LIGHT HOLDER,14,09/04/2019 19:54,4.39,13751.0,France
536396,85123A,WHITE HANGING HEART T-LIGHT HOLDER,7,2019-10-25 22:10:00,2.54,13606.0,Netherlands
537347,71270,PINK CRYSTAL GUITAR PHONE CHARM,5,20/12/2019 19:00,1.36,16967.0,United Kingdom
537585,21730,GLASS STAR FROSTED T-LIGHT HOLDER,1,05-20-2019,4.53,14680.0,  Switzerland  
537124,71053,WHITE METAL LANTERN,10,2019-11-26 04:30:00,3.72,13371.0,  Switzerland  
537655,21730,glass star frosted t-light holder,2,2019-08-29 21:00:00,4.26,15874.0,Australia
537282,71270,PINK CRYSTAL GUITAR PHONE CHARM,12,2019-08-28 11:16:00,1.16,,France
536412,22423,REGENCY CAKESTAND 3 TIER,11,2019-01-18 14:17:00,13.52,15162.0,switzerland
536722,22960,JAM MAKING SET WITH JARS,19,05-15-2019,4.64,15150.0,Switzerland
536901,21755,LOVE BUILDING BLOCK WORD,6,30/08/2019 02:26,6.19,16068.0,United Kingdom
537537,22752,SET 7 BABUSHKA NESTING BOXES,9,03-15-2019,7.41,,Australia
537460,84879,ASSORTED COLOUR BIRD ORNAMENT,9,16/10/2019 14:55,1.69,15917.0,Spain
536884,71053,WHITE METAL LANTERN,17,06/07/2019 14:01,3.15,12616.0,  EIRE  
537661,71053,WHITE METAL LANTERN,9,01-15-2019,3.12,17434.0,EIRE
536062,71270,PINK CRYSTAL GUITAR PHONE CHARM,5,2019-11-12 16:23:00,1.24,14326.0,france
536562,85123A,  WHITE HANGING HEART T-LIGHT HOLDER  ,15,06-25-2019,2.76,17352.0,United Kingdom
536375,22752,  SET 7 BABUSHKA NESTING BOXES  ,1,10-09-2019,7.58,17023.0,Spain
537120,71053,  WHITE METAL LANTERN  ,17,19/02/2019 09:55,3.09,15660.0,Belgium
536714,22423,REGENCY CAKESTAND 3 TIER,16,2019-06-11 22:49:00,12.5,13564.0,  Netherlands  
536486,22423,REGENCY CAKESTAND 3 TIER,17,2019-11-19 11:21:00,12.78,12794.0,Germany
537466,22423,REGENCY CAKESTAND 3 TIER,11,2019-04-29 04:15:00,12.08,13218.0,Germany
537210,84879,  ASSORTED COLOUR BIRD ORNAMENT  ,6,07-29-2019,1.62,15477.0,Portugal
537646,85123A,WHITE HANGING HEART T-LIGHT HOLDER,4,2019-12-15 09:55:00,2.76,13402.0,Belgium
537328,71053,WHITE METAL LANTERN,18,19/11/2019 17:35,3.44,13961.0,Germany
537370,85123A,WHITE HANGING HEART T-LIGHT HOLDER,3,20/04/2019 18:23,2.44,15180.0,Switzerland
537165,84879,  ASSORTED COLOUR BIRD ORNAMENT  ,16,2019-02-08 17:24:00,1.6,14316.0,  United Kingdom  
537617,71053,white metal lantern,11,2019-10-03 19:46:00,3.63,17267.0,Germany
536240,21730,GLASS STAR FROSTED T-LIGHT HOLDER,3,2019-03-12 03:31:00,3.93,17595.0,Australia
537614,22752,SET 7 BABUSHKA NESTING BOXES,15,15/06/2019 10:27,7.93,16829.0,Spain
536205,71053,WHITE METAL LANTERN,5,2019-11-25 19:51:00,3.55,14603.0,Netherlands
536833,21755,LOVE BUILDING BLOCK WORD,6,2019-05-14 09:29:00,5.54,13682.0,Australia
536467,71270,PINK CRYSTAL GUITAR PHONE CHARM,9,08-09-2019,1.3,15033.0,Switzerland
537288,22752,SET 7 BABUSHKA NESTING BOXES,13,03/10/2019 18:37,7.74,13682.0,United Kingdom
536576,22423,  REGENCY CAKESTAND 3 TIER  ,7,02-02-2019,13.14,16519.0,Netherlands
537126,71270,PINK CRYSTAL GUITAR PHONE CHARM,12,01-09-2019,1.33,15593.0,  France  
536683,21730,GLASS STAR FROSTED T-LIGHT HOLDER,1,06/11/2019 06:13,4.66,16516.0,  Netherlands  
537183,71270,PINK CRYSTAL GUITAR PHONE CHARM,11,2019-12-20 20:58:00,1.35,15076.0,switzerland
537600,22960,JAM MAKING SET WITH JARS,15,2019-07-24 07:13:00,4.98,14126.0,  Belgium  
536018,84879,,3,2019-07-27 22:15:00,1.56,12826.0,EIRE
536106,84879,ASSORTED COLOUR BIRD ORNAMENT,8,21/06/2019 03:04,1.72,16234.0,EIRE
536266,71270,PINK CRYSTAL GUITAR PHONE CHARM,15,10-24-2019,1.36,,Belgium
537128,71053,  WHITE METAL LANTERN  ,15,03-26-2019,3.66,17608.0,  Australia  
537396,21730,GLASS STAR FROSTED T-LIGHT HOLDER,7,21/06/2019 14:30,4.4,13779.0,spain
537281,84879,ASSORTED COLOUR BIRD ORNAMENT,18,10/11/2019 17:43,1.63,14038.0,EIRE
537340,22423,REGENCY CAKESTAND 3 TIER,4,10/05/2019 16:42,13.26,12582.0,  Portugal  
537342,71270,  PINK CRYSTAL GUITAR PHONE CHARM  ,17,31/08/2019 20:11,1.35,13350.0,Netherlands
537650,21755,  LOVE BUILDING BLOCK WORD  ,2,17/08/2019 03:42,6.19,15635.0,Belgium
536217,22752,SET 7 BABUSHKA NESTING BOXES,1,18/06/2019 14:44,7.11,17121.0,France
537366,84406B,CREAM CUPID HEARTS COAT HANGER,8,2019-11-08 13:06:00,2.8,14317.0,Netherlands
536678,21755,  LOVE BUILDING BLOCK WORD  ,12,03/12/2019 06:08,6.05,18182.0,France
536960,71270,PINK CRYSTAL GUITAR PHONE CHARM,18,2019-11-03 01:49:00,1.32,13714.0,Switzerland
537403,22423,REGENCY CAKESTAND 3 TIER,16,2019-09-02 06:06:00,11.89,14677.0,Germany
537629,22752,  SET 7 BABUSHKA NESTING BOXES  ,1,2019-05-04 19:18:00,8.25,,United Kingdom
536070,22423,REGENCY CAKESTAND 3 TIER,1,11/05/2019 12:29,13.5,14888.0,Spain
536387,22752,set 7 babushka nesting boxes,3,2019-08-31 10:00:00,7.08,17048.0,Portugal
536676,84406B,CREAM CUPID HEARTS COAT HANGER,12,03-28-2019,2.66,14338.0,Switzerland
536445,84879,  ASSORTED COLOUR BIRD ORNAMENT  ,7,2019-08-13 20:50:00,1.54,16556.0,Netherlands
536715,71270,PINK CRYSTAL GUITAR PHONE CHARM,10,2019-01-09 12:35:00,1.28,,united kingdom
537374,71270,pink crystal guitar phone charm,11,07/06/2019 02:37,1.29,14556.0,France
536577,71270,PINK CRYSTAL GUITAR PHONE CHARM,7,2019-05-05 06:15:00,1.17,15412.0,Australia
537318,22752,  SET 7 BABUSHKA NESTING BOXES  ,10,2019-09-11 00:36:00,7.53,17095.0,Switzerland
537336,85123A,WHITE HANGING HEART T-LIGHT HOLDER,19,2019-10-05 04:34:00,2.55,12533.0,France
536754,71270,PINK CRYSTAL GUITAR PHONE CHARM,13,12/03/2019 00:47,1.37,14959.0,Portugal
537046,22423,REGENCY CAKESTAND 3 TIER,12,21/06/2019 22:28,12.76,17873.0,Spain
537279,84406B,cream cupid hearts coat hanger,9,2019-01-19 03:52:00,2.63,16598.0,Netherlands
536473,84879,ASSORTED COLOUR BIRD ORNAMENT,17,2019-11-12 04:09:00,1.65,16785.0,  Netherlands  
536985,22423,REGENCY CAKESTAND 3 TIER,5,2019-01-17 03:02:00,11.7,17947.0,France
537455,22423,REGENCY CAKESTAND 3 TIER,16,20/12/2019 22:56,12.11,14842.0,France
536864,71270,PINK CRYSTAL GUITAR PHONE CHARM,3,18/04/2019 17:25,1.19,17638.0,Switzerland
536964,71053,WHITE METAL LANTERN,9,2019-03-22 19:58:00,3.45,13533.0,Australia
537652,22423,  REGENCY CAKESTAND 3 TIER  ,13,06-13-2019,12.25,14866.0,switzerland
537076,22423,REGENCY CAKESTAND 3 TIER,11,2019-07-07 04:18:00,13.83,13476.0,france
537037,71053,WHITE METAL LANTERN,10,2019-05-05 16:00:00,3.16,15178.0,Belgium
536544,85123A,WHITE HANGING HEART T-LIGHT HOLDER,10,17/04/2019 06:34,2.34,14865.0,Australia
536316,71053,  WHITE METAL LANTERN  ,1,2019-01-29 07:29:00,3.19,15355.0,Germany
536582,22423,  REGENCY CAKESTAND 3 TIER  ,7,2019-03-12 14:20:00,13.08,17109.0,United Kingdom
536693,22752,SET 7 BABUSHKA NESTING BOXES,17,11-08-2019,7.21,12420.0,  Netherlands  
536567,22960,JAM MAKING SET WITH JARS,9,2019-10-05 04:01:00,5.24,16105.0,France
536912,22960,JAM MAKING SET WITH JARS,7,01-01-2019,5.2,,australia
537228,22752,set 7 babushka nesting boxes,12,2019-11-07 18:33:00,7.66,14129.0,Netherlands
537404,85123A,  WHITE HANGING HEART T-LIGHT HOLDER  ,5,2019-07-05 00:34:00,2.68,16960.0,Portugal
537483,84406B,  CREAM CUPID HEARTS COAT HANGER  ,18,05/12/2019 00:58,2.68,13089.0,Switzerland
536369,71053,WHITE METAL LANTERN,5,17/12/2019 07:23,3.07,17126.0,Australia
536208,71053,WHITE METAL LANTERN,1,10-10-2019,3.51,,Portugal
536124,22752,SET 7 BABUSHKA NESTING BOXES,18,2019-09-19 01:26:00,7.61,17105.0,Portugal
537188,22752,  SET 7 BABUSHKA NESTING BOXES  ,14,2019-12-24 19:58:00,7.83,,Portugal
536792,71053,WHITE METAL LANTERN,5,20/06/2019 04:13,3.6,15472.0,Australia
536445,71053,WHITE METAL LANTERN,13,2019-06-23 21:55:00,3.19,14810.0,Switzerland
536062,71270,  PINK CRYSTAL GUITAR PHONE CHARM  ,15,07-13-2019,1.34,13706.0,EIRE
536374,22423,regency cakestand 3 tier,10,2019-03-21 20:32:00,12.73,12884.0,Switzerland
536704,22423,regency cakestand 3 tier,3,03/07/2019 04:44,13.96,15329.0,united kingdom
536912,22752,SET 7 BABUSHKA NESTING BOXES,18,2019-08-26 23:03:00,8.35,15982.0,Portugal
536073,85123A,WHITE HANGING HEART T-LIGHT HOLDER,4,2019-05-13 09:27:00,2.49,16914.0,Germany
537067,22752,SET 7 BABUSHKA NESTING BOXES,1,16/11/2019 04:57,7.29,15563.0,EIRE
536101,21730,GLASS STAR FROSTED T-LIGHT HOLDER,1,2019-08-07 21:28:00,4.01,16941.0,  Belgium  
537400,84879,ASSORTED COLOUR BIRD ORNAMENT,3,2019-04-19 14:59:00,1.83,15831.0,United Kingdom
537610,84406B,CREAM CUPID HEARTS COAT HANGER,19,10/01/2019 21:54,2.48,13277.0,united kingdom
537083,22423,  REGENCY CAKESTAND 3 TIER  ,9,2019-07-02 14:02:00,12.95,13674.0,Spain
536579,84406B,  CREAM CUPID HEARTS COAT HANGER  ,6,21/02/2019 08:45,2.78,13787.0,Australia
536142,22960,jam making set with jars,17,2019-07-08 18:54:00,4.74,15914.0,EIRE
537095,84879,assorted colour bird ornament,8,2019-06-13 23:08:00,1.53,,Germany
537633,21755,love building block word,2,28/08/2019 22:51,6.03,15228.0,Australia
536446,71270,PINK CRYSTAL GUITAR PHONE CHARM,13,12/10/2019 21:42,1.29,14102.0,Australia
537455,84406B,CREAM CUPID HEARTS COAT HANGER,15,17/12/2019 23:06,2.59,15284.0,France
536773,22960,  JAM MAKING SET WITH JARS  ,17,2019-05-28 07:31:00,4.5,18185.0,Australia
536432,22752,SET 7 BABUSHKA NESTING BOXES,18,2019-09-29 14:36:00,7.76,13581.0,belgium
536930,71053,  WHITE METAL LANTERN  ,14,08-31-2019,3.59,14347.0,Switzerland
537039,21730,  GLASS STAR FROSTED T-LIGHT HOLDER  ,13,04/10/2019 23:11,4.31,14486.0,Spain
536933,85123A,WHITE HANGING HEART T-LIGHT HOLDER,1,06-29-2019,2.38,13798.0,United Kingdom
536390,21755,LOVE BUILDING BLOCK WORD,18,2019-05-05 18:14:00,5.41,14363.0,  Switzerland  
536239,85123A,white hanging heart t-light holder,1,2019-12-03 02:50:00,2.42,17578.0,France
536573,21755,LOVE BUILDING BLOCK WORD,18,20/11/2019 10:12,6.49,16526.0,france
536731,71270,  PINK CRYSTAL GUITAR PHONE CHARM  ,9,21/04/2019 20:47,1.32,,France
537145,21755,LOVE BUILDING BLOCK WORD,4,2019-11-21 14:53:00,6.04,15469.0,Netherlands
537436,84406B,  CREAM CUPID HEARTS COAT HANGER  ,5,03/06/2019 02:41,2.81,12844.0,  Belgium  
536061,84879,ASSORTED COLOUR BIRD ORNAMENT,3,2019-10-11 01:27:00,1.65,17679.0,Belgium
537211,21755,LOVE BUILDING BLOCK WORD,16,12-02-2019,6.52,16571.0,  Portugal  
536784,84879,assorted colour bird ornament,8,2019-08-22 12:39:00,1.77,14919.0,Australia
536363,21755,LOVE BUILDING BLOCK WORD,5,2019-12-06 15:49:00,6.0,17644.0,Australia
536841,22752,SET 7 BABUSHKA NESTING BOXES,19,2019-06-04 22:28:00,8.06,17812.0,portugal
536216,22752,set 7 babushka nesting boxes,8,10/07/2019 10:57,7.91,16538.0,Switzerland
536919,21730,GLASS STAR FROSTED T-LIGHT HOLDER,10,2019-03-02 13:16:00,4.21,14740.0,Portugal
537520,22960,JAM MAKING SET WITH JARS,4,2019-01-16 16:54:00,5.23,13114.0,Netherlands
537317,84879,  ASSORTED COLOUR BIRD ORNAMENT  ,14,01/09/2019 19:48,1.79,12781.0,  United Kingdom  
537642,84879,ASSORTED COLOUR BIRD ORNAMENT,8,2019-12-12 17:07:00,1.73,,Portugal
536720,71053,WHITE METAL LANTERN,6,2019-03-21 01:22:00,3.72,13482.0,EIRE
536338,22752,SET 7 BABUSHKA NESTING BOXES,19,10-02-2019,7.96,15013.0,netherlands
537469,22960,JAM MAKING SET WITH JARS,4,2019-05-14 23:01:00,4.6,12668.0,portugal
536775,22752,SET 7 BABUSHKA NESTING BOXES,1,07-19-2019,7.6,15687.0,Australia
536511,21730,  GLASS STAR FROSTED T-LIGHT HOLDER  ,14,2019-04-11 07:54:00,4.05,17323.0,france
536909,21755,  LOVE BUILDING BLOCK WORD  ,16,07/04/2019 17:02,6.46,14738.0,Netherlands
537464,84879,ASSORTED COLOUR BIRD ORNAMENT,17,2019-06-08 14:48:00,1.52,13816.0,Spain
536844,21730,GLASS STAR FROSTED T-LIGHT HOLDER,14,09-10-2019,4.4,18019.0,united kingdom
536255,21730,GLASS STAR FROSTED T-LIGHT HOLDER,8,30/11/2019 09:49,4.2,16215.0,Germany
536514,22423,REGENCY CAKESTAND 3 TIER,7,2019-08-30 23:32:00,13.26,,spain
536768,21730,GLASS STAR FROSTED T-LIGHT HOLDER,1,11-27-2019,4.53,,Switzerland
536748,85123A,WHITE HANGING HEART T-LIGHT HOLDER,1,2019-09-21 17:12:00,2.76,14083.0,Belgium
536967,84406B,cream cupid hearts coat hanger,5,30/01/2019 20:34,2.9,15127.0,Germany
536806,71053,white metal lantern,12,18/06/2019 09:41,3.53,13043.0,spain
536286,21730,  GLASS STAR FROSTED T-LIGHT HOLDER  ,6,2019-01-18 00:58:00,3.98,17584.0,EIRE
536303,71270,PINK CRYSTAL GUITAR PHONE CHARM,16,04-06-2019,1.18,15343.0,  Netherlands  
536520,71053,WHITE METAL LANTERN,4,2019-04-04 22:30:00,3.11,16097.0,australia
537664,71053,  WHITE METAL LANTERN  ,14,2019-12-19 17:02:00,3.27,12479.0,EIRE
537145,22423,REGENCY CAKESTAND 3 TIER,11,2019-07-04 15:07:00,0.0,17713.0,Switzerland
536076,71270,PINK CRYSTAL GUITAR PHONE CHARM,2,2019-12-10 07:18:00,1.16,13667.0,Netherlands
536935,71053,  WHITE METAL LANTERN  ,2,02-08-2019,3.22,17299.0,Switzerland
536796,21755,LOVE BUILDING BLOCK WORD,7,03-04-2019,6.12,15220.0,Belgium
537543,84406B,CREAM CUPID HEARTS COAT HANGER,11,2019-04-30 03:13:00,2.7,14127.0,france
537144,21755,LOVE BUILDING BLOCK WORD,1,13/10/2019 14:46,6.43,14201.0,spain
536381,84879,ASSORTED COLOUR BIRD ORNAMENT,4,06-09-2019,1.64,17348.0,Germany
536625,85123A,WHITE HANGING HEART T-LIGHT HOLDER,10,07-28-2019,2.67,14525.0,Spain
537645,21755,LOVE BUILDING BLOCK WORD,8,01/09/2019 02:54,6.31,16575.0,france
536309,21730,GLASS STAR FROSTED T-LIGHT HOLDER,14,2019-10-23 22:25:00,4.51,15841.0,Spain
537606,84879,ASSORTED COLOUR BIRD ORNAMENT,1,2019-03-23 13:00:00,1.66,13188.0,Netherlands
536264,71270,PINK CRYSTAL GUITAR PHONE CHARM,2,19/04/2019 23:40,1.28,16258.0,  Belgium  
536398,71270,PINK CRYSTAL GUITAR PHONE CHARM,6,12-03-2019,1.37,13651.0,netherlands
537569,71053,WHITE METAL LANTERN,13,10-27-2019,3.34,16181.0,Switzerland
536717,21755,LOVE BUILDING BLOCK WORD,13,2019-08-15 02:45:00,5.44,18023.0,Belgium
537322,22960,JAM MAKING SET WITH JARS,8,2019-05-11 05:34:00,5.36,15271.0,Australia
537441,71053,WHITE METAL LANTERN,6,13/01/2019 12:29,3.32,16073.0,Spain
536466,84406B,cream cupid hearts coat hanger,12,2019-11-30 13:40:00,2.48,13784.0,Belgium
536711,84879,ASSORTED COLOUR BIRD ORNAMENT,3,2019-09-29 02:41:00,1.84,13201.0,France
536822,21755,LOVE BUILDING BLOCK WORD,2,30/07/2019 00:00,5.86,14188.0,Switzerland
536565,71270,pink crystal guitar phone charm,13,04/02/2019 10:52,1.25,16153.0,switzerland
537407,22752,set 7 babushka nesting boxes,11,2019-08-04 16:28:00,7.28,12421.0,portugal
536757,21730,glass star frosted t-light holder,3,2019-01-31 05:20:00,4.01,17235.0,netherlands
536381,21730,GLASS STAR FROSTED T-LIGHT HOLDER,16,11-01-2019,3.89,15853.0,United Kingdom
537037,71270,PINK CRYSTAL GUITAR PHONE CHARM,16,07/06/2019 06:41,1.24,14982.0,Portugal
536922,71053,WHITE METAL LANTERN,17,08-15-2019,3.27,14868.0,EIRE
537449,22960,JAM MAKING SET WITH JARS,1,2019-11-15 19:14:00,5.29,15182.0,Germany
537436,22960,  JAM MAKING SET WITH JARS  ,14,2019-07-05 07:26:00,4.97,12738.0,united kingdom
537153,84879,assorted colour bird ornament,3,01-18-2019,1.72,12346.0,Belgium
536468,22423,  REGENCY CAKESTAND 3 TIER  ,1,05/05/2019 17:38,13.02,16016.0,Switzerland
537357,22960,JAM MAKING SET WITH JARS,6,2019-07-23 10:18:00,5.1,16837.0,Spain
536908,22423,REGENCY CAKESTAND 3 TIER,4,2019-09-08 09:40:00,12.27,14528.0,Spain
536990,21755,LOVE BUILDING BLOCK WORD,6,04/10/2019 23:27,5.83,17151.0,  Germany  
536760,71053,white metal lantern,17,11/09/2019 06:10,3.7,14453.0,Belgium
536515,85123A,WHITE HANGING HEART T-LIGHT HOLDER,1,2019-05-22 19:28:00,2.56,,Belgium
536213,84879,ASSORTED COLOUR BIRD ORNAMENT,12,2019-02-12 17:55:00,1.75,13820.0,Netherlands
536615,71270,PINK CRYSTAL GUITAR PHONE CHARM,7,2019-08-18 22:40:00,1.22,13568.0,United Kingdom
537193,22423,REGENCY CAKESTAND 3 TIER,9,15/02/2019 07:32,13.1,14284.0,Germany
537509,71270,PINK CRYSTAL GUITAR PHONE CHARM,6,04-10-2019,1.16,18135.0,Switzerland
536212,71053,WHITE METAL LANTERN,13,04-29-2019,3.7,15606.0,Belgium
537286,84879,ASSORTED COLOUR BIRD ORNAMENT,6,15/02/2019 16:48,1.84,,France
536403,84879,ASSORTED COLOUR BIRD ORNAMENT,2,26/10/2019 02:57,1.52,,Germany
536378,71053,white metal lantern,7,15/09/2019 23:31,3.24,13569.0,france
536823,71053,WHITE METAL LANTERN,16,2019-07-11 04:12:00,3.64,14006.0,EIRE
537256,22423,REGENCY CAKESTAND 3 TIER,4,23/02/2019 13:41,13.07,15176.0,Belgium
537047,22423,REGENCY CAKESTAND 3 TIER,12,19/09/2019 14:34,12.11,14936.0,Spain
536580,22960,JAM MAKING SET WITH JARS,2,2019-03-25 12:54:00,5.01,17408.0,Germany
536395,71270,pink crystal guitar phone charm,4,16/06/2019 18:41,1.18,14515.0,France
536709,21755,love building block word,10,2019-07-28 09:27:00,6.5,12403.0,netherlands
536057,22423,REGENCY CAKESTAND 3 TIER,13,14/06/2019 10:05,12.35,17618.0,Australia
537257,84879,ASSORTED COLOUR BIRD ORNAMENT,5,2019-07-23 13:45:00,1.79,,australia
537346,22423,REGENCY CAKESTAND 3 TIER,8,08-06-2019,12.71,12780.0,Portugal
536313,71053,WHITE METAL LANTERN,19,28/05/2019 02:07,3.27,14209.0,france
536768,84879,ASSORTED COLOUR BIRD ORNAMENT,19,06/01/2019 18:49,1.86,16642.0,Germany
536730,22423,REGENCY CAKESTAND 3 TIER,12,10-25-2019,11.73,13251.0,Belgium
536853,22960,JAM MAKING SET WITH JARS,16,2019-07-08 08:37:00,4.63,16561.0,Spain
537412,84879,ASSORTED COLOUR BIRD ORNAMENT,19,06-03-2019,1.81,17163.0,  Germany  
537588,22960,JAM MAKING SET WITH JARS,11,09-14-2019,4.78,17623.0,EIRE
537044,21755,  LOVE BUILDING BLOCK WORD  ,13,2019-11-16 04:19:00,5.55,15737.0,netherlands
536638,21755,love building block word,9,11-27-2019,6.53,,Australia
537053,22960,  JAM MAKING SET WITH JARS  ,1,09-21-2019,5.23,12436.0,Spain
536226,21730,  GLASS STAR FROSTED T-LIGHT HOLDER  ,5,01-11-2019,3.94,18058.0,  France  
536227,22752,  SET 7 BABUSHKA NESTING BOXES  ,4,2019-11-04 18:49:00,8.02,14174.0,Germany
537174,84406B,CREAM CUPID HEARTS COAT HANGER,16,2019-10-10 22:11:00,2.62,15403.0,Netherlands
536634,21730,GLASS STAR FROSTED T-LIGHT HOLDER,7,2019-06-06 18:26:00,4.59,12699.0,switzerland
537236,21730,glass star frosted t-light holder,2,18/11/2019 08:02,4.18,13987.0,Belgium
537346,22960,  JAM MAKING SET WITH JARS  ,4,2019-06-10 14:58:00,4.7,17668.0,Germany
537543,21730,GLASS STAR FROSTED T-LIGHT HOLDER,14,06/07/2019 15:42,4.65,,eire
C536143,22960,JAM MAKING SET WITH JARS,-10,06-15-2019,4.51,17207.0,  Portugal  
536348,22752,SET 7 BABUSHKA NESTING BOXES,18,2019-08-27 02:29:00,8.12,17780.0,Germany
536920,22423,REGENCY CAKESTAND 3 TIER,12,10-09-2019,13.53,16298.0,  Spain  
536718,21755,love building block word,11,2019-11-02 04:16:00,6.17,17525.0,Switzerland
536877,71053,WHITE METAL LANTERN,3,2019-02-18 16:41:00,3.4,17944.0,United Kingdom
536705,22960,JAM MAKING SET WITH JARS,10,2019-04-22 10:45:00,4.81,13707.0,  Portugal  
536796,71053,WHITE METAL LANTERN,12,2019-08-25 03:30:00,3.12,12754.0,United Kingdom
536881,22752,set 7 babushka nesting boxes,15,21/01/2019 06:16,7.53,16733.0,United Kingdom
537240,22752,SET 7 BABUSHKA NESTING BOXES,17,12-12-2019,7.58,15052.0,EIRE
536678,21730,  GLASS STAR FROSTED T-LIGHT HOLDER  ,11,2019-06-09 18:28:00,3.86,14217.0,EIRE
536950,22423,REGENCY CAKESTAND 3 TIER,15,2019-10-04 03:57:00,12.94,14120.0,Germany
536834,84406B,cream cupid hearts coat hanger,4,2019-06-15 17:24:00,2.65,12810.0,netherlands
C537275,84406B,  CREAM CUPID HEARTS COAT HANGER  ,-5,2019-07-10 09:34:00,2.84,12714.0,  Portugal  
536311,84406B,CREAM CUPID HEARTS COAT HANGER,5,2019-12-17 19:05:00,2.87,17063.0,Spain
536255,71053,  WHITE METAL LANTERN  ,14,2019-04-26 00:23:00,3.36,15501.0,Australia
537037,71270,pink crystal guitar phone charm,14,18/09/2019 12:40,1.3,17897.0,  Portugal  
537105,71053,WHITE METAL LANTERN,7,10/11/2019 05:24,3.16,15510.0,EIRE
536917,21755,LOVE BUILDING BLOCK WORD,15,2019-06-06 19:22:00,5.5,15831.0,belgium
537043,22423,  REGENCY CAKESTAND 3 TIER  ,8,2019-07-04 22:31:00,12.88,16456.0,france
536392,84406B,cream cupid hearts coat hanger,12,06-10-2019,2.97,,Germany
537302,84406B,CREAM CUPID HEARTS COAT HANGER,1,2019-08-29 10:48:00,2.78,16960.0,belgium
536322,71053,white metal lantern,3,01/08/2019 23:58,3.13,16159.0,Spain
536929,84406B,cream cupid hearts coat hanger,3,08-26-2019,2.85,14385.0,germany
536559,71270,pink crystal guitar phone charm,12,25/02/2019 03:42,1.16,16021.0,portugal
537103,22960,  JAM MAKING SET WITH JARS  ,3,12-20-2019,4.76,12817.0,Germany
536382,22960,JAM MAKING SET WITH JARS,13,2019-01-27 12:08:00,5.22,14872.0,Australia
536451,22423,  REGENCY CAKESTAND 3 TIER  ,8,10-06-2019,12.72,,United Kingdom
536510,84406B,CREAM CUPID HEARTS COAT HANGER,2,18/02/2019 16:29,2.68,13395.0,EIRE
537010,22752,SET 7 BABUSHKA NESTING BOXES,19,2019-12-27 07:11:00,8.14,13224.0,  Belgium  
536166,21730,GLASS STAR FROSTED T-LIGHT HOLDER,17,20/10/2019 22:52,4.2,13839.0,  Belgium  
537622,71053,WHITE METAL LANTERN,13,10/06/2019 09:12,3.25,13407.0,Switzerland
537031,71053,WHITE METAL LANTERN,2,2019-04-21 18:43:00,3.64,15575.0,France
536135,71053,white metal lantern,4,06-08-2019,3.33,16748.0,portugal
537550,22752,SET 7 BABUSHKA NESTING BOXES,18,2019-03-28 04:02:00,7.29,17110.0,belgium
536927,71053,  WHITE METAL LANTERN  ,2,2019-12-10 05:46:00,3.59,14059.0,france
536144,21730,glass star frosted t-light holder,15,2019-07-11 20:47:00,4.04,13672.0,Switzerland
536044,22752,  SET 7 BABUSHKA NESTING BOXES  ,15,10-09-2019,7.36,13201.0,Switzerland
C536883,84406B,  CREAM CUPID HEARTS COAT HANGER  ,-14,01/05/2019 20:59,2.89,14549.0,  Switzerland  
537070,22423,REGENCY CAKESTAND 3 TIER,11,2019-07-07 22:18:00,12.52,16700.0,France
537028,71270,  PINK CRYSTAL GUITAR PHONE CHARM  ,16,12-12-2019,1.23,15005.0,Germany
536372,85123A,  WHITE HANGING HEART T-LIGHT HOLDER  ,13,2019-12-09 11:53:00,2.32,13011.0,belgium
536461,22752,SET 7 BABUSHKA NESTING BOXES,6,2019-06-25 08:51:00,7.81,16761.0,United Kingdom
536684,21755,love building block word,13,2019-03-26 05:41:00,6.08,12815.0,United Kingdom
536891,22752,SET 7 BABUSHKA NESTING BOXES,9,25/05/2019 21:04,7.81,13033.0,Portugal
536198,84879,ASSORTED COLOUR BIRD ORNAMENT,17,29/07/2019 03:12,1.72,15031.0,Belgium
537409,22423,  REGENCY CAKESTAND 3 TIER  ,9,30/03/2019 11:06,13.32,15614.0,EIRE
537393,84879,assorted colour bird ornament,11,2019-03-01 15:05:00,1.61,13212.0,EIRE
537015,71053,WHITE METAL LANTERN,3,06-27-2019,3.13,14064.0,Germany
536142,22960,  JAM MAKING SET WITH JARS  ,10,23/03/2019 02:15,5.43,15895.0,Spain
536474,84406B,CREAM CUPID HEARTS COAT HANGER,11,02/03/2019 17:59,2.95,12380.0,France
C536296,22423,REGENCY CAKESTAND 3 TIER,-10,2019-07-06 14:56:00,13.84,14889.0,Netherlands
537367,71053,WHITE METAL LANTERN,10,08-03-2019,3.25,12405.0,EIRE
536148,22423,regency cakestand 3 tier,14,2019-09-15 08:18:00,12.62,13343.0,Spain
536561,21755,love building block word,17,2019-06-18 02:21:00,6.3,15984.0,Australia
536556,71270,PINK CRYSTAL GUITAR PHONE CHARM,13,2019-06-30 14:15:00,1.35,12579.0,Portugal
536414,85123A,WHITE HANGING HEART T-LIGHT HOLDER,9,2019-10-08 19:29:00,2.4,14140.0,Australia
537296,22752,SET 7 BABUSHKA NESTING BOXES,12,27/12/2019 16:20,7.88,14767.0,Netherlands
536221,21730,GLASS STAR FROSTED T-LIGHT HOLDER,16,30/11/2019 09:27,4.16,15705.0,France
536138,85123A,  WHITE HANGING HEART T-LIGHT HOLDER  ,4,2019-06-08 18:47:00,2.62,13301.0,  France  
536043,22960,  JAM MAKING SET WITH JARS  ,3,2019-07-03 23:00:00,4.82,12801.0,Australia
537078,84406B,CREAM CUPID HEARTS COAT HANGER,10,2019-06-13 06:24:00,2.74,16935.0,Netherlands
536420,22423,regency cakestand 3 tier,4,2019-10-22 05:24:00,13.97,17651.0,Spain
536081,84879,ASSORTED COLOUR BIRD ORNAMENT,19,26/10/2019 17:47,1.8,,Spain
537475,85123A,  WHITE HANGING HEART T-LIGHT HOLDER  ,16,05/07/2019 13:03,2.5,13168.0,France
536575,85123A,WHITE HANGING HEART T-LIGHT HOLDER,10,08/04/2019 17:53,2.71,17290.0,Portugal
536786,71053,WHITE METAL LANTERN,11,2019-07-11 16:55:00,3.69,14703.0,France
536031,71053,  WHITE METAL LANTERN  ,11,12/05/2019 18:43,3.69,,spain
537173,84879,ASSORTED COLOUR BIRD ORNAMENT,14,10-01-2019,1.63,12688.0,United Kingdom
536310,71270,PINK CRYSTAL GUITAR PHONE CHARM,14,07-18-2019,1.31,13604.0,australia
C536210,84406B,CREAM CUPID HEARTS COAT HANGER,-18,2019-12-18 21:55:00,2.56,12640.0,Australia
537433,21730,glass star frosted t-light holder,5,04-04-2019,4.56,,United Kingdom
537660,71053,white metal lantern,1,2019-05-27 14:49:00,3.47,14964.0,Netherlands
537584,22752,set 7 babushka nesting boxes,12,2019-08-29 04:32:00,7.87,16863.0,spain
536187,21730,GLASS STAR FROSTED T-LIGHT HOLDER,8,2019-09-10 12:48:00,4.12,18272.0,Switzerland
537555,21755,love building block word,7,11-14-2019,5.95,17391.0,Portugal
536612,21730,GLASS STAR FROSTED T-LIGHT HOLDER,6,07/01/2019 08:09,4.28,16713.0,  Spain  
536295,71053,WHITE METAL LANTERN,7,2019-06-03 11:31:00,3.37,18137.0,Australia
536610,84879,  ASSORTED COLOUR BIRD ORNAMENT  ,14,2019-03-02 23:13:00,1.64,14632.0,Spain
536847,84879,ASSORTED COLOUR BIRD ORNAMENT,17,03-30-2019,1.59,16713.0,Belgium
536391,22752,  SET 7 BABUSHKA NESTING BOXES  ,19,2019-10-06 08:12:00,7.56,17566.0,EIRE
537414,84406B,CREAM CUPID HEARTS COAT HANGER,17,2019-01-01 23:31:00,2.52,16161.0,germany
536029,21755,love building block word,15,08/07/2019 11:48,6.31,13746.0,Netherlands
537395,22960,,13,2019-07-19 04:44:00,5.01,15712.0,Netherlands
536247,71053,WHITE METAL LANTERN,5,2019-05-04 07:41:00,3.42,17323.0,France
536455,22960,  JAM MAKING SET WITH JARS  ,14,2019-01-16 02:32:00,4.56,16811.0,Switzerland
537260,71270,PINK CRYSTAL GUITAR PHONE CHARM,10,2019-07-01 20:10:00,1.27,,Germany
536770,85123A,white hanging heart t-light holder,6,07-24-2019,2.55,16873.0,  France  
537343,85123A,WHITE HANGING HEART T-LIGHT HOLDER,4,2019-11-06 22:18:00,2.8,13427.0,Portugal
537545,22960,JAM MAKING SET WITH JARS,7,27/02/2019 16:12,5.15,13353.0,  EIRE  
537111,22752,SET 7 BABUSHKA NESTING BOXES,9,21/02/2019 11:40,7.37,15166.0,EIRE
536321,21730,GLASS STAR FROSTED T-LIGHT HOLDER,16,2019-09-03 16:56:00,4.2,14926.0,united kingdom
536244,22752,SET 7 BABUSHKA NESTING BOXES,7,07/07/2019 14:15,7.95,15775.0,france
536137,84406B,CREAM CUPID HEARTS COAT HANGER,18,21/08/2019 06:23,2.92,15918.0,France
537590,21755,LOVE BUILDING BLOCK WORD,12,03-11-2019,5.61,14255.0,france
536858,84879,ASSORTED COLOUR BIRD ORNAMENT,5,2019-05-27 14:39:00,1.71,17831.0,netherlands
536568,21755,  LOVE BUILDING BLOCK WORD  ,11,2019-09-26 00:21:00,6.02,16184.0,Portugal
537246,84879,ASSORTED COLOUR BIRD ORNAMENT,4,06-24-2019,1.63,16341.0,France
536712,84406B,CREAM CUPID HEARTS COAT HANGER,16,22/03/2019 19:00,2.87,17114.0,Germany
536751,84406B,cream cupid hearts coat hanger,13,16/08/2019 17:03,2.69,17529.0,Portugal
536995,84406B,  CREAM CUPID HEARTS COAT HANGER  ,11,05-16-2019,2.73,14791.0,  France  
537451,71270,  PINK CRYSTAL GUITAR PHONE CHARM  ,1,2019-07-15 15:47:00,1.19,12511.0,Spain
536895,84879,ASSORTED COLOUR BIRD ORNAMENT,15,2019-02-10 11:55:00,1.7,14239.0,Portugal
536353,71270,PINK CRYSTAL GUITAR PHONE CHARM,14,2019-06-17 20:30:00,1.19,14196.0,  United Kingdom  
537434,21730,  GLASS STAR FROSTED T-LIGHT HOLDER  ,17,05-26-2019,4.44,16565.0,Switzerland
537140,71053,  WHITE METAL LANTERN  ,7,12-27-2019,3.17,,eire
536365,71053,WHITE METAL LANTERN,16,2019-07-03 07:16:00,3.67,15405.0,germany
536903,85123A,WHITE HANGING HEART T-LIGHT HOLDER,5,2019-09-04 16:57:00,2.76,14654.0,United Kingdom
536600,84879,,4,2019-07-30 12:20:00,1.73,18163.0,Switzerland
536419,21755,LOVE BUILDING BLOCK WORD,12,2019-02-10 00:10:00,5.39,17397.0,Portugal
536189,85123A,WHITE HANGING HEART T-LIGHT HOLDER,11,2019-02-26 20:38:00,2.41,16804.0,Belgium
536693,21730,GLASS STAR FROSTED T-LIGHT HOLDER,18,2019-09-29 07:20:00,4.56,16907.0,Spain
536995,71270,pink crystal guitar phone charm,10,10-03-2019,1.23,17715.0,Spain
536530,22423,REGENCY CAKESTAND 3 TIER,17,2019-08-17 10:22:00,12.39,13740.0,France
536118,84406B,CREAM CUPID HEARTS COAT HANGER,7,02-11-2019,2.69,16646.0,United Kingdom
537512,22960,jam making set with jars,1,2019-12-21 11:52:00,4.79,16875.0,EIRE
536788,21730,GLASS STAR FROSTED T-LIGHT HOLDER,19,2019-12-30 04:49:00,4.03,17278.0,Belgium
537449,22960,JAM MAKING SET WITH JARS,11,03-22-2019,4.48,15754.0,Australia
537005,71053,WHITE METAL LANTERN,7,2019-07-25 04:02:00,3.35,16308.0,australia
537390,71053,WHITE METAL LANTERN,6,07-09-2019,3.46,16211.0,Belgium
536277,71270,  PINK CRYSTAL GUITAR PHONE CHARM  ,12,2019-12-07 09:45:00,1.34,12895.0,Portugal
C537659,22960,JAM MAKING SET WITH JARS,-5,28/08/2019 05:16,5.27,12378.0,Portugal
536751,85123A,white hanging heart t-light holder,17,2019-03-21 23:22:00,2.45,13256.0,  Portugal  
537290,21730,GLASS STAR FROSTED T-LIGHT HOLDER,7,2019-05-17 16:58:00,4.59,16756.0,united kingdom
536905,84406B,CREAM CUPID HEARTS COAT HANGER,14,07-18-2019,3.01,17689.0,Germany
536301,71270,PINK CRYSTAL GUITAR PHONE CHARM,12,23/09/2019 10:49,1.19,,portugal
536968,85123A,WHITE HANGING HEART T-LIGHT HOLDER,16,09/06/2019 05:01,2.45,17944.0,Australia
C536292,22423,  REGENCY CAKESTAND 3 TIER  ,-14,29/09/2019 11:55,12.92,14896.0,Portugal
537238,21755,love building block word,12,12/10/2019 05:48,5.61,16300.0,Spain
C536430,22960,JAM MAKING SET WITH JARS,-13,2019-07-02 08:47:00,5.18,14115.0,switzerland
537312,71270,PINK CRYSTAL GUITAR PHONE CHARM,2,2019-05-15 12:46:00,1.17,12836.0,  Belgium  
537353,22752,SET 7 BABUSHKA NESTING BOXES,6,05-29-2019,7.4,18058.0,United Kingdom
536733,21730,GLASS STAR FROSTED T-LIGHT HOLDER,15,2019-10-14 00:34:00,4.29,12496.0,Switzerland
537287,21730,glass star frosted t-light holder,18,2019-04-30 07:59:00,4.05,15643.0,Belgium
537040,21755,LOVE BUILDING BLOCK WORD,12,05/11/2019 04:19,6.13,16299.0,Spain
536852,22752,  SET 7 BABUSHKA NESTING BOXES  ,7,11-19-2019,7.31,16400.0,France
537446,71270,pink crystal guitar phone charm,18,2019-05-28 04:55:00,1.14,18035.0,Germany
536257,71053,white metal lantern,17,17/02/2019 11:10,3.7,17704.0,United Kingdom
537580,71270,PINK CRYSTAL GUITAR PHONE CHARM,3,2019-01-20 18:27:00,1.16,15962.0,Germany
536414,71270,PINK CRYSTAL GUITAR PHONE CHARM,1,2019-07-29 15:02:00,1.28,17153.0,United Kingdom
537094,85123A,white hanging heart t-light holder,3,14/02/2019 07:09,2.4,16164.0,Portugal
536002,22960,  JAM MAKING SET WITH JARS  ,15,05-13-2019,4.65,15303.0,  United Kingdom  
536907,21730,glass star frosted t-light holder,18,2019-01-27 12:30:00,4.02,16851.0,Portugal
536305,22423,  REGENCY CAKESTAND 3 TIER  ,8,11-19-2019,12.94,,Belgium
536504,22423,REGENCY CAKESTAND 3 TIER,3,28/03/2019 19:23,12.93,12992.0,Portugal
537438,22960,jam making set with jars,12,05/04/2019 02:50,4.77,13449.0,Netherlands
C537422,71270,  PINK CRYSTAL GUITAR PHONE CHARM  ,-1,07-03-2019,1.19,16401.0,Netherlands
536866,71053,WHITE METAL LANTERN,2,2019-08-10 21:36:00,3.32,16513.0,Portugal
536891,85123A,  WHITE HANGING HEART T-LIGHT HOLDER  ,15,13/04/2019 03:24,2.5,14365.0,Belgium
537362,71270,PINK CRYSTAL GUITAR PHONE CHARM,19,02-01-2019,1.22,17835.0,spain
536655,85123A,WHITE HANGING HEART T-LIGHT HOLDER,15,04-24-2019,2.53,17740.0,Germany
536722,84879,ASSORTED COLOUR BIRD ORNAMENT,2,2019-06-04 10:57:00,1.74,15281.0,Belgium
537170,21755,LOVE BUILDING BLOCK WORD,9,17/10/2019 07:17,5.41,14599.0,portugal
537486,71053,WHITE METAL LANTERN,2,2019-07-05 18:51:00,3.33,14921.0,Netherlands
536654,22752,SET 7 BABUSHKA NESTING BOXES,5,04/04/2019 13:07,7.96,16404.0,Portugal
537053,22752,SET 7 BABUSHKA NESTING BOXES,8,2019-08-20 03:14:00,8.25,16311.0,EIRE
536515,22960,JAM MAKING SET WITH JARS,4,2019-01-08 17:16:00,5.18,13117.0,France
536172,22423,REGENCY CAKESTAND 3 TIER,5,2019-09-23 20:37:00,12.76,13316.0,spain
536852,21755,LOVE BUILDING BLOCK WORD,15,04/11/2019 17:42,6.22,15956.0,United Kingdom
537516,71270,PINK CRYSTAL GUITAR PHONE CHARM,5,06-06-2019,1.22,13024.0,  Spain  
537025,71270,  PINK CRYSTAL GUITAR PHONE CHARM  ,3,29/12/2019 21:05,1.24,15911.0,Spain
536225,71270,PINK CRYSTAL GUITAR PHONE CHARM,14,05/07/2019 21:25,1.24,14193.0,France
536776,71053,WHITE METAL LANTERN,5,10-10-2019,3.44,13640.0,Australia
536017,22423,REGENCY CAKESTAND 3 TIER,1,12/04/2019 03:09,12.06,12452.0,Belgium
537615,71270,PINK CRYSTAL GUITAR PHONE CHARM,1,01-30-2019,1.34,16757.0,Switzerland
536755,21755,love building block word,13,25/08/2019 05:11,5.77,12758.0,EIRE
536421,22752,SET 7 BABUSHKA NESTING BOXES,11,07-16-2019,7.07,15604.0,France
536170,22423,REGENCY CAKESTAND 3 TIER,19,05-14-2019,11.58,,Netherlands
537552,85123A,white hanging heart t-light holder,14,11/02/2019 21:08,2.31,16391.0,  Switzerland  
536256,84406B,CREAM CUPID HEARTS COAT HANGER,5,2019-04-02 15:49:00,2.54,,Switzerland
537529,22752,SET 7 BABUSHKA NESTING BOXES,1,10-24-2019,7.25,13975.0,germany
536899,85123A,WHITE HANGING HEART T-LIGHT HOLDER,1,03/01/2019 22:30,2.38,,portugal
536678,71053,  WHITE METAL LANTERN  ,6,2019-05-06 06:48:00,3.23,16390.0,EIRE
536070,22752,set 7 babushka nesting boxes,3,2019-04-07 04:16:00,8.36,,germany
536780,85123A,WHITE HANGING HEART T-LIGHT HOLDER,15,25/05/2019 16:51,2.43,14768.0,portugal
536224,71053,WHITE METAL LANTERN,5,2019-03-02 22:46:00,3.4,14654.0,eire
C536038,84879,assorted colour bird ornament,-11,2019-04-01 22:42:00,1.57,15561.0,EIRE
537147,84406B,CREAM CUPID HEARTS COAT HANGER,13,2019-01-08 15:53:00,2.82,12972.0,EIRE
537071,84406B,  CREAM CUPID HEARTS COAT HANGER  ,11,2019-11-01 05:47:00,2.96,13479.0,  Germany  
C536507,22423,  REGENCY CAKESTAND 3 TIER  ,-2,2019-07-10 11:47:00,13.52,12993.0,  France  
536297,71270,PINK CRYSTAL GUITAR PHONE CHARM,16,07/03/2019 18:17,1.2,,germany
536248,71053,WHITE METAL LANTERN,2,2019-07-01 01:27:00,3.21,18070.0,Netherlands
536635,71270,PINK CRYSTAL GUITAR PHONE CHARM,7,06-16-2019,1.31,16371.0,Germany
537365,85123A,  WHITE HANGING HEART T-LIGHT HOLDER  ,9,2019-01-05 04:50:00,2.47,15997.0,eire
C536163,22960,JAM MAKING SET WITH JARS,-15,14/09/2019 17:30,4.53,13435.0,Portugal
537252,84879,ASSORTED COLOUR BIRD ORNAMENT,16,05-21-2019,1.76,16343.0,Spain
536125,71270,PINK CRYSTAL GUITAR PHONE CHARM,5,2019-05-08 03:08:00,1.31,14644.0,germany
537039,21755,LOVE BUILDING BLOCK WORD,5,08-04-2019,5.39,14561.0,Belgium
536077,71270,pink crystal guitar phone charm,4,2019-06-15 03:50:00,1.19,12979.0,  Portugal  
536463,84406B,CREAM CUPID HEARTS COAT HANGER,18,2019-08-18 02:25:00,2.68,13940.0,Germany
536883,84879,ASSORTED COLOUR BIRD ORNAMENT,9,2019-07-01 08:57:00,1.56,18016.0,Australia
536388,22752,SET 7 BABUSHKA NESTING BOXES,12,2019-08-23 19:27:00,7.51,17921.0,EIRE
536140,71270,pink crystal guitar phone charm,12,2019-10-31 18:53:00,1.22,18055.0,australia
537460,84406B,CREAM CUPID HEARTS COAT HANGER,9,2019-09-25 16:14:00,2.68,12364.0,Switzerland
537224,21755,love building block word,14,11-12-2019,5.6,14115.0,switzerland
536220,84406B,CREAM CUPID HEARTS COAT HANGER,6,2019-05-04 17:30:00,2.96,17825.0,Switzerland
536888,22752,SET 7 BABUSHKA NESTING BOXES,5,2019-07-15 07:04:00,7.84,17582.0,United Kingdom
536999,71270,  PINK CRYSTAL GUITAR PHONE CHARM  ,17,2019-03-03 03:27:00,1.22,14585.0,  Portugal  
537566,21755,LOVE BUILDING BLOCK WORD,12,2019-04-30 06:40:00,6.54,,Australia
536969,71053,WHITE METAL LANTERN,2880,03-15-2019,3.53,14030.0,australia
536245,85123A,WHITE HANGING HEART T-LIGHT HOLDER,19,06/12/2019 03:41,2.74,12902.0,Switzerland
536226,71270,PINK CRYSTAL GUITAR PHONE CHARM,10,04-02-2019,1.33,16312.0,Spain
537074,71053,WHITE METAL LANTERN,6,2019-03-14 14:59:00,3.13,17428.0,Netherlands
537377,21755,love building block word,2,2019-10-21 13:45:00,5.4,16447.0,Germany
537293,22960,JAM MAKING SET WITH JARS,2,07/09/2019 10:13,5.07,12909.0,  Germany  
536425,21755,love building block word,16,10/11/2019 03:57,5.89,17232.0,france
536762,85123A,WHITE HANGING HEART T-LIGHT HOLDER,7,15/02/2019 08:17,2.35,,EIRE
536368,22423,REGENCY CAKESTAND 3 TIER,11,04-16-2019,11.51,16371.0,netherlands
536062,71053,WHITE METAL LANTERN,10,11/01/2019 07:59,3.38,14782.0,Spain
536545,85123A,WHITE HANGING HEART T-LIGHT HOLDER,14,2019-04-18 20:43:00,2.44,14462.0,  France  
536352,22752,set 7 babushka nesting boxes,14,09-16-2019,8.07,15660.0,Germany
537188,84879,ASSORTED COLOUR BIRD ORNAMENT,1,2019-09-10 09:55:00,1.68,16629.0,portugal
537612,22960,JAM MAKING SET WITH JARS,13,22/06/2019 18:50,4.89,,United Kingdom
536211,21730,GLASS STAR FROSTED T-LIGHT HOLDER,10,09/07/2019 08:09,4.2,17279.0,France
C536334,71053,WHITE METAL LANTERN,-18,2019-06-05 13:33:00,3.08,13850.0,Netherlands
536389,21730,glass star frosted t-light holder,17,09-08-2019,4.06,15013.0,EIRE
536362,71270,PINK CRYSTAL GUITAR PHONE CHARM,14,29/12/2019 18:23,1.36,15044.0,Portugal
536229,21755,LOVE BUILDING BLOCK WORD,10,2019-12-12 05:24:00,5.39,12554.0,  Switzerland  
536772,21730,GLASS STAR FROSTED T-LIGHT HOLDER,3,20/03/2019 11:16,4.43,16707.0,Portugal
536450,21755,LOVE BUILDING BLOCK WORD,5,2019-11-24 06:25:00,6.33,12997.0,Switzerland
537087,22960,jam making set with jars,19,01-23-2019,4.53,14124.0,  Portugal  
536327,85123A,  WHITE HANGING HEART T-LIGHT HOLDER  ,4,04-01-2019,2.58,16785.0,Portugal
536085,84406B,CREAM CUPID HEARTS COAT HANGER,17,12/04/2019 23:48,2.89,15036.0,  Netherlands  
536105,22752,SET 7 BABUSHKA NESTING BOXES,1,2019-01-23 07:46:00,7.5,15128.0,Australia
536324,21755,  LOVE BUILDING BLOCK WORD  ,6,15/11/2019 03:12,5.83,15588.0,Germany
537188,22423,REGENCY CAKESTAND 3 TIER,11,2019-07-02 04:51:00,13.03,,United Kingdom
536881,22960,  JAM MAKING SET WITH JARS  ,9,2019-08-28 19:37:00,4.85,15644.0,belgium
537129,71053,WHITE METAL LANTERN,7,12-04-2019,3.24,14229.0,Switzerland
536478,21730,GLASS STAR FROSTED T-LIGHT HOLDER,13,01-02-2019,3.88,17898.0,  Australia  
537243,85123A,WHITE HANGING HEART T-LIGHT HOLDER,2,30/05/2019 11:16,2.64,16887.0,Portugal
537278,85123A,WHITE HANGING HEART T-LIGHT HOLDER,4,08/10/2019 13:06,2.79,16391.0,  Germany  
536252,85123A,WHITE HANGING HEART T-LIGHT HOLDER,12,21/06/2019 18:57,2.49,14591.0,United Kingdom
537567,84406B,CREAM CUPID HEARTS COAT HANGER,18,2019-08-27 13:42:00,2.53,15637.0,  Australia  
537488,84406B,CREAM CUPID HEARTS COAT HANGER,17,07/03/2019 00:12,2.92,12713.0,  Netherlands  
536120,85123A,WHITE HANGING HEART T-LIGHT HOLDER,5,2019-05-10 03:41:00,2.32,,United Kingdom
536666,22423,REGENCY CAKESTAND 3 TIER,11,13/12/2019 06:40,13.76,14724.0,United Kingdom
536328,21730,GLASS STAR FROSTED T-LIGHT HOLDER,2,2019-10-27 04:34:00,3.98,14271.0,Belgium
536194,84406B,CREAM CUPID HEARTS COAT HANGER,17,2019-07-22 13:37:00,2.68,16228.0,United Kingdom
537480,22423,regency cakestand 3 tier,6,11-15-2019,12.88,16549.0,Spain
536637,22752,SET 7 BABUSHKA NESTING BOXES,11,2019-06-24 05:08:00,6.95,13574.0,Switzerland
536567,85123A,WHITE HANGING HEART T-LIGHT HOLDER,17,06/10/2019 12:37,2.69,12867.0,australia
536059,71053,WHITE METAL LANTERN,11,06-05-2019,3.12,14240.0,australia
536934,21730,glass star frosted t-light holder,17,2019-06-19 12:33:00,4.15,17230.0,Switzerland
536126,21730,GLASS STAR FROSTED T-LIGHT HOLDER,12,23/03/2019 21:28,4.46,16697.0,  France  
536222,21755,love building block word,11,04-21-2019,5.91,15714.0,Spain
536482,21755,LOVE BUILDING BLOCK WORD,16,04/10/2019 19:40,5.91,13036.0,belgium
537003,22752,SET 7 BABUSHKA NESTING BOXES,10,2019-09-15 17:20:00,7.7,18102.0,Netherlands
536804,85123A,  WHITE HANGING HEART T-LIGHT HOLDER  ,9,09-16-2019,2.32,15557.0,EIRE
537210,84406B,CREAM CUPID HEARTS COAT HANGER,5,2019-02-10 05:04:00,2.56,13955.0,United Kingdom
C536681,84406B,CREAM CUPID HEARTS COAT HANGER,-12,2019-03-12 01:48:00,2.77,,Portugal
536597,71053,WHITE METAL LANTERN,14,2019-11-02 08:36:00,3.49,13174.0,  United Kingdom  
536447,84879,ASSORTED COLOUR BIRD ORNAMENT,1,25/01/2019 15:36,1.72,15441.0,belgium
537618,85123A,WHITE HANGING HEART T-LIGHT HOLDER,10,13/10/2019 08:05,2.45,13959.0,portugal
536657,85123A,WHITE HANGING HEART T-LIGHT HOLDER,2,2019-10-17 07:09:00,2.48,14501.0,France
537361,84406B,cream cupid hearts coat hanger,11,02-17-2019,2.85,12964.0,united kingdom
536902,71053,WHITE METAL LANTERN,6,2019-08-12 07:54:00,3.52,,United Kingdom
537115,71053,WHITE METAL LANTERN,5,2019-08-19 05:18:00,3.36,16537.0,united kingdom
536141,21755,LOVE BUILDING BLOCK WORD,5,2019-04-16 16:16:00,6.23,13848.0,Netherlands
536046,71053,WHITE METAL LANTERN,6,2019-12-30 14:04:00,3.38,16642.0,Spain
537234,21755,love building block word,11,25/10/2019 22:14,5.36,15204.0,France
536138,22423,REGENCY CAKESTAND 3 TIER,5,08-19-2019,13.63,13865.0,United Kingdom
536895,22960,  JAM MAKING SET WITH JARS  ,18,08-01-2019,5.24,15389.0,Portugal
536907,71053,WHITE METAL LANTERN,8,2019-09-21 06:59:00,3.09,12479.0,france
536582,85123A,WHITE HANGING HEART T-LIGHT HOLDER,1,2019-12-07 03:04:00,2.32,12771.0,France
537221,84879,ASSORTED COLOUR BIRD ORNAMENT,9,2019-11-11 01:57:00,1.73,12598.0,Germany
536709,22960,jam making set with jars,18,2019-12-31 13:12:00,4.62,12505.0,Germany
536585,22960,jam making set with jars,12,2019-10-23 00:01:00,5.35,15925.0,  France  
536987,84406B,CREAM CUPID HEARTS COAT HANGER,4,08/11/2019 03:01,2.51,14286.0,France
537139,22960,jam making set with jars,10,2019-03-31 12:53:00,4.78,17262.0,United Kingdom
536566,71270,PINK CRYSTAL GUITAR PHONE CHARM,15,11/02/2019 13:20,1.17,18001.0,Germany
537337,22960,jam making set with jars,19,08-06-2019,5.16,17886.0,Australia
537351,84879,ASSORTED COLOUR BIRD ORNAMENT,13,2019-08-08 15:20:00,1.67,15747.0,Netherlands
537293,84406B,CREAM CUPID HEARTS COAT HANGER,11,27/05/2019 05:30,2.79,15685.0,switzerland
537399,85123A,WHITE HANGING HEART T-LIGHT HOLDER,9,2019-10-22 16:40:00,2.6,,Netherlands
536384,85123A,WHITE HANGING HEART T-LIGHT HOLDER,13,2019-10-23 07:45:00,2.53,15623.0,France
536016,85123A,WHITE HANGING HEART T-LIGHT HOLDER,3,2019-11-22 03:40:00,2.72,16782.0,  Germany  
537184,71053,WHITE METAL LANTERN,1,27/03/2019 19:03,3.2,15953.0,  Netherlands  
536052,21730,GLASS STAR FROSTED T-LIGHT HOLDER,19,2019-01-28 19:02:00,4.17,16206.0,United Kingdom
536979,21755,LOVE BUILDING BLOCK WORD,12,2019-06-02 16:03:00,6.03,16873.0,Belgium
536916,71053,WHITE METAL LANTERN,3250,2019-09-20 21:06:00,3.08,13661.0,Australia
536508,21755,love building block word,9,03-28-2019,6.51,12360.0,  Germany  
537521,71270,pink crystal guitar phone charm,10,2019-12-18 07:23:00,1.26,13647.0,Switzerland
537108,21755,  LOVE BUILDING BLOCK WORD  ,9,27/10/2019 12:20,5.63,15017.0,Belgium
536164,71270,PINK CRYSTAL GUITAR PHONE CHARM,9,2019-07-18 07:29:00,1.25,17858.0,Australia
536419,85123A,WHITE HANGING HEART T-LIGHT HOLDER,1,23/04/2019 14:45,2.56,13750.0,Germany
537568,71053,white metal lantern,6,2019-01-17 20:10:00,3.48,,Netherlands
536240,22752,SET 7 BABUSHKA NESTING BOXES,11,05-30-2019,7.22,15272.0,Australia
536448,84406B,CREAM CUPID HEARTS COAT HANGER,5,2019-03-01 05:11:00,2.87,15829.0,Portugal
536033,85123A,WHITE HANGING HEART T-LIGHT HOLDER,6,2019-09-27 18:45:00,2.76,,germany
536859,84406B,CREAM CUPID HEARTS COAT HANGER,14,2019-01-22 00:38:00,2.55,14926.0,Spain
536622,21730,GLASS STAR FROSTED T-LIGHT HOLDER,7,2019-05-18 09:17:00,4.22,15000.0,  Netherlands  
537351,71270,PINK CRYSTAL GUITAR PHONE CHARM,4,02/07/2019 16:57,1.13,17015.0,Belgium
537251,22752,SET 7 BABUSHKA NESTING BOXES,16,28/11/2019 10:27,8.09,18056.0,Portugal
536906,22423,REGENCY CAKESTAND 3 TIER,3,17/11/2019 18:24,13.66,16594.0,Portugal
536508,22752,SET 7 BABUSHKA NESTING BOXES,2,2019-01-09 15:19:00,7.71,14618.0,germany
537356,71053,WHITE METAL LANTERN,3,2019-08-18 16:24:00,3.69,13160.0,united kingdom
536171,85123A,WHITE HANGING HEART T-LIGHT HOLDER,9,07/07/2019 07:46,2.72,12364.0,Spain
536952,22752,SET 7 BABUSHKA NESTING BOXES,14,03/04/2019 12:20,8.18,16312.0,  Netherlands  
537661,21730,GLASS STAR FROSTED T-LIGHT HOLDER,19,25/12/2019 02:49,4.41,15380.0,eire
537621,85123A,WHITE HANGING HEART T-LIGHT HOLDER,2,02-07-2019,2.71,14004.0,United Kingdom
536214,84406B,cream cupid hearts coat hanger,14,2019-12-06 02:56:00,2.95,13165.0,Australia
536807,22752,SET 7 BABUSHKA NESTING BOXES,2,22/01/2019 10:44,7.12,12646.0,  Germany  
537138,71270,  PINK CRYSTAL GUITAR PHONE CHARM  ,19,2019-12-18 14:35:00,1.25,14717.0,  Germany  
536029,21755,LOVE BUILDING BLOCK WORD,12,09/07/2019 14:47,5.47,13342.0,germany
536588,22752,SET 7 BABUSHKA NESTING BOXES,4,26/01/2019 06:33,6.9,13199.0,United Kingdom
536380,85123A,,4,2019-12-25 18:07:00,2.63,13604.0,united kingdom
536374,21755,LOVE BUILDING BLOCK WORD,6,2019-12-31 12:35:00,5.99,17499.0,portugal
536409,85123A,WHITE HANGING HEART T-LIGHT HOLDER,8,11-15-2019,2.77,,Portugal
536685,85123A,  WHITE HANGING HEART T-LIGHT HOLDER  ,19,02-24-2019,2.63,15562.0,France
537399,71270,  PINK CRYSTAL GUITAR PHONE CHARM  ,11,03/03/2019 10:19,1.23,13235.0,Spain
537479,71270,PINK CRYSTAL GUITAR PHONE CHARM,11,2019-04-19 11:05:00,1.23,17999.0,EIRE
536851,84879,ASSORTED COLOUR BIRD ORNAMENT,1,2019-03-07 16:53:00,1.71,13998.0,Netherlands
536025,22960,JAM MAKING SET WITH JARS,15,29/10/2019 12:51,4.59,14265.0,Netherlands
536365,22423,regency cakestand 3 tier,10,20/04/2019 05:24,12.29,13635.0,Spain
537352,22960,JAM MAKING SET WITH JARS,4,2019-02-15 23:36:00,4.88,15930.0,United Kingdom
536442,22423,REGENCY CAKESTAND 3 TIER,7,2019-09-11 08:16:00,13.1,13142.0,EIRE
536326,22752,set 7 babushka nesting boxes,10,2019-05-22 15:51:00,7.72,16938.0,  Spain  
536886,21755,LOVE BUILDING BLOCK WORD,19,01-16-2019,6.11,14966.0,  United Kingdom  
536307,85123A,WHITE HANGING HEART T-LIGHT HOLDER,4,06/08/2019 08:21,2.34,,Australia
537493,85123A,WHITE HANGING HEART T-LIGHT HOLDER,5,2019-10-09 22:16:00,2.77,16404.0,Spain
536402,85123A,WHITE HANGING HEART T-LIGHT HOLDER,13,03-06-2019,2.67,16364.0,portugal
536929,84879,  ASSORTED COLOUR BIRD ORNAMENT  ,18,2019-07-13 04:26:00,1.82,14205.0,France
536481,22960,JAM MAKING SET WITH JARS,14,13/05/2019 17:22,5.0,17522.0,United Kingdom
536237,85123A,  WHITE HANGING HEART T-LIGHT HOLDER  ,15,08-16-2019,2.49,13993.0,Spain
536707,84879,assorted colour bird ornament,8,2019-11-24 14:31:00,1.82,16080.0,Netherlands
537158,22752,  SET 7 BABUSHKA NESTING BOXES  ,8,2019-10-22 09:22:00,7.41,15151.0,  Netherlands  
537070,71270,PINK CRYSTAL GUITAR PHONE CHARM,1,2019-09-11 17:03:00,1.28,13374.0,Australia
537166,22960,JAM MAKING SET WITH JARS,6,2019-01-16 05:57:00,4.91,14438.0,Spain
536081,21730,GLASS STAR FROSTED T-LIGHT HOLDER,3,01-01-2019,4.6,17784.0,Belgium
536689,84879,ASSORTED COLOUR BIRD ORNAMENT,9,09/10/2019 22:13,1.77,17043.0,  EIRE  
536512,84406B,  CREAM CUPID HEARTS COAT HANGER  ,12,25/05/2019 18:33,2.83,16692.0,EIRE
536963,21755,LOVE BUILDING BLOCK WORD,4,11/04/2019 17:16,6.5,17872.0,  Netherlands  
537486,71270,PINK CRYSTAL GUITAR PHONE CHARM,1,2019-06-13 11:49:00,1.24,15681.0,Switzerland
537398,21730,GLASS STAR FROSTED T-LIGHT HOLDER,12,2019-08-19 00:04:00,4.56,12418.0,Germany
537055,71053,WHITE METAL LANTERN,4,23/03/2019 01:37,3.35,15872.0,Belgium
536823,21730,GLASS STAR FROSTED T-LIGHT HOLDER,5,30/03/2019 17:57,4.56,15709.0,switzerland
536054,84406B,CREAM CUPID HEARTS COAT HANGER,13,2019-10-05 09:37:00,2.49,16503.0,portugal
537000,22752,SET 7 BABUSHKA NESTING BOXES,4,2019-07-11 05:39:00,7.28,,  Australia  
537442,21755,  LOVE BUILDING BLOCK WORD  ,4,2019-01-02 12:10:00,6.44,14618.0,portugal
537299,71270,,3,2019-01-02 12:47:00,1.32,16192.0,United Kingdom
537349,21730,GLASS STAR FROSTED T-LIGHT HOLDER,11,22/12/2019 04:26,4.04,15900.0,france
C537373,21755,LOVE BUILDING BLOCK WORD,-16,17/04/2019 13:35,6.34,17505.0,france
537341,85123A,WHITE HANGING HEART T-LIGHT HOLDER,8,12/07/2019 09:41,2.34,14281.0,  Australia  
536359,21755,LOVE BUILDING BLOCK WORD,18,01-10-2019,6.1,17570.0,  Switzerland  
537164,71053,WHITE METAL LANTERN,5,14/10/2019 23:19,3.69,14202.0,Australia
537389,71053,  WHITE METAL LANTERN  ,16,2019-01-16 21:16:00,3.31,18093.0,EIRE
536910,21755,  LOVE BUILDING BLOCK WORD  ,6,2019-05-20 13:23:00,5.57,16049.0,australia
537330,22960,  JAM MAKING SET WITH JARS  ,7,06-03-2019,5.25,17187.0,France
537222,21730,GLASS STAR FROSTED T-LIGHT HOLDER,11,04/08/2019 22:51,4.22,14188.0,United Kingdom
537432,22423,  REGENCY CAKESTAND 3 TIER  ,6,2019-08-13 03:46:00,12.25,13938.0,Portugal
536610,71053,WHITE METAL LANTERN,6,2019-08-02 05:04:00,3.34,12833.0,  Portugal  
536915,21730,GLASS STAR FROSTED T-LIGHT HOLDER,5,2019-07-19 14:37:00,4.59,16983.0,switzerland
C537100,22423,REGENCY CAKESTAND 3 TIER,-16,07-13-2019,11.48,16714.0,France
537358,22960,JAM MAKING SET WITH JARS,17,03-02-2019,5.21,15768.0,Spain
537550,71053,WHITE METAL LANTERN,19,2019-11-12 14:01:00,3.69,14059.0,Belgium
537344,84879,ASSORTED COLOUR BIRD ORNAMENT,7,2019-08-20 09:49:00,1.59,17851.0,switzerland
537482,22752,set 7 babushka nesting boxes,16,2019-10-27 20:57:00,7.07,14903.0,United Kingdom
536334,22752,SET 7 BABUSHKA NESTING BOXES,4,04-15-2019,7.82,18261.0,Germany
537368,22752,  SET 7 BABUSHKA NESTING BOXES  ,10,2019-09-03 10:28:00,7.93,16576.0,Germany
536925,22423,REGENCY CAKESTAND 3 TIER,17,02-28-2019,11.92,13774.0,  Spain  
536000,71270,  PINK CRYSTAL GUITAR PHONE CHARM  ,3,02/07/2019 08:53,1.24,,Australia
536104,85123A,  WHITE HANGING HEART T-LIGHT HOLDER  ,3,05-29-2019,2.61,13529.0,Portugal
537258,22423,REGENCY CAKESTAND 3 TIER,14,2019-08-30 19:53:00,13.02,,france
537476,84879,ASSORTED COLOUR BIRD ORNAMENT,10,2019-11-10 05:21:00,1.71,18045.0,  EIRE  
537327,22960,  JAM MAKING SET WITH JARS  ,12,2019-01-29 19:44:00,5.31,17929.0,Belgium
536569,71053,WHITE METAL LANTERN,5,2019-04-09 09:37:00,3.71,17783.0,Germany
536217,71270,PINK CRYSTAL GUITAR PHONE CHARM,10,2019-02-01 06:30:00,1.32,13149.0,spain
536836,21730,  GLASS STAR FROSTED T-LIGHT HOLDER  ,18,09-15-2019,4.35,14229.0,Netherlands
536661,22423,regency cakestand 3 tier,4,2019-01-27 16:30:00,12.4,13593.0,  Netherlands  
536305,84406B,CREAM CUPID HEARTS COAT HANGER,5,24/06/2019 21:21,2.97,13807.0,Belgium
536765,84406B,cream cupid hearts coat hanger,15,06-25-2019,3.02,16965.0,Belgium
536440,21755,LOVE BUILDING BLOCK WORD,19,12-20-2019,5.72,13414.0,eire
537041,22423,REGENCY CAKESTAND 3 TIER,14,02-25-2019,11.68,14759.0,Portugal
537006,22752,SET 7 BABUSHKA NESTING BOXES,18,03-19-2019,8.23,12372.0,  Belgium  
536857,71270,  PINK CRYSTAL GUITAR PHONE CHARM  ,17,2019-10-26 01:28:00,1.21,14898.0,Belgium
537510,21755,love building block word,14,06/02/2019 12:12,5.73,12353.0,France
537613,21730,GLASS STAR FROSTED T-LIGHT HOLDER,5,10-14-2019,3.86,13709.0,  Netherlands  
536012,84879,ASSORTED COLOUR BIRD ORNAMENT,9,13/05/2019 19:49,1.53,12404.0,  Portugal  
537093,21755,LOVE BUILDING BLOCK WORD,4,2019-03-06 09:14:00,6.0,17285.0,australia
537515,85123A,WHITE HANGING HEART T-LIGHT HOLDER,13,07/07/2019 08:41,2.37,12931.0,Netherlands
536248,71053,WHITE METAL LANTERN,13,2019-03-21 17:11:00,3.53,15981.0,Portugal
537086,21755,LOVE BUILDING BLOCK WORD,3,2019-08-27 00:06:00,5.51,17215.0,Belgium
537469,71270,  PINK CRYSTAL GUITAR PHONE CHARM  ,4,15/03/2019 23:59,1.35,13425.0,Belgium
536180,85123A,WHITE HANGING HEART T-LIGHT HOLDER,17,2019-11-11 21:26:00,2.43,17792.0,Spain
536177,71270,PINK CRYSTAL GUITAR PHONE CHARM,19,17/01/2019 12:06,1.36,17091.0,  Netherlands  
537165,84406B,CREAM CUPID HEARTS COAT HANGER,19,24/06/2019 01:24,2.68,13158.0,Australia
537168,22423,REGENCY CAKESTAND 3 TIER,8,2019-06-26 08:48:00,12.22,13880.0,  Portugal  
537027,84879,assorted colour bird ornament,8,2019-03-10 14:06:00,1.58,17114.0,  Germany  
537301,71053,  WHITE METAL LANTERN  ,10,12-02-2019,3.07,13893.0,Switzerland
536817,85123A,WHITE HANGING HEART T-LIGHT HOLDER,9,2019-10-15 07:27:00,2.69,,EIRE
536700,22960,JAM MAKING SET WITH JARS,18,2019-04-19 04:32:00,5.27,,Switzerland
536665,84879,ASSORTED COLOUR BIRD ORNAMENT,13,2019-03-09 13:28:00,1.81,17192.0,  Australia  
537434,71270,PINK CRYSTAL GUITAR PHONE CHARM,10,15/07/2019 04:48,1.36,,Netherlands
537151,22423,  REGENCY CAKESTAND 3 TIER  ,14,2019-10-19 12:23:00,13.18,17067.0,australia
537396,71270,PINK CRYSTAL GUITAR PHONE CHARM,5,10/12/2019 11:04,1.26,17701.0,Portugal
536989,71270,  PINK CRYSTAL GUITAR PHONE CHARM  ,14,14/08/2019 12:15,1.13,,EIRE
536049,21730,GLASS STAR FROSTED T-LIGHT HOLDER,4,08-10-2019,3.85,16450.0,Spain
537110,84406B,CREAM CUPID HEARTS COAT HANGER,13,02-08-2019,2.8,14817.0,france
537424,21755,LOVE BUILDING BLOCK WORD,6,2019-07-04 20:38:00,5.98,15865.0,  Australia  
537273,21730,GLASS STAR FROSTED T-LIGHT HOLDER,5,25/06/2019 22:28,3.97,13278.0,  Germany  
536120,22960,JAM MAKING SET WITH JARS,12,2019-07-05 19:12:00,4.65,17473.0,Belgium
537198,84879,  ASSORTED COLOUR BIRD ORNAMENT  ,6,2019-02-20 21:43:00,1.73,12828.0,Spain
537323,21730,GLASS STAR FROSTED T-LIGHT HOLDER,18,2019-12-15 15:24:00,4.67,18027.0,Switzerland
537028,84879,assorted colour bird ornament,9,2019-07-19 02:26:00,1.84,16014.0,Portugal
536344,71270,  PINK CRYSTAL GUITAR PHONE CHARM  ,16,08-21-2019,1.35,,Belgium
536668,71270,PINK CRYSTAL GUITAR PHONE CHARM,15,2019-04-19 07:56:00,1.3,15773.0,Belgium
537214,85123A,  WHITE HANGING HEART T-LIGHT HOLDER  ,6,01-30-2019,2.8,15836.0,EIRE
536418,21730,GLASS STAR FROSTED T-LIGHT HOLDER,13,15/10/2019 10:26,4.34,,EIRE
537113,71270,PINK CRYSTAL GUITAR PHONE CHARM,8,2019-11-24 09:40:00,1.19,,EIRE
536722,84406B,cream cupid hearts coat hanger,12,2019-01-31 01:36:00,2.96,12570.0,EIRE
537400,22423,REGENCY CAKESTAND 3 TIER,9,2019-11-27 05:02:00,12.59,17302.0,switzerland
537193,84406B,CREAM CUPID HEARTS COAT HANGER,12,12-29-2019,2.87,16058.0,Netherlands
C537132,21755,LOVE BUILDING BLOCK WORD,-10,2019-06-07 11:20:00,6.5,13635.0,  Switzerland  
536376,84879,ASSORTED COLOUR BIRD ORNAMENT,17,04/08/2019 02:44,1.56,13705.0,eire
536822,21730,GLASS STAR FROSTED T-LIGHT HOLDER,4,24/10/2019 01:03,4.61,,Portugal
537273,84879,ASSORTED COLOUR BIRD ORNAMENT,16,2019-09-29 22:43:00,1.56,14081.0,Portugal
537333,22960,JAM MAKING SET WITH JARS,19,15/04/2019 17:58,4.79,15465.0,Spain
536023,71270,PINK CRYSTAL GUITAR PHONE CHARM,1,2019-11-21 05:40:00,1.17,13700.0,France
536994,71270,PINK CRYSTAL GUITAR PHONE CHARM,3,02/11/2019 21:17,1.28,14630.0,belgium
536020,84406B,cream cupid hearts coat hanger,16,18/06/2019 05:35,2.91,14331.0,netherlands
C537584,71270,PINK CRYSTAL GUITAR PHONE CHARM,-1,24/11/2019 02:14,1.3,13213.0,belgium
536112,22960,  JAM MAKING SET WITH JARS  ,19,2019-11-29 10:11:00,5.06,17900.0,EIRE
536192,21730,GLASS STAR FROSTED T-LIGHT HOLDER,8,06/10/2019 08:27,3.98,13224.0,  France  
537566,85123A,WHITE HANGING HEART T-LIGHT HOLDER,4,24/03/2019 03:34,2.33,18002.0,  EIRE  
537376,22423,REGENCY CAKESTAND 3 TIER,7,2019-07-20 02:53:00,13.43,14008.0,Belgium
536220,85123A,WHITE HANGING HEART T-LIGHT HOLDER,13,01-25-2019,2.73,13399.0,spain
536499,22960,JAM MAKING SET WITH JARS,19,2019-12-24 13:43:00,5.35,12889.0,EIRE
C536705,84406B,  CREAM CUPID HEARTS COAT HANGER  ,-13,2019-01-09 09:21:00,2.75,12628.0,Netherlands
537138,22423,regency cakestand 3 tier,12,2019-12-20 22:21:00,12.89,13509.0,spain
537276,22752,SET 7 BABUSHKA NESTING BOXES,14,10-15-2019,6.98,,united kingdom
537308,21755,LOVE BUILDING BLOCK WORD,12,21/05/2019 14:27,5.47,12772.0,Australia
537073,84879,ASSORTED COLOUR BIRD ORNAMENT,16,17/07/2019 15:36,1.58,16666.0,EIRE
537166,22960,  JAM MAKING SET WITH JARS  ,6,2019-01-16 05:57:00,4.91,14438.0,Spain
537599,22960,JAM MAKING SET WITH JARS,3,04/03/2019 17:46,5.06,17564.0,EIRE
536951,85123A,WHITE HANGING HEART T-LIGHT HOLDER,16,05/02/2019 22:43,2.58,13765.0,Switzerland
536502,71053,  WHITE METAL LANTERN  ,16,2019-10-15 03:38:00,3.64,16661.0,Germany
537022,21730,  GLASS STAR FROSTED T-LIGHT HOLDER  ,1,2019-09-24 20:51:00,3.95,15309.0,germany
537267,71270,PINK CRYSTAL GUITAR PHONE CHARM,6,2019-05-17 18:02:00,1.31,13737.0,France
536549,22752,SET 7 BABUSHKA NESTING BOXES,9,2019-12-27 23:59:00,8.11,16928.0,EIRE
537449,85123A,  WHITE HANGING HEART T-LIGHT HOLDER  ,12,27/04/2019 13:05,2.79,15216.0,EIRE
536773,71053,white metal lantern,10,08-09-2019,3.12,12761.0,Netherlands
536960,85123A,WHITE HANGING HEART T-LIGHT HOLDER,8,2019-12-23 20:39:00,2.32,16129.0,United Kingdom
537244,85123A,WHITE HANGING HEART T-LIGHT HOLDER,10,03/10/2019 18:42,2.32,12652.0,  France  
536594,84879,ASSORTED COLOUR BIRD ORNAMENT,17,2019-12-22 10:48:00,1.62,14910.0,Belgium
537020,84406B,CREAM CUPID HEARTS COAT HANGER,17,2019-04-29 12:32:00,2.78,15491.0,Belgium
537472,84406B,CREAM CUPID HEARTS COAT HANGER,10,2019-06-10 14:07:00,2.84,14938.0,  Spain  
537062,21755,LOVE BUILDING BLOCK WORD,8,04-02-2019,5.76,13389.0,Germany
537489,22960,JAM MAKING SET WITH JARS,7,08/03/2019 02:26,5.05,16209.0,United Kingdom
537450,85123A,WHITE HANGING HEART T-LIGHT HOLDER,6,11/03/2019 05:54,2.61,15837.0,EIRE
537495,22423,REGENCY CAKESTAND 3 TIER,11,02-27-2019,11.81,15661.0,France
537156,71270,PINK CRYSTAL GUITAR PHONE CHARM,4,2019-02-28 18:44:00,1.19,12880.0,  EIRE  
536602,71270,PINK CRYSTAL GUITAR PHONE CHARM,13,25/09/2019 00:38,1.15,13753.0,EIRE
537508,21755,LOVE BUILDING BLOCK WORD,5,28/02/2019 18:45,5.99,12752.0,Spain
536003,22752,SET 7 BABUSHKA NESTING BOXES,3,05-01-2019,7.61,,Belgium
537596,84406B,  CREAM CUPID HEARTS COAT HANGER  ,11,2019-11-24 06:46:00,2.91,16934.0,Germany
536393,84879,ASSORTED COLOUR BIRD ORNAMENT,7,2019-01-22 12:09:00,1.72,14402.0,Germany
537563,22423,REGENCY CAKESTAND 3 TIER,9,2019-05-30 05:04:00,12.82,12782.0,Portugal
536320,21730,GLASS STAR FROSTED T-LIGHT HOLDER,13,2019-07-07 15:39:00,4.37,12765.0,Belgium
536914,21755,LOVE BUILDING BLOCK WORD,18,2019-06-06 14:35:00,5.83,14903.0,France
536261,85123A,WHITE HANGING HEART T-LIGHT HOLDER,6,2019-06-20 23:54:00,2.38,12764.0,United Kingdom
536203,85123A,WHITE HANGING HEART T-LIGHT HOLDER,12,31/05/2019 10:29,2.63,16335.0,  Switzerland  
536992,21730,GLASS STAR FROSTED T-LIGHT HOLDER,18,09/05/2019 23:39,4.05,16706.0,Portugal
536310,71270,pink crystal guitar phone charm,14,18/07/2019 22:28,1.31,13604.0,Australia
536114,71270,pink crystal guitar phone charm,4,2019-03-09 02:19:00,1.21,15388.0,Australia
537269,84406B,CREAM CUPID HEARTS COAT HANGER,5,2019-11-27 00:56:00,2.75,,Australia
C536587,71270,PINK CRYSTAL GUITAR PHONE CHARM,-8,2019-01-15 03:00:00,1.23,,EIRE
537437,22423,REGENCY CAKESTAND 3 TIER,16,2019-09-14 01:58:00,12.29,13364.0,germany
537010,22960,JAM MAKING SET WITH JARS,8,2019-04-18 04:46:00,5.16,16540.0,Australia
537632,84879,ASSORTED COLOUR BIRD ORNAMENT,7,2019-05-10 00:54:00,1.67,14967.0,  Australia  
536546,71053,  WHITE METAL LANTERN  ,9,02-09-2019,3.29,15488.0,Australia
536852,22752,  SET 7 BABUSHKA NESTING BOXES  ,2,2019-06-19 12:39:00,7.44,17694.0,Switzerland
536663,22752,SET 7 BABUSHKA NESTING BOXES,4,09-05-2019,8.13,15775.0,Portugal
536285,84406B,CREAM CUPID HEARTS COAT HANGER,17,04-10-2019,2.66,12997.0,Spain
536148,85123A,  WHITE HANGING HEART T-LIGHT HOLDER  ,4,13/10/2019 06:15,2.7,14852.0,Germany
536441,71270,PINK CRYSTAL GUITAR PHONE CHARM,17,2019-12-10 18:17:00,1.29,18220.0,Netherlands
537177,84406B,CREAM CUPID HEARTS COAT HANGER,17,2019-03-16 17:19:00,2.79,16199.0,Spain
536135,84406B,CREAM CUPID HEARTS COAT HANGER,4,2019-09-24 19:26:00,2.76,16906.0,  United Kingdom  
536094,84406B,cream cupid hearts coat hanger,9,18/03/2019 01:14,2.71,14536.0,Belgium
536115,71053,WHITE METAL LANTERN,9,03-16-2019,3.08,14540.0,Australia
537474,85123A,  WHITE HANGING HEART T-LIGHT HOLDER  ,7,28/10/2019 17:19,2.7,15963.0,Spain
537627,84879,,16,2019-02-22 04:32:00,1.78,15934.0,  Switzerland  
536460,71053,WHITE METAL LANTERN,19,2019-09-24 08:14:00,3.6,15172.0,Portugal
537146,84879,  ASSORTED COLOUR BIRD ORNAMENT  ,18,10-11-2019,1.66,12668.0,Spain
537025,21755,LOVE BUILDING BLOCK WORD,13,2019-12-29 07:40:00,5.8,12424.0,Portugal
536619,21755,LOVE BUILDING BLOCK WORD,14,18/11/2019 00:13,5.51,14876.0,  Spain  
537241,22960,JAM MAKING SET WITH JARS,7523,2019-11-24 09:58:00,5.29,14664.0,Portugal
536978,84879,  ASSORTED COLOUR BIRD ORNAMENT  ,8,2019-12-28 06:56:00,1.83,13284.0,Germany
536291,22423,  REGENCY CAKESTAND 3 TIER  ,17,15/05/2019 03:05,13.03,15741.0,portugal
536375,21730,GLASS STAR FROSTED T-LIGHT HOLDER,15,02/10/2019 14:08,4.1,16968.0,Netherlands
536855,71270,PINK CRYSTAL GUITAR PHONE CHARM,16,02-12-2019,1.37,,France
537410,22423,REGENCY CAKESTAND 3 TIER,3,2019-10-14 21:29:00,11.87,17210.0,Germany
537012,84879,assorted colour bird ornament,4,2019-07-19 00:52:00,1.7,15002.0,Portugal
537169,71270,PINK CRYSTAL GUITAR PHONE CHARM,14,2019-02-05 09:23:00,1.31,14424.0,Belgium
537064,84879,ASSORTED COLOUR BIRD ORNAMENT,7,11/04/2019 11:15,1.53,16065.0,Switzerland
537138,22423,REGENCY CAKESTAND 3 TIER,15,2019-10-06 13:53:00,12.25,,  Australia  
536650,71053,WHITE METAL LANTERN,5,2019-07-10 18:44:00,3.52,16452.0,EIRE
537456,71053,WHITE METAL LANTERN,12,2019-10-08 11:17:00,3.47,16405.0,Belgium
536149,21755,love building block word,5,2019-08-26 21:50:00,6.17,13008.0,France
536614,85123A,WHITE HANGING HEART T-LIGHT HOLDER,2,2019-06-05 10:13:00,2.78,14762.0,eire
537422,84406B,CREAM CUPID HEARTS COAT HANGER,17,2019-05-14 07:06:00,2.64,14023.0,EIRE
537494,85123A,WHITE HANGING HEART T-LIGHT HOLDER,2,2019-06-02 05:28:00,2.79,17085.0,Spain
537228,85123A,WHITE HANGING HEART T-LIGHT HOLDER,15,11/10/2019 08:21,2.55,15703.0,Switzerland
536981,21755,LOVE BUILDING BLOCK WORD,1,2019-12-16 13:52:00,5.99,12409.0,belgium
536420,71053,white metal lantern,5,2019-03-05 07:35:00,3.15,15646.0,eire
536166,84879,ASSORTED COLOUR BIRD ORNAMENT,7,01/06/2019 11:24,1.55,16828.0,Switzerland
537544,71053,WHITE METAL LANTERN,2,2019-01-27 07:53:00,3.64,16817.0,United Kingdom
536699,22960,JAM MAKING SET WITH JARS,11,2019-11-15 23:35:00,5.2,17602.0,Switzerland
537556,85123A,white hanging heart t-light holder,6,2019-05-24 23:04:00,2.62,16852.0,United Kingdom
536849,21730,GLASS STAR FROSTED T-LIGHT HOLDER,5,02-11-2019,4.01,,Germany
536485,21730,  GLASS STAR FROSTED T-LIGHT HOLDER  ,10,2019-05-23 16:06:00,4.5,17596.0,France
537151,84406B,CREAM CUPID HEARTS COAT HANGER,19,2019-09-05 07:17:00,2.98,12552.0,portugal
537514,22752,SET 7 BABUSHKA NESTING BOXES,16,2019-03-11 17:39:00,8.1,14413.0,Switzerland
536411,21730,GLASS STAR FROSTED T-LIGHT HOLDER,17,03-31-2019,3.87,16083.0,Australia
537439,71270,PINK CRYSTAL GUITAR PHONE CHARM,18,11/12/2019 08:05,1.22,15733.0,United Kingdom
536832,22960,jam making set with jars,8,2019-05-22 08:32:00,4.59,18055.0,Spain
536150,85123A,WHITE HANGING HEART T-LIGHT HOLDER,8,2019-12-30 05:20:00,2.34,,spain
536009,21755,LOVE BUILDING BLOCK WORD,6,2019-07-19 04:14:00,6.04,15097.0,Portugal
536526,22423,REGENCY CAKESTAND 3 TIER,5,2019-09-26 20:45:00,12.44,13998.0,germany
536063,84879,ASSORTED COLOUR BIRD ORNAMENT,14,2019-08-09 01:08:00,1.57,14241.0,Germany
536246,71053,WHITE METAL LANTERN,16,2019-11-29 02:25:00,3.71,16761.0,netherlands
537630,71053,WHITE METAL LANTERN,3,2019-02-02 23:57:00,3.45,15073.0,Germany
537267,84406B,CREAM CUPID HEARTS COAT HANGER,5,04-17-2019,2.84,,Portugal
C537593,21755,love building block word,-3,2019-05-08 03:18:00,6.35,18142.0,france
536854,84879,ASSORTED COLOUR BIRD ORNAMENT,1,2019-01-15 18:57:00,1.84,13025.0,Australia
536957,22752,SET 7 BABUSHKA NESTING BOXES,5,11-22-2019,8.01,16411.0,United Kingdom
536397,22960,JAM MAKING SET WITH JARS,1,2019-12-13 00:08:00,4.9,17032.0,United Kingdom
C537651,84879,ASSORTED COLOUR BIRD ORNAMENT,-12,2019-02-01 16:49:00,1.55,17104.0,Germany
536715,22752,set 7 babushka nesting boxes,12,23/04/2019 12:49,7.44,14131.0,United Kingdom
536910,84406B,cream cupid hearts coat hanger,11,2019-02-19 17:12:00,2.83,15127.0,EIRE
537133,71053,WHITE METAL LANTERN,4,08-07-2019,3.5,16340.0,Australia
536162,71053,WHITE METAL LANTERN,16,2019-06-09 04:49:00,3.68,15961.0,Australia
536675,84406B,CREAM CUPID HEARTS COAT HANGER,4972,10-06-2019,2.49,18003.0,Portugal
537175,71270,PINK CRYSTAL GUITAR PHONE CHARM,17,10/04/2019 18:27,1.21,15394.0,France
537271,84406B,CREAM CUPID HEARTS COAT HANGER,6,2019-03-18 11:40:00,2.99,,France
537074,22423,REGENCY CAKESTAND 3 TIER,17,2019-10-06 16:59:00,12.63,15201.0,Portugal
536670,84406B,CREAM CUPID HEARTS COAT HANGER,11,26/11/2019 09:26,2.86,14630.0,Switzerland
537159,71053,WHITE METAL LANTERN,17,2019-12-09 23:59:00,3.12,15314.0,Belgium
537628,21730,GLASS STAR FROSTED T-LIGHT HOLDER,15,02-18-2019,4.07,14526.0,Netherlands
536760,22960,JAM MAKING SET WITH JARS,12,15/10/2019 20:55,5.41,18190.0,EIRE
537104,21730,GLASS STAR FROSTED T-LIGHT HOLDER,9,05/03/2019 01:07,4.42,16342.0,  Portugal  
537036,71053,WHITE METAL LANTERN,3,21/12/2019 17:09,3.71,12784.0,netherlands
536069,71270,PINK CRYSTAL GUITAR PHONE CHARM,8,2019-07-14 17:25:00,1.29,16879.0,Netherlands
536644,71053,  WHITE METAL LANTERN  ,7,26/01/2019 19:45,3.21,15497.0,EIRE
C536424,21755,LOVE BUILDING BLOCK WORD,-18,26/10/2019 09:53,5.7,12450.0,switzerland
536696,84879,ASSORTED COLOUR BIRD ORNAMENT,4,2019-07-01 11:37:00,1.83,14893.0,EIRE
536513,71270,PINK CRYSTAL GUITAR PHONE CHARM,9,2019-04-08 00:05:00,1.14,,  Australia  
537281,22423,regency cakestand 3 tier,19,03-25-2019,11.57,15529.0,Portugal
536050,84879,  ASSORTED COLOUR BIRD ORNAMENT  ,10,26/08/2019 21:40,1.78,15406.0,Switzerland
536436,84406B,CREAM CUPID HEARTS COAT HANGER,3,2019-02-09 07:20:00,2.64,17707.0,France
537283,85123A,WHITE HANGING HEART T-LIGHT HOLDER,16,2019-10-23 23:03:00,2.43,18236.0,france
536317,84406B,cream cupid hearts coat hanger,1,2019-06-15 15:59:00,2.56,17029.0,  Belgium  
537224,71053,WHITE METAL LANTERN,15,2019-06-15 21:59:00,3.64,15216.0,United Kingdom
C537643,22960,jam making set with jars,-16,13/03/2019 23:04,5.36,14258.0,EIRE
537487,22423,regency cakestand 3 tier,15,2019-02-25 22:04:00,12.4,,United Kingdom
536655,21755,LOVE BUILDING BLOCK WORD,12,09-13-2019,5.4,17675.0,Spain
537241,22960,JAM MAKING SET WITH JARS,16,2019-03-27 02:10:00,4.85,17641.0,eire
536774,84879,assorted colour bird ornament,14,03-21-2019,1.55,,EIRE
537119,84406B,  CREAM CUPID HEARTS COAT HANGER  ,4,24/06/2019 23:03,3.01,17259.0,Spain
536805,71270,PINK CRYSTAL GUITAR PHONE CHARM,2,2019-04-08 23:10:00,1.31,18000.0,australia
537577,21755,LOVE BUILDING BLOCK WORD,4,11/09/2019 22:21,5.59,12610.0,Belgium
536407,84879,ASSORTED COLOUR BIRD ORNAMENT,8,28/04/2019 05:24,1.86,18237.0,France
536841,71053,WHITE METAL LANTERN,3,12/02/2019 20:50,3.48,14148.0,Belgium
536946,84879,assorted colour bird ornament,16,2019-08-16 21:10:00,1.68,13127.0,EIRE
537350,21755,LOVE BUILDING BLOCK WORD,13,2019-09-15 17:41:00,5.36,17873.0,netherlands
536804,21730,GLASS STAR FROSTED T-LIGHT HOLDER,4,01-08-2019,4.4,14951.0,  Portugal  
536417,84879,ASSORTED COLOUR BIRD ORNAMENT,14,03-16-2019,1.66,15982.0,  Netherlands  
536649,85123A,WHITE HANGING HEART T-LIGHT HOLDER,5,2019-01-17 09:06:00,2.74,12905.0,france
536954,22752,SET 7 BABUSHKA NESTING BOXES,14,2019-05-05 20:05:00,7.72,16097.0,australia
536353,22960,  JAM MAKING SET WITH JARS  ,15,19/02/2019 11:25,5.27,15086.0,Netherlands
537492,22960,  JAM MAKING SET WITH JARS  ,15,2019-02-09 15:05:00,4.46,16753.0,Belgium
536795,85123A,WHITE HANGING HEART T-LIGHT HOLDER,12,2019-04-17 16:11:00,2.44,17672.0,  Belgium  
537597,22423,REGENCY CAKESTAND 3 TIER,6,2019-12-06 21:34:00,12.26,14210.0,France
536422,84406B,CREAM CUPID HEARTS COAT HANGER,9,2019-08-07 23:37:00,2.75,15991.0,France
536633,85123A,WHITE HANGING HEART T-LIGHT HOLDER,19,13/01/2019 12:18,2.8,14826.0,Netherlands
536352,22423,  REGENCY CAKESTAND 3 TIER  ,11,09-29-2019,12.13,16445.0,United Kingdom
537618,85123A,WHITE HANGING HEART T-LIGHT HOLDER,10,2019-11-15 19:12:00,2.34,16793.0,Belgium
536523,22960,JAM MAKING SET WITH JARS,4,2019-03-11 17:59:00,5.1,14854.0,  United Kingdom  
537624,71270,PINK CRYSTAL GUITAR PHONE CHARM,3,19/10/2019 10:48,1.35,14181.0,Portugal
536140,22423,REGENCY CAKESTAND 3 TIER,15,2019-02-28 17:59:00,13.57,16035.0,France
536253,21730,GLASS STAR FROSTED T-LIGHT HOLDER,15,06/03/2019 11:03,4.65,14215.0,Belgium
537459,22960,jam making set with jars,11,23/04/2019 08:59,4.46,17299.0,  Portugal  
536791,71053,WHITE METAL LANTERN,17,2019-09-01 01:58:00,3.45,13229.0,germany
536836,84879,assorted colour bird ornament,14,28/08/2019 23:59,1.56,15528.0,Australia
536881,84406B,CREAM CUPID HEARTS COAT HANGER,15,29/05/2019 12:13,2.7,16921.0,Spain
536113,22960,JAM MAKING SET WITH JARS,13,10-16-2019,4.83,13156.0,United Kingdom
537497,21755,LOVE BUILDING BLOCK WORD,5,2019-11-01 22:05:00,6.4,16078.0,Portugal
536838,84406B,cream cupid hearts coat hanger,11,03/02/2019 09:30,2.98,13962.0,  Australia  
536946,84879,ASSORTED COLOUR BIRD ORNAMENT,10,2019-05-01 04:48:00,1.83,17017.0,  Germany  
536294,22960,JAM MAKING SET WITH JARS,5,24/10/2019 03:42,5.04,13717.0,EIRE
537453,22423,REGENCY CAKESTAND 3 TIER,2,08-27-2019,12.09,17567.0,Switzerland
537118,22752,,9,2019-01-12 23:21:00,7.41,13200.0,Spain
536855,71270,PINK CRYSTAL GUITAR PHONE CHARM,16,2019-09-19 16:42:00,1.18,13754.0,Portugal
536130,71270,  PINK CRYSTAL GUITAR PHONE CHARM  ,10,06-29-2019,1.25,15027.0,netherlands
C536993,71270,PINK CRYSTAL GUITAR PHONE CHARM,-16,11-02-2019,1.29,,Spain
537664,22423,REGENCY CAKESTAND 3 TIER,14,08/02/2019 21:37,12.04,17133.0,Portugal
537236,85123A,  WHITE HANGING HEART T-LIGHT HOLDER  ,12,2019-12-30 12:39:00,2.46,13170.0,United Kingdom
537272,22752,SET 7 BABUSHKA NESTING BOXES,4,06-10-2019,6.91,14428.0,Germany
536032,22752,SET 7 BABUSHKA NESTING BOXES,12,18/07/2019 00:17,7.93,12914.0,Spain
536296,71270,PINK CRYSTAL GUITAR PHONE CHARM,14,2019-01-28 21:42:00,1.25,17623.0,Germany
537113,22960,JAM MAKING SET WITH JARS,4,21/01/2019 07:12,4.48,14769.0,australia
536346,22752,  SET 7 BABUSHKA NESTING BOXES  ,18,05/09/2019 10:49,6.99,13716.0,  France  
536911,71053,WHITE METAL LANTERN,13,2019-12-22 11:23:00,3.68,15514.0,Spain
537556,22423,REGENCY CAKESTAND 3 TIER,18,12-26-2019,13.18,12877.0,Netherlands
536478,22423,REGENCY CAKESTAND 3 TIER,12,2019-01-24 21:56:00,13.18,13344.0,EIRE
537052,21755,love building block word,19,2019-03-26 02:20:00,5.88,15754.0,Belgium
536354,22423,REGENCY CAKESTAND 3 TIER,4,04-11-2019,13.52,14012.0,Germany
536803,22423,REGENCY CAKESTAND 3 TIER,11,2019-08-20 14:39:00,13.54,17050.0,France
536918,22960,JAM MAKING SET WITH JARS,10,21/03/2019 03:16,4.85,17391.0,Belgium
536869,22960,JAM MAKING SET WITH JARS,6,04/10/2019 07:08,4.94,15477.0,Australia
536782,85123A,WHITE HANGING HEART T-LIGHT HOLDER,10,11-13-2019,2.56,14343.0,portugal
536223,22960,JAM MAKING SET WITH JARS,16,10/04/2019 03:41,5.3,12859.0,Netherlands
536237,21730,GLASS STAR FROSTED T-LIGHT HOLDER,16,15/07/2019 18:11,4.1,13971.0,  Australia  
537529,22960,JAM MAKING SET WITH JARS,3,2019-01-17 09:45:00,4.78,,  Switzerland  
537154,71053,WHITE METAL LANTERN,18,04-16-2019,3.27,13558.0,  Portugal  
536951,22960,jam making set with jars,15,2019-10-09 19:34:00,4.96,14603.0,Australia
536138,21730,glass star frosted t-light holder,18,2019-04-01 20:21:00,4.55,12776.0,France
536483,84879,ASSORTED COLOUR BIRD ORNAMENT,8,09-08-2019,1.73,16718.0,Netherlands
537478,84879,ASSORTED COLOUR BIRD ORNAMENT,9,08/07/2019 22:07,1.74,15633.0,Switzerland
537231,84406B,CREAM CUPID HEARTS COAT HANGER,15,13/04/2019 22:01,2.61,17442.0,  United Kingdom  
536554,22423,  REGENCY CAKESTAND 3 TIER  ,18,2019-09-28 15:51:00,12.27,15801.0,Australia
536801,85123A,WHITE HANGING HEART T-LIGHT HOLDER,4,2019-05-23 22:47:00,2.67,17624.0,switzerland
536946,84879,assorted colour bird ornament,1,2019-01-16 11:06:00,1.57,,Germany
537008,21755,  LOVE BUILDING BLOCK WORD  ,3,11-21-2019,5.86,14755.0,Belgium
537338,21755,LOVE BUILDING BLOCK WORD,10,24/09/2019 14:17,5.58,15027.0,EIRE
537536,21730,glass star frosted t-light holder,11,2019-11-13 20:36:00,4.33,18117.0,Belgium
536839,22752,SET 7 BABUSHKA NESTING BOXES,6,07-12-2019,8.11,16444.0,Switzerland
536571,21730,GLASS STAR FROSTED T-LIGHT HOLDER,5,16/05/2019 02:02,4.59,12865.0,  EIRE  
537477,22960,JAM MAKING SET WITH JARS,19,2019-06-16 09:38:00,4.91,14672.0,united kingdom
536876,22960,JAM MAKING SET WITH JARS,2,03/04/2019 14:16,5.1,15039.0,Australia
536541,22960,JAM MAKING SET WITH JARS,18,2019-04-07 13:54:00,4.78,15513.0,Portugal
536190,85123A,WHITE HANGING HEART T-LIGHT HOLDER,4,12/03/2019 23:19,2.44,13325.0,Switzerland
537454,84879,  ASSORTED COLOUR BIRD ORNAMENT  ,14,2019-12-01 15:51:00,1.72,15785.0,United Kingdom
536244,21755,love building block word,7,2019-11-30 05:52:00,5.46,16246.0,United Kingdom
537060,21730,glass star frosted t-light holder,9,27/04/2019 22:26,4.38,15796.0,  United Kingdom  
537112,21755,,14,2019-02-18 19:17:00,6.23,13415.0,Netherlands
537028,71053,WHITE METAL LANTERN,2,2019-09-19 17:25:00,3.4,,Belgium
536726,21730,GLASS STAR FROSTED T-LIGHT HOLDER,4,02-03-2019,3.87,18250.0,United Kingdom
537300,21730,glass star frosted t-light holder,6,10-24-2019,4.01,,United Kingdom
536641,22423,REGENCY CAKESTAND 3 TIER,4,2019-12-28 13:15:00,12.82,,belgium
536133,22423,regency cakestand 3 tier,18,20/04/2019 16:15,11.83,18282.0,portugal
537511,21730,GLASS STAR FROSTED T-LIGHT HOLDER,6,28/08/2019 11:32,4.67,14940.0,EIRE
537435,21755,LOVE BUILDING BLOCK WORD,15,28/05/2019 05:46,5.73,14939.0,France
536371,22960,JAM MAKING SET WITH JARS,3,2019-04-23 01:04:00,5.03,16532.0,  Portugal  
536132,22960,JAM MAKING SET WITH JARS,19,22/01/2019 20:01,4.85,12364.0,Belgium
537103,21755,  LOVE BUILDING BLOCK WORD  ,6,2019-03-01 23:07:00,6.45,12657.0,France
536868,22423,REGENCY CAKESTAND 3 TIER,4,2019-01-19 10:10:00,11.95,15771.0,france
536645,71270,PINK CRYSTAL GUITAR PHONE CHARM,10,08-04-2019,1.24,16250.0,Australia
536577,71053,  WHITE METAL LANTERN  ,6,09-13-2019,3.71,14807.0,Switzerland
536331,22423,REGENCY CAKESTAND 3 TIER,10,2019-07-31 01:49:00,11.98,16063.0,  France  
536562,22423,REGENCY CAKESTAND 3 TIER,2,2019-05-14 14:39:00,11.73,12865.0,Netherlands
536271,85123A,WHITE HANGING HEART T-LIGHT HOLDER,2,2019-04-10 13:34:00,2.45,13504.0,United Kingdom
536006,22423,REGENCY CAKESTAND 3 TIER,6,16/02/2019 13:22,13.16,15346.0,switzerland
536708,85123A,WHITE HANGING HEART T-LIGHT HOLDER,4,2019-01-19 13:21:00,2.76,14501.0,United Kingdom
536486,84879,ASSORTED COLOUR BIRD ORNAMENT,7,15/08/2019 13:11,1.74,13719.0,United Kingdom
536297,84406B,CREAM CUPID HEARTS COAT HANGER,19,14/10/2019 20:39,2.92,12441.0,Spain
536216,21755,LOVE BUILDING BLOCK WORD,13,26/10/2019 07:05,5.5,16701.0,Australia
537429,84406B,CREAM CUPID HEARTS COAT HANGER,5,2019-10-23 20:58:00,2.54,16300.0,United Kingdom
536761,71053,WHITE METAL LANTERN,10,2019-10-01 07:34:00,3.47,17942.0,  Germany  
537346,22960,jam making set with jars,5,02/05/2019 21:47,5.33,16896.0,Australia
536345,22960,JAM MAKING SET WITH JARS,8,2019-10-18 00:48:00,4.98,12658.0,  EIRE  
537083,84879,ASSORTED COLOUR BIRD ORNAMENT,17,31/05/2019 20:09,1.64,16336.0,Netherlands
536073,22960,jam making set with jars,8,2019-05-08 14:36:00,4.77,15740.0,netherlands
536518,22752,set 7 babushka nesting boxes,9,2019-04-11 13:33:00,7.22,12623.0,germany
536093,84406B,  CREAM CUPID HEARTS COAT HANGER  ,13,2019-09-17 19:58:00,2.54,,Germany
537093,71270,PINK CRYSTAL GUITAR PHONE CHARM,11,05-18-2019,1.36,17679.0,belgium
536044,21755,LOVE BUILDING BLOCK WORD,8,2019-05-02 00:15:00,6.12,16355.0,  France  
537391,21755,LOVE BUILDING BLOCK WORD,8,2019-12-08 02:25:00,5.45,17826.0,  Belgium  
537019,22960,JAM MAKING SET WITH JARS,4,04-25-2019,4.53,17109.0,australia
537554,21755,  LOVE BUILDING BLOCK WORD  ,16,09/03/2019 08:33,5.44,13746.0,Netherlands
536672,22752,  SET 7 BABUSHKA NESTING BOXES  ,18,14/01/2019 03:03,7.12,,Spain
537574,84406B,CREAM CUPID HEARTS COAT HANGER,14,2019-07-11 01:34:00,2.91,16295.0,Belgium
537174,21730,GLASS STAR FROSTED T-LIGHT HOLDER,10,25/04/2019 11:52,3.99,14112.0,Netherlands
537376,71270,PINK CRYSTAL GUITAR PHONE CHARM,12,2019-02-01 11:37:00,1.26,12889.0,Belgium
537636,84406B,cream cupid hearts coat hanger,6,22/01/2019 05:49,2.72,13264.0,Germany
536697,21730,GLASS STAR FROSTED T-LIGHT HOLDER,11,2019-11-13 02:52:00,4.66,14168.0,Switzerland
536596,85123A,WHITE HANGING HEART T-LIGHT HOLDER,19,11-28-2019,2.59,13194.0,Switzerland
536000,85123A,WHITE HANGING HEART T-LIGHT HOLDER,15,2019-06-08 20:36:00,2.52,12856.0,Belgium
537589,84879,ASSORTED COLOUR BIRD ORNAMENT,17,22/12/2019 11:52,1.69,16561.0,Australia
537477,71053,  WHITE METAL LANTERN  ,6,04-27-2019,3.52,13828.0,Australia
537178,22752,  SET 7 BABUSHKA NESTING BOXES  ,12,2019-01-16 06:01:00,8.38,17401.0,Switzerland
536200,22960,JAM MAKING SET WITH JARS,12,2019-09-10 18:04:00,5.24,15125.0,Portugal
536233,22960,JAM MAKING SET WITH JARS,3,2019-08-22 07:53:00,4.7,15740.0,switzerland
536695,71270,PINK CRYSTAL GUITAR PHONE CHARM,16,22/04/2019 15:02,1.25,16760.0,germany
537357,21755,LOVE BUILDING BLOCK WORD,14,23/10/2019 11:06,6.16,14147.0,Netherlands
537113,21730,GLASS STAR FROSTED T-LIGHT HOLDER,5,10/06/2019 10:03,3.9,14742.0,United Kingdom
536613,22752,SET 7 BABUSHKA NESTING BOXES,4,2019-12-15 04:03:00,7.02,17308.0,Switzerland
537168,21755,LOVE BUILDING BLOCK WORD,14,03-21-2019,5.65,17648.0,eire
536409,21730,  GLASS STAR FROSTED T-LIGHT HOLDER  ,15,2019-08-03 22:05:00,4.39,12951.0,Spain
536714,84879,ASSORTED COLOUR BIRD ORNAMENT,14,08/05/2019 15:04,1.79,16627.0,Australia
537179,84406B,CREAM CUPID HEARTS COAT HANGER,18,12-08-2019,2.5,17097.0,Switzerland
536284,22752,set 7 babushka nesting boxes,12,19/09/2019 01:22,8.09,12730.0,Portugal
536162,71270,PINK CRYSTAL GUITAR PHONE CHARM,1,2019-07-09 22:50:00,1.36,15371.0,united kingdom
536675,71053,WHITE METAL LANTERN,12,07-23-2019,3.46,16215.0,France
536867,22423,regency cakestand 3 tier,13,2019-10-03 12:09:00,12.16,16842.0,United Kingdom
536563,22423,REGENCY CAKESTAND 3 TIER,1,2019-08-05 21:50:00,12.98,18048.0,Belgium
536784,21730,GLASS STAR FROSTED T-LIGHT HOLDER,14,31/08/2019 08:12,4.37,16510.0,eire
C537035,22423,  REGENCY CAKESTAND 3 TIER  ,-6,12-20-2019,12.23,13023.0,United Kingdom
536911,22960,JAM MAKING SET WITH JARS,14,15/11/2019 09:20,4.96,17686.0,  Germany  
537049,21730,  GLASS STAR FROSTED T-LIGHT HOLDER  ,15,14/11/2019 15:10,4.14,16808.0,Switzerland
536692,22960,JAM MAKING SET WITH JARS,8,29/10/2019 21:28,5.42,14127.0,  EIRE  
537189,21730,GLASS STAR FROSTED T-LIGHT HOLDER,12,06/09/2019 21:56,4.28,17950.0,Portugal
537289,71053,white metal lantern,7,2019-06-05 02:39:00,3.59,16198.0,EIRE
536663,21755,LOVE BUILDING BLOCK WORD,3,2019-04-13 16:35:00,5.66,,  Switzerland  
536137,71053,WHITE METAL LANTERN,2142,01-09-2019,3.14,15396.0,Spain
537150,85123A,  WHITE HANGING HEART T-LIGHT HOLDER  ,12,02/06/2019 02:10,2.79,,Switzerland
537262,21730,GLASS STAR FROSTED T-LIGHT HOLDER,6,25/07/2019 00:50,4.63,13959.0,Australia
536907,21730,GLASS STAR FROSTED T-LIGHT HOLDER,18,27/01/2019 12:30,4.02,16851.0,portugal
537148,84406B,CREAM CUPID HEARTS COAT HANGER,16,10-06-2019,2.86,15776.0,France
536360,21730,GLASS STAR FROSTED T-LIGHT HOLDER,16,10/12/2019 02:26,4.61,16189.0,Australia
C536617,22423,REGENCY CAKESTAND 3 TIER,-12,23/10/2019 18:21,12.01,14102.0,switzerland
536512,71053,white metal lantern,7,11-04-2019,3.24,,United Kingdom
536806,71270,PINK CRYSTAL GUITAR PHONE CHARM,11,12-08-2019,1.13,17717.0,France
536012,71270,PINK CRYSTAL GUITAR PHONE CHARM,9,15/12/2019 07:57,1.19,15583.0,Netherlands
C537120,71053,WHITE METAL LANTERN,-8,01-17-2019,3.25,17914.0,Germany
536196,84879,ASSORTED COLOUR BIRD ORNAMENT,10,2019-11-21 23:44:00,1.69,,Germany
537232,85123A,white hanging heart t-light holder,10,2019-01-16 18:20:00,2.58,13144.0,switzerland
537481,84406B,  CREAM CUPID HEARTS COAT HANGER  ,12,11/03/2019 01:37,2.64,15075.0,  EIRE  
536698,84406B,CREAM CUPID HEARTS COAT HANGER,14,2019-06-04 09:49:00,2.94,14654.0,Spain
536219,84879,assorted colour bird ornament,17,13/09/2019 12:30,1.73,13444.0,spain
537314,71053,WHITE METAL LANTERN,2,11/02/2019 13:56,3.72,13433.0,EIRE
536006,22423,regency cakestand 3 tier,13,02/06/2019 19:32,12.51,14254.0,germany
537457,22960,JAM MAKING SET WITH JARS,18,2019-04-04 13:03:00,4.48,14469.0,France
537394,84406B,CREAM CUPID HEARTS COAT HANGER,13,2019-06-01 09:21:00,2.75,15994.0,Australia
537460,22960,JAM MAKING SET WITH JARS,17,11-03-2019,4.85,17078.0,Portugal
537627,84879,ASSORTED COLOUR BIRD ORNAMENT,12,2019-06-06 06:23:00,1.75,14360.0,portugal
536180,22960,JAM MAKING SET WITH JARS,9,21/12/2019 09:25,4.72,,Spain
536929,21730,GLASS STAR FROSTED T-LIGHT HOLDER,5,2019-10-26 04:48:00,4.46,12426.0,United Kingdom
537060,71053,WHITE METAL LANTERN,2,2019-05-29 20:54:00,3.14,13171.0,Belgium
536667,84879,  ASSORTED COLOUR BIRD ORNAMENT  ,15,2019-05-31 13:05:00,1.76,13643.0,Portugal
537096,22752,set 7 babushka nesting boxes,8,2019-06-24 21:17:00,7.56,,  United Kingdom  
536945,71270,PINK CRYSTAL GUITAR PHONE CHARM,9,03/02/2019 01:17,1.37,15836.0,spain
536193,84879,  ASSORTED COLOUR BIRD ORNAMENT  ,1,2019-01-10 09:40:00,1.54,16777.0,United Kingdom
537455,21755,  LOVE BUILDING BLOCK WORD  ,12,21/07/2019 03:26,6.0,15929.0,EIRE
537428,84879,assorted colour bird ornament,14,22/02/2019 19:56,1.84,12606.0,EIRE
537621,22752,SET 7 BABUSHKA NESTING BOXES,8,2019-11-13 17:00:00,8.31,12826.0,EIRE
536159,84879,ASSORTED COLOUR BIRD ORNAMENT,13,03-13-2019,1.77,18047.0,Australia
536906,22960,JAM MAKING SET WITH JARS,16,2019-08-15 23:53:00,4.71,13747.0,  Netherlands  
537413,85123A,WHITE HANGING HEART T-LIGHT HOLDER,4,2019-04-13 18:25:00,2.54,12435.0,Germany
536021,84406B,cream cupid hearts coat hanger,9,2019-04-09 05:40:00,2.61,,Switzerland
537541,85123A,WHITE HANGING HEART T-LIGHT HOLDER,2,07-27-2019,2.62,13945.0,netherlands
536879,84406B,CREAM CUPID HEARTS COAT HANGER,18,2019-02-28 18:27:00,2.49,15789.0,Australia
537071,84406B,CREAM CUPID HEARTS COAT HANGER,1,2019-11-06 18:51:00,2.52,13440.0,Netherlands
537509,22960,jam making set with jars,12,2019-07-11 17:23:00,5.28,14479.0,Australia
536373,21730,GLASS STAR FROSTED T-LIGHT HOLDER,17,30/04/2019 18:37,4.06,13404.0,Germany
536086,22752,SET 7 BABUSHKA NESTING BOXES,7,2019-06-19 10:33:00,7.51,13881.0,germany
536235,21755,LOVE BUILDING BLOCK WORD,6,08-11-2019,6.16,17565.0,Australia
537401,84879,ASSORTED COLOUR BIRD ORNAMENT,17,2019-05-15 22:03:00,1.71,,Belgium
536146,71053,WHITE METAL LANTERN,3,2019-03-03 21:40:00,3.71,,Australia
537470,21755,LOVE BUILDING BLOCK WORD,4,12/06/2019 12:17,5.57,17878.0,EIRE
537075,84406B,cream cupid hearts coat hanger,6,2019-04-24 12:10:00,2.49,13560.0,France
537579,71053,WHITE METAL LANTERN,11,01-04-2019,3.58,,EIRE
536308,84406B,cream cupid hearts coat hanger,6,26/06/2019 00:35,2.5,12575.0,  Spain  
537600,21755,LOVE BUILDING BLOCK WORD,8,2019-03-05 00:04:00,6.29,14261.0,  Portugal  
536509,85123A,WHITE HANGING HEART T-LIGHT HOLDER,7,14/08/2019 02:02,2.6,15412.0,EIRE
537595,84406B,CREAM CUPID HEARTS COAT HANGER,14,04-22-2019,2.99,12693.0,Switzerland
536378,85123A,WHITE HANGING HEART T-LIGHT HOLDER,13,14/09/2019 03:23,2.74,12940.0,EIRE
536369,84879,ASSORTED COLOUR BIRD ORNAMENT,16,2019-09-30 13:49:00,1.65,12379.0,  Netherlands  
536553,21755,LOVE BUILDING BLOCK WORD,12,06/01/2019 01:43,5.47,14126.0,united kingdom
536589,21730,glass star frosted t-light holder,9,2019-02-03 15:58:00,4.43,16994.0,France
537476,22960,JAM MAKING SET WITH JARS,14,2019-12-13 16:48:00,4.49,16096.0,EIRE
537092,71053,WHITE METAL LANTERN,7,02/06/2019 20:35,3.56,15207.0,EIRE
536195,85123A,WHITE HANGING HEART T-LIGHT HOLDER,2,21/11/2019 01:21,2.31,15578.0,Portugal
536256,85123A,WHITE HANGING HEART T-LIGHT HOLDER,16,2019-02-05 20:51:00,2.66,12413.0,Australia
536724,71053,WHITE METAL LANTERN,1,08/02/2019 19:01,3.07,,Spain
536361,84879,ASSORTED COLOUR BIRD ORNAMENT,3,2019-09-07 13:38:00,1.56,12844.0,France
536625,22423,REGENCY CAKESTAND 3 TIER,11,13/05/2019 23:08,13.35,16355.0,Portugal
536527,84406B,CREAM CUPID HEARTS COAT HANGER,10,2019-11-05 17:54:00,2.73,17500.0,EIRE
537150,22960,JAM MAKING SET WITH JARS,12,03-24-2019,4.48,15092.0,EIRE
536496,84879,  ASSORTED COLOUR BIRD ORNAMENT  ,11,06-03-2019,1.55,14208.0,EIRE
536646,84879,  ASSORTED COLOUR BIRD ORNAMENT  ,7,2019-10-01 06:06:00,1.84,16372.0,france
536212,22960,jam making set with jars,7,2019-07-20 13:02:00,4.75,13786.0,Spain
537442,22752,SET 7 BABUSHKA NESTING BOXES,17,2019-01-04 16:57:00,8.3,17103.0,Germany
537361,84879,ASSORTED COLOUR BIRD ORNAMENT,3,18/02/2019 12:01,1.82,14369.0,Germany
536904,21755,LOVE BUILDING BLOCK WORD,16,2019-03-27 10:51:00,5.96,,  Spain  
536427,21755,  LOVE BUILDING BLOCK WORD  ,11,2019-08-24 10:32:00,5.4,13080.0,France
537430,71053,WHITE METAL LANTERN,14,2019-07-20 16:34:00,3.15,15309.0,Switzerland
536560,71053,WHITE METAL LANTERN,15,2019-08-31 19:20:00,3.44,15587.0,Netherlands
536560,84879,ASSORTED COLOUR BIRD ORNAMENT,8,05-24-2019,1.65,12765.0,  Germany  
536020,71053,WHITE METAL LANTERN,8,2019-02-11 15:38:00,3.34,,portugal
537223,22752,set 7 babushka nesting boxes,8,2019-11-02 05:24:00,8.29,17488.0,  Netherlands  
536959,84879,assorted colour bird ornament,17,2019-10-29 06:30:00,1.62,14162.0,Australia
536052,84406B,  CREAM CUPID HEARTS COAT HANGER  ,11,04-08-2019,2.92,14986.0,Portugal
536146,85123A,WHITE HANGING HEART T-LIGHT HOLDER,17,01-22-2019,2.71,18116.0,netherlands
537117,71053,WHITE METAL LANTERN,15,2019-08-22 05:38:00,3.24,,France
537427,84406B,CREAM CUPID HEARTS COAT HANGER,6,2019-10-13 07:55:00,3.0,18102.0,  Switzerland  
536968,22423,  REGENCY CAKESTAND 3 TIER  ,7,11-20-2019,11.85,15865.0,france
537282,85123A,white hanging heart t-light holder,17,2019-05-08 05:09:00,2.58,14172.0,Australia
537445,85123A,WHITE HANGING HEART T-LIGHT HOLDER,1,2019-02-13 15:44:00,2.44,15203.0,Spain
537397,22423,REGENCY CAKESTAND 3 TIER,9,2019-09-10 23:57:00,11.85,15891.0,Australia
536593,84406B,  CREAM CUPID HEARTS COAT HANGER  ,6,11-17-2019,3.02,17107.0,Spain
537369,84406B,CREAM CUPID HEARTS COAT HANGER,3,18/04/2019 18:08,2.49,17478.0,  France  
537611,22752,SET 7 BABUSHKA NESTING BOXES,16,2019-02-19 20:35:00,8.32,15710.0,  Switzerland  
536837,21730,GLASS STAR FROSTED T-LIGHT HOLDER,14,2019-10-23 20:08:00,4.18,15004.0,germany
537652,22423,REGENCY CAKESTAND 3 TIER,6,2019-02-27 23:29:00,12.96,14293.0,Germany
537058,85123A,white hanging heart t-light holder,11,01/04/2019 16:44,2.66,14969.0,Belgium
536741,71270,PINK CRYSTAL GUITAR PHONE CHARM,5,15/12/2019 07:39,1.2,17522.0,Germany
537573,85123A,WHITE HANGING HEART T-LIGHT HOLDER,7,2019-03-27 09:17:00,2.61,17704.0,Netherlands
536004,84406B,CREAM CUPID HEARTS COAT HANGER,13,31/10/2019 04:47,2.55,17127.0,United Kingdom
537444,84879,ASSORTED COLOUR BIRD ORNAMENT,2,04-14-2019,1.56,14908.0,EIRE
C536561,71053,WHITE METAL LANTERN,-1,2019-03-21 19:01:00,3.46,14684.0,eire
536046,85123A,WHITE HANGING HEART T-LIGHT HOLDER,2,2019-11-03 20:14:00,2.42,17420.0,Belgium
537345,22423,REGENCY CAKESTAND 3 TIER,11,16/12/2019 04:47,12.41,16846.0,Australia
536651,21755,LOVE BUILDING BLOCK WORD,13,2019-12-07 07:37:00,6.04,14914.0,france
537072,21755,LOVE BUILDING BLOCK WORD,1,28/05/2019 08:42,6.28,14644.0,EIRE
C536659,21755,LOVE BUILDING BLOCK WORD,-17,26/10/2019 22:18,5.42,14201.0,Spain
537291,84406B,CREAM CUPID HEARTS COAT HANGER,18,27/02/2019 07:09,2.7,17985.0,belgium
537115,21730,  GLASS STAR FROSTED T-LIGHT HOLDER  ,13,08-10-2019,4.19,18075.0,Portugal
536351,85123A,WHITE HANGING HEART T-LIGHT HOLDER,13,03-11-2019,2.33,,Belgium
536816,21730,GLASS STAR FROSTED T-LIGHT HOLDER,2036,06/03/2019 16:31,4.34,12683.0,Switzerland
537458,22960,jam making set with jars,7,05/04/2019 15:34,5.09,12369.0,france
537575,85123A,WHITE HANGING HEART T-LIGHT HOLDER,8,2019-09-22 01:12:00,2.71,17340.0,France
537366,85123A,WHITE HANGING HEART T-LIGHT HOLDER,10,2019-01-09 01:43:00,2.8,13779.0,France
536952,84406B,CREAM CUPID HEARTS COAT HANGER,2,08-08-2019,2.96,13378.0,United Kingdom
536393,22752,set 7 babushka nesting boxes,9,2019-09-30 06:24:00,7.72,18088.0,Belgium
536536,21755,  LOVE BUILDING BLOCK WORD  ,10,17/08/2019 20:06,6.44,,Portugal
536596,22423,  REGENCY CAKESTAND 3 TIER  ,12,03-05-2019,12.62,14874.0,  Switzerland  
536528,22752,SET 7 BABUSHKA NESTING BOXES,6,2019-12-19 22:54:00,7.86,14839.0,Switzerland
536036,71053,WHITE METAL LANTERN,3,17/07/2019 17:53,3.39,,belgium
537545,85123A,  WHITE HANGING HEART T-LIGHT HOLDER  ,16,2019-10-18 03:00:00,2.62,17083.0,portugal
537497,84406B,CREAM CUPID HEARTS COAT HANGER,6,03-20-2019,2.5,13330.0,Belgium
537015,84406B,CREAM CUPID HEARTS COAT HANGER,6,2019-08-27 22:19:00,2.92,12385.0,Belgium
537499,71053,WHITE METAL LANTERN,13,04-14-2019,3.45,14528.0,EIRE
536229,22423,REGENCY CAKESTAND 3 TIER,7873,2019-07-11 16:10:00,13.26,15715.0,Netherlands
537270,22960,jam making set with jars,12,2019-01-06 02:10:00,5.25,14450.0,Australia
537030,84406B,cream cupid hearts coat hanger,1,2019-01-03 04:07:00,2.77,17044.0,Belgium
536998,22752,SET 7 BABUSHKA NESTING BOXES,4,17/04/2019 02:35,7.35,,  Germany  
537384,84406B,  CREAM CUPID HEARTS COAT HANGER  ,1,08-07-2019,2.95,12472.0,  EIRE  
536217,21755,LOVE BUILDING BLOCK WORD,13,21/04/2019 21:16,5.77,17818.0,Portugal
537303,71053,WHITE METAL LANTERN,1,02/06/2019 08:17,3.33,14777.0,United Kingdom
536939,84406B,,1,28/04/2019 07:39,2.58,16991.0,EIRE
C537068,21730,GLASS STAR FROSTED T-LIGHT HOLDER,-4,2019-08-27 01:33:00,4.06,16117.0,Belgium
536196,71270,PINK CRYSTAL GUITAR PHONE CHARM,16,2019-04-17 11:27:00,1.14,12929.0,Portugal
537124,71270,PINK CRYSTAL GUITAR PHONE CHARM,16,03/04/2019 14:52,1.23,16118.0,  Spain  
536497,21755,LOVE BUILDING BLOCK WORD,11,2019-03-07 23:15:00,6.54,16388.0,France
536298,85123A,WHITE HANGING HEART T-LIGHT HOLDER,15,2019-08-17 09:38:00,2.7,15848.0,  Switzerland  
537104,71270,PINK CRYSTAL GUITAR PHONE CHARM,8,08/12/2019 16:53,1.19,12766.0,United Kingdom
537185,85123A,WHITE HANGING HEART T-LIGHT HOLDER,9,10-07-2019,2.79,16793.0,EIRE
536921,71053,WHITE METAL LANTERN,5,2019-08-28 22:27:00,3.22,15207.0,United Kingdom
536042,21730,GLASS STAR FROSTED T-LIGHT HOLDER,10,2019-01-21 01:43:00,3.92,17505.0,Portugal
536039,71053,WHITE METAL LANTERN,3,10/09/2019 09:41,3.4,,Spain
536864,21755,love building block word,11,2019-12-12 12:31:00,5.66,15698.0,  United Kingdom  
536892,21755,LOVE BUILDING BLOCK WORD,4,2019-07-31 23:32:00,6.02,16869.0,  Netherlands  
536930,21755,LOVE BUILDING BLOCK WORD,4,2019-04-21 06:00:00,6.21,17145.0,Australia
536171,71053,white metal lantern,19,2019-01-07 03:08:00,3.37,13578.0,United Kingdom
537133,22423,REGENCY CAKESTAND 3 TIER,7,10/06/2019 08:14,13.58,15647.0,Belgium
536993,84879,assorted colour bird ornament,4,2019-10-19 09:24:00,1.64,15067.0,Switzerland
537069,71053,WHITE METAL LANTERN,1,2019-11-16 06:30:00,3.16,16115.0,  Germany  
537663,22960,JAM MAKING SET WITH JARS,14,01-13-2019,4.63,16729.0,Australia
537595,22423,REGENCY CAKESTAND 3 TIER,7,09-27-2019,11.88,13177.0,Portugal
536956,21755,LOVE BUILDING BLOCK WORD,3,2019-09-11 19:09:00,6.37,16950.0,Portugal
536010,71053,WHITE METAL LANTERN,12,18/08/2019 02:01,3.49,16846.0,Spain
536685,22423,REGENCY CAKESTAND 3 TIER,6,04/05/2019 07:52,13.47,12985.0,  Australia  
537603,84879,ASSORTED COLOUR BIRD ORNAMENT,14,20/01/2019 16:55,1.8,15828.0,Switzerland
536616,22752,SET 7 BABUSHKA NESTING BOXES,8,2019-08-09 23:59:00,7.37,13523.0,switzerland
537196,71270,PINK CRYSTAL GUITAR PHONE CHARM,3,12/02/2019 03:01,1.37,14405.0,Spain
536474,22423,regency cakestand 3 tier,15,2019-04-02 13:05:00,13.75,12852.0,Germany
537536,84406B,CREAM CUPID HEARTS COAT HANGER,4,2019-01-14 05:10:00,2.98,16382.0,Germany
537440,85123A,WHITE HANGING HEART T-LIGHT HOLDER,18,15/12/2019 13:28,2.38,16119.0,belgium
537555,84406B,CREAM CUPID HEARTS COAT HANGER,12,2019-11-18 22:39:00,2.78,13531.0,belgium
536606,71053,  WHITE METAL LANTERN  ,14,2019-09-22 03:47:00,3.11,,Germany
536494,84879,ASSORTED COLOUR BIRD ORNAMENT,6,2019-02-04 06:25:00,1.61,13701.0,Netherlands
537504,84406B,cream cupid hearts coat hanger,19,2019-07-13 02:50:00,2.49,12523.0,Germany
536150,22752,SET 7 BABUSHKA NESTING BOXES,12,2019-12-04 03:14:00,7.84,14291.0,  Belgium  
536478,84406B,  CREAM CUPID HEARTS COAT HANGER  ,14,2019-11-12 18:54:00,2.83,14169.0,Portugal
536460,85123A,WHITE HANGING HEART T-LIGHT HOLDER,6,12-06-2019,2.76,13160.0,Germany
537364,71270,pink crystal guitar phone charm,4,05-08-2019,1.2,12441.0,EIRE
537256,21755,love building block word,7,2019-12-23 07:48:00,6.01,14629.0,Switzerland
536373,21730,  GLASS STAR FROSTED T-LIGHT HOLDER  ,11,2019-08-24 19:53:00,4.03,14863.0,australia
536108,71270,PINK CRYSTAL GUITAR PHONE CHARM,2,02/07/2019 17:21,1.17,18099.0,EIRE
537176,71270,PINK CRYSTAL GUITAR PHONE CHARM,17,03/11/2019 16:24,1.13,14146.0,France
C536274,21755,LOVE BUILDING BLOCK WORD,-12,2019-03-28 11:41:00,5.94,12405.0,Australia
536910,84406B,CREAM CUPID HEARTS COAT HANGER,18,2019-02-21 06:11:00,2.67,16254.0,Switzerland
536152,22423,REGENCY CAKESTAND 3 TIER,15,05-30-2019,11.66,16318.0,Spain
536301,22752,SET 7 BABUSHKA NESTING BOXES,7,2019-11-04 07:41:00,7.13,14035.0,Australia
537129,22752,set 7 babushka nesting boxes,11,2019-08-09 20:27:00,8.4,13882.0,Switzerland
536096,71270,  PINK CRYSTAL GUITAR PHONE CHARM  ,2,01/02/2019 10:28,1.13,17400.0,Switzerland
536837,22423,  REGENCY CAKESTAND 3 TIER  ,19,29/06/2019 00:01,13.27,16113.0,United Kingdom
536471,21755,LOVE BUILDING BLOCK WORD,18,27/02/2019 03:11,6.31,16997.0,  Switzerland  
536368,21730,GLASS STAR FROSTED T-LIGHT HOLDER,12,2019-07-18 04:28:00,4.15,15726.0,Germany
536350,71270,PINK CRYSTAL GUITAR PHONE CHARM,9,2019-10-06 16:46:00,1.18,13764.0,  EIRE  
536893,22752,SET 7 BABUSHKA NESTING BOXES,19,01-08-2019,8.41,12795.0,Belgium
537034,71270,PINK CRYSTAL GUITAR PHONE CHARM,18,11-20-2019,1.13,15754.0,Germany
537325,85123A,WHITE HANGING HEART T-LIGHT HOLDER,3,2019-10-04 20:10:00,2.46,12526.0,Australia
536451,22423,REGENCY CAKESTAND 3 TIER,8,10-06-2019,12.72,,United Kingdom
537363,22423,regency cakestand 3 tier,7,2019-12-30 10:03:00,11.57,16328.0,Netherlands
536458,22423,REGENCY CAKESTAND 3 TIER,19,2019-03-25 00:33:00,12.26,15630.0,France
536740,71053,WHITE METAL LANTERN,14,2019-10-20 15:13:00,3.69,13057.0,united kingdom
536619,21730,GLASS STAR FROSTED T-LIGHT HOLDER,12,2019-12-07 19:58:00,4.61,15761.0,Belgium
536045,22960,JAM MAKING SET WITH JARS,3,04/11/2019 09:25,4.9,,United Kingdom
536915,21730,GLASS STAR FROSTED T-LIGHT HOLDER,14,02/05/2019 02:49,4.01,14947.0,australia
536661,71053,white metal lantern,5,16/01/2019 05:09,3.21,,Belgium
537345,84879,  ASSORTED COLOUR BIRD ORNAMENT  ,14,26/12/2019 02:11,1.59,,Germany
537620,22423,regency cakestand 3 tier,1,11-14-2019,11.87,17818.0,Netherlands
536267,71270,PINK CRYSTAL GUITAR PHONE CHARM,18,2019-02-01 00:05:00,1.23,13733.0,united kingdom
537275,22960,JAM MAKING SET WITH JARS,13,2019-04-21 14:21:00,4.74,17023.0,portugal
536989,84879,ASSORTED COLOUR BIRD ORNAMENT,16,2019-03-08 01:09:00,1.53,16559.0,  Belgium  
536284,84879,  ASSORTED COLOUR BIRD ORNAMENT  ,10,2019-10-15 15:48:00,1.56,18272.0,Germany
536177,21730,GLASS STAR FROSTED T-LIGHT HOLDER,2,2019-03-24 04:51:00,3.85,14077.0,Switzerland
536922,21730,GLASS STAR FROSTED T-LIGHT HOLDER,5,01/05/2019 21:33,4.12,17649.0,Spain
537218,21730,GLASS STAR FROSTED T-LIGHT HOLDER,7,2019-07-20 09:45:00,4.43,15332.0,  Germany  
536063,85123A,WHITE HANGING HEART T-LIGHT HOLDER,18,2019-12-07 04:31:00,2.3,17197.0,United Kingdom
537336,22423,regency cakestand 3 tier,3,02-09-2019,12.25,15613.0,Portugal
536330,22423,REGENCY CAKESTAND 3 TIER,7,2019-06-04 11:57:00,11.71,16289.0,Germany
536480,22960,jam making set with jars,7,10-25-2019,5.19,,Portugal
537367,22423,REGENCY CAKESTAND 3 TIER,13,07-01-2019,13.9,16115.0,Belgium
536201,22752,SET 7 BABUSHKA NESTING BOXES,8,02/12/2019 11:41,7.71,14416.0,  Germany  
536179,21730,GLASS STAR FROSTED T-LIGHT HOLDER,2,12-24-2019,4.06,,United Kingdom
537298,71270,PINK CRYSTAL GUITAR PHONE CHARM,19,21/01/2019 13:58,1.14,13949.0,spain
537351,21755,  LOVE BUILDING BLOCK WORD  ,5,24/08/2019 12:21,5.97,13530.0,  Portugal  
537206,71270,pink crystal guitar phone charm,3,2019-02-21 09:40:00,1.13,12702.0,switzerland
537136,84406B,CREAM CUPID HEARTS COAT HANGER,18,2019-06-17 18:02:00,2.53,15254.0,France
C536532,22423,REGENCY CAKESTAND 3 TIER,-7,18/05/2019 14:25,11.82,12741.0,Switzerland
536514,71270,PINK CRYSTAL GUITAR PHONE CHARM,14,21/12/2019 08:54,1.21,18245.0,  Spain  
536011,71053,WHITE METAL LANTERN,19,20/06/2019 18:47,3.38,12731.0,United Kingdom
537143,22960,JAM MAKING SET WITH JARS,10,2019-03-14 16:21:00,4.69,16300.0,Switzerland
536815,21730,GLASS STAR FROSTED T-LIGHT HOLDER,5,2019-08-14 05:40:00,4.59,17297.0,Germany
537654,71053,WHITE METAL LANTERN,8,2019-08-18 04:24:00,3.63,14047.0,  Germany  
536247,84406B,CREAM CUPID HEARTS COAT HANGER,3,2019-12-08 12:08:00,2.99,14725.0,Portugal
537396,21755,LOVE BUILDING BLOCK WORD,17,02-22-2019,6.26,15712.0,united kingdom
536893,85123A,WHITE HANGING HEART T-LIGHT HOLDER,4,17/09/2019 00:49,2.44,17623.0,Germany
536884,21755,  LOVE BUILDING BLOCK WORD  ,19,2019-08-05 04:54:00,6.27,17190.0,Germany
536301,71270,PINK CRYSTAL GUITAR PHONE CHARM,12,01/12/2019 14:27,1.35,15759.0,Belgium
536087,22423,  REGENCY CAKESTAND 3 TIER  ,17,2019-11-30 16:01:00,12.1,13368.0,Germany
536887,71270,PINK CRYSTAL GUITAR PHONE CHARM,13,2019-11-27 11:57:00,1.21,15383.0,Portugal
537467,71053,WHITE METAL LANTERN,14,2019-05-28 00:50:00,3.33,12535.0,Netherlands
536358,21755,LOVE BUILDING BLOCK WORD,1,05-23-2019,5.5,13413.0,EIRE
536651,22960,JAM MAKING SET WITH JARS,14,22/10/2019 13:17,4.7,15584.0,eire
537148,84406B,cream cupid hearts coat hanger,8,2019-07-07 17:18:00,3.02,15437.0,  United Kingdom  
536457,84879,ASSORTED COLOUR BIRD ORNAMENT,5,2019-06-18 20:39:00,1.63,14453.0,France
537533,84879,  ASSORTED COLOUR BIRD ORNAMENT  ,15,2019-01-18 02:26:00,1.66,18015.0,United Kingdom
536790,22423,REGENCY CAKESTAND 3 TIER,19,2019-12-12 23:58:00,12.39,13070.0,  Belgium  
536612,71270,PINK CRYSTAL GUITAR PHONE CHARM,6,30/01/2019 00:53,1.16,16055.0,  Germany  
537007,84879,  ASSORTED COLOUR BIRD ORNAMENT  ,17,2019-02-21 15:05:00,1.78,16518.0,germany
536914,84879,ASSORTED COLOUR BIRD ORNAMENT,12,08/01/2019 13:13,1.66,13845.0,  Portugal  
537204,84406B,  CREAM CUPID HEARTS COAT HANGER  ,12,2019-10-17 19:03:00,1571.15,12520.0,  Australia  
537560,22752,SET 7 BABUSHKA NESTING BOXES,10,2019-01-18 21:32:00,7.9,12871.0,Germany
537147,21730,GLASS STAR FROSTED T-LIGHT HOLDER,12,27/09/2019 21:01,4.27,16813.0,EIRE
536040,22423,regency cakestand 3 tier,1,2019-06-24 11:22:00,12.54,13224.0,  France  
536263,85123A,WHITE HANGING HEART T-LIGHT HOLDER,2,2019-10-13 21:59:00,2.32,15113.0,EIRE
536060,21755,  LOVE BUILDING BLOCK WORD  ,2,01-19-2019,5.4,15745.0,United Kingdom
537051,22960,JAM MAKING SET WITH JARS,14,2019-05-27 18:26:00,5.23,14294.0,Netherlands
537388,71053,WHITE METAL LANTERN,13,06-19-2019,3.13,15442.0,belgium
537200,84406B,CREAM CUPID HEARTS COAT HANGER,18,10-15-2019,2.96,17243.0,Belgium
537137,84879,assorted colour bird ornament,2,2019-07-18 19:07:00,1.68,15279.0,  France  
536810,21730,  GLASS STAR FROSTED T-LIGHT HOLDER  ,12,2019-01-24 05:45:00,4.51,13979.0,France
536343,22752,SET 7 BABUSHKA NESTING BOXES,19,15/01/2019 12:27,7.12,17132.0,Spain
536037,85123A,WHITE HANGING HEART T-LIGHT HOLDER,6,10/07/2019 23:31,2.66,16798.0,  Belgium  
536332,85123A,WHITE HANGING HEART T-LIGHT HOLDER,19,2019-11-18 23:30:00,2.8,15570.0,Spain
536498,22423,  REGENCY CAKESTAND 3 TIER  ,10,02/04/2019 19:51,12.85,15982.0,EIRE
536820,21730,  GLASS STAR FROSTED T-LIGHT HOLDER  ,8,2019-10-02 06:05:00,3.86,14789.0,Belgium
537417,84879,  ASSORTED COLOUR BIRD ORNAMENT  ,19,2019-01-25 19:56:00,1.73,15359.0,united kingdom
C536243,84879,ASSORTED COLOUR BIRD ORNAMENT,-5,2019-11-17 00:49:00,1.81,13996.0,Switzerland
536687,85123A,white hanging heart t-light holder,18,26/06/2019 03:42,2.38,17038.0,united kingdom
536931,21755,LOVE BUILDING BLOCK WORD,9,2019-03-18 22:05:00,6.19,17373.0,Netherlands
537570,84406B,  CREAM CUPID HEARTS COAT HANGER  ,19,14/02/2019 07:06,2.53,17939.0,  Spain  
536643,22752,SET 7 BABUSHKA NESTING BOXES,4,2019-04-04 01:21:00,8.21,15700.0,EIRE
536973,71053,WHITE METAL LANTERN,17,18/12/2019 04:46,3.62,14551.0,France
537303,22752,SET 7 BABUSHKA NESTING BOXES,17,2019-10-12 12:01:00,7.11,13874.0,  Switzerland  
536066,22960,JAM MAKING SET WITH JARS,7,2019-11-11 00:42:00,4.53,16717.0,EIRE
537256,85123A,WHITE HANGING HEART T-LIGHT HOLDER,11,10-08-2019,2.66,16512.0,United Kingdom
537087,22752,SET 7 BABUSHKA NESTING BOXES,19,2019-06-15 14:58:00,8.08,12567.0,Belgium
536182,21730,GLASS STAR FROSTED T-LIGHT HOLDER,6,2019-12-10 02:45:00,4.62,14444.0,netherlands
536033,21730,GLASS STAR FROSTED T-LIGHT HOLDER,19,07/09/2019 06:48,4.57,16968.0,Portugal
536964,22960,JAM MAKING SET WITH JARS,7,13/01/2019 15:56,4.67,15625.0,Netherlands
536576,22960,jam making set with jars,15,2019-08-03 10:04:00,5.24,15100.0,Netherlands
536188,71053,white metal lantern,18,09/05/2019 01:24,3.59,16569.0,Spain
536476,71270,PINK CRYSTAL GUITAR PHONE CHARM,16,02-17-2019,1.37,18135.0,Germany
536875,84879,assorted colour bird ornament,15,2019-05-07 14:00:00,1.78,17782.0,United Kingdom
536231,22960,JAM MAKING SET WITH JARS,13,2019-02-07 06:14:00,4.96,15481.0,Germany
536514,71270,pink crystal guitar phone charm,8,2019-10-14 10:12:00,1.23,13683.0,Australia
536840,21755,  LOVE BUILDING BLOCK WORD  ,4,29/08/2019 16:00,5.95,17019.0,Germany
537241,84406B,CREAM CUPID HEARTS COAT HANGER,2,11-18-2019,2.54,14320.0,  Belgium  
536639,21755,LOVE BUILDING BLOCK WORD,18,05-08-2019,5.83,12657.0,Netherlands
536371,22960,jam making set with jars,13,05-01-2019,5.11,13745.0,EIRE
536249,71053,WHITE METAL LANTERN,6,13/11/2019 13:30,3.42,12641.0,Spain
537327,22752,SET 7 BABUSHKA NESTING BOXES,8,2019-03-23 15:15:00,7.14,15614.0,spain
536984,84879,ASSORTED COLOUR BIRD ORNAMENT,18,2019-01-02 11:40:00,1.86,17918.0,switzerland
536773,71270,PINK CRYSTAL GUITAR PHONE CHARM,19,13/06/2019 11:26,1.37,12646.0,Germany
537382,22752,SET 7 BABUSHKA NESTING BOXES,19,2019-04-25 17:23:00,6.93,12720.0,Australia
536975,21730,glass star frosted t-light holder,9,01/02/2019 14:44,4.38,17707.0,United Kingdom
536234,71270,PINK CRYSTAL GUITAR PHONE CHARM,6,2019-04-03 10:25:00,1.27,12990.0,Australia
536222,84406B,CREAM CUPID HEARTS COAT HANGER,8,2019-04-23 13:58:00,2.73,13691.0,Netherlands
536444,21755,LOVE BUILDING BLOCK WORD,9,2019-08-02 18:22:00,5.76,13902.0,switzerland
537262,71053,white metal lantern,16,2019-07-24 14:23:00,3.2,17062.0,Switzerland
536126,71270,pink crystal guitar phone charm,3,2019-10-20 03:42:00,1.36,14025.0,  Germany  
536671,85123A,WHITE HANGING HEART T-LIGHT HOLDER,11,22/11/2019 17:01,2.45,15717.0,  Portugal  
536451,22960,JAM MAKING SET WITH JARS,7,2019-09-13 17:27:00,4.64,14124.0,Spain
537284,71053,WHITE METAL LANTERN,7,20/01/2019 22:42,3.15,16370.0,Switzerland
536372,22960,  JAM MAKING SET WITH JARS  ,4,2019-08-05 03:58:00,4.6,14492.0,Belgium
C536466,22960,JAM MAKING SET WITH JARS,-18,2019-03-07 13:47:00,4.86,,Spain
536591,22960,JAM MAKING SET WITH JARS,10,2019-01-29 05:38:00,4.79,16996.0,United Kingdom
536877,21730,GLASS STAR FROSTED T-LIGHT HOLDER,18,2019-09-22 23:05:00,4.19,17686.0,belgium
536479,84406B,CREAM CUPID HEARTS COAT HANGER,15,2019-03-13 02:03:00,2.89,14276.0,Belgium
537355,71270,PINK CRYSTAL GUITAR PHONE CHARM,19,17/05/2019 15:57,1.19,17773.0,Germany
536080,21730,GLASS STAR FROSTED T-LIGHT HOLDER,11,2019-05-12 03:09:00,4.19,14483.0,Germany
536316,71270,PINK CRYSTAL GUITAR PHONE CHARM,13,2019-08-24 09:58:00,1.32,,France
537225,22752,SET 7 BABUSHKA NESTING BOXES,11,2019-12-28 04:18:00,7.94,17524.0,  Belgium  
537546,22960,JAM MAKING SET WITH JARS,12,2019-03-27 07:35:00,4.68,14074.0,Switzerland
536151,21755,LOVE BUILDING BLOCK WORD,18,2019-12-17 12:41:00,5.94,16160.0,Belgium
537042,22752,SET 7 BABUSHKA NESTING BOXES,5,2019-06-25 12:13:00,7.96,15219.0,Switzerland
536582,21755,LOVE BUILDING BLOCK WORD,18,2019-10-10 19:07:00,5.97,13254.0,Portugal
536885,22423,  REGENCY CAKESTAND 3 TIER  ,10,2019-08-06 21:47:00,12.6,15496.0,netherlands
537528,22752,SET 7 BABUSHKA NESTING BOXES,14,19/10/2019 15:44,7.3,14202.0,Switzerland
536770,22423,REGENCY CAKESTAND 3 TIER,8,2019-06-24 11:18:00,12.99,17989.0,  EIRE  
537063,22752,SET 7 BABUSHKA NESTING BOXES,16,2019-10-22 10:16:00,7.75,17238.0,Switzerland
536242,22752,SET 7 BABUSHKA NESTING BOXES,18,08-12-2019,7.75,17528.0,germany
536724,71053,white metal lantern,1,14/10/2019 12:08,3.61,15733.0,eire
537348,71053,  WHITE METAL LANTERN  ,14,2019-01-13 06:50:00,3.51,13073.0,Australia
537167,71270,PINK CRYSTAL GUITAR PHONE CHARM,15,2019-09-18 19:06:00,1.36,15746.0,Spain
537106,22960,JAM MAKING SET WITH JARS,11,11/01/2019 07:26,5.42,14329.0,Netherlands
536309,84879,ASSORTED COLOUR BIRD ORNAMENT,9,2019-09-19 20:49:00,1.77,13438.0,Switzerland
536274,85123A,WHITE HANGING HEART T-LIGHT HOLDER,2,19/06/2019 08:27,2.52,16030.0,  Switzerland  
537417,84879,ASSORTED COLOUR BIRD ORNAMENT,10,13/12/2019 19:08,1.59,16813.0,Spain
537027,21730,GLASS STAR FROSTED T-LIGHT HOLDER,14,2019-02-07 02:05:00,4.08,13905.0,Spain
536763,85123A,WHITE HANGING HEART T-LIGHT HOLDER,7,2019-01-04 16:17:00,2.74,18234.0,Netherlands
536065,22423,regency cakestand 3 tier,19,2019-09-25 19:30:00,12.4,13228.0,EIRE
537472,22752,SET 7 BABUSHKA NESTING BOXES,8,21/10/2019 17:02,7.29,15482.0,EIRE
536920,71053,WHITE METAL LANTERN,8,2019-09-02 03:12:00,3.22,12704.0,  EIRE  
536557,71270,PINK CRYSTAL GUITAR PHONE CHARM,5,10/01/2019 22:36,1.21,17116.0,Portugal
536990,22752,SET 7 BABUSHKA NESTING BOXES,12,08/06/2019 14:12,8.16,,Australia
536980,21755,LOVE BUILDING BLOCK WORD,9,2019-06-20 01:39:00,5.92,,Germany
537223,71270,  PINK CRYSTAL GUITAR PHONE CHARM  ,17,28/07/2019 22:26,1.32,15124.0,Switzerland
536566,22752,SET 7 BABUSHKA NESTING BOXES,8,18/04/2019 11:50,7.9,17368.0,EIRE
537435,85123A,WHITE HANGING HEART T-LIGHT HOLDER,14,27/05/2019 09:39,2.44,12477.0,  Netherlands  
536859,22960,JAM MAKING SET WITH JARS,11,02/04/2019 17:05,5.44,,  Portugal  
536008,22960,JAM MAKING SET WITH JARS,7,2019-05-06 02:49:00,4.54,14359.0,Australia
536238,22752,SET 7 BABUSHKA NESTING BOXES,8,2019-11-04 09:51:00,7.07,16215.0,netherlands
536571,21755,LOVE BUILDING BLOCK WORD,5,08-07-2019,5.75,13655.0,Germany
537398,22960,JAM MAKING SET WITH JARS,10,2019-06-30 08:14:00,5.01,12389.0,United Kingdom
536454,71053,white metal lantern,4,06-08-2019,3.49,13141.0,United Kingdom
C537596,21755,LOVE BUILDING BLOCK WORD,-13,12-19-2019,6.3,13156.0,spain
537365,21730,GLASS STAR FROSTED T-LIGHT HOLDER,19,01/12/2019 20:38,4.1,12683.0,United Kingdom
537248,84879,ASSORTED COLOUR BIRD ORNAMENT,17,2019-09-18 20:40:00,1.8,12962.0,EIRE
536844,22960,JAM MAKING SET WITH JARS,3,11-27-2019,4.83,16923.0,Germany
536212,71053,WHITE METAL LANTERN,11,01-18-2019,3.31,14985.0,Germany
536143,22423,REGENCY CAKESTAND 3 TIER,1,2019-12-02 17:05:00,12.04,14248.0,Netherlands
536240,71053,  WHITE METAL LANTERN  ,4,2019-04-25 13:11:00,3.11,14181.0,EIRE
536265,22960,JAM MAKING SET WITH JARS,18,25/10/2019 11:47,4.71,17253.0,Germany
537509,22752,SET 7 BABUSHKA NESTING BOXES,13,2019-02-07 05:33:00,7.42,13794.0,United Kingdom
537084,84879,ASSORTED COLOUR BIRD ORNAMENT,19,2019-11-02 05:34:00,1.61,16814.0,  Germany  
C536872,21755,LOVE BUILDING BLOCK WORD,-5,04/02/2019 09:12,6.38,17957.0,Germany
536089,71270,PINK CRYSTAL GUITAR PHONE CHARM,1,13/09/2019 21:00,1.23,18063.0,Belgium
537659,85123A,,1,08-24-2019,2.77,17794.0,Australia
537493,71053,  WHITE METAL LANTERN  ,19,03-24-2019,3.33,14687.0,australia
536519,84406B,cream cupid hearts coat hanger,9,06-18-2019,2.71,18044.0,Spain
537120,71053,white metal lantern,15,2019-04-07 09:33:00,3.12,12542.0,Portugal
536403,85123A,WHITE HANGING HEART T-LIGHT HOLDER,17,08-25-2019,2.51,16450.0,spain
536033,21755,LOVE BUILDING BLOCK WORD,16,2019-12-20 11:00:00,5.71,14219.0,spain
536602,84879,ASSORTED COLOUR BIRD ORNAMENT,4,2019-12-17 07:16:00,1.86,12914.0,France
537420,71053,WHITE METAL LANTERN,8,2019-01-22 12:14:00,3.06,18008.0,France
536093,22423,REGENCY CAKESTAND 3 TIER,3,02/04/2019 06:29,13.49,15174.0,  Portugal  
536206,21755,LOVE BUILDING BLOCK WORD,3,2019-02-28 08:57:00,5.58,17804.0,Australia
536671,85123A,WHITE HANGING HEART T-LIGHT HOLDER,13,03-09-2019,2.41,16083.0,Switzerland
536812,21755,LOVE BUILDING BLOCK WORD,16,30/03/2019 15:57,6.3,18191.0,Portugal
536170,71270,pink crystal guitar phone charm,3,03/02/2019 23:42,1.21,13475.0,United Kingdom
536437,71270,PINK CRYSTAL GUITAR PHONE CHARM,2,02-03-2019,1.33,16238.0,United Kingdom
536874,84406B,CREAM CUPID HEARTS COAT HANGER,19,2019-10-24 21:36:00,2.72,,portugal
537561,71053,WHITE METAL LANTERN,17,11-01-2019,3.68,15146.0,United Kingdom
537426,22960,JAM MAKING SET WITH JARS,2,11-19-2019,5.23,15450.0,  Portugal  
536624,84406B,cream cupid hearts coat hanger,15,2019-01-06 21:34:00,2.53,16336.0,Switzerland
C536771,22752,SET 7 BABUSHKA NESTING BOXES,-19,09-24-2019,7.06,13646.0,Portugal
537399,22960,JAM MAKING SET WITH JARS,15,05-29-2019,4.7,15871.0,  Netherlands  
536521,22423,REGENCY CAKESTAND 3 TIER,13,12-13-2019,11.76,16584.0,France
536329,84879,  ASSORTED COLOUR BIRD ORNAMENT  ,17,2019-02-11 10:12:00,1.62,14333.0,australia
536766,21730,GLASS STAR FROSTED T-LIGHT HOLDER,11,04-09-2019,4.03,16736.0,Spain
536558,22423,REGENCY CAKESTAND 3 TIER,5,2019-06-25 23:30:00,13.06,12700.0,Germany
536153,21755,LOVE BUILDING BLOCK WORD,1,2019-12-23 03:42:00,6.03,12973.0,Australia
536701,21730,GLASS STAR FROSTED T-LIGHT HOLDER,13,20/04/2019 02:07,4.08,14088.0,Portugal
537026,71053,WHITE METAL LANTERN,17,2019-01-15 11:13:00,3.41,16025.0,portugal
536961,84406B,  CREAM CUPID HEARTS COAT HANGER  ,2,20/01/2019 02:32,2.88,13919.0,France
537538,22752,SET 7 BABUSHKA NESTING BOXES,15,08/11/2019 06:25,7.63,14225.0,united kingdom
537561,21755,  LOVE BUILDING BLOCK WORD  ,15,2019-10-15 10:42:00,5.39,13928.0,  Australia  
536239,84406B,CREAM CUPID HEARTS COAT HANGER,18,10-01-2019,2.49,17636.0,Spain
536768,71053,  WHITE METAL LANTERN  ,19,01-28-2019,3.27,12377.0,Belgium
536986,84879,ASSORTED COLOUR BIRD ORNAMENT,12,2019-06-24 06:24:00,1.67,15935.0,portugal
536458,84879,ASSORTED COLOUR BIRD ORNAMENT,4,2019-08-12 02:42:00,1.69,15117.0,Belgium
536928,21755,LOVE BUILDING BLOCK WORD,3,07/07/2019 02:57,6.17,16636.0,  United Kingdom  
536119,84879,ASSORTED COLOUR BIRD ORNAMENT,5,31/08/2019 22:28,1.7,17521.0,Australia
537116,85123A,WHITE HANGING HEART T-LIGHT HOLDER,3,2019-02-07 14:38:00,2.49,17725.0,France
536295,71053,white metal lantern,3,2019-06-17 20:43:00,3.63,16188.0,Netherlands
536756,21730,GLASS STAR FROSTED T-LIGHT HOLDER,16,01/10/2019 00:43,4.41,17879.0,EIRE
536280,71053,WHITE METAL LANTERN,6,2019-08-03 16:39:00,3.27,14301.0,Belgium
537197,22423,REGENCY CAKESTAND 3 TIER,18,10/11/2019 15:20,13.78,,EIRE
537581,22752,set 7 babushka nesting boxes,2,2019-03-17 14:33:00,7.05,12378.0,Germany
536435,22752,SET 7 BABUSHKA NESTING BOXES,2,15/11/2019 02:22,7.74,14928.0,  Germany  
537310,71053,WHITE METAL LANTERN,18,04-12-2019,3.72,13850.0,Netherlands
536175,22752,SET 7 BABUSHKA NESTING BOXES,7,10/02/2019 12:27,7.13,,  Netherlands  
536480,84879,assorted colour bird ornament,9,2019-12-11 08:36:00,1.66,17315.0,Belgium
537503,71270,pink crystal guitar phone charm,18,06-26-2019,1.16,17907.0,Netherlands
C536552,21730,GLASS STAR FROSTED T-LIGHT HOLDER,-4,30/08/2019 16:15,4.42,15962.0,United Kingdom
536734,71270,pink crystal guitar phone charm,17,2019-03-20 18:37:00,1.32,16697.0,Portugal
536253,21755,LOVE BUILDING BLOCK WORD,12,04-21-2019,5.36,15773.0,Belgium
536044,21755,LOVE BUILDING BLOCK WORD,10,2019-09-17 03:58:00,5.55,14827.0,Portugal
537265,84406B,CREAM CUPID HEARTS COAT HANGER,9,2019-09-01 18:59:00,2.92,17847.0,belgium
537111,84879,  ASSORTED COLOUR BIRD ORNAMENT  ,3,2019-02-21 01:28:00,1.55,17350.0,United Kingdom
537207,22752,set 7 babushka nesting boxes,17,2019-11-14 06:41:00,8.25,14914.0,Belgium
537446,22423,REGENCY CAKESTAND 3 TIER,12,03-28-2019,12.82,17770.0,Portugal
537018,21755,LOVE BUILDING BLOCK WORD,9,25/04/2019 23:39,5.76,17195.0,Belgium
536174,21755,love building block word,1,22/07/2019 02:58,5.94,18005.0,France
536955,71053,WHITE METAL LANTERN,10,11-15-2019,3.34,15995.0,France
536303,22960,JAM MAKING SET WITH JARS,6,2019-02-11 19:34:00,4.48,,  Germany  
537111,22423,REGENCY CAKESTAND 3 TIER,3,01-09-2019,13.69,13588.0,United Kingdom
536167,22752,  SET 7 BABUSHKA NESTING BOXES  ,3,09/09/2019 09:56,7.56,15564.0,Netherlands
537171,22423,REGENCY CAKESTAND 3 TIER,10,03-29-2019,12.43,17772.0,Germany
536041,71053,WHITE METAL LANTERN,9,12/07/2019 08:39,3.48,18059.0,Netherlands
536311,22752,SET 7 BABUSHKA NESTING BOXES,11,2019-11-26 04:00:00,7.77,16682.0,Australia
536490,84406B,CREAM CUPID HEARTS COAT HANGER,6,06-30-2019,2.6,16577.0,Australia
537239,71270,PINK CRYSTAL GUITAR PHONE CHARM,11,2019-09-15 13:15:00,1.2,15785.0,Australia
536428,71270,PINK CRYSTAL GUITAR PHONE CHARM,2,09/11/2019 05:27,1.13,14369.0,  Portugal  
537488,71053,white metal lantern,14,02/06/2019 01:59,3.49,17590.0,Switzerland
537513,85123A,WHITE HANGING HEART T-LIGHT HOLDER,15,19/06/2019 23:19,2.66,14440.0,Spain
537557,22960,JAM MAKING SET WITH JARS,18,2019-11-28 01:59:00,4.68,12910.0,Switzerland
536364,22752,SET 7 BABUSHKA NESTING BOXES,14,2019-09-22 21:30:00,7.18,13690.0,  United Kingdom  
537371,84406B,CREAM CUPID HEARTS COAT HANGER,16,18/03/2019 21:15,2.97,,EIRE
536394,71053,WHITE METAL LANTERN,7,19/11/2019 21:49,3.21,14604.0,Switzerland
536074,21730,glass star frosted t-light holder,6,2019-12-23 04:27:00,4.0,15190.0,Netherlands
537504,84406B,CREAM CUPID HEARTS COAT HANGER,2,07-21-2019,2.72,17319.0,Portugal
537295,71270,PINK CRYSTAL GUITAR PHONE CHARM,7,14/08/2019 05:27,1.25,14655.0,Netherlands
C536808,21730,GLASS STAR FROSTED T-LIGHT HOLDER,-2,03-21-2019,3.92,12381.0,france
536996,85123A,WHITE HANGING HEART T-LIGHT HOLDER,10,09/01/2019 18:05,2.39,16976.0,France
537051,22423,REGENCY CAKESTAND 3 TIER,3,2019-10-29 03:48:00,13.27,18048.0,Switzerland
536457,85123A,,17,2019-10-10 21:07:00,2.76,17215.0,Germany
537235,84406B,CREAM CUPID HEARTS COAT HANGER,10,2019-10-22 20:21:00,2.9,12850.0,United Kingdom
536228,21755,LOVE BUILDING BLOCK WORD,4,2019-04-04 16:57:00,5.99,,Netherlands
536802,21755,  LOVE BUILDING BLOCK WORD  ,15,12-10-2019,6.19,12433.0,EIRE
536275,22752,set 7 babushka nesting boxes,12,12/02/2019 22:24,6.99,17133.0,Australia
536420,22752,  SET 7 BABUSHKA NESTING BOXES  ,5,2019-08-07 05:30:00,8.41,17158.0,Portugal
537638,84879,ASSORTED COLOUR BIRD ORNAMENT,14,2019-04-22 08:19:00,1.57,14550.0,Germany
537343,71270,PINK CRYSTAL GUITAR PHONE CHARM,6,06-18-2019,1.36,17350.0,Germany
536210,22423,REGENCY CAKESTAND 3 TIER,16,2019-07-16 14:53:00,13.08,16008.0,Belgium
536917,21755,LOVE BUILDING BLOCK WORD,13,17/09/2019 23:24,5.7,13741.0,Netherlands
537020,22752,set 7 babushka nesting boxes,11,2019-07-11 02:03:00,7.52,17513.0,  Germany  
536435,22752,SET 7 BABUSHKA NESTING BOXES,10,2019-12-08 03:18:00,7.56,12661.0,United Kingdom
537408,71053,WHITE METAL LANTERN,3,2019-02-04 12:45:00,3.06,15691.0,  Portugal  
536413,84406B,CREAM CUPID HEARTS COAT HANGER,5,05/01/2019 08:53,2.48,12464.0,  EIRE  
537572,85123A,WHITE HANGING HEART T-LIGHT HOLDER,3,2019-10-30 09:36:00,2.35,14798.0,United Kingdom
536486,84406B,CREAM CUPID HEARTS COAT HANGER,8,2019-08-12 06:29:00,2.66,,netherlands
536465,71270,PINK CRYSTAL GUITAR PHONE CHARM,10,31/05/2019 10:14,1.28,15979.0,  Switzerland  
536320,71270,pink crystal guitar phone charm,5,07-13-2019,1.2,15354.0,France
537224,84406B,  CREAM CUPID HEARTS COAT HANGER  ,4,02/12/2019 11:04,2.93,13197.0,Netherlands
536425,71270,PINK CRYSTAL GUITAR PHONE CHARM,10,05-08-2019,1.33,14858.0,Belgium
C537163,84879,assorted colour bird ornament,-5,05-12-2019,1.65,17905.0,Germany
536248,71053,WHITE METAL LANTERN,12,2019-09-29 02:23:00,3.24,16612.0,Belgium
536909,21730,GLASS STAR FROSTED T-LIGHT HOLDER,13,2019-12-03 22:21:00,4.38,13052.0,Australia
537219,22423,REGENCY CAKESTAND 3 TIER,15,2019-02-22 07:36:00,12.9,14919.0,Portugal
537381,84406B,CREAM CUPID HEARTS COAT HANGER,1,2019-03-21 10:58:00,2.52,14473.0,United Kingdom
536047,71270,PINK CRYSTAL GUITAR PHONE CHARM,13,17/10/2019 18:18,1.29,,  United Kingdom  
536371,21755,  LOVE BUILDING BLOCK WORD  ,8,11/05/2019 07:51,5.85,13598.0,Australia
536268,84406B,CREAM CUPID HEARTS COAT HANGER,7,2019-10-26 06:44:00,2.48,12791.0,eire
537050,85123A,WHITE HANGING HEART T-LIGHT HOLDER,4,29/07/2019 15:08,2.68,14801.0,Australia
536176,22960,JAM MAKING SET WITH JARS,6,2019-12-11 02:35:00,4.49,16857.0,france
537233,21730,GLASS STAR FROSTED T-LIGHT HOLDER,2,2019-08-23 06:47:00,4.4,13467.0,United Kingdom
536066,21730,GLASS STAR FROSTED T-LIGHT HOLDER,15,02-15-2019,4.09,13224.0,Netherlands
536151,85123A,,15,2019-07-17 11:58:00,2.54,12836.0,Belgium
536393,84879,ASSORTED COLOUR BIRD ORNAMENT,7,2019-01-22 12:09:00,1.72,14402.0,Germany
536600,84879,ASSORTED COLOUR BIRD ORNAMENT,12,2019-08-12 13:03:00,1.66,12627.0,United Kingdom
537295,22423,regency cakestand 3 tier,15,2019-10-17 16:46:00,13.27,16341.0,  EIRE  
537385,85123A,  WHITE HANGING HEART T-LIGHT HOLDER  ,14,01-28-2019,2.53,15210.0,Belgium
536795,22752,  SET 7 BABUSHKA NESTING BOXES  ,10,2019-12-16 22:03:00,7.11,13772.0,Germany
536146,84879,ASSORTED COLOUR BIRD ORNAMENT,7,04-17-2019,1.58,13137.0,United Kingdom
536936,71053,white metal lantern,16,2019-08-01 12:00:00,3.1,14425.0,belgium
537042,71053,WHITE METAL LANTERN,11,08-15-2019,3.08,18046.0,Netherlands
536976,85123A,WHITE HANGING HEART T-LIGHT HOLDER,2,21/07/2019 14:13,2.57,,EIRE
536144,21755,LOVE BUILDING BLOCK WORD,1,01/06/2019 22:41,5.83,17498.0,united kingdom
537063,84879,ASSORTED COLOUR BIRD ORNAMENT,9,2019-02-10 02:34:00,1.56,16106.0,EIRE
537025,22423,REGENCY CAKESTAND 3 TIER,13,12/05/2019 21:56,12.37,17443.0,spain
536913,85123A,  WHITE HANGING HEART T-LIGHT HOLDER  ,19,2019-03-07 11:48:00,2.58,14504.0,  Australia  
537522,71053,WHITE METAL LANTERN,3,2019-12-02 05:42:00,3.31,14824.0,France
537497,22423,REGENCY CAKESTAND 3 TIER,9,2019-11-05 21:58:00,13.4,14321.0,Netherlands
537284,84879,ASSORTED COLOUR BIRD ORNAMENT,9,2019-03-02 07:55:00,1.8,,United Kingdom
537054,71053,WHITE METAL LANTERN,4,2019-06-28 22:45:00,3.55,14692.0,France
537302,21755,LOVE BUILDING BLOCK WORD,14,01/08/2019 15:16,5.74,15741.0,Netherlands
537406,84406B,CREAM CUPID HEARTS COAT HANGER,9,2019-06-23 16:31:00,3.0,,United Kingdom
536328,22752,SET 7 BABUSHKA NESTING BOXES,7,2019-05-28 11:56:00,7.88,17088.0,  United Kingdom  
536843,21730,GLASS STAR FROSTED T-LIGHT HOLDER,4,2019-04-17 00:15:00,4.08,13043.0,Australia
536706,84879,assorted colour bird ornament,8,2019-02-26 06:47:00,1.53,14650.0,France
537155,71053,WHITE METAL LANTERN,3,2019-05-10 14:40:00,3.14,14600.0,  Portugal  
536911,71053,white metal lantern,13,22/12/2019 11:23,3.68,15514.0,Spain
537467,21730,GLASS STAR FROSTED T-LIGHT HOLDER,5,2019-04-18 08:23:00,4.34,14026.0,Belgium
536566,85123A,  WHITE HANGING HEART T-LIGHT HOLDER  ,14,02-22-2019,2.59,13524.0,Netherlands
536273,71053,WHITE METAL LANTERN,4,12/01/2019 15:05,3.48,13158.0,Spain
537447,22423,regency cakestand 3 tier,12,25/04/2019 11:17,12.18,13617.0,Spain
C536870,85123A,WHITE HANGING HEART T-LIGHT HOLDER,-6,2019-01-01 23:44:00,2.49,14147.0,Belgium
536350,22960,JAM MAKING SET WITH JARS,4,06/11/2019 02:32,5.25,12899.0,Belgium
537159,22423,REGENCY CAKESTAND 3 TIER,9,05-20-2019,12.41,14717.0,United Kingdom
536125,22960,  JAM MAKING SET WITH JARS  ,16,17/01/2019 17:40,4.96,15256.0,Spain
536197,85123A,  WHITE HANGING HEART T-LIGHT HOLDER  ,7,07/04/2019 11:05,2.56,14888.0,EIRE
537077,21755,love building block word,19,21/11/2019 15:13,5.47,15736.0,United Kingdom
536680,22960,JAM MAKING SET WITH JARS,8,13/03/2019 05:34,5.0,14168.0,France
537546,71270,PINK CRYSTAL GUITAR PHONE CHARM,8,08/12/2019 07:25,1.31,13791.0,United Kingdom
536054,22960,  JAM MAKING SET WITH JARS  ,13,01/06/2019 20:28,4.69,15460.0,  EIRE  
536469,71270,PINK CRYSTAL GUITAR PHONE CHARM,5,28/06/2019 01:09,1.3,13422.0,Netherlands
536627,84406B,cream cupid hearts coat hanger,4,28/07/2019 18:43,2.6,16447.0,Switzerland
536458,21730,GLASS STAR FROSTED T-LIGHT HOLDER,17,12/01/2019 04:02,4.13,15177.0,Spain
536346,22960,  JAM MAKING SET WITH JARS  ,10,12/07/2019 20:38,4.73,14226.0,eire
537476,84406B,CREAM CUPID HEARTS COAT HANGER,19,2019-04-08 14:54:00,2.76,14546.0,Belgium
536204,84879,ASSORTED COLOUR BIRD ORNAMENT,12,07/05/2019 15:46,1.72,16037.0,  Switzerland  
536451,21730,glass star frosted t-light holder,1,06-16-2019,4.64,,EIRE
536982,22752,SET 7 BABUSHKA NESTING BOXES,13,2019-01-07 15:09:00,6.9,16119.0,EIRE
536987,22752,set 7 babushka nesting boxes,9,10-29-2019,7.62,,Netherlands
C536948,21730,  GLASS STAR FROSTED T-LIGHT HOLDER  ,-13,2019-06-19 11:00:00,3.99,14447.0,Netherlands
536123,22423,REGENCY CAKESTAND 3 TIER,9,06/02/2019 11:40,14.01,15391.0,  Spain  
537473,22752,SET 7 BABUSHKA NESTING BOXES,17,2019-10-07 15:12:00,7.78,13202.0,Netherlands
536139,71270,PINK CRYSTAL GUITAR PHONE CHARM,15,02-14-2019,1.16,13290.0,Australia
536094,71053,WHITE METAL LANTERN,2,13/02/2019 23:26,3.54,,EIRE
536581,22960,JAM MAKING SET WITH JARS,19,07-28-2019,5.41,14648.0,Switzerland
536290,71270,  PINK CRYSTAL GUITAR PHONE CHARM  ,14,2019-03-21 16:14:00,1.31,14161.0,  Switzerland  
536985,85123A,  WHITE HANGING HEART T-LIGHT HOLDER  ,14,2019-11-18 11:16:00,2.44,16310.0,Germany
536118,21730,GLASS STAR FROSTED T-LIGHT HOLDER,11,19/12/2019 21:34,4.29,,Australia
536882,71053,WHITE METAL LANTERN,9,22/02/2019 14:36,3.51,13117.0,Australia
536894,21730,GLASS STAR FROSTED T-LIGHT HOLDER,15,2019-06-25 12:27:00,4.59,15738.0,  United Kingdom  
536104,22423,  REGENCY CAKESTAND 3 TIER  ,15,10/09/2019 12:37,13.57,13196.0,Australia
536573,22423,REGENCY CAKESTAND 3 TIER,2,2019-06-25 09:32:00,13.14,12902.0,Portugal
536426,71053,white metal lantern,12,13/12/2019 01:17,3.57,14764.0,  Netherlands  
537004,84406B,  CREAM CUPID HEARTS COAT HANGER  ,7,12-18-2019,2.97,15237.0,Netherlands
536925,21755,LOVE BUILDING BLOCK WORD,17,11-21-2019,5.47,17659.0,  Belgium  
536549,84879,ASSORTED COLOUR BIRD ORNAMENT,17,04/09/2019 06:05,1.69,,belgium
537132,22423,regency cakestand 3 tier,13,10-18-2019,12.8,15852.0,Belgium
537574,21730,GLASS STAR FROSTED T-LIGHT HOLDER,16,14/02/2019 21:38,3.92,14580.0,Spain
536532,22960,JAM MAKING SET WITH JARS,4,2019-07-09 06:37:00,5.32,13197.0,  Germany  
536592,21755,  LOVE BUILDING BLOCK WORD  ,13,11/10/2019 19:21,5.99,15887.0,Portugal
536489,71270,PINK CRYSTAL GUITAR PHONE CHARM,12,01-08-2019,1.17,18184.0,France
537281,84879,ASSORTED COLOUR BIRD ORNAMENT,6,03-27-2019,1.61,12430.0,  Portugal  
536533,71053,WHITE METAL LANTERN,4,2019-08-21 23:05:00,3.54,13008.0,France
537559,22752,  SET 7 BABUSHKA NESTING BOXES  ,10,03-05-2019,7.13,13855.0,Germany
536133,22960,JAM MAKING SET WITH JARS,4,2019-03-24 19:29:00,4.63,18163.0,France
537368,22752,SET 7 BABUSHKA NESTING BOXES,19,2019-11-12 14:36:00,7.99,16282.0,spain
536152,71270,PINK CRYSTAL GUITAR PHONE CHARM,9,05/06/2019 05:12,1.17,13201.0,United Kingdom
537380,84879,ASSORTED COLOUR BIRD ORNAMENT,18,08-17-2019,1.54,15893.0,Switzerland
537404,71053,WHITE METAL LANTERN,2,30/09/2019 19:05,3.47,17100.0,eire
536638,22752,SET 7 BABUSHKA NESTING BOXES,3,2019-10-19 18:31:00,7.57,15146.0,EIRE
536663,21730,  GLASS STAR FROSTED T-LIGHT HOLDER  ,7,2019-06-02 02:30:00,4.04,,Australia
537222,22423,REGENCY CAKESTAND 3 TIER,3,2019-02-06 11:02:00,12.03,16180.0,  Germany  
536125,21755,LOVE BUILDING BLOCK WORD,13,2019-09-15 08:54:00,6.5,15905.0,Spain
536823,22423,regency cakestand 3 tier,5,2019-12-15 15:30:00,11.79,14904.0,EIRE
536294,85123A,  WHITE HANGING HEART T-LIGHT HOLDER  ,9,2019-08-18 16:55:00,2.38,,Switzerland
536927,71270,PINK CRYSTAL GUITAR PHONE CHARM,4,09/05/2019 18:44,1.37,,australia
536230,85123A,WHITE HANGING HEART T-LIGHT HOLDER,2,07-04-2019,2.78,12872.0,Belgium
536575,84879,ASSORTED COLOUR BIRD ORNAMENT,19,2019-06-09 17:55:00,1.65,13751.0,Belgium
C536002,22752,SET 7 BABUSHKA NESTING BOXES,-7,28/01/2019 11:16,7.45,17073.0,Germany
536736,71270,  PINK CRYSTAL GUITAR PHONE CHARM  ,13,2019-12-09 04:10:00,1.31,15748.0,Belgium
536862,22960,JAM MAKING SET WITH JARS,7,06-13-2019,5.28,14572.0,  Spain  
536299,84406B,cream cupid hearts coat hanger,16,2019-04-06 01:03:00,2.52,15171.0,Australia
536105,21730,GLASS STAR FROSTED T-LIGHT HOLDER,10,2019-04-16 23:18:00,4.24,18028.0,EIRE
536736,71270,pink crystal guitar phone charm,2,06/11/2019 09:21,1.27,,  United Kingdom  
537445,22752,set 7 babushka nesting boxes,3,2019-06-26 06:29:00,6.89,16158.0,Netherlands
537048,22423,REGENCY CAKESTAND 3 TIER,4,04/02/2019 14:29,11.93,14117.0,Switzerland
536899,21755,LOVE BUILDING BLOCK WORD,4,2019-04-10 22:33:00,5.72,14698.0,Portugal
536169,21755,LOVE BUILDING BLOCK WORD,7,27/09/2019 02:24,5.86,12923.0,Switzerland
537656,84879,assorted colour bird ornament,19,08/04/2019 03:25,1.74,15571.0,Belgium
537586,84879,  ASSORTED COLOUR BIRD ORNAMENT  ,11,2019-07-19 17:16:00,1.62,,Spain
537659,22423,  REGENCY CAKESTAND 3 TIER  ,19,2019-03-01 01:08:00,12.33,18192.0,Spain
536182,22423,REGENCY CAKESTAND 3 TIER,11,2019-03-24 19:38:00,11.91,14148.0,Netherlands
536976,22423,  REGENCY CAKESTAND 3 TIER  ,2,2019-09-24 20:13:00,12.37,17406.0,  Portugal  
537152,71053,white metal lantern,2,2019-02-16 08:12:00,3.51,16305.0,Belgium
C537029,22960,JAM MAKING SET WITH JARS,-18,23/09/2019 20:58,4.69,17299.0,Netherlands
537416,85123A,WHITE HANGING HEART T-LIGHT HOLDER,12,2019-03-04 04:35:00,2.36,12833.0,australia
536604,21730,GLASS STAR FROSTED T-LIGHT HOLDER,9,24/11/2019 17:04,4.6,14438.0,United Kingdom
536873,84879,assorted colour bird ornament,5,18/02/2019 03:05,1.74,,united kingdom
537585,71270,PINK CRYSTAL GUITAR PHONE CHARM,16,2019-11-20 02:14:00,1.25,17297.0,  Germany  
C537452,84879,ASSORTED COLOUR BIRD ORNAMENT,-4,2019-12-30 06:44:00,1.63,17982.0,Portugal
537461,84879,ASSORTED COLOUR BIRD ORNAMENT,18,10-29-2019,1.58,16062.0,EIRE
536516,85123A,WHITE HANGING HEART T-LIGHT HOLDER,10,24/04/2019 13:24,2.55,15270.0,germany
537305,71053,WHITE METAL LANTERN,4,2019-04-12 16:38:00,3.59,15739.0,Australia
536041,84879,ASSORTED COLOUR BIRD ORNAMENT,14,2019-02-16 22:06:00,1.82,17397.0,Netherlands
537090,21755,LOVE BUILDING BLOCK WORD,17,2019-07-21 08:25:00,6.34,15028.0,Belgium
536765,21730,glass star frosted t-light holder,15,08-12-2019,4.39,13041.0,France
537289,22960,JAM MAKING SET WITH JARS,13,2019-03-13 12:35:00,5.34,14688.0,Netherlands
537360,21755,LOVE BUILDING BLOCK WORD,16,2019-03-24 04:49:00,6.13,18049.0,Belgium
536897,85123A,WHITE HANGING HEART T-LIGHT HOLDER,13,2019-07-27 05:58:00,2.45,15390.0,Spain
536533,22752,  SET 7 BABUSHKA NESTING BOXES  ,16,2019-01-08 13:21:00,7.12,15550.0,  Portugal  
536673,21755,LOVE BUILDING BLOCK WORD,1,07-09-2019,5.64,16119.0,australia
537126,21730,glass star frosted t-light holder,15,2019-08-31 04:49:00,4.26,13108.0,  Portugal  
536723,85123A,white hanging heart t-light holder,15,2019-10-25 18:37:00,2.64,16325.0,Belgium
537663,22423,regency cakestand 3 tier,5,2019-09-28 16:02:00,13.12,15038.0,  United Kingdom  
536574,22423,REGENCY CAKESTAND 3 TIER,2,2019-03-23 03:42:00,12.01,12954.0,germany
536385,22752,SET 7 BABUSHKA NESTING BOXES,4,05-14-2019,7.29,13246.0,Spain
537531,22752,SET 7 BABUSHKA NESTING BOXES,13,2019-12-06 22:16:00,7.58,15169.0,Australia
536772,22423,  REGENCY CAKESTAND 3 TIER  ,18,09-15-2019,13.06,12457.0,United Kingdom
536902,21755,  LOVE BUILDING BLOCK WORD  ,6,2019-08-14 16:34:00,6.13,14199.0,netherlands
536590,71053,WHITE METAL LANTERN,4,22/05/2019 11:30,3.27,16581.0,netherlands
536386,22960,JAM MAKING SET WITH JARS,7,09-14-2019,4.72,18049.0,United Kingdom
536211,71270,PINK CRYSTAL GUITAR PHONE CHARM,14,2019-01-13 22:59:00,1.13,17747.0,Netherlands
536472,85123A,WHITE HANGING HEART T-LIGHT HOLDER,4,2019-12-13 06:10:00,2.65,15903.0,Portugal
536810,21730,GLASS STAR FROSTED T-LIGHT HOLDER,12,14/09/2019 07:09,4.62,13439.0,EIRE
536813,22423,REGENCY CAKESTAND 3 TIER,9,2019-12-22 06:00:00,12.83,18053.0,Belgium
536169,84879,ASSORTED COLOUR BIRD ORNAMENT,11,02-22-2019,1.72,16103.0,Netherlands
536717,22960,  JAM MAKING SET WITH JARS  ,5,2019-04-02 03:42:00,4.62,13452.0,Switzerland
536081,85123A,  WHITE HANGING HEART T-LIGHT HOLDER  ,9,2019-07-12 12:45:00,2.5,16269.0,  Germany  
536389,22423,REGENCY CAKESTAND 3 TIER,1,2019-01-14 15:50:00,12.19,16374.0,germany
536471,21755,  LOVE BUILDING BLOCK WORD  ,8,2019-04-17 12:40:00,5.37,13092.0,Germany
537498,22960,JAM MAKING SET WITH JARS,13,2019-04-22 00:38:00,4.78,17433.0,France
537526,71053,WHITE METAL LANTERN,12,09-14-2019,3.19,14962.0,  Belgium  
537155,71053,white metal lantern,9,2019-02-22 10:42:00,3.61,17298.0,Spain
537662,85123A,WHITE HANGING HEART T-LIGHT HOLDER,7,2019-12-24 19:50:00,2.76,14076.0,Netherlands
536100,85123A,WHITE HANGING HEART T-LIGHT HOLDER,11,21/05/2019 19:53,2.58,14550.0,Switzerland
536974,71053,WHITE METAL LANTERN,4,03-11-2019,3.23,15450.0,Portugal
536820,22752,SET 7 BABUSHKA NESTING BOXES,12,11-28-2019,7.21,18262.0,Belgium
536567,85123A,WHITE HANGING HEART T-LIGHT HOLDER,7,2019-09-23 12:02:00,2.35,14709.0,Germany
537591,85123A,WHITE HANGING HEART T-LIGHT HOLDER,1,01/07/2019 14:54,2.51,12828.0,Belgium
536913,21755,LOVE BUILDING BLOCK WORD,11,08/07/2019 12:19,5.51,15711.0,Australia
536868,22423,REGENCY CAKESTAND 3 TIER,9,2019-12-12 00:25:00,11.69,14379.0,Switzerland
537097,84406B,CREAM CUPID HEARTS COAT HANGER,17,2019-07-16 03:05:00,0.0,12595.0,Germany
537199,22423,REGENCY CAKESTAND 3 TIER,7,2019-08-29 16:20:00,11.61,16360.0,  Spain  
537474,71053,WHITE METAL LANTERN,19,2019-10-10 11:44:00,3.43,15918.0,australia
536287,84406B,CREAM CUPID HEARTS COAT HANGER,7,14/01/2019 16:36,2.93,17174.0,netherlands
537169,22960,JAM MAKING SET WITH JARS,18,03-03-2019,4.76,14559.0,  EIRE  
536380,22960,JAM MAKING SET WITH JARS,19,04/01/2019 06:34,4.7,17551.0,Portugal
537244,71270,PINK CRYSTAL GUITAR PHONE CHARM,9,2019-06-11 07:10:00,1.23,13472.0,Germany
537415,71270,PINK CRYSTAL GUITAR PHONE CHARM,11,05-18-2019,1.31,17119.0,EIRE
537471,84879,ASSORTED COLOUR BIRD ORNAMENT,12,01-16-2019,1.65,13621.0,  United Kingdom  
537191,21730,GLASS STAR FROSTED T-LIGHT HOLDER,12,2019-06-02 10:13:00,4.57,12725.0,  Portugal  
536704,21730,  GLASS STAR FROSTED T-LIGHT HOLDER  ,19,2019-07-18 15:44:00,4.58,16522.0,Netherlands
537321,85123A,WHITE HANGING HEART T-LIGHT HOLDER,8,2019-02-14 09:47:00,2.74,17494.0,Australia
537242,85123A,white hanging heart t-light holder,8,2019-09-04 06:12:00,2.62,,Spain
537383,71270,PINK CRYSTAL GUITAR PHONE CHARM,7,2019-05-22 20:17:00,1.17,15171.0,switzerland
536752,22752,SET 7 BABUSHKA NESTING BOXES,8,25/04/2019 11:05,8.24,,France
537020,22752,SET 7 BABUSHKA NESTING BOXES,13,2019-02-05 12:18:00,7.23,17319.0,  Portugal  
536640,21755,  LOVE BUILDING BLOCK WORD  ,1,2019-09-29 11:56:00,0.0,14339.0,  Belgium  
536132,84879,ASSORTED COLOUR BIRD ORNAMENT,12,2019-06-07 08:16:00,1.84,,Netherlands
536309,22423,REGENCY CAKESTAND 3 TIER,19,2019-11-21 20:27:00,13.4,17679.0,Portugal
537634,22960,JAM MAKING SET WITH JARS,17,24/03/2019 05:51,4.86,18118.0,  Switzerland  
536093,71053,WHITE METAL LANTERN,9,2019-03-30 12:01:00,3.43,14099.0,Belgium
537272,85123A,white hanging heart t-light holder,2,12-24-2019,2.64,17527.0,Portugal
537546,71270,  PINK CRYSTAL GUITAR PHONE CHARM  ,4,06/01/2019 20:22,1.3,16604.0,Portugal
536245,22960,JAM MAKING SET WITH JARS,6,15/02/2019 07:47,4.87,15545.0,Switzerland
537404,21755,LOVE BUILDING BLOCK WORD,4,01-16-2019,5.84,16020.0,Netherlands
536526,85123A,WHITE HANGING HEART T-LIGHT HOLDER,19,2019-02-20 16:36:00,2.37,12405.0,Netherlands
536113,22423,REGENCY CAKESTAND 3 TIER,10,2019-06-08 16:33:00,12.66,,Germany
536932,71270,pink crystal guitar phone charm,5,04/01/2019 09:47,1.21,15814.0,  Germany  
536153,22423,REGENCY CAKESTAND 3 TIER,4,2019-03-13 07:49:00,13.07,14694.0,Belgium
536299,21755,LOVE BUILDING BLOCK WORD,15,06-12-2019,5.7,12706.0,EIRE
536583,84879,ASSORTED COLOUR BIRD ORNAMENT,14,21/11/2019 20:43,1.65,15424.0,Switzerland
536889,71053,  WHITE METAL LANTERN  ,4,10-18-2019,3.12,16364.0,Switzerland
536059,84406B,cream cupid hearts coat hanger,16,2019-04-08 18:54:00,2.97,15139.0,Germany
537197,84879,ASSORTED COLOUR BIRD ORNAMENT,18,2019-03-20 04:03:00,1.56,15513.0,Spain
536694,22960,JAM MAKING SET WITH JARS,16,2019-04-20 04:36:00,4.93,12874.0,Belgium
537160,22960,JAM MAKING SET WITH JARS,15,2019-06-12 10:18:00,4.96,16330.0,Australia
536355,71270,PINK CRYSTAL GUITAR PHONE CHARM,16,05/07/2019 23:57,1.31,15148.0,spain
536267,84406B,CREAM CUPID HEARTS COAT HANGER,3,17/08/2019 08:26,2.53,13381.0,Switzerland
536273,71053,WHITE METAL LANTERN,10,2019-02-21 07:46:00,3.41,18014.0,Germany
536839,84406B,CREAM CUPID HEARTS COAT HANGER,11,2019-01-04 17:14:00,2.57,16002.0,switzerland
536758,71270,pink crystal guitar phone charm,14,05/05/2019 04:50,1.31,15490.0,Spain
536068,22423,REGENCY CAKESTAND 3 TIER,16,2019-01-19 14:17:00,11.52,13274.0,France
536350,85123A,WHITE HANGING HEART T-LIGHT HOLDER,15,03-26-2019,2.68,16389.0,United Kingdom
536150,22960,jam making set with jars,13,08-11-2019,5.13,16809.0,Spain
536447,22752,SET 7 BABUSHKA NESTING BOXES,17,2019-03-28 10:16:00,8.34,14656.0,  Switzerland  
536733,71053,WHITE METAL LANTERN,4,2019-09-27 03:04:00,3.24,18122.0,France
536313,22752,SET 7 BABUSHKA NESTING BOXES,5,05/01/2019 22:16,7.31,13751.0,Germany
536023,84879,  ASSORTED COLOUR BIRD ORNAMENT  ,7,09-26-2019,1.69,,Portugal
537527,21730,GLASS STAR FROSTED T-LIGHT HOLDER,7,10-21-2019,4.38,13854.0,Netherlands
536628,22960,JAM MAKING SET WITH JARS,10,2019-02-09 03:06:00,5.27,13541.0,France
537397,21755,love building block word,18,02/02/2019 03:02,6.54,16875.0,Belgium
536938,21755,love building block word,2,09/11/2019 13:28,5.52,16174.0,  Belgium  
536423,84879,ASSORTED COLOUR BIRD ORNAMENT,18,2019-07-09 18:48:00,1.66,18208.0,Spain
536441,21755,LOVE BUILDING BLOCK WORD,11,10-02-2019,6.08,15485.0,  EIRE  
537114,22960,JAM MAKING SET WITH JARS,1,2019-05-15 22:27:00,5.13,16211.0,australia
536190,21730,  GLASS STAR FROSTED T-LIGHT HOLDER  ,4,30/06/2019 21:18,3.9,,  Switzerland  
536039,71053,WHITE METAL LANTERN,3,2019-12-12 06:40:00,3.14,12900.0,eire
537181,84879,ASSORTED COLOUR BIRD ORNAMENT,12,2019-12-20 05:27:00,1.71,14123.0,spain
537201,71053,white metal lantern,18,2019-09-11 09:43:00,3.44,13831.0,Australia
537307,84879,assorted colour bird ornament,5,09-04-2019,1.85,17613.0,Germany
536816,84879,ASSORTED COLOUR BIRD ORNAMENT,1,2019-12-11 01:23:00,1.62,13406.0,Spain
536286,22423,REGENCY CAKESTAND 3 TIER,19,30/09/2019 01:49,12.11,13243.0,Netherlands
536673,21755,love building block word,3,2019-11-22 22:32:00,6.33,,Germany
536671,22423,REGENCY CAKESTAND 3 TIER,18,2019-10-08 22:27:00,676.99,12409.0,Netherlands
536098,71053,WHITE METAL LANTERN,4,23/01/2019 09:33,3.61,16499.0,Australia
537551,71270,PINK CRYSTAL GUITAR PHONE CHARM,8,03-04-2019,1.35,16970.0,eire
536092,84406B,cream cupid hearts coat hanger,3,2019-08-09 02:46:00,2.9,13031.0,eire
536452,84879,  ASSORTED COLOUR BIRD ORNAMENT  ,13,15/05/2019 17:33,1.67,13927.0,United Kingdom
536836,22423,REGENCY CAKESTAND 3 TIER,1,2019-05-04 14:58:00,12.75,14488.0,Belgium
537283,84406B,cream cupid hearts coat hanger,11,07-27-2019,2.97,16579.0,Germany
536333,22960,JAM MAKING SET WITH JARS,14,2019-12-11 20:26:00,4.81,14799.0,France
536738,71270,PINK CRYSTAL GUITAR PHONE CHARM,5,2019-12-20 20:28:00,1.22,14730.0,Netherlands
536619,22423,  REGENCY CAKESTAND 3 TIER  ,2,02-05-2019,12.39,14853.0,Australia
537345,22960,  JAM MAKING SET WITH JARS  ,5,12/09/2019 05:30,4.56,15455.0,Germany
536805,21730,GLASS STAR FROSTED T-LIGHT HOLDER,18,2019-07-19 06:41:00,4.57,13693.0,australia
536404,22752,SET 7 BABUSHKA NESTING BOXES,3,2019-01-13 04:50:00,8.07,14546.0,Switzerland
537620,22752,  SET 7 BABUSHKA NESTING BOXES  ,3,25/12/2019 06:19,7.74,12838.0,  France  
536064,84406B,CREAM CUPID HEARTS COAT HANGER,12,2019-06-30 00:06:00,2.94,14013.0,portugal
536992,22423,REGENCY CAKESTAND 3 TIER,6,2019-03-22 14:49:00,13.3,17666.0,  Portugal  
536618,22752,  SET 7 BABUSHKA NESTING BOXES  ,4,09-16-2019,8.23,13589.0,united kingdom
536165,22423,  REGENCY CAKESTAND 3 TIER  ,17,14/03/2019 20:26,12.44,17011.0,  France  
536624,22423,  REGENCY CAKESTAND 3 TIER  ,7,18/07/2019 15:52,12.76,15137.0,United Kingdom
537168,21730,GLASS STAR FROSTED T-LIGHT HOLDER,11,2019-04-12 12:31:00,4.14,17787.0,Switzerland
537339,85123A,WHITE HANGING HEART T-LIGHT HOLDER,2,2019-04-19 02:26:00,2.47,16289.0,  United Kingdom  
536747,21755,LOVE BUILDING BLOCK WORD,18,2019-06-23 20:46:00,5.99,17433.0,EIRE
536595,21730,GLASS STAR FROSTED T-LIGHT HOLDER,14,18/03/2019 13:24,4.34,12826.0,Switzerland
536580,84406B,CREAM CUPID HEARTS COAT HANGER,7,10-12-2019,2.57,14942.0,  EIRE  
C536389,85123A,WHITE HANGING HEART T-LIGHT HOLDER,3894,09-14-2019,2.36,17032.0,Portugal
536418,71270,PINK CRYSTAL GUITAR PHONE CHARM,18,2019-07-15 21:05:00,1.33,15125.0,  Belgium  
537443,21730,glass star frosted t-light holder,14,26/12/2019 09:14,4.01,16895.0,Australia
536918,71270,PINK CRYSTAL GUITAR PHONE CHARM,5,10/07/2019 00:29,1.3,18049.0,portugal
536436,84406B,CREAM CUPID HEARTS COAT HANGER,8,05/10/2019 17:05,2.7,15875.0,Belgium
536739,22423,REGENCY CAKESTAND 3 TIER,17,08-09-2019,13.24,14384.0,Spain
536917,21755,LOVE BUILDING BLOCK WORD,7,2019-08-12 13:34:00,6.41,15751.0,Portugal
537604,84879,  ASSORTED COLOUR BIRD ORNAMENT  ,14,07/06/2019 10:18,1.56,12583.0,France
536861,71270,PINK CRYSTAL GUITAR PHONE CHARM,12,2019-01-14 07:26:00,1.36,,Switzerland
536045,22423,REGENCY CAKESTAND 3 TIER,19,2019-03-15 20:08:00,12.89,17108.0,Australia
536325,71270,PINK CRYSTAL GUITAR PHONE CHARM,11,2019-02-27 12:16:00,1.33,12523.0,Spain
536921,85123A,WHITE HANGING HEART T-LIGHT HOLDER,8,13/02/2019 05:31,2.59,15648.0,France
536781,85123A,WHITE HANGING HEART T-LIGHT HOLDER,14,17/07/2019 13:46,2.79,17457.0,France
536862,85123A,WHITE HANGING HEART T-LIGHT HOLDER,8,20/06/2019 13:04,2.72,12522.0,Netherlands
536728,22752,  SET 7 BABUSHKA NESTING BOXES  ,1,01/09/2019 04:05,7.89,,Switzerland
536604,84879,assorted colour bird ornament,15,2019-08-13 12:50:00,1.72,15386.0,netherlands
537264,22752,set 7 babushka nesting boxes,3,2019-04-15 09:37:00,7.91,16764.0,  Belgium  
536869,22752,SET 7 BABUSHKA NESTING BOXES,9,19/04/2019 00:05,7.82,17236.0,Belgium
537247,71270,PINK CRYSTAL GUITAR PHONE CHARM,9,26/10/2019 02:07,1.34,14859.0,Switzerland
537195,22752,SET 7 BABUSHKA NESTING BOXES,7,2019-08-17 00:16:00,7.48,14207.0,portugal
537178,21730,GLASS STAR FROSTED T-LIGHT HOLDER,10,2019-12-11 15:26:00,3.98,12575.0,  Switzerland  
536930,71270,PINK CRYSTAL GUITAR PHONE CHARM,16,10-30-2019,1.27,12555.0,Portugal
536753,85123A,WHITE HANGING HEART T-LIGHT HOLDER,6,2019-06-22 06:21:00,2.33,12875.0,Spain
C536251,21755,LOVE BUILDING BLOCK WORD,-19,2019-08-01 07:49:00,5.46,14934.0,France
536798,84406B,cream cupid hearts coat hanger,14,12-17-2019,2.51,15404.0,Portugal
536615,22752,SET 7 BABUSHKA NESTING BOXES,1,2019-11-29 06:15:00,7.23,13535.0,United Kingdom
537279,22423,REGENCY CAKESTAND 3 TIER,1,2019-12-26 16:03:00,12.26,,France
536278,22960,JAM MAKING SET WITH JARS,10,30/10/2019 19:05,5.12,13160.0,Netherlands
536590,21755,LOVE BUILDING BLOCK WORD,16,24/05/2019 19:04,6.35,17579.0,france
536997,84879,assorted colour bird ornament,10,24/10/2019 18:35,1.63,16624.0,France
536821,22423,regency cakestand 3 tier,13,08/05/2019 12:26,13.04,13340.0,Netherlands
536323,84406B,CREAM CUPID HEARTS COAT HANGER,19,31/07/2019 23:41,2.5,12859.0,Portugal
536459,22960,JAM MAKING SET WITH JARS,4,11/06/2019 03:29,4.65,16022.0,Netherlands
536181,85123A,WHITE HANGING HEART T-LIGHT HOLDER,15,2019-07-31 20:06:00,2.79,13332.0,Germany
536171,21755,LOVE BUILDING BLOCK WORD,18,15/10/2019 12:05,5.67,12618.0,United Kingdom
536120,71053,WHITE METAL LANTERN,4,2019-05-13 21:53:00,3.44,13895.0,Netherlands
537038,71053,WHITE METAL LANTERN,5,24/04/2019 19:06,3.32,15923.0,  Germany  
537208,71053,  WHITE METAL LANTERN  ,12,2019-08-28 18:33:00,3.51,,united kingdom
537148,84406B,CREAM CUPID HEARTS COAT HANGER,9,20/04/2019 03:51,2.94,14220.0,netherlands
536799,84879,ASSORTED COLOUR BIRD ORNAMENT,15,02/10/2019 17:23,1.57,15057.0,united kingdom
536779,22960,  JAM MAKING SET WITH JARS  ,7,2019-03-29 16:27:00,5.17,13352.0,EIRE
536428,21755,LOVE BUILDING BLOCK WORD,12,24/07/2019 07:39,6.02,16771.0,  Australia  
537548,84406B,CREAM CUPID HEARTS COAT HANGER,5,03-08-2019,2.9,18279.0,Australia
537526,85123A,WHITE HANGING HEART T-LIGHT HOLDER,17,2019-05-06 19:37:00,2.6,15959.0,Spain
537313,84406B,cream cupid hearts coat hanger,6,2019-08-26 09:15:00,3.02,15090.0,Netherlands
537096,22752,SET 7 BABUSHKA NESTING BOXES,8,24/06/2019 21:17,7.56,,  United Kingdom  
536962,22960,jam making set with jars,7,2019-10-19 14:08:00,5.14,16188.0,EIRE
536089,21730,GLASS STAR FROSTED T-LIGHT HOLDER,9,2019-11-06 20:29:00,4.62,,  EIRE  
536627,84406B,  CREAM CUPID HEARTS COAT HANGER  ,8,2019-04-04 08:00:00,2.5,16688.0,Australia
536071,84879,ASSORTED COLOUR BIRD ORNAMENT,14,08-24-2019,1.82,14799.0,Netherlands
536005,22960,JAM MAKING SET WITH JARS,1,2019-12-25 05:09:00,4.89,13988.0,Spain
C536945,22752,SET 7 BABUSHKA NESTING BOXES,-12,18/01/2019 07:49,7.16,13856.0,  Germany  
C536383,21730,GLASS STAR FROSTED T-LIGHT HOLDER,-14,2019-12-09 20:34:00,4.1,17660.0,France
536940,21755,LOVE BUILDING BLOCK WORD,2,2019-06-20 12:02:00,6.07,16375.0,United Kingdom
536259,21730,GLASS STAR FROSTED T-LIGHT HOLDER,14,2019-01-02 10:49:00,4.38,15169.0,belgium
537382,71053,white metal lantern,16,21/10/2019 21:14,3.39,16708.0,Switzerland
536075,84406B,CREAM CUPID HEARTS COAT HANGER,5,2019-04-25 18:21:00,2.64,14137.0,Portugal
536084,22752,SET 7 BABUSHKA NESTING BOXES,14,2019-04-21 15:50:00,7.59,16256.0,Netherlands
536214,22960,JAM MAKING SET WITH JARS,15,16/05/2019 13:05,5.27,13287.0,Belgium
536501,22423,  REGENCY CAKESTAND 3 TIER  ,3,2019-07-07 17:51:00,13.57,16526.0,  Australia  
537156,71053,WHITE METAL LANTERN,14,01/06/2019 11:29,3.18,16450.0,EIRE
C537593,21730,GLASS STAR FROSTED T-LIGHT HOLDER,-13,2019-04-07 16:04:00,4.08,17799.0,france
537009,71053,WHITE METAL LANTERN,8,09-19-2019,3.54,15837.0,  EIRE  
537461,71053,white metal lantern,4,2019-12-18 03:30:00,3.21,13246.0,  Switzerland  
536901,22423,  REGENCY CAKESTAND 3 TIER  ,19,2019-03-06 04:23:00,11.74,15823.0,Spain
537009,22960,JAM MAKING SET WITH JARS,14,17/12/2019 15:09,4.62,18185.0,  EIRE  
537411,84406B,CREAM CUPID HEARTS COAT HANGER,7,2019-01-13 14:43:00,2.77,15760.0,Netherlands
537407,84406B,  CREAM CUPID HEARTS COAT HANGER  ,7,2019-07-18 01:48:00,2.59,13218.0,Switzerland
536895,21755,LOVE BUILDING BLOCK WORD,9,01-16-2019,5.54,13777.0,France
536660,84406B,CREAM CUPID HEARTS COAT HANGER,1,10-17-2019,2.86,12781.0,Netherlands
537462,84879,ASSORTED COLOUR BIRD ORNAMENT,7,22/06/2019 02:41,1.66,,United Kingdom
536503,21755,LOVE BUILDING BLOCK WORD,11,10-29-2019,5.82,15748.0,United Kingdom
536336,84879,ASSORTED COLOUR BIRD ORNAMENT,9,2019-09-11 03:14:00,1.78,16340.0,Australia
537091,22423,REGENCY CAKESTAND 3 TIER,1,11-27-2019,11.9,12386.0,Switzerland
536954,84879,ASSORTED COLOUR BIRD ORNAMENT,5,2019-01-23 21:33:00,1.54,16341.0,United Kingdom
536818,71053,WHITE METAL LANTERN,8,2019-11-06 21:49:00,3.08,14841.0,Spain
536797,21730,GLASS STAR FROSTED T-LIGHT HOLDER,2,2019-08-31 02:53:00,4.36,12480.0,Belgium
537214,21730,glass star frosted t-light holder,13,2019-08-19 02:29:00,3.89,18231.0,France
537306,21730,GLASS STAR FROSTED T-LIGHT HOLDER,13,2019-07-15 00:40:00,4.17,12431.0,  Portugal  
536300,22960,JAM MAKING SET WITH JARS,4,2019-05-11 15:44:00,4.68,14722.0,  EIRE  
536528,71270,PINK CRYSTAL GUITAR PHONE CHARM,17,02-03-2019,1.35,14328.0,Spain
537592,71053,WHITE METAL LANTERN,13,2019-07-01 02:21:00,3.38,14737.0,  United Kingdom  
537197,22752,SET 7 BABUSHKA NESTING BOXES,5,2019-01-05 21:00:00,8.07,13441.0,Australia
536720,84406B,CREAM CUPID HEARTS COAT HANGER,7,08-20-2019,2.68,13119.0,France
536937,21730,  GLASS STAR FROSTED T-LIGHT HOLDER  ,5,09-07-2019,3.99,17098.0,United Kingdom
537227,21755,LOVE BUILDING BLOCK WORD,19,2019-05-10 17:52:00,5.94,16882.0,France
C536026,22752,SET 7 BABUSHKA NESTING BOXES,-8,2019-03-27 07:07:00,7.93,,Australia
537538,22423,REGENCY CAKESTAND 3 TIER,15,2019-07-28 19:53:00,12.26,16822.0,Netherlands
536463,84879,  ASSORTED COLOUR BIRD ORNAMENT  ,6,2019-05-06 16:05:00,1.63,14087.0,Germany
537537,22752,SET 7 BABUSHKA NESTING BOXES,13,2019-10-29 21:44:00,8.17,17184.0,  Australia  
537041,22960,JAM MAKING SET WITH JARS,10,2019-10-11 15:26:00,5.27,13055.0,Australia
536376,21755,LOVE BUILDING BLOCK WORD,2,16/12/2019 18:33,5.85,17854.0,Portugal
537287,71053,  WHITE METAL LANTERN  ,17,2019-09-01 05:02:00,3.13,16802.0,Australia
536282,71270,PINK CRYSTAL GUITAR PHONE CHARM,9,17/11/2019 03:19,1.19,14704.0,Belgium
536749,84879,ASSORTED COLOUR BIRD ORNAMENT,3,15/01/2019 10:16,1.64,17234.0,Australia
537140,21730,GLASS STAR FROSTED T-LIGHT HOLDER,8,2019-11-23 00:05:00,4.09,15744.0,Belgium
536067,71270,  PINK CRYSTAL GUITAR PHONE CHARM  ,19,22/05/2019 03:02,1.27,15748.0,Portugal
537467,84879,assorted colour bird ornament,2,21/01/2019 20:12,1.69,,Germany
536535,71053,WHITE METAL LANTERN,7,2019-09-11 16:04:00,3.41,14801.0,Switzerland
537116,85123A,WHITE HANGING HEART T-LIGHT HOLDER,5,2019-02-09 08:39:00,2.53,13055.0,Belgium
537247,21755,LOVE BUILDING BLOCK WORD,16,2019-03-16 17:48:00,6.5,15295.0,switzerland
536488,22752,SET 7 BABUSHKA NESTING BOXES,12,15/04/2019 15:30,6.93,16469.0,Switzerland
537588,22752,set 7 babushka nesting boxes,9,2019-02-19 11:15:00,8.13,17739.0,Australia
536147,85123A,WHITE HANGING HEART T-LIGHT HOLDER,3,2019-09-26 13:55:00,2.72,12851.0,Switzerland
537584,71270,PINK CRYSTAL GUITAR PHONE CHARM,12,03/01/2019 04:21,1.2,18083.0,  France  
536311,22960,jam making set with jars,5,10/01/2019 20:33,4.64,17126.0,Netherlands
536871,84879,ASSORTED COLOUR BIRD ORNAMENT,11,11-30-2019,1.58,16888.0,Belgium
537057,71053,WHITE METAL LANTERN,3,2019-08-22 17:52:00,3.37,12440.0,France
536393,21755,LOVE BUILDING BLOCK WORD,2,2019-09-17 19:18:00,5.76,,France
537153,22423,regency cakestand 3 tier,16,2019-02-09 12:08:00,12.42,13116.0,  Netherlands  
537519,22752,set 7 babushka nesting boxes,13,11-15-2019,7.87,17567.0,united kingdom
537604,71270,PINK CRYSTAL GUITAR PHONE CHARM,7,08-24-2019,1.25,15680.0,  France  
536302,22423,REGENCY CAKESTAND 3 TIER,13,2019-03-16 02:33:00,11.96,16823.0,Australia
536592,21755,LOVE BUILDING BLOCK WORD,6,2019-12-15 15:23:00,5.41,,Netherlands
536807,22752,SET 7 BABUSHKA NESTING BOXES,14,2019-11-26 13:11:00,6.97,14418.0,EIRE
536078,22960,JAM MAKING SET WITH JARS,18,2019-03-27 21:30:00,4.57,16663.0,Germany
536049,71053,WHITE METAL LANTERN,14,2019-09-18 23:33:00,3.48,17115.0,Belgium
536763,21755,LOVE BUILDING BLOCK WORD,9,2019-04-16 05:31:00,5.48,13589.0,  Spain  
536639,84406B,  CREAM CUPID HEARTS COAT HANGER  ,6,03-17-2019,3.01,15431.0,  Australia  
536060,21755,LOVE BUILDING BLOCK WORD,10,2019-02-20 00:51:00,5.87,17918.0,Australia
536927,71053,WHITE METAL LANTERN,19,02-25-2019,3.26,,france
536803,84879,ASSORTED COLOUR BIRD ORNAMENT,14,18/11/2019 21:28,1.57,18248.0,Germany
536589,84879,ASSORTED COLOUR BIRD ORNAMENT,5,05-26-2019,1.86,14035.0,Australia
536092,22752,SET 7 BABUSHKA NESTING BOXES,12,2019-04-16 23:32:00,8.31,16104.0,  United Kingdom  
537349,22423,REGENCY CAKESTAND 3 TIER,19,2019-08-06 11:32:00,13.47,16710.0,  Netherlands  
536335,84879,ASSORTED COLOUR BIRD ORNAMENT,5,2019-06-01 07:33:00,1.59,14866.0,Australia
537006,71270,pink crystal guitar phone charm,7,2019-01-07 13:21:00,1.14,18111.0,Australia
537098,22960,jam making set with jars,9,2019-01-01 03:56:00,5.37,16377.0,Germany
536008,84406B,CREAM CUPID HEARTS COAT HANGER,15,10-15-2019,2.87,16724.0,France
537560,84406B,cream cupid hearts coat hanger,18,05-24-2019,2.91,16820.0,Portugal
536623,21730,GLASS STAR FROSTED T-LIGHT HOLDER,6,25/05/2019 06:20,4.5,17361.0,United Kingdom
536194,71053,WHITE METAL LANTERN,11,10-31-2019,3.39,13267.0,eire
537299,21755,love building block word,11,2019-09-06 15:26:00,5.93,16960.0,united kingdom
536578,22423,REGENCY CAKESTAND 3 TIER,8,07/11/2019 17:21,13.45,,Switzerland
537392,22752,SET 7 BABUSHKA NESTING BOXES,13,2019-05-19 03:56:00,7.71,18254.0,Spain
536676,22423,REGENCY CAKESTAND 3 TIER,18,2019-12-06 03:02:00,13.33,16740.0,  Australia  
536487,71053,WHITE METAL LANTERN,1,2019-06-05 01:02:00,3.22,16047.0,Portugal
536476,21730,  GLASS STAR FROSTED T-LIGHT HOLDER  ,19,08-22-2019,4.41,14732.0,Germany
536821,22960,JAM MAKING SET WITH JARS,7,22/06/2019 02:32,4.61,15504.0,United Kingdom
537326,84879,ASSORTED COLOUR BIRD ORNAMENT,6,2019-04-15 22:50:00,1.74,13745.0,United Kingdom
537198,22423,regency cakestand 3 tier,1,08/10/2019 12:50,13.11,14729.0,Spain
537611,21730,GLASS STAR FROSTED T-LIGHT HOLDER,13,2019-03-24 09:29:00,4.27,14769.0,Portugal
536916,71270,PINK CRYSTAL GUITAR PHONE CHARM,7,01-01-2019,1.32,13310.0,Australia
536168,84406B,  CREAM CUPID HEARTS COAT HANGER  ,6,2019-09-08 14:44:00,2.49,14164.0,EIRE
536019,71053,WHITE METAL LANTERN,13,2019-09-22 03:22:00,3.12,16794.0,  Spain  
536570,71270,PINK CRYSTAL GUITAR PHONE CHARM,4,05-07-2019,1.36,17302.0,EIRE
537401,85123A,  WHITE HANGING HEART T-LIGHT HOLDER  ,17,2019-11-16 21:42:00,2.38,,Belgium
536490,21755,  LOVE BUILDING BLOCK WORD  ,17,02-12-2019,5.46,17385.0,Netherlands
537628,71053,  WHITE METAL LANTERN  ,4,2019-06-15 14:18:00,3.64,15565.0,Netherlands
537556,85123A,WHITE HANGING HEART T-LIGHT HOLDER,12,07-16-2019,2.37,17469.0,  Belgium  
537118,22960,  JAM MAKING SET WITH JARS  ,8,2019-02-14 23:46:00,5.24,,Netherlands
537428,84406B,CREAM CUPID HEARTS COAT HANGER,13,2019-11-18 14:12:00,2.58,18278.0,Germany
536484,22960,jam making set with jars,13,2019-06-29 12:34:00,5.16,15934.0,Switzerland
537286,22752,SET 7 BABUSHKA NESTING BOXES,7,07-01-2019,7.66,18015.0,Belgium
536246,71053,  WHITE METAL LANTERN  ,3,2019-10-18 12:25:00,3.67,13513.0,eire
537458,84879,ASSORTED COLOUR BIRD ORNAMENT,9,01-18-2019,1.85,17812.0,  Netherlands  
536491,84406B,CREAM CUPID HEARTS COAT HANGER,3,2019-06-13 12:42:00,2.94,18053.0,united kingdom
536522,22960,JAM MAKING SET WITH JARS,12,26/01/2019 00:50,4.48,14687.0,Switzerland
536769,21755,,15,2019-12-06 01:34:00,5.82,16154.0,Switzerland
537466,84879,assorted colour bird ornament,1,2019-02-06 03:24:00,1.84,16411.0,Spain
536341,71270,pink crystal guitar phone charm,16,25/02/2019 05:15,1.17,13536.0,EIRE
536529,21730,GLASS STAR FROSTED T-LIGHT HOLDER,7,07/02/2019 12:11,4.63,17306.0,spain
536965,22423,REGENCY CAKESTAND 3 TIER,17,2019-08-10 18:37:00,13.95,15786.0,France
536336,21755,LOVE BUILDING BLOCK WORD,13,2019-10-24 02:58:00,6.0,12714.0,  EIRE  
537641,84879,ASSORTED COLOUR BIRD ORNAMENT,4,31/08/2019 15:16,1.75,15611.0,United Kingdom
536526,85123A,WHITE HANGING HEART T-LIGHT HOLDER,11,18/11/2019 11:43,2.66,16158.0,Belgium
537261,22752,SET 7 BABUSHKA NESTING BOXES,16,13/08/2019 13:28,7.65,13720.0,Netherlands
536733,22752,  SET 7 BABUSHKA NESTING BOXES  ,10,2019-05-01 03:15:00,7.8,14125.0,Spain
537484,71053,white metal lantern,5,2019-09-25 20:40:00,3.58,15356.0,Portugal
536115,22752,SET 7 BABUSHKA NESTING BOXES,19,03-16-2019,6.95,15584.0,EIRE
536167,84406B,cream cupid hearts coat hanger,3,2019-02-18 01:08:00,2.85,15568.0,france
536410,21730,GLASS STAR FROSTED T-LIGHT HOLDER,14,2019-07-13 18:11:00,4.07,17479.0,Belgium
536547,84879,ASSORTED COLOUR BIRD ORNAMENT,13,11/05/2019 10:23,1.73,13701.0,Belgium
537602,84879,ASSORTED COLOUR BIRD ORNAMENT,11,18/12/2019 22:54,1.82,13497.0,united kingdom
536277,22960,JAM MAKING SET WITH JARS,1,14/06/2019 08:48,4.7,13459.0,EIRE
537498,22960,JAM MAKING SET WITH JARS,19,2019-12-05 22:04:00,5.0,14722.0,  Switzerland  
537194,21755,LOVE BUILDING BLOCK WORD,19,2019-06-14 05:35:00,5.59,12717.0,Belgium
537489,71053,WHITE METAL LANTERN,2,2019-07-01 03:39:00,3.68,15391.0,Spain
537621,22960,JAM MAKING SET WITH JARS,14,14/08/2019 13:39,4.63,14974.0,Portugal
536388,22752,SET 7 BABUSHKA NESTING BOXES,17,2019-12-29 13:46:00,7.05,15023.0,Germany
537558,21755,LOVE BUILDING BLOCK WORD,6,2019-08-24 08:49:00,6.16,17328.0,Spain
C537121,22752,SET 7 BABUSHKA NESTING BOXES,-3,20/12/2019 14:00,8.1,12578.0,Spain
536515,21755,LOVE BUILDING BLOCK WORD,12,01-18-2019,6.08,13627.0,Germany
536932,71270,  PINK CRYSTAL GUITAR PHONE CHARM  ,2,23/03/2019 22:33,1.22,14487.0,Netherlands
536475,21730,GLASS STAR FROSTED T-LIGHT HOLDER,16,01/11/2019 01:31,3.91,18046.0,Switzerland
C536180,21755,love building block word,-7,01-19-2019,5.95,15124.0,France
536497,22423,REGENCY CAKESTAND 3 TIER,14,2019-01-28 18:32:00,12.09,13162.0,  France  
537586,22423,  REGENCY CAKESTAND 3 TIER  ,14,14/01/2019 23:41,13.58,17333.0,  Belgium  
537340,21730,  GLASS STAR FROSTED T-LIGHT HOLDER  ,15,2019-05-02 07:30:00,4.28,16423.0,United Kingdom
537170,71053,white metal lantern,11,2019-10-01 17:21:00,3.61,15545.0,Portugal
536188,22423,regency cakestand 3 tier,14,2019-10-20 11:00:00,13.99,12458.0,United Kingdom
536087,84879,ASSORTED COLOUR BIRD ORNAMENT,6,2019-04-13 06:48:00,1.57,14016.0,Belgium
536867,71053,WHITE METAL LANTERN,3,26/04/2019 07:25,3.4,15951.0,australia
536441,84406B,  CREAM CUPID HEARTS COAT HANGER  ,19,2019-04-26 06:17:00,2.61,17298.0,United Kingdom
536127,71053,WHITE METAL LANTERN,14,02/10/2019 08:35,3.17,17025.0,Spain
537269,22960,JAM MAKING SET WITH JARS,13,2019-05-15 17:35:00,5.07,12883.0,France
536204,71053,WHITE METAL LANTERN,13,19/10/2019 14:59,3.59,17970.0,Netherlands
537492,21730,GLASS STAR FROSTED T-LIGHT HOLDER,15,05-15-2019,4.61,13200.0,switzerland
537078,84406B,  CREAM CUPID HEARTS COAT HANGER  ,13,2019-03-22 14:35:00,2.72,,  Portugal  
537067,71270,PINK CRYSTAL GUITAR PHONE CHARM,13,18/04/2019 22:16,1.18,13659.0,  Australia  
C536367,21730,GLASS STAR FROSTED T-LIGHT HOLDER,-17,29/06/2019 08:54,3.96,16188.0,United Kingdom
536659,22960,JAM MAKING SET WITH JARS,8,12-03-2019,5.32,,australia
537428,84879,ASSORTED COLOUR BIRD ORNAMENT,17,2019-02-08 12:42:00,1.54,13033.0,  United Kingdom  
536830,21755,LOVE BUILDING BLOCK WORD,4,14/11/2019 17:20,5.99,16322.0,United Kingdom
537545,22423,REGENCY CAKESTAND 3 TIER,14,09-22-2019,13.28,,Netherlands
536564,84879,ASSORTED COLOUR BIRD ORNAMENT,9,20/01/2019 12:23,1.85,15484.0,eire
536539,22960,JAM MAKING SET WITH JARS,19,19/10/2019 09:38,5.31,12716.0,Belgium
536010,22960,JAM MAKING SET WITH JARS,2,17/10/2019 04:05,5.04,14128.0,australia
536777,22423,REGENCY CAKESTAND 3 TIER,8,05-17-2019,13.04,13310.0,portugal
536038,21730,GLASS STAR FROSTED T-LIGHT HOLDER,19,07-18-2019,4.21,13857.0,Belgium
537013,84406B,CREAM CUPID HEARTS COAT HANGER,2,11/02/2019 11:11,2.52,17191.0,Australia
537009,84406B,CREAM CUPID HEARTS COAT HANGER,6,16/10/2019 10:54,2.48,13533.0,Spain
536273,22960,JAM MAKING SET WITH JARS,13,2019-01-13 06:36:00,4.49,12955.0,United Kingdom
537211,21730,glass star frosted t-light holder,7,2019-08-01 22:52:00,4.66,17219.0,Switzerland
536449,22752,SET 7 BABUSHKA NESTING BOXES,9,03-19-2019,8.31,14948.0,  EIRE  
536366,84406B,CREAM CUPID HEARTS COAT HANGER,10,2019-01-18 08:37:00,2.83,15596.0,Spain
536454,71270,PINK CRYSTAL GUITAR PHONE CHARM,15,2019-12-16 22:21:00,1.17,16005.0,Netherlands
536131,21755,LOVE BUILDING BLOCK WORD,11,2019-12-28 02:36:00,6.35,16581.0,France
537021,21755,LOVE BUILDING BLOCK WORD,14,2019-10-15 07:29:00,5.36,16450.0,Switzerland
537001,22423,  REGENCY CAKESTAND 3 TIER  ,6,08-08-2019,12.62,17057.0,united kingdom
537500,84406B,CREAM CUPID HEARTS COAT HANGER,2,03-24-2019,2.54,13777.0,Portugal
536702,22752,SET 7 BABUSHKA NESTING BOXES,17,2019-11-09 18:18:00,7.87,16211.0,Switzerland
536617,84406B,cream cupid hearts coat hanger,11,2019-01-08 23:01:00,2.48,16791.0,Netherlands
536507,84879,  ASSORTED COLOUR BIRD ORNAMENT  ,7,09-07-2019,1.77,12649.0,Germany
536072,71270,PINK CRYSTAL GUITAR PHONE CHARM,2,2019-06-07 17:50:00,1.18,15053.0,United Kingdom
537102,84879,ASSORTED COLOUR BIRD ORNAMENT,12,2019-12-26 15:17:00,1.64,17506.0,Netherlands
537038,85123A,WHITE HANGING HEART T-LIGHT HOLDER,16,2019-11-11 03:00:00,2.47,17508.0,  United Kingdom  
536327,84406B,CREAM CUPID HEARTS COAT HANGER,10,2019-08-10 11:55:00,2.49,12758.0,france
536063,21755,LOVE BUILDING BLOCK WORD,7,2019-06-26 01:09:00,6.46,15285.0,Spain
537283,71270,PINK CRYSTAL GUITAR PHONE CHARM,6,01-23-2019,1.22,,Belgium
537405,22752,SET 7 BABUSHKA NESTING BOXES,2,01/09/2019 22:40,7.87,16528.0,Belgium
536540,85123A,WHITE HANGING HEART T-LIGHT HOLDER,19,11-28-2019,2.75,12428.0,Belgium
536184,21730,glass star frosted t-light holder,17,09/10/2019 22:08,4.24,17817.0,United Kingdom
537441,85123A,WHITE HANGING HEART T-LIGHT HOLDER,9,2019-04-05 06:36:00,2.5,16865.0,United Kingdom
537557,22423,  REGENCY CAKESTAND 3 TIER  ,10,12-24-2019,11.6,16144.0,EIRE
537118,85123A,WHITE HANGING HEART T-LIGHT HOLDER,17,2019-11-28 05:51:00,2.5,13955.0,Netherlands
536460,22960,jam making set with jars,9,2019-03-20 10:18:00,4.7,15028.0,Belgium
536417,85123A,WHITE HANGING HEART T-LIGHT HOLDER,4,2019-10-03 04:43:00,2.67,12727.0,  France  
536832,22423,REGENCY CAKESTAND 3 TIER,12,2019-08-14 19:58:00,13.92,15365.0,Portugal
537582,84879,ASSORTED COLOUR BIRD ORNAMENT,10,10/11/2019 13:06,1.57,14945.0,  Netherlands  
536967,22960,JAM MAKING SET WITH JARS,4,02/05/2019 15:19,4.56,12747.0,EIRE
536973,21730,glass star frosted t-light holder,6,03/04/2019 12:10,4.63,17265.0,EIRE
536134,22960,  JAM MAKING SET WITH JARS  ,1,05-13-2019,5.02,17591.0,United Kingdom
536594,22423,  REGENCY CAKESTAND 3 TIER  ,3,2019-01-10 07:25:00,12.55,15093.0,Belgium
536222,71053,WHITE METAL LANTERN,10,2019-05-23 21:29:00,3.6,15954.0,United Kingdom
537372,22960,JAM MAKING SET WITH JARS,6,2019-03-14 16:39:00,5.21,16887.0,Australia
536471,21755,love building block word,12,05-15-2019,5.78,18053.0,France
536842,22752,SET 7 BABUSHKA NESTING BOXES,17,05-06-2019,7.44,14945.0,France
537229,22752,SET 7 BABUSHKA NESTING BOXES,19,2019-08-10 04:35:00,8.25,13199.0,France
536462,85123A,WHITE HANGING HEART T-LIGHT HOLDER,11,01-20-2019,2.44,16560.0,Belgium
537286,22423,  REGENCY CAKESTAND 3 TIER  ,18,2019-08-09 05:15:00,13.52,12956.0,EIRE
536740,84879,ASSORTED COLOUR BIRD ORNAMENT,15,2019-04-18 18:48:00,1.53,,  Switzerland  
536686,84879,ASSORTED COLOUR BIRD ORNAMENT,2,2019-03-06 23:52:00,1.84,14044.0,eire
536161,84879,ASSORTED COLOUR BIRD ORNAMENT,5,2019-03-01 09:56:00,1.67,12840.0,Germany
537653,84879,ASSORTED COLOUR BIRD ORNAMENT,18,2019-05-21 12:04:00,1.68,,  EIRE  
537333,22960,JAM MAKING SET WITH JARS,13,03/10/2019 05:27,4.82,17912.0,United Kingdom
536847,85123A,WHITE HANGING HEART T-LIGHT HOLDER,3,11-02-2019,2.78,15099.0,Portugal
536719,21730,  GLASS STAR FROSTED T-LIGHT HOLDER  ,1,2019-06-18 02:35:00,4.37,12769.0,Spain
C537412,85123A,WHITE HANGING HEART T-LIGHT HOLDER,-5,23/04/2019 20:58,2.39,14594.0,Portugal
537486,21730,  GLASS STAR FROSTED T-LIGHT HOLDER  ,10,2019-01-25 15:06:00,3.94,18161.0,portugal
536532,22423,  REGENCY CAKESTAND 3 TIER  ,19,06-02-2019,11.99,15611.0,  Belgium  
536199,84879,  ASSORTED COLOUR BIRD ORNAMENT  ,7,2019-04-22 14:17:00,1.52,13516.0,Australia
536052,84406B,CREAM CUPID HEARTS COAT HANGER,1,2019-12-14 01:10:00,2.68,14538.0,Germany
536757,85123A,  WHITE HANGING HEART T-LIGHT HOLDER  ,11,2019-12-04 15:53:00,2.51,12551.0,Netherlands
536997,22960,JAM MAKING SET WITH JARS,18,01-30-2019,4.77,,france
537586,22960,  JAM MAKING SET WITH JARS  ,5,04/05/2019 14:09,4.56,14497.0,switzerland
536853,84406B,CREAM CUPID HEARTS COAT HANGER,6,2019-12-24 01:08:00,2.91,17342.0,EIRE
537589,84879,ASSORTED COLOUR BIRD ORNAMENT,17,12-22-2019,1.69,16561.0,australia
536942,71270,PINK CRYSTAL GUITAR PHONE CHARM,1,2019-12-21 09:41:00,1.18,,Netherlands
536374,84406B,CREAM CUPID HEARTS COAT HANGER,19,01-03-2019,2.53,12442.0,EIRE
537506,21755,LOVE BUILDING BLOCK WORD,17,2019-10-06 23:03:00,6.07,15940.0,  Belgium  
536075,85123A,  WHITE HANGING HEART T-LIGHT HOLDER  ,19,03/09/2019 11:53,2.63,17595.0,Germany
537132,71270,PINK CRYSTAL GUITAR PHONE CHARM,13,2019-07-28 19:06:00,1.16,17229.0,Spain
536827,85123A,WHITE HANGING HEART T-LIGHT HOLDER,2,09-24-2019,2.79,16497.0,United Kingdom
536185,21730,GLASS STAR FROSTED T-LIGHT HOLDER,7,27/09/2019 09:59,4.21,14174.0,Germany
536877,84879,ASSORTED COLOUR BIRD ORNAMENT,7,2019-04-01 03:46:00,1.76,18072.0,EIRE
537229,85123A,white hanging heart t-light holder,6,07-28-2019,2.75,12700.0,spain
536781,84879,ASSORTED COLOUR BIRD ORNAMENT,9,21/12/2019 11:47,1.66,15132.0,  Australia  
537446,21730,GLASS STAR FROSTED T-LIGHT HOLDER,11,27/11/2019 14:43,3.94,16230.0,Australia
536890,22960,JAM MAKING SET WITH JARS,10,09/07/2019 19:32,5.28,17605.0,Portugal
536235,84879,ASSORTED COLOUR BIRD ORNAMENT,16,02-17-2019,1.77,17458.0,Spain
537416,22960,JAM MAKING SET WITH JARS,13,2019-10-20 06:29:00,5.13,17778.0,United Kingdom
537623,71270,PINK CRYSTAL GUITAR PHONE CHARM,7,2019-02-22 16:21:00,1.34,17909.0,Belgium
537443,21755,LOVE BUILDING BLOCK WORD,6,2019-03-09 20:15:00,6.01,18220.0,Netherlands
537646,84406B,CREAM CUPID HEARTS COAT HANGER,3,2019-01-20 16:48:00,2.61,14438.0,Netherlands
536390,21755,LOVE BUILDING BLOCK WORD,19,09/01/2019 06:51,5.77,14012.0,Spain
536485,71270,PINK CRYSTAL GUITAR PHONE CHARM,14,06-24-2019,1.34,13028.0,Germany
537319,71053,WHITE METAL LANTERN,3,07/10/2019 22:45,3.65,13020.0,Belgium
537598,22960,JAM MAKING SET WITH JARS,12,01-18-2019,5.01,14607.0,Spain
537354,22960,JAM MAKING SET WITH JARS,12,2019-07-08 19:45:00,4.54,14685.0,Portugal
536108,71270,PINK CRYSTAL GUITAR PHONE CHARM,16,08/03/2019 14:20,1.36,12967.0,belgium
536744,22423,REGENCY CAKESTAND 3 TIER,5,2019-08-05 10:29:00,11.52,14136.0,Australia
536158,71270,pink crystal guitar phone charm,12,2019-09-04 10:37:00,1.24,14619.0,United Kingdom
537356,21730,GLASS STAR FROSTED T-LIGHT HOLDER,19,2019-05-15 07:25:00,4.51,17170.0,Spain
536874,84406B,cream cupid hearts coat hanger,19,23/12/2019 06:04,2.83,16482.0,Spain
536878,71270,PINK CRYSTAL GUITAR PHONE CHARM,18,2019-10-25 03:50:00,1.24,17857.0,Switzerland
537472,21730,glass star frosted t-light holder,5,2019-03-07 08:10:00,4.01,18088.0,Spain
536937,22423,regency cakestand 3 tier,16,08/12/2019 05:41,12.66,17419.0,Spain
536473,71270,pink crystal guitar phone charm,4,04-15-2019,1.27,14631.0,eire
536793,84879,ASSORTED COLOUR BIRD ORNAMENT,17,04-26-2019,1.64,17809.0,Germany
536762,22960,JAM MAKING SET WITH JARS,10,09-24-2019,5.42,,Australia
537280,84879,  ASSORTED COLOUR BIRD ORNAMENT  ,16,2019-12-03 16:03:00,1.68,12736.0,Portugal
536174,85123A,WHITE HANGING HEART T-LIGHT HOLDER,11,01-16-2019,2.4,14895.0,EIRE
536330,71053,WHITE METAL LANTERN,9,2019-08-18 22:53:00,3.15,15749.0,germany
536610,84406B,CREAM CUPID HEARTS COAT HANGER,1,06-26-2019,2.5,,australia
537414,22423,regency cakestand 3 tier,1,2019-01-20 21:44:00,13.38,16374.0,Australia
536243,21755,LOVE BUILDING BLOCK WORD,19,2019-11-15 03:51:00,5.36,13063.0,  Belgium  
C537594,84879,ASSORTED COLOUR BIRD ORNAMENT,-15,2019-12-20 05:58:00,1.7,16460.0,Switzerland
536851,85123A,WHITE HANGING HEART T-LIGHT HOLDER,14,04-08-2019,2.3,,Belgium
536755,22423,regency cakestand 3 tier,17,2019-06-29 11:28:00,13.81,13419.0,Switzerland
537648,84879,ASSORTED COLOUR BIRD ORNAMENT,6,08/06/2019 02:19,1.62,17894.0,  Germany  
536646,71270,pink crystal guitar phone charm,3,16/04/2019 08:20,1.13,15045.0,Netherlands
536465,21755,LOVE BUILDING BLOCK WORD,14,2019-03-17 13:38:00,6.49,,France
536250,85123A,WHITE HANGING HEART T-LIGHT HOLDER,2,08-28-2019,2.69,15519.0,Germany
537409,22752,SET 7 BABUSHKA NESTING BOXES,9,2019-11-25 18:06:00,8.06,17892.0,Spain
536162,84879,ASSORTED COLOUR BIRD ORNAMENT,15,13/03/2019 21:44,1.85,13728.0,Australia
536737,21730,GLASS STAR FROSTED T-LIGHT HOLDER,15,07/09/2019 19:25,4.33,13666.0,Netherlands
536338,84406B,cream cupid hearts coat hanger,3,2019-08-28 06:45:00,2.91,16725.0,Belgium
536702,71053,WHITE METAL LANTERN,7,2019-07-12 18:57:00,3.42,15676.0,France
537585,84406B,CREAM CUPID HEARTS COAT HANGER,17,2019-05-16 15:51:00,2.73,15878.0,Netherlands
536667,85123A,WHITE HANGING HEART T-LIGHT HOLDER,13,03-23-2019,2.48,,France
537045,71053,WHITE METAL LANTERN,7,01-11-2019,3.43,15324.0,Netherlands
537122,84406B,cream cupid hearts coat hanger,13,2019-11-08 05:00:00,2.52,13064.0,Switzerland
537312,71053,WHITE METAL LANTERN,10,23/08/2019 11:15,3.42,16929.0,France
536574,84879,ASSORTED COLOUR BIRD ORNAMENT,18,11-12-2019,1.53,15440.0,Australia
536003,22423,REGENCY CAKESTAND 3 TIER,9,18/08/2019 16:48,13.6,12923.0,eire
536699,71270,pink crystal guitar phone charm,9,30/01/2019 16:03,1.27,13024.0,Spain
536326,84879,assorted colour bird ornament,17,2019-07-21 09:30:00,1.65,13403.0,EIRE
536258,84406B,  CREAM CUPID HEARTS COAT HANGER  ,2,08-14-2019,2.69,13288.0,germany
536253,21755,LOVE BUILDING BLOCK WORD,12,04-21-2019,5.36,15773.0,belgium
536537,84879,ASSORTED COLOUR BIRD ORNAMENT,5,04-02-2019,1.57,15375.0,Spain
537050,21730,GLASS STAR FROSTED T-LIGHT HOLDER,15,2019-02-24 22:03:00,4.6,17034.0,Germany
536947,84879,ASSORTED COLOUR BIRD ORNAMENT,3,04/11/2019 01:30,1.85,17198.0,United Kingdom
536691,22423,regency cakestand 3 tier,14,12-09-2019,12.48,15764.0,Spain
536036,85123A,WHITE HANGING HEART T-LIGHT HOLDER,17,10-24-2019,2.37,12661.0,Germany
537646,71270,PINK CRYSTAL GUITAR PHONE CHARM,15,2019-11-02 13:39:00,1.27,12501.0,Portugal
537433,85123A,WHITE HANGING HEART T-LIGHT HOLDER,17,22/03/2019 15:41,2.33,15588.0,Germany
536163,22423,  REGENCY CAKESTAND 3 TIER  ,12,2019-08-21 13:43:00,12.54,15326.0,Germany
536396,21730,GLASS STAR FROSTED T-LIGHT HOLDER,10,2019-06-25 22:07:00,4.25,17269.0,Netherlands
537213,71270,  PINK CRYSTAL GUITAR PHONE CHARM  ,10,11/09/2019 23:57,1.36,,Switzerland
537109,22752,SET 7 BABUSHKA NESTING BOXES,1,2019-06-28 04:12:00,8.08,12392.0,France
536493,22960,JAM MAKING SET WITH JARS,16,18/10/2019 20:51,5.22,13786.0,  France  
536857,84406B,CREAM CUPID HEARTS COAT HANGER,10,09/03/2019 07:19,2.54,12702.0,Switzerland
536861,22752,  SET 7 BABUSHKA NESTING BOXES  ,15,2019-10-07 00:26:00,8.38,18218.0,Australia
536635,22423,REGENCY CAKESTAND 3 TIER,8,03-03-2019,11.62,15537.0,Australia
537061,84879,ASSORTED COLOUR BIRD ORNAMENT,17,2019-03-03 04:56:00,1.58,16072.0,Netherlands
536432,21755,LOVE BUILDING BLOCK WORD,3,2019-02-13 21:07:00,6.16,12996.0,Australia
536690,85123A,WHITE HANGING HEART T-LIGHT HOLDER,7,12-25-2019,2.42,17966.0,Australia
537128,22960,JAM MAKING SET WITH JARS,2,22/02/2019 23:37,5.25,18212.0,France
536023,22960,jam making set with jars,11,2019-04-14 01:10:00,4.87,12388.0,EIRE
537139,21730,  GLASS STAR FROSTED T-LIGHT HOLDER  ,12,07-19-2019,4.43,14323.0,Australia
537216,22423,REGENCY CAKESTAND 3 TIER,14,05-12-2019,13.69,,Australia
C536617,22423,  REGENCY CAKESTAND 3 TIER  ,-12,2019-10-23 18:21:00,12.01,14102.0,Switzerland
536647,84406B,CREAM CUPID HEARTS COAT HANGER,19,2019-06-10 01:15:00,2.86,13812.0,United Kingdom
536418,84879,ASSORTED COLOUR BIRD ORNAMENT,10,2019-06-28 14:25:00,1.69,18042.0,Spain
537502,22752,SET 7 BABUSHKA NESTING BOXES,5,06-16-2019,8.28,17300.0,United Kingdom
536061,22752,SET 7 BABUSHKA NESTING BOXES,4,2019-06-29 09:27:00,7.35,13715.0,  Spain  
536274,21730,GLASS STAR FROSTED T-LIGHT HOLDER,15,11/11/2019 11:30,4.25,13131.0,United Kingdom
536128,84406B,CREAM CUPID HEARTS COAT HANGER,9,20/09/2019 05:46,2.69,17751.0,Switzerland
536573,22423,regency cakestand 3 tier,1,22/09/2019 16:16,12.31,18113.0,Germany
537130,71053,WHITE METAL LANTERN,1,2019-04-11 19:03:00,3.1,15302.0,eire
537252,84406B,cream cupid hearts coat hanger,13,2019-05-12 21:14:00,2.8,,Spain
537391,71270,PINK CRYSTAL GUITAR PHONE CHARM,4,18/10/2019 18:51,1.17,12649.0,  Australia  
536156,84406B,cream cupid hearts coat hanger,19,2019-12-02 21:44:00,3.02,15802.0,Switzerland
C536472,22960,JAM MAKING SET WITH JARS,-7,25/03/2019 12:22,5.0,16050.0,Australia
537013,85123A,white hanging heart t-light holder,1,12-05-2019,2.62,17073.0,Switzerland
536178,21755,  LOVE BUILDING BLOCK WORD  ,6,2019-06-29 02:15:00,6.46,17853.0,Australia
C536748,22752,SET 7 BABUSHKA NESTING BOXES,-12,2019-07-03 06:44:00,8.03,17727.0,  Australia  
536113,71270,PINK CRYSTAL GUITAR PHONE CHARM,9,12-06-2019,1.26,15003.0,germany
536979,71270,  PINK CRYSTAL GUITAR PHONE CHARM  ,6,03/01/2019 20:38,1.31,,Germany
537292,71053,WHITE METAL LANTERN,3,25/12/2019 02:03,3.27,16877.0,belgium
536665,22960,JAM MAKING SET WITH JARS,8,2019-06-15 22:14:00,5.34,14717.0,Australia
537170,22423,REGENCY CAKESTAND 3 TIER,16,01/01/2019 23:49,12.18,16698.0,australia
536539,22423,regency cakestand 3 tier,16,06-26-2019,12.56,14857.0,eire
537123,84879,  ASSORTED COLOUR BIRD ORNAMENT  ,8,17/02/2019 08:19,1.82,17980.0,Germany
537043,84406B,CREAM CUPID HEARTS COAT HANGER,13,28/01/2019 17:07,2.56,14968.0,united kingdom
536972,21730,  GLASS STAR FROSTED T-LIGHT HOLDER  ,9,2019-06-23 10:35:00,4.39,13328.0,Belgium
537533,84406B,CREAM CUPID HEARTS COAT HANGER,10,2019-05-16 21:40:00,2.73,16269.0,Spain
536642,71270,,8,2019-01-03 10:26:00,1.29,14548.0,  Switzerland  
537432,71270,pink crystal guitar phone charm,11,10-24-2019,1.26,16657.0,Australia
536239,71053,  WHITE METAL LANTERN  ,6,01/05/2019 12:41,3.32,,United Kingdom
536361,21730,GLASS STAR FROSTED T-LIGHT HOLDER,2,2019-01-10 20:09:00,4.23,16379.0,United Kingdom
536884,84406B,CREAM CUPID HEARTS COAT HANGER,6,2019-06-22 23:01:00,2.85,12395.0,Switzerland
536934,21755,LOVE BUILDING BLOCK WORD,6,2019-04-25 03:44:00,5.45,17919.0,United Kingdom
536249,84879,ASSORTED COLOUR BIRD ORNAMENT,13,11-08-2019,1.59,16818.0,United Kingdom
537057,71053,WHITE METAL LANTERN,3,03-18-2019,3.49,17841.0,netherlands
537209,84406B,cream cupid hearts coat hanger,12,08-21-2019,2.5,14293.0,Belgium
536915,85123A,WHITE HANGING HEART T-LIGHT HOLDER,7,05/05/2019 03:37,2.43,16619.0,Germany
536519,22423,REGENCY CAKESTAND 3 TIER,16,10/06/2019 08:26,12.05,12919.0,United Kingdom
536360,84879,ASSORTED COLOUR BIRD ORNAMENT,4,2019-04-28 01:24:00,1.71,12452.0,Switzerland
536306,85123A,WHITE HANGING HEART T-LIGHT HOLDER,15,2019-12-28 10:13:00,2.38,16669.0,  Spain  
537288,71053,WHITE METAL LANTERN,16,2019-08-06 21:08:00,3.09,13679.0,United Kingdom
536617,21755,LOVE BUILDING BLOCK WORD,2,16/08/2019 15:47,6.06,14563.0,Portugal
537021,22960,JAM MAKING SET WITH JARS,8,18/08/2019 11:00,4.92,14687.0,France
537597,71053,WHITE METAL LANTERN,17,2019-04-26 18:47:00,3.4,13594.0,Switzerland
536282,84406B,CREAM CUPID HEARTS COAT HANGER,19,01/04/2019 17:46,2.49,17474.0,Australia
536534,71270,PINK CRYSTAL GUITAR PHONE CHARM,9,07-09-2019,1.36,17875.0,Germany
537318,71053,  WHITE METAL LANTERN  ,15,2019-06-16 12:24:00,3.27,13596.0,Belgium
537422,22960,JAM MAKING SET WITH JARS,1,25/08/2019 23:52,4.62,17026.0,France
536757,84879,  ASSORTED COLOUR BIRD ORNAMENT  ,1,2019-07-19 06:23:00,1.55,15898.0,  Portugal  
536913,21730,GLASS STAR FROSTED T-LIGHT HOLDER,5,2019-11-27 23:06:00,3.98,14171.0,Belgium
537479,22752,SET 7 BABUSHKA NESTING BOXES,7,2019-12-26 05:50:00,1610.28,,United Kingdom
537301,84879,assorted colour bird ornament,19,2019-03-01 05:00:00,1.59,17547.0,EIRE
537506,22752,set 7 babushka nesting boxes,9,22/11/2019 05:20,7.63,17399.0,Australia
537624,22423,REGENCY CAKESTAND 3 TIER,6,2019-10-29 23:09:00,12.26,16286.0,spain
537513,21730,GLASS STAR FROSTED T-LIGHT HOLDER,6,2019-07-31 23:14:00,3.84,18234.0,Switzerland
536431,84406B,CREAM CUPID HEARTS COAT HANGER,4,01-07-2019,2.48,18118.0,Netherlands
536729,84406B,CREAM CUPID HEARTS COAT HANGER,6,2019-02-28 09:25:00,2.57,13640.0,Germany
536510,22423,regency cakestand 3 tier,2,05/07/2019 05:52,12.29,18108.0,United Kingdom
536848,22752,SET 7 BABUSHKA NESTING BOXES,2,2019-06-23 06:26:00,8.01,15864.0,Belgium
536462,21755,love building block word,13,2019-11-21 06:54:00,5.9,18121.0,united kingdom
537664,22752,SET 7 BABUSHKA NESTING BOXES,18,2019-06-30 03:57:00,8.04,,EIRE
536417,22423,regency cakestand 3 tier,1,2019-08-27 18:34:00,12.6,16428.0,belgium
536630,71053,WHITE METAL LANTERN,18,2019-02-11 15:36:00,3.71,13122.0,Australia
536189,22752,SET 7 BABUSHKA NESTING BOXES,15,07-11-2019,8.17,12612.0,United Kingdom
537073,22960,JAM MAKING SET WITH JARS,18,16/01/2019 07:44,5.3,14880.0,France
536145,22752,SET 7 BABUSHKA NESTING BOXES,14,2019-05-16 17:51:00,7.86,17859.0,Netherlands
536519,22960,JAM MAKING SET WITH JARS,8,2019-02-01 20:06:00,5.12,15293.0,  Netherlands  
537030,84406B,CREAM CUPID HEARTS COAT HANGER,11,2019-04-06 21:35:00,2.6,,Germany
536218,21730,GLASS STAR FROSTED T-LIGHT HOLDER,17,2019-05-09 05:28:00,4.64,15817.0,Australia
536879,84406B,  CREAM CUPID HEARTS COAT HANGER  ,8,12-02-2019,2.52,13200.0,Portugal
536260,22960,jam making set with jars,4,20/10/2019 07:57,4.78,17044.0,Spain
537163,22960,  JAM MAKING SET WITH JARS  ,16,03/10/2019 10:07,5.4,15242.0,Belgium
536952,84879,ASSORTED COLOUR BIRD ORNAMENT,2,2019-04-17 20:02:00,1.76,17874.0,germany
537225,22960,jam making set with jars,19,2019-07-06 14:07:00,5.11,12896.0,United Kingdom
536399,21730,GLASS STAR FROSTED T-LIGHT HOLDER,3,06-15-2019,4.41,17190.0,United Kingdom
536857,22960,jam making set with jars,4,2019-05-02 21:22:00,4.64,13473.0,Portugal
537260,21730,GLASS STAR FROSTED T-LIGHT HOLDER,6,2019-03-21 03:28:00,4.31,13984.0,Switzerland
536662,84879,  ASSORTED COLOUR BIRD ORNAMENT  ,6,12-20-2019,1.83,16469.0,Belgium
536281,85123A,WHITE HANGING HEART T-LIGHT HOLDER,6,2019-06-26 22:08:00,2.74,16297.0,Netherlands
536200,84879,ASSORTED COLOUR BIRD ORNAMENT,7,16/07/2019 16:21,1.84,,Australia
537212,71053,WHITE METAL LANTERN,2,21/09/2019 12:03,3.43,15419.0,United Kingdom
537182,21730,GLASS STAR FROSTED T-LIGHT HOLDER,14,07-05-2019,4.59,13835.0,switzerland
536036,84879,ASSORTED COLOUR BIRD ORNAMENT,14,12/06/2019 00:57,1.8,15056.0,France
537432,22752,  SET 7 BABUSHKA NESTING BOXES  ,3,05-09-2019,7.09,13549.0,Netherlands
537317,21755,LOVE BUILDING BLOCK WORD,7,24/12/2019 02:14,6.51,15013.0,Switzerland
537425,84406B,CREAM CUPID HEARTS COAT HANGER,6,2019-01-13 20:38:00,2.83,16931.0,australia
536434,71053,,2,11-25-2019,3.1,17510.0,France
536276,71270,  PINK CRYSTAL GUITAR PHONE CHARM  ,11,2019-06-09 07:00:00,1.28,15230.0,United Kingdom
536050,84406B,CREAM CUPID HEARTS COAT HANGER,19,18/06/2019 20:48,2.91,12786.0,  Germany  
537236,22960,JAM MAKING SET WITH JARS,17,2019-06-06 21:28:00,4.69,15862.0,EIRE
537635,22752,SET 7 BABUSHKA NESTING BOXES,1,29/01/2019 16:57,6.96,15896.0,Australia
536866,71270,  PINK CRYSTAL GUITAR PHONE CHARM  ,18,22/08/2019 12:08,1.16,18120.0,Netherlands
537463,85123A,WHITE HANGING HEART T-LIGHT HOLDER,12,12/10/2019 05:59,2.48,12702.0,  Spain  
536694,84406B,  CREAM CUPID HEARTS COAT HANGER  ,16,2019-02-04 09:36:00,2.54,14769.0,  Switzerland  
536691,71053,WHITE METAL LANTERN,9,14/06/2019 16:30,3.06,17056.0,  Spain  
537216,22960,jam making set with jars,4,08-11-2019,4.73,15865.0,Switzerland
536132,22960,JAM MAKING SET WITH JARS,6,2019-03-23 04:41:00,4.62,16782.0,United Kingdom
536055,22960,JAM MAKING SET WITH JARS,7,2019-06-05 19:22:00,5.17,,Australia
537654,71270,PINK CRYSTAL GUITAR PHONE CHARM,14,09-14-2019,1.31,17732.0,france
536408,21755,love building block word,10,2019-11-22 04:19:00,5.7,,Portugal
536598,84406B,CREAM CUPID HEARTS COAT HANGER,2,2019-12-30 06:15:00,2.7,16154.0,EIRE
536547,22960,JAM MAKING SET WITH JARS,12,2019-04-18 16:47:00,5.34,12534.0,Netherlands
536047,21755,LOVE BUILDING BLOCK WORD,7,18/11/2019 08:07,6.0,17879.0,  Portugal  
536413,84406B,CREAM CUPID HEARTS COAT HANGER,4,24/01/2019 11:40,2.56,,France
536662,71270,PINK CRYSTAL GUITAR PHONE CHARM,12,27/09/2019 22:23,1.19,,Spain
537418,21755,  LOVE BUILDING BLOCK WORD  ,15,12-07-2019,5.93,15470.0,EIRE
536741,21755,LOVE BUILDING BLOCK WORD,15,2019-03-14 09:26:00,5.65,,Germany
536079,71270,PINK CRYSTAL GUITAR PHONE CHARM,17,15/07/2019 12:44,1.21,16623.0,france
536329,84406B,CREAM CUPID HEARTS COAT HANGER,19,01/09/2019 02:32,3.0,12693.0,EIRE
537408,22423,regency cakestand 3 tier,6,2019-03-23 10:32:00,11.98,18246.0,portugal
536586,84406B,CREAM CUPID HEARTS COAT HANGER,4,2019-07-14 03:59:00,2.54,15319.0,Belgium
536340,22752,set 7 babushka nesting boxes,11,19/04/2019 12:56,8.3,12478.0,  Belgium  
537387,71053,WHITE METAL LANTERN,13,08-11-2019,3.29,17864.0,France
536288,21755,LOVE BUILDING BLOCK WORD,15,2019-01-26 14:52:00,6.3,14658.0,EIRE
537492,21755,LOVE BUILDING BLOCK WORD,5,01-28-2019,6.54,12352.0,Spain
536783,71053,WHITE METAL LANTERN,13,2019-06-06 12:36:00,3.5,16218.0,Spain
537471,21755,  LOVE BUILDING BLOCK WORD  ,7,2019-08-04 03:15:00,5.59,16372.0,Switzerland
536824,71270,pink crystal guitar phone charm,13,2019-06-01 16:37:00,1.32,14300.0,australia
536565,21755,love building block word,15,2019-05-08 08:59:00,6.36,17025.0,eire
536814,85123A,  WHITE HANGING HEART T-LIGHT HOLDER  ,14,06-16-2019,2.57,13460.0,germany
536739,22752,SET 7 BABUSHKA NESTING BOXES,7119,10-06-2019,7.88,13332.0,Portugal
537023,84879,ASSORTED COLOUR BIRD ORNAMENT,1,2019-09-01 22:57:00,1.84,15718.0,france
537079,84406B,cream cupid hearts coat hanger,5,17/12/2019 09:19,2.94,14693.0,Germany
537406,22423,REGENCY CAKESTAND 3 TIER,13,12-08-2019,11.63,12447.0,belgium
536527,84406B,CREAM CUPID HEARTS COAT HANGER,8,2019-06-14 10:29:00,2.61,12823.0,Australia
536267,22423,REGENCY CAKESTAND 3 TIER,16,2019-09-03 03:30:00,12.98,17410.0,  Switzerland  
536408,71053,WHITE METAL LANTERN,14,05-05-2019,3.44,15391.0,Germany
536401,84879,ASSORTED COLOUR BIRD ORNAMENT,10,08-29-2019,1.84,12517.0,united kingdom
537500,71270,pink crystal guitar phone charm,3,11/08/2019 23:42,1.32,16954.0,EIRE
537066,21755,LOVE BUILDING BLOCK WORD,17,2019-06-24 13:24:00,5.41,13895.0,belgium
536908,21730,GLASS STAR FROSTED T-LIGHT HOLDER,6,12/06/2019 00:32,4.47,17975.0,Germany
536959,22423,REGENCY CAKESTAND 3 TIER,12,12-18-2019,11.79,16394.0,EIRE
537578,84406B,cream cupid hearts coat hanger,8,30/04/2019 07:35,2.54,14728.0,Netherlands
536133,22752,SET 7 BABUSHKA NESTING BOXES,5,2019-05-05 23:08:00,7.31,15682.0,France
536926,22752,SET 7 BABUSHKA NESTING BOXES,4,2019-01-15 10:37:00,7.44,18088.0,belgium
537302,21730,GLASS STAR FROSTED T-LIGHT HOLDER,3,09-19-2019,4.57,16723.0,Australia
536422,21730,GLASS STAR FROSTED T-LIGHT HOLDER,6,2019-05-18 07:03:00,4.25,14799.0,EIRE
536268,84879,  ASSORTED COLOUR BIRD ORNAMENT  ,6,01-13-2019,1.8,14061.0,  Belgium  
536481,84879,  ASSORTED COLOUR BIRD ORNAMENT  ,5,2019-04-28 05:21:00,1.7,14512.0,United Kingdom
536319,21755,LOVE BUILDING BLOCK WORD,14,2019-10-05 19:04:00,5.4,14938.0,France
537453,22752,set 7 babushka nesting boxes,10,2019-06-20 03:30:00,7.54,14264.0,portugal
536061,71053,white metal lantern,1,2019-06-01 20:42:00,3.13,13311.0,United Kingdom
537581,21730,GLASS STAR FROSTED T-LIGHT HOLDER,8,2019-06-13 00:33:00,4.32,12907.0,  United Kingdom  
536695,22752,SET 7 BABUSHKA NESTING BOXES,4,2019-05-02 16:07:00,7.75,17829.0,EIRE
536032,71053,white metal lantern,8,02/01/2019 17:13,3.72,17374.0,Australia
536925,21755,love building block word,9,04/02/2019 09:15,5.79,16722.0,Netherlands
537588,84406B,CREAM CUPID HEARTS COAT HANGER,8,2019-04-02 13:10:00,2.86,17302.0,Switzerland
536706,71270,pink crystal guitar phone charm,16,22/01/2019 06:43,1.24,17141.0,portugal
537237,22423,REGENCY CAKESTAND 3 TIER,5,11-05-2019,11.83,12795.0,switzerland
536843,85123A,WHITE HANGING HEART T-LIGHT HOLDER,2,04-30-2019,2.41,12640.0,  Germany  
536223,71053,WHITE METAL LANTERN,9,2019-09-11 17:53:00,3.61,12737.0,  EIRE  
536584,84406B,CREAM CUPID HEARTS COAT HANGER,1,2019-07-16 01:46:00,2.77,17801.0,Australia
536982,22423,REGENCY CAKESTAND 3 TIER,13,2019-01-21 16:03:00,11.92,18139.0,switzerland
536845,22960,  JAM MAKING SET WITH JARS  ,10,2019-10-07 00:12:00,5.37,12861.0,United Kingdom
536947,22752,SET 7 BABUSHKA NESTING BOXES,12,2019-03-21 04:05:00,8.13,16703.0,Spain
536553,22752,SET 7 BABUSHKA NESTING BOXES,3,04-30-2019,7.96,12667.0,eire
537540,84879,ASSORTED COLOUR BIRD ORNAMENT,11,10-23-2019,1.57,15462.0,Portugal
536970,71053,WHITE METAL LANTERN,12,2019-05-14 13:59:00,3.17,14719.0,EIRE
537625,22423,REGENCY CAKESTAND 3 TIER,4,2019-02-01 07:59:00,13.14,17467.0,EIRE
537386,21730,GLASS STAR FROSTED T-LIGHT HOLDER,1,2019-10-21 13:25:00,3.94,12841.0,Spain
536459,84879,ASSORTED COLOUR BIRD ORNAMENT,15,2019-06-15 02:25:00,1.72,16302.0,  Netherlands  
C537032,21730,glass star frosted t-light holder,-11,2019-05-14 04:30:00,4.15,13835.0,Netherlands
536928,21755,LOVE BUILDING BLOCK WORD,7,09/05/2019 17:12,5.7,12883.0,United Kingdom
537092,22423,  REGENCY CAKESTAND 3 TIER  ,1,2019-07-04 02:30:00,11.64,15273.0,Portugal
536865,22752,SET 7 BABUSHKA NESTING BOXES,13,2019-10-23 00:31:00,7.82,17718.0,portugal
C537182,84879,ASSORTED COLOUR BIRD ORNAMENT,-15,24/04/2019 01:24,1.8,13247.0,Switzerland
537541,21730,,7,09-14-2019,4.5,13190.0,Germany
536990,21755,love building block word,6,2019-10-04 23:27:00,5.83,17151.0,Germany
537276,22423,REGENCY CAKESTAND 3 TIER,14,19/06/2019 07:50,13.02,14197.0,United Kingdom
537554,21730,GLASS STAR FROSTED T-LIGHT HOLDER,3,04/01/2019 16:01,3.99,16164.0,  Switzerland  
536314,22752,  SET 7 BABUSHKA NESTING BOXES  ,13,2019-06-21 19:01:00,8.14,14457.0,Spain
537340,71053,WHITE METAL LANTERN,13,2019-08-25 06:00:00,3.25,17875.0,Australia
537405,84406B,  CREAM CUPID HEARTS COAT HANGER  ,16,17/08/2019 02:08,2.96,,Germany
536080,71053,  WHITE METAL LANTERN  ,19,2019-11-01 22:52:00,3.38,13217.0,Germany
536596,21730,GLASS STAR FROSTED T-LIGHT HOLDER,17,14/06/2019 04:38,4.64,13089.0,Germany
536642,85123A,  WHITE HANGING HEART T-LIGHT HOLDER  ,9,03-13-2019,2.55,16288.0,Spain
536175,84406B,CREAM CUPID HEARTS COAT HANGER,12,01/06/2019 17:07,2.87,16416.0,  Australia  
537633,84879,  ASSORTED COLOUR BIRD ORNAMENT  ,9,03/05/2019 23:54,1.85,14807.0,Netherlands
536972,71053,WHITE METAL LANTERN,14,2019-10-23 16:51:00,3.5,16116.0,Portugal
537359,22960,jam making set with jars,14,01-23-2019,5.04,12859.0,EIRE
536750,84879,ASSORTED COLOUR BIRD ORNAMENT,14,09-10-2019,1.53,17391.0,Belgium
537371,21730,GLASS STAR FROSTED T-LIGHT HOLDER,5,2019-11-02 03:30:00,4.59,13126.0,United Kingdom
536712,84879,ASSORTED COLOUR BIRD ORNAMENT,7,2019-11-10 17:54:00,1.69,17731.0,Netherlands
537336,22960,JAM MAKING SET WITH JARS,5,26/09/2019 12:27,4.76,12488.0,  United Kingdom  
536143,84406B,CREAM CUPID HEARTS COAT HANGER,7,2019-04-18 15:48:00,2.81,,  Portugal  
537648,21730,GLASS STAR FROSTED T-LIGHT HOLDER,17,2019-01-25 07:06:00,4.42,16860.0,France
536688,22423,regency cakestand 3 tier,13,08-11-2019,13.93,18162.0,  Germany  
536775,84406B,CREAM CUPID HEARTS COAT HANGER,15,08/02/2019 05:52,2.68,17356.0,  Netherlands  
537277,21730,  GLASS STAR FROSTED T-LIGHT HOLDER  ,11,07/06/2019 20:13,4.05,15151.0,Belgium
C537394,22423,REGENCY CAKESTAND 3 TIER,-14,2019-12-31 20:18:00,13.94,,Portugal
536492,71270,pink crystal guitar phone charm,11,2019-08-17 06:20:00,1.19,15660.0,Netherlands
536112,85123A,WHITE HANGING HEART T-LIGHT HOLDER,6,2019-09-24 20:59:00,2.45,12738.0,United Kingdom
536691,84879,  ASSORTED COLOUR BIRD ORNAMENT  ,13,2019-12-09 00:03:00,1.61,12987.0,eire
536670,22752,SET 7 BABUSHKA NESTING BOXES,18,09-06-2019,7.21,13735.0,Australia
536084,85123A,  WHITE HANGING HEART T-LIGHT HOLDER  ,9,2019-07-11 08:13:00,2.78,15647.0,Germany
536106,71270,PINK CRYSTAL GUITAR PHONE CHARM,7,10/06/2019 10:21,1.23,17102.0,  Belgium  
536682,85123A,WHITE HANGING HEART T-LIGHT HOLDER,3,05/11/2019 21:41,2.77,13235.0,Netherlands
536315,21730,glass star frosted t-light holder,10,13/03/2019 23:02,4.61,15481.0,Germany
536845,22752,SET 7 BABUSHKA NESTING BOXES,8,06/01/2019 11:25,7.92,17008.0,Portugal
536361,84406B,  CREAM CUPID HEARTS COAT HANGER  ,1,18/10/2019 12:16,2.49,15808.0,Portugal
536397,71053,  WHITE METAL LANTERN  ,9,16/07/2019 15:48,3.24,12851.0,Netherlands
536206,21730,,10,2019-12-11 02:32:00,4.02,13687.0,  EIRE  
536699,21730,GLASS STAR FROSTED T-LIGHT HOLDER,9,2019-06-02 01:27:00,4.42,12366.0,Netherlands
536250,22960,  JAM MAKING SET WITH JARS  ,16,2019-06-20 05:52:00,5.04,14014.0,Switzerland
536983,21730,  GLASS STAR FROSTED T-LIGHT HOLDER  ,10,2019-09-07 03:59:00,4.11,15207.0,  France  
537299,21755,LOVE BUILDING BLOCK WORD,1,2019-01-24 16:31:00,5.77,15628.0,Belgium
536621,71270,PINK CRYSTAL GUITAR PHONE CHARM,14,2019-11-07 02:43:00,1.33,14455.0,Belgium
536652,21730,GLASS STAR FROSTED T-LIGHT HOLDER,2,02/05/2019 14:29,4.41,14948.0,EIRE
537000,85123A,WHITE HANGING HEART T-LIGHT HOLDER,15,2019-09-01 22:55:00,2.53,13831.0,united kingdom
536860,22752,SET 7 BABUSHKA NESTING BOXES,8,05/10/2019 09:18,8.24,12688.0,portugal
536592,71053,white metal lantern,7,06/12/2019 22:59,3.15,15693.0,Netherlands
536192,84406B,CREAM CUPID HEARTS COAT HANGER,12,14/08/2019 23:52,2.97,17256.0,  United Kingdom  
C536555,85123A,WHITE HANGING HEART T-LIGHT HOLDER,-4,2019-01-05 08:49:00,2.73,13802.0,EIRE
536465,22752,set 7 babushka nesting boxes,14,2019-08-05 07:47:00,7.47,18006.0,Switzerland
536727,71270,  PINK CRYSTAL GUITAR PHONE CHARM  ,8,2019-12-17 18:18:00,1.25,12793.0,France
536601,84406B,  CREAM CUPID HEARTS COAT HANGER  ,5,2019-02-27 12:34:00,2.58,17059.0,Germany
537459,22752,SET 7 BABUSHKA NESTING BOXES,12,07/02/2019 14:38,7.42,16535.0,  France  
536090,84879,ASSORTED COLOUR BIRD ORNAMENT,5,15/12/2019 22:10,1.83,14223.0,Portugal
536056,85123A,WHITE HANGING HEART T-LIGHT HOLDER,5927,2019-07-22 00:25:00,2.4,14139.0,spain
536680,22423,regency cakestand 3 tier,8,10-15-2019,13.19,15620.0,Australia
537477,85123A,white hanging heart t-light holder,15,05-07-2019,2.38,15124.0,Australia
537377,22423,REGENCY CAKESTAND 3 TIER,16,22/02/2019 07:01,13.77,,Germany
536605,21755,  LOVE BUILDING BLOCK WORD  ,17,2019-12-06 13:07:00,6.34,13591.0,United Kingdom
537203,84406B,CREAM CUPID HEARTS COAT HANGER,5,2019-02-13 03:00:00,2.83,17262.0,Germany
537218,71053,WHITE METAL LANTERN,12,2019-01-23 23:33:00,3.41,,Switzerland
536498,22960,JAM MAKING SET WITH JARS,13,2019-07-28 01:01:00,4.82,14743.0,EIRE
536948,71053,WHITE METAL LANTERN,18,19/02/2019 14:19,3.25,12685.0,France
536425,84406B,CREAM CUPID HEARTS COAT HANGER,11,04/09/2019 00:32,2.64,17558.0,  Belgium  
537287,22752,SET 7 BABUSHKA NESTING BOXES,18,2019-06-18 12:23:00,7.41,16703.0,Spain
536595,21755,LOVE BUILDING BLOCK WORD,17,23/02/2019 08:08,6.22,14424.0,Switzerland
537005,85123A,white hanging heart t-light holder,3,2019-03-23 16:48:00,2.67,14575.0,Switzerland
537257,71053,white metal lantern,4,06-14-2019,3.41,13153.0,Belgium
537087,71053,white metal lantern,3,2019-08-09 06:45:00,3.31,15289.0,France
537315,71270,pink crystal guitar phone charm,1,06/01/2019 11:52,1.27,15931.0,france
536723,71053,  WHITE METAL LANTERN  ,3,2019-08-14 18:38:00,3.46,14178.0,  Portugal  
536767,85123A,WHITE HANGING HEART T-LIGHT HOLDER,1,12-20-2019,2.73,17866.0,Spain
537192,21730,glass star frosted t-light holder,18,10-18-2019,4.23,13650.0,  Australia  
537242,71053,WHITE METAL LANTERN,12,06/08/2019 00:44,3.32,17908.0,France
536098,22960,JAM MAKING SET WITH JARS,15,2019-10-05 02:03:00,4.57,14349.0,Germany
536356,22423,REGENCY CAKESTAND 3 TIER,1,02-16-2019,12.38,16989.0,Germany
536017,22752,,4,10/01/2019 17:10,8.12,,Switzerland
537563,21730,GLASS STAR FROSTED T-LIGHT HOLDER,10,2019-06-25 06:14:00,4.08,13680.0,France
537507,22752,set 7 babushka nesting boxes,7,12/02/2019 09:48,7.49,15416.0,Germany
537321,71053,white metal lantern,16,2019-08-03 23:13:00,3.34,14010.0,  Australia  
537374,84406B,CREAM CUPID HEARTS COAT HANGER,14,2019-02-20 23:39:00,2.91,15158.0,France
536668,22752,  SET 7 BABUSHKA NESTING BOXES  ,5,20/09/2019 09:17,7.63,17673.0,switzerland
536100,22752,SET 7 BABUSHKA NESTING BOXES,1,06/12/2019 14:26,6.96,14556.0,Spain
536121,21730,  GLASS STAR FROSTED T-LIGHT HOLDER  ,15,04/06/2019 04:23,4.28,16008.0,EIRE
536034,85123A,  WHITE HANGING HEART T-LIGHT HOLDER  ,3,2019-01-09 15:58:00,2.8,13157.0,  Belgium  
537501,22752,SET 7 BABUSHKA NESTING BOXES,18,2019-05-30 15:36:00,7.5,17379.0,Netherlands
537018,21730,glass star frosted t-light holder,14,02-22-2019,4.26,12705.0,Switzerland
537044,84406B,CREAM CUPID HEARTS COAT HANGER,8,2019-09-05 07:24:00,2.73,15540.0,Australia
537650,22960,JAM MAKING SET WITH JARS,3,2019-09-19 09:16:00,4.93,16430.0,australia
536962,21730,GLASS STAR FROSTED T-LIGHT HOLDER,6,2019-05-21 03:12:00,4.38,,Portugal
537238,71270,PINK CRYSTAL GUITAR PHONE CHARM,3,2019-07-29 10:33:00,1.16,16455.0,United Kingdom
536495,71270,  PINK CRYSTAL GUITAR PHONE CHARM  ,7,28/11/2019 08:19,1.29,13765.0,Spain
537005,85123A,WHITE HANGING HEART T-LIGHT HOLDER,2,2019-12-02 16:55:00,2.63,16607.0,Germany
536124,71053,WHITE METAL LANTERN,17,21/04/2019 08:20,3.48,14930.0,Belgium
536404,85123A,  WHITE HANGING HEART T-LIGHT HOLDER  ,16,11-12-2019,2.36,,australia
536181,71270,pink crystal guitar phone charm,8,2019-12-19 06:09:00,1.33,16323.0,australia
536450,71053,white metal lantern,11,2019-07-04 08:30:00,3.55,13294.0,  Germany  
536097,85123A,  WHITE HANGING HEART T-LIGHT HOLDER  ,3,08/04/2019 19:45,2.73,15632.0,  Netherlands  
537117,22752,SET 7 BABUSHKA NESTING BOXES,2,05/08/2019 04:10,7.63,14268.0,Belgium
536129,85123A,  WHITE HANGING HEART T-LIGHT HOLDER  ,18,08-18-2019,2.55,12486.0,portugal
537469,85123A,white hanging heart t-light holder,19,27/10/2019 13:21,2.7,17474.0,Portugal
C537065,22960,JAM MAKING SET WITH JARS,-15,2019-03-30 15:41:00,4.72,16821.0,  Germany  
536623,71270,PINK CRYSTAL GUITAR PHONE CHARM,10,01-09-2019,1.35,13348.0,switzerland
537308,22423,REGENCY CAKESTAND 3 TIER,19,05-07-2019,11.52,12997.0,Germany
536082,22423,REGENCY CAKESTAND 3 TIER,7,2019-08-29 14:56:00,13.5,12667.0,Switzerland
536926,22960,JAM MAKING SET WITH JARS,18,2019-04-28 16:13:00,5.0,17412.0,United Kingdom
536721,71053,WHITE METAL LANTERN,4,2019-01-14 13:31:00,3.38,17350.0,Spain
536116,22423,  REGENCY CAKESTAND 3 TIER  ,3,02/01/2019 20:01,11.63,17912.0,Germany
537354,21755,  LOVE BUILDING BLOCK WORD  ,9,2019-01-13 04:15:00,5.44,15481.0,Germany
537563,71053,WHITE METAL LANTERN,10,06-17-2019,3.06,12353.0,EIRE
536136,85123A,  WHITE HANGING HEART T-LIGHT HOLDER  ,15,01/06/2019 11:14,2.34,,France
536668,22960,jam making set with jars,4,04-12-2019,4.72,12945.0,Spain
537605,84406B,CREAM CUPID HEARTS COAT HANGER,2,2019-01-05 22:51:00,2.98,17451.0,spain
536631,71270,  PINK CRYSTAL GUITAR PHONE CHARM  ,18,2019-09-18 00:26:00,1.13,17196.0,EIRE
536394,21755,  LOVE BUILDING BLOCK WORD  ,13,07/05/2019 03:08,5.41,14082.0,Belgium
537175,71053,WHITE METAL LANTERN,8,06/11/2019 23:15,3.52,13746.0,Spain
536277,84879,ASSORTED COLOUR BIRD ORNAMENT,10,2019-01-25 22:39:00,1.6,15215.0,France
536742,84879,ASSORTED COLOUR BIRD ORNAMENT,9,2019-11-07 08:50:00,1.6,13934.0,Netherlands
536601,22423,REGENCY CAKESTAND 3 TIER,13,07-17-2019,13.01,17507.0,United Kingdom
536230,22752,SET 7 BABUSHKA NESTING BOXES,13,2019-08-12 02:24:00,8.29,15836.0,eire
537378,84879,assorted colour bird ornament,8,06/10/2019 09:35,1.82,14415.0,  Germany  
537098,85123A,  WHITE HANGING HEART T-LIGHT HOLDER  ,10,04-04-2019,2.48,18176.0,Australia
537033,85123A,white hanging heart t-light holder,5,2019-11-24 02:15:00,2.49,16621.0,Netherlands
537473,71053,WHITE METAL LANTERN,18,2019-11-09 10:14:00,3.34,13498.0,Portugal
537559,71053,  WHITE METAL LANTERN  ,1,14/07/2019 14:17,3.42,14796.0,  Portugal  
536358,84879,ASSORTED COLOUR BIRD ORNAMENT,9,10/03/2019 23:56,1.76,14234.0,  EIRE  
536943,22960,jam making set with jars,7,2019-11-22 12:17:00,4.79,15353.0,  Portugal  
537099,22423,REGENCY CAKESTAND 3 TIER,17,2019-06-13 00:14:00,13.6,14175.0,spain
536813,22423,REGENCY CAKESTAND 3 TIER,15,2019-11-10 01:50:00,12.81,16723.0,France
536703,22423,REGENCY CAKESTAND 3 TIER,17,2019-02-16 10:24:00,11.53,16039.0,Belgium
536256,22960,JAM MAKING SET WITH JARS,7,02-01-2019,5.06,16939.0,France
536943,22960,jam making set with jars,3,2019-02-05 16:36:00,4.79,15288.0,United Kingdom
537182,71053,white metal lantern,18,02/04/2019 07:50,3.16,13540.0,Spain
536648,84406B,CREAM CUPID HEARTS COAT HANGER,8,15/06/2019 16:38,3.01,17795.0,  Portugal  
536184,84879,  ASSORTED COLOUR BIRD ORNAMENT  ,3,28/08/2019 22:44,1.84,14391.0,EIRE
536250,21730,glass star frosted t-light holder,2,04-05-2019,4.46,,portugal
537306,84879,ASSORTED COLOUR BIRD ORNAMENT,13,29/03/2019 04:03,1.7,13132.0,Germany
537454,21755,love building block word,19,2019-07-25 06:30:00,5.43,,Australia
536347,71053,WHITE METAL LANTERN,13,18/09/2019 00:27,3.22,18222.0,Spain
537330,84406B,CREAM CUPID HEARTS COAT HANGER,2,03/07/2019 07:08,2.81,13602.0,Belgium
537583,71053,white metal lantern,11,10/07/2019 22:05,3.57,,Netherlands
536121,22960,jam making set with jars,17,02-16-2019,5.39,13012.0,united kingdom
537231,22752,SET 7 BABUSHKA NESTING BOXES,9,2019-10-16 19:57:00,7.34,18285.0,united kingdom
536378,22423,REGENCY CAKESTAND 3 TIER,1,2019-05-31 23:45:00,11.55,16407.0,Spain
537114,85123A,WHITE HANGING HEART T-LIGHT HOLDER,13,08-26-2019,2.62,17560.0,Netherlands
537353,85123A,WHITE HANGING HEART T-LIGHT HOLDER,11,07-24-2019,2.74,,united kingdom
536183,21730,  GLASS STAR FROSTED T-LIGHT HOLDER  ,3,2019-04-06 21:28:00,4.62,13883.0,germany
537086,21730,GLASS STAR FROSTED T-LIGHT HOLDER,19,20/04/2019 02:35,4.22,17552.0,Switzerland
537414,71270,PINK CRYSTAL GUITAR PHONE CHARM,1,2019-12-16 18:15:00,1.26,14826.0,Australia
536540,22752,SET 7 BABUSHKA NESTING BOXES,1,13/05/2019 06:15,8.4,16234.0,Belgium
536840,21730,glass star frosted t-light holder,10,2019-08-27 03:10:00,4.02,12736.0,Australia
537335,22960,JAM MAKING SET WITH JARS,19,2019-04-14 19:14:00,5.44,13803.0,Australia
537542,21755,LOVE BUILDING BLOCK WORD,13,24/12/2019 18:02,6.15,13995.0,EIRE
537266,84879,  ASSORTED COLOUR BIRD ORNAMENT  ,18,2019-06-13 03:36:00,1.55,15278.0,Netherlands
537511,22752,SET 7 BABUSHKA NESTING BOXES,13,2019-03-09 22:58:00,7.64,14217.0,United Kingdom
536280,21730,GLASS STAR FROSTED T-LIGHT HOLDER,3,01-01-2019,4.2,15482.0,United Kingdom
536831,22752,SET 7 BABUSHKA NESTING BOXES,6,2019-05-11 23:39:00,6.9,14537.0,Netherlands
536689,21730,glass star frosted t-light holder,19,2019-11-23 06:24:00,4.44,16276.0,EIRE
537331,85123A,  WHITE HANGING HEART T-LIGHT HOLDER  ,14,30/06/2019 12:52,2.53,12911.0,Belgium
C536293,22423,  REGENCY CAKESTAND 3 TIER  ,-12,2019-01-26 13:02:00,11.91,17157.0,Switzerland
537512,84406B,  CREAM CUPID HEARTS COAT HANGER  ,17,2019-12-28 17:14:00,2.95,18020.0,Germany
536924,22423,REGENCY CAKESTAND 3 TIER,13,24/06/2019 01:02,12.43,,  Portugal  
536287,22960,JAM MAKING SET WITH JARS,1,2019-02-28 23:46:00,4.49,16114.0,Switzerland
537203,84406B,  CREAM CUPID HEARTS COAT HANGER  ,12,2019-08-31 16:53:00,2.66,15912.0,Belgium
537184,71270,PINK CRYSTAL GUITAR PHONE CHARM,17,2019-11-10 17:38:00,1.29,18169.0,united kingdom
C536800,71270,PINK CRYSTAL GUITAR PHONE CHARM,-19,25/08/2019 22:37,1.22,13759.0,Belgium
536686,22423,  REGENCY CAKESTAND 3 TIER  ,18,29/07/2019 16:02,12.8,16804.0,EIRE
537616,22960,jam making set with jars,13,2019-04-07 18:25:00,5.38,17289.0,Netherlands
536637,21755,LOVE BUILDING BLOCK WORD,14,2019-06-21 01:31:00,5.66,14384.0,EIRE
537293,21730,GLASS STAR FROSTED T-LIGHT HOLDER,13,2019-04-24 10:33:00,4.4,12623.0,Switzerland
537375,71270,PINK CRYSTAL GUITAR PHONE CHARM,9,12-18-2019,1.32,17399.0,France
536357,71053,WHITE METAL LANTERN,2,07-09-2019,3.45,14786.0,  Spain  
536584,71270,  PINK CRYSTAL GUITAR PHONE CHARM  ,1,2019-10-01 05:50:00,1.3,,Australia
536386,84879,ASSORTED COLOUR BIRD ORNAMENT,7,04/03/2019 04:13,1.75,18166.0,  France  
536019,85123A,white hanging heart t-light holder,19,2019-03-08 22:23:00,2.6,16732.0,Portugal
536442,71053,WHITE METAL LANTERN,1,14/01/2019 23:58,3.48,15827.0,France
537429,21730,GLASS STAR FROSTED T-LIGHT HOLDER,11,2019-06-16 23:16:00,4.61,13262.0,Netherlands
C536764,71053,WHITE METAL LANTERN,-10,07-30-2019,3.39,14344.0,United Kingdom
537006,71270,pink crystal guitar phone charm,9,2019-03-08 03:01:00,1.37,15366.0,  EIRE  
536412,22960,  JAM MAKING SET WITH JARS  ,5,08-17-2019,5.43,17920.0,  France  
536799,71053,  WHITE METAL LANTERN  ,18,2019-12-12 11:50:00,3.48,13593.0,Spain
537524,22423,  REGENCY CAKESTAND 3 TIER  ,1,2019-05-14 11:38:00,13.68,12952.0,EIRE
536843,22960,  JAM MAKING SET WITH JARS  ,18,16/04/2019 10:48,4.99,14975.0,eire
537474,22752,  SET 7 BABUSHKA NESTING BOXES  ,16,17/03/2019 00:08,7.31,14398.0,United Kingdom
537260,84879,ASSORTED COLOUR BIRD ORNAMENT,4,05-24-2019,1.66,16476.0,United Kingdom
536504,85123A,  WHITE HANGING HEART T-LIGHT HOLDER  ,17,04-07-2019,2.41,14510.0,United Kingdom
536732,22752,set 7 babushka nesting boxes,14,2019-03-27 14:47:00,7.24,12835.0,Belgium
537183,71270,  PINK CRYSTAL GUITAR PHONE CHARM  ,4,2019-02-26 22:28:00,1.2,13609.0,Netherlands
537261,22960,  JAM MAKING SET WITH JARS  ,11,2019-08-26 01:06:00,5.39,13667.0,Spain
536356,71053,  WHITE METAL LANTERN  ,16,2019-02-03 05:04:00,3.64,17556.0,United Kingdom
536731,84406B,CREAM CUPID HEARTS COAT HANGER,12,28/07/2019 22:59,2.56,13140.0,France
537297,71270,PINK CRYSTAL GUITAR PHONE CHARM,11,2019-07-08 17:18:00,1.33,17130.0,Netherlands
C536025,22423,regency cakestand 3 tier,-17,14/10/2019 09:14,12.66,16422.0,  Belgium  
536172,71270,PINK CRYSTAL GUITAR PHONE CHARM,9,24/09/2019 12:03,1.36,18209.0,Australia
536893,71053,white metal lantern,10,2019-01-02 00:25:00,3.57,14642.0,Netherlands
536599,22960,  JAM MAKING SET WITH JARS  ,3,03/04/2019 16:54,5.33,16999.0,Belgium
537207,84406B,CREAM CUPID HEARTS COAT HANGER,10,29/05/2019 04:02,2.85,14693.0,Portugal
537388,85123A,WHITE HANGING HEART T-LIGHT HOLDER,8,2019-11-17 15:02:00,2.4,13980.0,Spain
536833,85123A,WHITE HANGING HEART T-LIGHT HOLDER,14,07-26-2019,2.66,15135.0,United Kingdom
537624,21730,glass star frosted t-light holder,2,2019-08-30 05:27:00,4.54,15625.0,Portugal
537631,84879,ASSORTED COLOUR BIRD ORNAMENT,17,2019-12-26 20:48:00,1.72,12971.0,  Germany  
536064,71053,WHITE METAL LANTERN,3,06-23-2019,3.47,12873.0,netherlands
536935,84406B,CREAM CUPID HEARTS COAT HANGER,13,01/04/2019 01:28,2.89,14204.0,Australia
536346,21730,GLASS STAR FROSTED T-LIGHT HOLDER,9,09-19-2019,4.23,12663.0,United Kingdom
536726,21730,GLASS STAR FROSTED T-LIGHT HOLDER,15,05-21-2019,4.43,16472.0,United Kingdom
536653,84406B,cream cupid hearts coat hanger,5,2019-05-04 17:47:00,2.87,14194.0,EIRE
537525,22423,  REGENCY CAKESTAND 3 TIER  ,14,2019-04-02 04:56:00,11.8,16156.0,Netherlands
537383,22960,  JAM MAKING SET WITH JARS  ,7,01/10/2019 03:04,4.69,16469.0,Germany
536835,22960,JAM MAKING SET WITH JARS,4,2019-10-27 07:29:00,4.74,12722.0,Australia
536434,71053,WHITE METAL LANTERN,19,2019-04-27 09:42:00,3.67,15775.0,Spain
536208,21755,LOVE BUILDING BLOCK WORD,6,07/08/2019 22:34,5.42,,Australia
537030,22960,JAM MAKING SET WITH JARS,19,2019-05-10 22:11:00,5.34,16998.0,france
536960,22423,REGENCY CAKESTAND 3 TIER,15,11/07/2019 13:51,13.01,16923.0,  United Kingdom  
536366,22960,JAM MAKING SET WITH JARS,4,2019-05-02 03:46:00,5.2,17382.0,Switzerland
537517,22752,SET 7 BABUSHKA NESTING BOXES,2,2019-01-17 03:48:00,6.93,15691.0,Switzerland
536636,22423,regency cakestand 3 tier,17,12/05/2019 02:47,12.95,16558.0,  United Kingdom  
537450,22960,jam making set with jars,18,2019-12-20 17:39:00,5.18,12749.0,australia
536900,85123A,WHITE HANGING HEART T-LIGHT HOLDER,2,01-31-2019,2.42,13221.0,United Kingdom
537187,22960,  JAM MAKING SET WITH JARS  ,7,2019-09-05 14:00:00,5.06,12938.0,spain
536636,85123A,WHITE HANGING HEART T-LIGHT HOLDER,1,2019-01-20 07:51:00,2.76,15959.0,  Switzerland  
536732,71053,white metal lantern,7,30/07/2019 13:25,3.56,14582.0,Netherlands
537491,22423,  REGENCY CAKESTAND 3 TIER  ,19,2019-03-06 18:28:00,11.86,13409.0,Spain
536977,22752,SET 7 BABUSHKA NESTING BOXES,1,2019-09-01 10:53:00,6.96,18280.0,Belgium
537647,21755,LOVE BUILDING BLOCK WORD,9,2019-06-05 08:55:00,6.42,16697.0,EIRE
536103,22752,SET 7 BABUSHKA NESTING BOXES,4,2019-07-10 04:13:00,7.53,12808.0,  Germany  
536470,22423,  REGENCY CAKESTAND 3 TIER  ,9,12-26-2019,11.94,13125.0,Spain
536258,22423,REGENCY CAKESTAND 3 TIER,19,2019-01-20 23:01:00,11.97,16541.0,  Switzerland  
536161,84879,ASSORTED COLOUR BIRD ORNAMENT,10,2019-09-11 05:53:00,1.72,13405.0,United Kingdom
C537547,21730,  GLASS STAR FROSTED T-LIGHT HOLDER  ,-16,2019-12-15 18:17:00,4.24,14100.0,belgium
536122,21755,  LOVE BUILDING BLOCK WORD  ,14,09-19-2019,5.56,,  Germany  
536190,22752,SET 7 BABUSHKA NESTING BOXES,8,11-24-2019,7.17,16531.0,Switzerland
537508,85123A,white hanging heart t-light holder,8,07-15-2019,2.63,14204.0,EIRE
536216,22752,SET 7 BABUSHKA NESTING BOXES,2,08/12/2019 22:37,7.51,,Australia
536966,71053,white metal lantern,17,2019-11-27 06:17:00,3.14,18164.0,  Australia  
536147,71053,WHITE METAL LANTERN,3,23/01/2019 23:45,3.1,12866.0,united kingdom
536531,21730,glass star frosted t-light holder,19,11-04-2019,4.42,16163.0,France
536754,85123A,WHITE HANGING HEART T-LIGHT HOLDER,18,2019-04-11 20:04:00,2.7,14525.0,Australia
536298,21730,GLASS STAR FROSTED T-LIGHT HOLDER,18,2019-12-29 09:22:00,4.51,13023.0,Spain
537291,85123A,WHITE HANGING HEART T-LIGHT HOLDER,14,2019-06-25 08:26:00,2.45,16494.0,Germany
536513,84406B,CREAM CUPID HEARTS COAT HANGER,17,2019-08-22 14:27:00,2.83,16714.0,Spain
536468,71053,WHITE METAL LANTERN,9,2019-12-21 14:32:00,3.62,,United Kingdom
537167,22423,regency cakestand 3 tier,19,03/03/2019 21:27,13.09,,  Spain  
536975,85123A,WHITE HANGING HEART T-LIGHT HOLDER,3,09/02/2019 12:29,2.51,15907.0,United Kingdom
537626,22423,  REGENCY CAKESTAND 3 TIER  ,8,2019-10-14 05:43:00,13.65,16985.0,France
537263,85123A,WHITE HANGING HEART T-LIGHT HOLDER,7,03-31-2019,2.48,,Germany
537656,71053,WHITE METAL LANTERN,15,2019-01-06 02:26:00,3.21,13945.0,  Switzerland  
C536981,22752,SET 7 BABUSHKA NESTING BOXES,-7,2019-06-27 05:26:00,7.88,15724.0,United Kingdom
536677,22423,regency cakestand 3 tier,18,2019-05-31 10:03:00,12.38,16970.0,Belgium
536315,22960,jam making set with jars,2,13/04/2019 22:23,5.28,14831.0,France
536563,21730,  GLASS STAR FROSTED T-LIGHT HOLDER  ,16,2019-04-14 09:55:00,4.58,17677.0,France
537634,71270,pink crystal guitar phone charm,5,2019-11-25 03:39:00,1.17,,portugal
536024,22423,REGENCY CAKESTAND 3 TIER,10,2019-02-04 20:00:00,11.73,12980.0,United Kingdom
537401,22960,JAM MAKING SET WITH JARS,6,12-07-2019,5.44,14486.0,australia
537059,85123A,WHITE HANGING HEART T-LIGHT HOLDER,10,2019-04-23 09:33:00,2.67,15886.0,France
536331,22423,regency cakestand 3 tier,2,08/09/2019 11:50,11.83,18093.0,Belgium
536254,22960,JAM MAKING SET WITH JARS,18,2019-03-17 21:16:00,4.7,15244.0,  United Kingdom  
536712,22423,REGENCY CAKESTAND 3 TIER,15,2019-05-03 14:36:00,13.16,14464.0,Belgium
536057,21730,GLASS STAR FROSTED T-LIGHT HOLDER,5,22/11/2019 21:49,4.1,14164.0,  Netherlands  
536688,71270,PINK CRYSTAL GUITAR PHONE CHARM,7,2019-10-01 19:51:00,1.15,14836.0,australia
536578,85123A,white hanging heart t-light holder,18,24/08/2019 01:37,2.58,17540.0,france
537508,71270,PINK CRYSTAL GUITAR PHONE CHARM,4,2019-04-24 02:41:00,1.29,15880.0,  Spain  
537326,21730,  GLASS STAR FROSTED T-LIGHT HOLDER  ,1,2019-10-04 02:05:00,4.45,14017.0,Belgium
C536837,71053,WHITE METAL LANTERN,-7,2019-09-18 15:16:00,3.37,14297.0,Spain
536964,21755,love building block word,7,2019-07-11 19:20:00,6.43,17287.0,United Kingdom
536783,21755,LOVE BUILDING BLOCK WORD,14,04/10/2019 11:45,6.08,16593.0,germany
536591,84879,  ASSORTED COLOUR BIRD ORNAMENT  ,7,2019-10-30 13:43:00,1.61,,United Kingdom
537355,84406B,  CREAM CUPID HEARTS COAT HANGER  ,2,2019-11-19 23:01:00,2.96,12986.0,United Kingdom
536279,84879,ASSORTED COLOUR BIRD ORNAMENT,1,15/03/2019 11:53,1.63,14125.0,EIRE
536288,84406B,CREAM CUPID HEARTS COAT HANGER,18,12/01/2019 00:29,2.97,12814.0,Switzerland
537233,22960,JAM MAKING SET WITH JARS,12,2019-11-05 12:24:00,5.18,13904.0,united kingdom
537255,22960,jam making set with jars,10,2019-11-03 19:52:00,5.09,17355.0,Portugal
536634,85123A,white hanging heart t-light holder,13,2019-04-11 09:40:00,2.51,17540.0,Portugal
536099,71053,WHITE METAL LANTERN,17,12-15-2019,3.71,15046.0,Germany
536123,21755,LOVE BUILDING BLOCK WORD,13,08-07-2019,5.42,12448.0,Spain
536633,22960,jam making set with jars,6,07/07/2019 09:42,5.15,14739.0,Netherlands
536431,21755,  LOVE BUILDING BLOCK WORD  ,16,2019-09-29 04:11:00,5.41,,united kingdom
536088,85123A,  WHITE HANGING HEART T-LIGHT HOLDER  ,7,09/07/2019 09:35,2.79,,Belgium
537080,21730,GLASS STAR FROSTED T-LIGHT HOLDER,2,17/09/2019 01:29,4.14,14258.0,EIRE
536594,71270,PINK CRYSTAL GUITAR PHONE CHARM,3,2019-04-09 17:04:00,1.18,17118.0,Germany
536343,84879,ASSORTED COLOUR BIRD ORNAMENT,12,12-18-2019,1.81,15443.0,spain
536173,22423,REGENCY CAKESTAND 3 TIER,19,2019-09-15 07:14:00,11.95,13532.0,united kingdom
536896,22423,REGENCY CAKESTAND 3 TIER,13,2019-11-04 15:28:00,11.93,15404.0,Spain
536815,71053,WHITE METAL LANTERN,10,06-10-2019,3.48,15902.0,EIRE
C537065,22423,regency cakestand 3 tier,-12,2019-06-28 17:02:00,12.33,17443.0,Switzerland
536638,84406B,CREAM CUPID HEARTS COAT HANGER,16,04/03/2019 03:25,2.9,14942.0,Netherlands
537487,22960,  JAM MAKING SET WITH JARS  ,5,2019-09-10 17:58:00,4.68,,France
537248,84879,  ASSORTED COLOUR BIRD ORNAMENT  ,7,03-22-2019,1.71,14988.0,Belgium
536536,71053,WHITE METAL LANTERN,10,15/11/2019 20:30,3.26,13800.0,Netherlands
536968,84879,ASSORTED COLOUR BIRD ORNAMENT,15,2019-08-28 11:53:00,1.64,17936.0,Belgium
537072,22752,SET 7 BABUSHKA NESTING BOXES,3,15/07/2019 21:38,7.15,13508.0,Germany
536131,71053,  WHITE METAL LANTERN  ,17,16/02/2019 09:38,3.26,16795.0,France
536031,85123A,WHITE HANGING HEART T-LIGHT HOLDER,18,2019-09-27 09:11:00,2.52,13105.0,Switzerland
537319,21730,glass star frosted t-light holder,14,2019-08-05 19:11:00,3.92,12686.0,EIRE
537249,84879,  ASSORTED COLOUR BIRD ORNAMENT  ,10,2019-08-28 21:50:00,1.81,12442.0,  Germany  
536595,22960,JAM MAKING SET WITH JARS,9,04-01-2019,5.16,14726.0,United Kingdom
536661,21755,LOVE BUILDING BLOCK WORD,2,05/04/2019 14:56,5.56,12651.0,  EIRE  
536645,84406B,  CREAM CUPID HEARTS COAT HANGER  ,15,2019-01-02 12:59:00,2.8,,  Belgium  
537364,22752,set 7 babushka nesting boxes,8,19/05/2019 08:51,7.31,13971.0,belgium
537002,22960,JAM MAKING SET WITH JARS,13,30/09/2019 21:42,5.06,13643.0,spain
536918,71270,PINK CRYSTAL GUITAR PHONE CHARM,9,09-06-2019,1.36,17107.0,Switzerland
536957,21755,LOVE BUILDING BLOCK WORD,1,2019-05-27 16:40:00,5.56,17373.0,EIRE
536254,84879,assorted colour bird ornament,13,2019-08-10 14:45:00,1.79,17484.0,Spain
537579,85123A,white hanging heart t-light holder,9,07-24-2019,2.3,15195.0,EIRE
537069,22752,SET 7 BABUSHKA NESTING BOXES,18,2019-09-30 12:01:00,7.33,13742.0,Australia
536983,22752,SET 7 BABUSHKA NESTING BOXES,15,2019-10-29 16:51:00,7.51,17822.0,Switzerland
537083,84406B,CREAM CUPID HEARTS COAT HANGER,8,2019-12-02 18:52:00,2.86,14183.0,spain
536293,21755,LOVE BUILDING BLOCK WORD,10,2019-09-05 02:36:00,5.87,17885.0,germany
536477,22423,REGENCY CAKESTAND 3 TIER,16,2019-10-09 15:36:00,13.72,18264.0,  EIRE  
537445,21730,GLASS STAR FROSTED T-LIGHT HOLDER,11,2019-11-20 05:29:00,4.14,13473.0,Netherlands
537012,71053,  WHITE METAL LANTERN  ,16,23/08/2019 16:56,3.41,,Germany
536037,71270,pink crystal guitar phone charm,2,02/01/2019 01:00,1.28,13647.0,Portugal
536788,21730,GLASS STAR FROSTED T-LIGHT HOLDER,17,2019-02-10 06:34:00,3.85,13454.0,  Germany  
536440,22423,REGENCY CAKESTAND 3 TIER,4,07/03/2019 18:50,11.76,15954.0,Netherlands
536404,85123A,white hanging heart t-light holder,16,2019-11-12 02:04:00,2.36,,Australia
536858,21730,GLASS STAR FROSTED T-LIGHT HOLDER,17,19/02/2019 12:11,4.34,14878.0,germany
536315,22423,REGENCY CAKESTAND 3 TIER,7,2019-01-05 05:19:00,13.26,16424.0,EIRE
537441,71270,  PINK CRYSTAL GUITAR PHONE CHARM  ,19,20/09/2019 00:14,1.18,13573.0,Australia
536529,71270,PINK CRYSTAL GUITAR PHONE CHARM,10,2019-11-29 18:32:00,1.3,,australia
536392,22752,set 7 babushka nesting boxes,4,2019-06-21 19:02:00,7.42,15093.0,France
536880,22960,  JAM MAKING SET WITH JARS  ,12,11-03-2019,4.88,16637.0,  Portugal  
537204,22752,SET 7 BABUSHKA NESTING BOXES,2,2019-05-27 17:58:00,7.76,15576.0,  France  
536864,85123A,WHITE HANGING HEART T-LIGHT HOLDER,10,22/08/2019 05:38,2.8,,United Kingdom
536210,21730,GLASS STAR FROSTED T-LIGHT HOLDER,4,2019-10-22 08:50:00,4.3,16929.0,Belgium
537259,22423,,19,07-14-2019,13.8,17538.0,Netherlands
537628,84879,ASSORTED COLOUR BIRD ORNAMENT,1,2019-03-15 17:41:00,1.76,15733.0,Netherlands
537091,22423,REGENCY CAKESTAND 3 TIER,10,11/07/2019 09:21,13.42,15077.0,netherlands
536894,21730,GLASS STAR FROSTED T-LIGHT HOLDER,14,2019-07-15 06:11:00,4.66,15183.0,spain
536538,21755,LOVE BUILDING BLOCK WORD,9,10-23-2019,6.22,12889.0,Switzerland
537125,22423,regency cakestand 3 tier,16,2019-08-27 13:35:00,12.26,17834.0,France
C537612,84879,assorted colour bird ornament,-14,2019-04-02 23:54:00,1.59,12432.0,  United Kingdom  
536718,22960,JAM MAKING SET WITH JARS,7,2019-11-08 07:15:00,4.5,,Australia
536580,71270,,12,09-26-2019,1.27,,EIRE
537189,71270,PINK CRYSTAL GUITAR PHONE CHARM,17,16/03/2019 09:41,1.37,,Switzerland
537160,21755,LOVE BUILDING BLOCK WORD,13,2019-12-15 09:33:00,5.97,15610.0,EIRE
536625,21755,  LOVE BUILDING BLOCK WORD  ,12,2019-02-17 14:28:00,6.05,16513.0,  Netherlands  
537490,22960,JAM MAKING SET WITH JARS,8,27/06/2019 19:16,4.93,15569.0,Switzerland
536696,71053,WHITE METAL LANTERN,13,2019-06-01 21:29:00,3.13,12490.0,germany
537496,71053,WHITE METAL LANTERN,10,2019-05-15 09:28:00,3.68,14738.0,Australia
536720,22752,SET 7 BABUSHKA NESTING BOXES,9,2019-04-20 07:44:00,7.87,15928.0,Australia
537232,71270,PINK CRYSTAL GUITAR PHONE CHARM,17,06-15-2019,1.34,16284.0,Belgium
536641,71270,pink crystal guitar phone charm,8,2019-05-24 05:56:00,1.18,14126.0,Netherlands
536095,71053,  WHITE METAL LANTERN  ,10,2019-04-08 03:27:00,3.66,15731.0,Portugal
537317,22752,SET 7 BABUSHKA NESTING BOXES,2,2019-12-16 15:43:00,7.19,12595.0,Belgium
537456,71270,PINK CRYSTAL GUITAR PHONE CHARM,8,10-25-2019,1.14,13572.0,  Belgium  
537464,21755,LOVE BUILDING BLOCK WORD,3,07/12/2019 11:16,6.15,,Germany
536789,21755,LOVE BUILDING BLOCK WORD,11,2019-08-21 07:42:00,6.25,18204.0,Switzerland
537230,21755,love building block word,4,16/09/2019 06:39,5.74,17885.0,Switzerland
537080,71053,white metal lantern,3,28/03/2019 19:00,3.47,13385.0,Switzerland
536369,84879,ASSORTED COLOUR BIRD ORNAMENT,16,23/04/2019 07:06,1.6,14405.0,EIRE
536408,85123A,WHITE HANGING HEART T-LIGHT HOLDER,5,2019-08-16 21:19:00,2.55,16586.0,  Switzerland  
537666,22423,REGENCY CAKESTAND 3 TIER,13,28/07/2019 20:38,12.0,15229.0,portugal
537123,85123A,WHITE HANGING HEART T-LIGHT HOLDER,9,09/07/2019 18:08,2.63,,  Australia  
C537209,71053,WHITE METAL LANTERN,-13,28/12/2019 13:15,3.48,13126.0,Belgium
536175,22960,jam making set with jars,15,19/04/2019 19:21,4.58,17731.0,australia
537133,22423,REGENCY CAKESTAND 3 TIER,12,20/12/2019 10:08,11.61,13543.0,France
537473,22960,JAM MAKING SET WITH JARS,12,17/06/2019 06:17,4.9,15699.0,France
537015,71270,PINK CRYSTAL GUITAR PHONE CHARM,12,21/02/2019 00:17,1.22,15269.0,Germany
536168,21730,GLASS STAR FROSTED T-LIGHT HOLDER,9,2019-10-07 19:26:00,4.16,12380.0,  EIRE  
537642,84879,  ASSORTED COLOUR BIRD ORNAMENT  ,7,27/02/2019 08:30,1.8,15057.0,United Kingdom
536687,22752,SET 7 BABUSHKA NESTING BOXES,8,07-09-2019,6.97,13116.0,  Germany  
536407,22752,set 7 babushka nesting boxes,9,2019-09-05 16:36:00,7.3,13537.0,Spain
536814,22752,SET 7 BABUSHKA NESTING BOXES,3,26/10/2019 16:38,7.89,14233.0,Portugal
537463,21755,LOVE BUILDING BLOCK WORD,2,2019-02-03 21:06:00,6.32,15513.0,  Belgium  
537328,21755,LOVE BUILDING BLOCK WORD,5,11/09/2019 00:16,5.6,17183.0,france
536565,84406B,  CREAM CUPID HEARTS COAT HANGER  ,8,31/07/2019 14:48,2.69,14088.0,United Kingdom
536483,22960,jam making set with jars,10,2019-07-09 15:49:00,0.0,15738.0,eire
536542,22423,  REGENCY CAKESTAND 3 TIER  ,15,2019-11-25 22:37:00,11.58,13833.0,United Kingdom
536421,85123A,WHITE HANGING HEART T-LIGHT HOLDER,11,2019-12-24 14:27:00,2.58,15365.0,United Kingdom
537482,71270,pink crystal guitar phone charm,6,10-21-2019,1.16,16179.0,Netherlands
536292,22960,JAM MAKING SET WITH JARS,13,09/07/2019 23:01,4.73,15926.0,Switzerland
C537161,22752,SET 7 BABUSHKA NESTING BOXES,-17,2019-08-06 16:37:00,7.39,17768.0,portugal
536919,21730,  GLASS STAR FROSTED T-LIGHT HOLDER  ,10,2019-03-26 09:03:00,4.62,14892.0,  France  
536004,21755,LOVE BUILDING BLOCK WORD,15,2019-06-22 16:55:00,6.15,13992.0,Switzerland
536160,21755,LOVE BUILDING BLOCK WORD,5,08/02/2019 08:27,5.41,15209.0,Switzerland
537056,22960,JAM MAKING SET WITH JARS,19,12-23-2019,4.77,18060.0,germany
537407,22423,,2,23/10/2019 03:44,13.48,17796.0,EIRE
537035,22423,regency cakestand 3 tier,5,11-24-2019,11.55,,Portugal
536808,84879,ASSORTED COLOUR BIRD ORNAMENT,9,2019-01-25 03:40:00,1.66,14214.0,france
537082,71053,WHITE METAL LANTERN,12,30/09/2019 11:22,3.2,16357.0,Spain
537507,22752,SET 7 BABUSHKA NESTING BOXES,8,2019-11-20 18:06:00,7.45,13872.0,Belgium
537539,71270,PINK CRYSTAL GUITAR PHONE CHARM,17,2019-10-01 10:36:00,1.23,14714.0,switzerland
536285,22960,jam making set with jars,18,2019-09-23 13:30:00,5.27,13412.0,  Netherlands  
536850,22960,  JAM MAKING SET WITH JARS  ,14,2019-01-15 12:16:00,5.02,14854.0,France
536015,85123A,WHITE HANGING HEART T-LIGHT HOLDER,15,30/05/2019 08:58,2.63,17611.0,  United Kingdom  
536771,21730,GLASS STAR FROSTED T-LIGHT HOLDER,11,04-09-2019,4.59,15940.0,  Spain  
C537162,84879,ASSORTED COLOUR BIRD ORNAMENT,-19,03-20-2019,1.67,13446.0,Switzerland
536795,71053,WHITE METAL LANTERN,19,04-12-2019,3.7,,Netherlands
536299,71270,PINK CRYSTAL GUITAR PHONE CHARM,17,2019-04-24 22:49:00,1.35,,spain
536340,71053,,2,06-24-2019,3.17,16776.0,Switzerland
536077,21730,  GLASS STAR FROSTED T-LIGHT HOLDER  ,12,09-28-2019,4.45,17383.0,EIRE
536313,84879,  ASSORTED COLOUR BIRD ORNAMENT  ,2,01/11/2019 12:18,1.79,13668.0,EIRE
537565,22752,SET 7 BABUSHKA NESTING BOXES,12,2019-07-22 04:16:00,8.35,16525.0,  United Kingdom  
537587,84879,assorted colour bird ornament,12,06-24-2019,1.75,17377.0,Netherlands
537635,22423,regency cakestand 3 tier,13,2019-08-27 19:43:00,13.3,14283.0,  Germany  
537523,84406B,CREAM CUPID HEARTS COAT HANGER,7,2019-10-16 04:14:00,2.87,15292.0,France
536996,71270,PINK CRYSTAL GUITAR PHONE CHARM,15,13/03/2019 18:22,1.16,14912.0,  France  
537127,21730,GLASS STAR FROSTED T-LIGHT HOLDER,4,02-08-2019,4.6,,Spain
536740,71053,WHITE METAL LANTERN,10,09-16-2019,3.15,13923.0,Netherlands
536388,84406B,CREAM CUPID HEARTS COAT HANGER,14,2019-05-29 10:54:00,2.98,13316.0,United Kingdom
536068,85123A,white hanging heart t-light holder,17,02/03/2019 14:55,2.57,13429.0,  France  
537377,22960,JAM MAKING SET WITH JARS,10,12-08-2019,4.96,,United Kingdom
537246,71053,white metal lantern,9,12-12-2019,3.27,,EIRE
537491,84879,ASSORTED COLOUR BIRD ORNAMENT,10,2019-05-19 23:14:00,1.69,15596.0,Germany
536387,21755,love building block word,6,2019-03-15 20:15:00,5.91,15616.0,Portugal
537557,84406B,CREAM CUPID HEARTS COAT HANGER,13,07-05-2019,2.73,15859.0,Portugal
536909,84879,ASSORTED COLOUR BIRD ORNAMENT,9,10-15-2019,1.73,12954.0,United Kingdom
536533,84879,ASSORTED COLOUR BIRD ORNAMENT,4,08/02/2019 00:03,1.59,12835.0,Netherlands
536028,22752,SET 7 BABUSHKA NESTING BOXES,15,06/12/2019 22:42,8.1,12881.0,France
536623,85123A,WHITE HANGING HEART T-LIGHT HOLDER,10,2019-05-10 10:11:00,2.44,14520.0,  Australia  
536935,71270,PINK CRYSTAL GUITAR PHONE CHARM,8,2019-11-01 01:50:00,1.29,16913.0,Spain
537311,85123A,WHITE HANGING HEART T-LIGHT HOLDER,4,2019-12-18 20:05:00,2.65,17821.0,Switzerland
537594,22752,SET 7 BABUSHKA NESTING BOXES,17,08-24-2019,8.16,17237.0,Belgium
536207,85123A,WHITE HANGING HEART T-LIGHT HOLDER,16,2019-11-02 18:32:00,2.49,17107.0,Portugal
537185,84879,ASSORTED COLOUR BIRD ORNAMENT,15,27/10/2019 22:06,1.64,15932.0,france
536951,22423,REGENCY CAKESTAND 3 TIER,14,2019-07-17 15:37:00,11.74,17857.0,germany
537166,85123A,WHITE HANGING HEART T-LIGHT HOLDER,11,2019-12-31 09:09:00,2.48,16702.0,France
536121,22752,SET 7 BABUSHKA NESTING BOXES,5,08-15-2019,7.55,17392.0,EIRE
536972,71053,WHITE METAL LANTERN,14,23/10/2019 16:51,3.5,16116.0,Portugal
537329,22960,jam making set with jars,11,2019-03-17 10:12:00,4.68,13112.0,Portugal
536430,84406B,cream cupid hearts coat hanger,3,2019-08-22 17:11:00,2.66,,belgium
537001,21755,LOVE BUILDING BLOCK WORD,17,2019-07-02 09:23:00,5.43,15028.0,United Kingdom
536990,84406B,CREAM CUPID HEARTS COAT HANGER,16,2019-04-05 11:40:00,2.48,13108.0,Germany
537233,21755,love building block word,10,2019-03-03 19:43:00,5.5,18222.0,Belgium
C537064,84406B,cream cupid hearts coat hanger,-12,2019-07-23 13:12:00,2.55,13175.0,france
536345,71270,PINK CRYSTAL GUITAR PHONE CHARM,10,2019-01-22 00:44:00,1.19,12933.0,  Belgium  
537505,71053,WHITE METAL LANTERN,14,2019-04-04 04:15:00,3.54,17702.0,Netherlands
536551,22752,SET 7 BABUSHKA NESTING BOXES,10,03-08-2019,7.06,16641.0,germany
536950,21730,GLASS STAR FROSTED T-LIGHT HOLDER,10,2019-01-16 03:43:00,3.98,13526.0,  United Kingdom  
537023,22960,JAM MAKING SET WITH JARS,12,2019-04-17 13:08:00,4.65,13225.0,Switzerland
537358,22960,JAM MAKING SET WITH JARS,4,2019-11-23 10:28:00,5.15,12792.0,spain
536975,22423,REGENCY CAKESTAND 3 TIER,8,2019-10-13 04:56:00,13.47,18064.0,Netherlands
536962,22752,set 7 babushka nesting boxes,11,12-09-2019,7.06,16149.0,Spain
536073,21730,  GLASS STAR FROSTED T-LIGHT HOLDER  ,8,07-30-2019,4.34,,Spain
536800,84879,ASSORTED COLOUR BIRD ORNAMENT,4,2019-06-11 12:09:00,1.84,13267.0,Netherlands
537356,85123A,WHITE HANGING HEART T-LIGHT HOLDER,2,02/03/2019 06:33,2.63,,germany
537309,71053,WHITE METAL LANTERN,2,2019-01-15 11:36:00,3.61,15990.0,Belgium
537016,71270,PINK CRYSTAL GUITAR PHONE CHARM,17,2019-05-06 15:04:00,1.31,15268.0,Australia
536997,22752,  SET 7 BABUSHKA NESTING BOXES  ,5,12/12/2019 17:17,7.05,17699.0,  France  
536669,21730,GLASS STAR FROSTED T-LIGHT HOLDER,19,07/01/2019 14:11,4.33,16450.0,EIRE
536721,21730,GLASS STAR FROSTED T-LIGHT HOLDER,6,2019-12-04 23:48:00,4.06,14385.0,Australia
536013,71053,,6,2019-09-24 17:26:00,3.5,17923.0,Switzerland
536397,21755,  LOVE BUILDING BLOCK WORD  ,5,17/01/2019 15:27,6.2,13889.0,EIRE
536947,22752,  SET 7 BABUSHKA NESTING BOXES  ,12,06-28-2019,8.3,13474.0,Portugal
C537612,84879,ASSORTED COLOUR BIRD ORNAMENT,-14,02/04/2019 23:54,1.59,12432.0,United Kingdom
536187,85123A,WHITE HANGING HEART T-LIGHT HOLDER,8,04-07-2019,2.59,14124.0,Netherlands
537177,21730,  GLASS STAR FROSTED T-LIGHT HOLDER  ,18,04/05/2019 20:45,4.07,13014.0,Australia
536846,84406B,CREAM CUPID HEARTS COAT HANGER,1,06-11-2019,2.66,12883.0,EIRE
537363,22752,SET 7 BABUSHKA NESTING BOXES,15,04-23-2019,7.41,18094.0,Australia
537255,21730,GLASS STAR FROSTED T-LIGHT HOLDER,6,08/09/2019 13:04,4.65,17128.0,  Germany  
537200,84406B,CREAM CUPID HEARTS COAT HANGER,3,29/10/2019 21:33,2.63,14424.0,Switzerland
536174,21730,GLASS STAR FROSTED T-LIGHT HOLDER,14,27/08/2019 08:40,4.22,12946.0,portugal
537352,71270,PINK CRYSTAL GUITAR PHONE CHARM,9,02-28-2019,1.23,,Portugal
537554,21730,glass star frosted t-light holder,16,2019-12-01 21:10:00,4.02,,  Belgium  
537341,85123A,WHITE HANGING HEART T-LIGHT HOLDER,4,2019-06-27 22:47:00,2.31,15842.0,EIRE
536741,85123A,WHITE HANGING HEART T-LIGHT HOLDER,4,2019-03-06 18:48:00,2.75,16486.0,  EIRE  
536753,71270,PINK CRYSTAL GUITAR PHONE CHARM,18,2019-11-16 08:39:00,1.27,14097.0,United Kingdom
537172,84406B,cream cupid hearts coat hanger,13,2019-06-18 17:15:00,2.88,,Belgium
536980,22960,jam making set with jars,1,2019-09-26 09:02:00,4.68,13546.0,netherlands
537294,21730,GLASS STAR FROSTED T-LIGHT HOLDER,10,2019-03-03 22:53:00,4.07,13055.0,Australia
537613,84406B,CREAM CUPID HEARTS COAT HANGER,2,14/02/2019 05:52,2.95,15068.0,  Portugal  
536885,21730,GLASS STAR FROSTED T-LIGHT HOLDER,17,15/08/2019 03:57,4.34,18057.0,france
537307,84406B,cream cupid hearts coat hanger,3,2019-12-24 22:43:00,2.63,17241.0,EIRE
537085,71270,PINK CRYSTAL GUITAR PHONE CHARM,3,07/07/2019 08:48,1.14,13123.0,Spain
536842,84879,ASSORTED COLOUR BIRD ORNAMENT,13,2019-10-08 07:50:00,1.62,13370.0,australia
537144,21730,  GLASS STAR FROSTED T-LIGHT HOLDER  ,9,2019-05-21 20:00:00,4.47,12883.0,Portugal
536192,84879,  ASSORTED COLOUR BIRD ORNAMENT  ,9,10-15-2019,1.63,15674.0,Spain
536550,71270,pink crystal guitar phone charm,1,2019-12-31 06:31:00,1.15,14597.0,  Germany  
537149,84406B,CREAM CUPID HEARTS COAT HANGER,1,2019-08-20 04:08:00,2.69,14213.0,  Belgium  
536653,22423,regency cakestand 3 tier,17,2019-09-19 01:40:00,12.16,15057.0,Netherlands
537582,21730,GLASS STAR FROSTED T-LIGHT HOLDER,12,2019-12-24 09:54:00,4.51,16913.0,Portugal
536183,84406B,cream cupid hearts coat hanger,7,05-02-2019,2.8,15262.0,Spain
536545,84406B,CREAM CUPID HEARTS COAT HANGER,17,2019-02-26 22:09:00,2.61,16605.0,Netherlands
536424,85123A,WHITE HANGING HEART T-LIGHT HOLDER,14,2019-08-10 19:52:00,2.62,18133.0,Portugal
536605,21755,LOVE BUILDING BLOCK WORD,11,2019-12-20 07:41:00,5.42,14289.0,Belgium
536251,21730,GLASS STAR FROSTED T-LIGHT HOLDER,8,2019-08-05 11:22:00,4.46,13015.0,Netherlands
C537270,22752,SET 7 BABUSHKA NESTING BOXES,-17,2019-01-23 19:24:00,8.36,17555.0,France
C536878,71053,WHITE METAL LANTERN,-14,2019-01-26 12:26:00,3.58,14739.0,Australia
536442,22423,REGENCY CAKESTAND 3 TIER,4,05-19-2019,12.19,18256.0,  France  
536213,22423,REGENCY CAKESTAND 3 TIER,1,2019-04-04 11:07:00,12.14,17531.0,  United Kingdom  
537437,85123A,WHITE HANGING HEART T-LIGHT HOLDER,19,13/03/2019 16:40,2.4,17147.0,Spain
536014,22423,REGENCY CAKESTAND 3 TIER,5,03-07-2019,13.86,15513.0,United Kingdom
536002,71270,PINK CRYSTAL GUITAR PHONE CHARM,3,2019-12-03 17:52:00,1.3,14524.0,Australia
536160,84879,  ASSORTED COLOUR BIRD ORNAMENT  ,10,2019-12-03 11:27:00,1.62,16930.0,EIRE
537549,22423,REGENCY CAKESTAND 3 TIER,9,26/06/2019 01:30,12.07,13882.0,United Kingdom
536157,84879,ASSORTED COLOUR BIRD ORNAMENT,7,12/07/2019 03:03,1.63,14901.0,germany
536140,22752,  SET 7 BABUSHKA NESTING BOXES  ,3,23/04/2019 12:04,7.25,16340.0,  Netherlands  
537272,22423,REGENCY CAKESTAND 3 TIER,1,2019-12-23 07:38:00,11.74,14906.0,  Switzerland  
537230,22960,JAM MAKING SET WITH JARS,4,2019-10-13 01:49:00,5.25,18053.0,Spain
537459,84406B,CREAM CUPID HEARTS COAT HANGER,15,11-27-2019,2.53,14929.0,France
536218,84406B,cream cupid hearts coat hanger,4,23/07/2019 19:45,2.95,17775.0,Australia
537010,84879,  ASSORTED COLOUR BIRD ORNAMENT  ,2,2019-01-12 12:23:00,1.82,12803.0,Germany
537512,71270,PINK CRYSTAL GUITAR PHONE CHARM,16,16/04/2019 19:21,1.19,18033.0,  Portugal  
537212,84406B,  CREAM CUPID HEARTS COAT HANGER  ,2,2019-10-20 07:03:00,2.49,16749.0,United Kingdom
536154,84879,,5,2019-05-08 06:00:00,1.62,,France
537415,22752,  SET 7 BABUSHKA NESTING BOXES  ,12,23/03/2019 02:37,7.63,18217.0,spain
536563,22960,JAM MAKING SET WITH JARS,7,09/01/2019 19:58,5.09,14482.0,  Spain  
536344,85123A,WHITE HANGING HEART T-LIGHT HOLDER,9,2019-02-22 12:13:00,2.56,14388.0,United Kingdom
536232,71270,PINK CRYSTAL GUITAR PHONE CHARM,18,16/07/2019 20:03,1.22,16561.0,United Kingdom
536743,22752,SET 7 BABUSHKA NESTING BOXES,8,11/04/2019 00:10,8.03,12782.0,EIRE
537663,71270,PINK CRYSTAL GUITAR PHONE CHARM,2,2019-01-26 00:44:00,1.18,,Portugal
537193,71053,WHITE METAL LANTERN,11,2019-10-02 20:43:00,3.52,,EIRE
536021,21730,GLASS STAR FROSTED T-LIGHT HOLDER,3,27/04/2019 07:26,4.53,17831.0,Germany
537125,22752,  SET 7 BABUSHKA NESTING BOXES  ,6,08/06/2019 08:50,8.14,16941.0,EIRE
537543,22960,JAM MAKING SET WITH JARS,8,2019-02-23 22:10:00,4.54,16717.0,germany
536826,22752,SET 7 BABUSHKA NESTING BOXES,4,21/07/2019 14:16,7.7,16611.0,united kingdom
536477,22752,SET 7 BABUSHKA NESTING BOXES,18,2019-02-25 06:36:00,7.34,15872.0,Portugal
537222,71053,white metal lantern,1,04-05-2019,3.38,17965.0,portugal
537157,71270,PINK CRYSTAL GUITAR PHONE CHARM,10,07-27-2019,1.27,15375.0,portugal
537376,71270,PINK CRYSTAL GUITAR PHONE CHARM,17,27/03/2019 19:32,1.17,18038.0,United Kingdom
536697,71270,  PINK CRYSTAL GUITAR PHONE CHARM  ,7,05-02-2019,1.15,14817.0,Netherlands
537271,84879,ASSORTED COLOUR BIRD ORNAMENT,17,02/09/2019 03:50,1.6,13512.0,united kingdom
536331,21730,GLASS STAR FROSTED T-LIGHT HOLDER,2,20/01/2019 13:56,4.2,13593.0,France
536790,22960,jam making set with jars,15,2019-12-23 15:26:00,4.7,12836.0,Netherlands
537589,22960,jam making set with jars,9,2019-10-27 01:44:00,5.18,,EIRE
537490,22960,JAM MAKING SET WITH JARS,17,19/09/2019 03:22,4.83,14971.0,Spain
537587,22752,SET 7 BABUSHKA NESTING BOXES,6,07/06/2019 13:50,8.17,12573.0,France
536593,21755,love building block word,8,04-17-2019,5.36,15770.0,Portugal
537320,85123A,WHITE HANGING HEART T-LIGHT HOLDER,19,08/09/2019 08:23,2.78,17944.0,  France  
536703,84406B,CREAM CUPID HEARTS COAT HANGER,8,2019-05-30 22:30:00,2.91,13454.0,Germany
536985,85123A,  WHITE HANGING HEART T-LIGHT HOLDER  ,15,2019-03-29 18:49:00,2.46,14702.0,Belgium
537141,71053,WHITE METAL LANTERN,3,2019-12-23 04:34:00,3.2,13123.0,EIRE
536043,21755,love building block word,6,2019-11-26 00:21:00,6.24,14940.0,  Portugal  
537526,22752,SET 7 BABUSHKA NESTING BOXES,1,09/10/2019 08:24,8.37,17536.0,United Kingdom
537146,71270,PINK CRYSTAL GUITAR PHONE CHARM,17,2019-07-14 06:53:00,1.15,13323.0,  Portugal  
536283,84879,ASSORTED COLOUR BIRD ORNAMENT,2,2019-01-28 16:36:00,1.56,15186.0,Belgium
537555,71053,WHITE METAL LANTERN,11,04-15-2019,3.12,,belgium
537103,22960,JAM MAKING SET WITH JARS,3,12/04/2019 05:39,5.12,14626.0,Germany
537228,22960,  JAM MAKING SET WITH JARS  ,18,2019-10-02 08:35:00,5.26,14585.0,Spain
537071,22423,regency cakestand 3 tier,3,2019-12-19 22:22:00,12.1,13920.0,  Belgium  
536761,22960,JAM MAKING SET WITH JARS,9,14/09/2019 05:28,5.39,12657.0,  Belgium  
537327,22752,SET 7 BABUSHKA NESTING BOXES,2,31/03/2019 07:32,8.35,16091.0,United Kingdom
537022,22423,REGENCY CAKESTAND 3 TIER,6,2019-05-09 17:39:00,11.83,,Spain
537081,84879,  ASSORTED COLOUR BIRD ORNAMENT  ,13,28/02/2019 03:35,1.69,13051.0,portugal
536025,84406B,CREAM CUPID HEARTS COAT HANGER,6,2019-06-08 11:28:00,2.55,13326.0,Spain
537608,22960,JAM MAKING SET WITH JARS,19,2019-02-27 05:01:00,4.76,15754.0,Germany
536640,22960,  JAM MAKING SET WITH JARS  ,8,17/01/2019 00:45,4.82,12839.0,Spain
537329,22752,SET 7 BABUSHKA NESTING BOXES,5,2019-03-14 13:40:00,8.05,12686.0,Germany
537285,22752,SET 7 BABUSHKA NESTING BOXES,10,2019-02-05 21:07:00,7.49,14803.0,Switzerland
536856,22960,JAM MAKING SET WITH JARS,13,2019-10-14 10:30:00,5.29,16539.0,australia
537617,85123A,WHITE HANGING HEART T-LIGHT HOLDER,9,2019-05-27 06:11:00,2.56,15857.0,Belgium
536700,84879,ASSORTED COLOUR BIRD ORNAMENT,17,14/12/2019 16:27,1.75,13183.0,Netherlands
537154,21730,GLASS STAR FROSTED T-LIGHT HOLDER,17,2019-10-31 11:48:00,4.03,15811.0,  Spain  
537564,22423,REGENCY CAKESTAND 3 TIER,3,04-18-2019,12.17,16288.0,EIRE
537247,21730,glass star frosted t-light holder,11,2019-12-23 18:33:00,4.45,13233.0,  EIRE  
537607,84879,ASSORTED COLOUR BIRD ORNAMENT,6,21/03/2019 00:53,1.57,17192.0,Portugal
536493,21730,glass star frosted t-light holder,11,07-02-2019,3.97,16680.0,Portugal
537403,22423,REGENCY CAKESTAND 3 TIER,10,08-25-2019,12.5,14783.0,Portugal
C536127,84879,ASSORTED COLOUR BIRD ORNAMENT,-3,01/04/2019 07:23,1.61,14618.0,Germany
537229,22960,JAM MAKING SET WITH JARS,7,03/05/2019 22:15,5.33,15387.0,Portugal
537485,22960,JAM MAKING SET WITH JARS,13,24/07/2019 09:44,4.65,15101.0,portugal
537516,22752,SET 7 BABUSHKA NESTING BOXES,16,2019-10-31 07:25:00,7.35,,Germany
537622,21730,GLASS STAR FROSTED T-LIGHT HOLDER,2,06-04-2019,4.65,15313.0,Australia
537465,71270,pink crystal guitar phone charm,11,2019-07-26 17:10:00,1.16,,Spain
536186,22752,SET 7 BABUSHKA NESTING BOXES,2,2019-11-21 17:57:00,8.34,14735.0,portugal
536278,71053,WHITE METAL LANTERN,7,17/05/2019 03:46,3.61,13486.0,Germany
536009,85123A,WHITE HANGING HEART T-LIGHT HOLDER,15,31/08/2019 10:22,2.66,14179.0,belgium
536154,22423,REGENCY CAKESTAND 3 TIER,10,29/06/2019 20:23,13.4,14484.0,Australia
537190,22423,REGENCY CAKESTAND 3 TIER,11,2019-05-28 13:21:00,11.87,14472.0,Germany
536305,21730,  GLASS STAR FROSTED T-LIGHT HOLDER  ,5,2019-05-04 05:04:00,4.18,14331.0,Germany
536608,84406B,CREAM CUPID HEARTS COAT HANGER,9,02-11-2019,2.84,17854.0,  Spain  
536433,22960,  JAM MAKING SET WITH JARS  ,9,2019-10-01 18:04:00,4.8,13585.0,Netherlands
537225,22960,  JAM MAKING SET WITH JARS  ,4,10-20-2019,4.48,15026.0,EIRE
537341,84879,ASSORTED COLOUR BIRD ORNAMENT,14,26/01/2019 07:22,1.68,12407.0,EIRE
537437,71053,WHITE METAL LANTERN,7,2019-09-18 15:13:00,3.6,13388.0,portugal
537434,22960,JAM MAKING SET WITH JARS,7,2019-12-13 01:59:00,5.27,14238.0,Spain
536172,71053,WHITE METAL LANTERN,6,2019-11-11 09:21:00,3.63,14301.0,Netherlands
537024,71270,PINK CRYSTAL GUITAR PHONE CHARM,5,01/03/2019 15:43,1.28,14789.0,Switzerland
536998,22960,JAM MAKING SET WITH JARS,10,08-06-2019,4.69,12621.0,Germany
536624,22752,set 7 babushka nesting boxes,4,2019-03-10 22:43:00,6.92,14992.0,Australia
537250,84406B,CREAM CUPID HEARTS COAT HANGER,7,09/02/2019 07:14,2.53,15929.0,Portugal
536198,22423,REGENCY CAKESTAND 3 TIER,17,09/06/2019 03:36,12.08,15736.0,United Kingdom
536156,22423,REGENCY CAKESTAND 3 TIER,6,21/08/2019 13:08,12.29,,Netherlands
537535,85123A,WHITE HANGING HEART T-LIGHT HOLDER,13,18/09/2019 22:29,2.34,15973.0,Australia
537254,84406B,  CREAM CUPID HEARTS COAT HANGER  ,13,06-08-2019,3.01,13589.0,Portugal
537268,22752,SET 7 BABUSHKA NESTING BOXES,11,09-09-2019,7.37,16795.0,Switzerland
536805,22960,  JAM MAKING SET WITH JARS  ,7,2019-08-04 06:20:00,5.21,14766.0,  Portugal  
536764,22752,SET 7 BABUSHKA NESTING BOXES,1,2019-05-27 21:39:00,7.13,18065.0,Australia
537001,21730,glass star frosted t-light holder,19,2019-07-08 14:02:00,4.6,17892.0,  France  
536518,22960,JAM MAKING SET WITH JARS,11,2019-05-18 04:41:00,5.14,15553.0,Spain
536032,22752,  SET 7 BABUSHKA NESTING BOXES  ,3,2019-11-17 15:17:00,8.19,13075.0,Germany
537268,84879,assorted colour bird ornament,9,2019-07-18 00:00:00,1.78,16101.0,Netherlands
537310,21730,GLASS STAR FROSTED T-LIGHT HOLDER,18,10-07-2019,4.02,15435.0,Belgium
536737,21755,love building block word,16,04-10-2019,6.52,13487.0,Germany
536809,84406B,CREAM CUPID HEARTS COAT HANGER,6,10/08/2019 20:18,2.52,12861.0,united kingdom
536748,21755,  LOVE BUILDING BLOCK WORD  ,11,29/04/2019 15:19,6.03,17949.0,  Portugal  
537370,22960,JAM MAKING SET WITH JARS,4,2019-12-19 10:49:00,5.09,,Germany
536692,21755,LOVE BUILDING BLOCK WORD,15,06-15-2019,5.5,14835.0,  Belgium  
536149,22960,JAM MAKING SET WITH JARS,17,2019-11-18 18:21:00,4.53,13572.0,EIRE
537640,22752,SET 7 BABUSHKA NESTING BOXES,4,23/06/2019 13:39,8.24,,France
536577,22423,REGENCY CAKESTAND 3 TIER,11,2019-09-08 15:27:00,13.25,12619.0,Switzerland
536632,21755,LOVE BUILDING BLOCK WORD,12,01-15-2019,5.88,16050.0,Australia
536339,84879,ASSORTED COLOUR BIRD ORNAMENT,18,10-08-2019,1.58,14740.0,  Belgium  
536956,84879,ASSORTED COLOUR BIRD ORNAMENT,1,04/04/2019 01:17,1.55,14607.0,United Kingdom
536004,71270,PINK CRYSTAL GUITAR PHONE CHARM,9,01-14-2019,1.27,,Germany
537325,84406B,cream cupid hearts coat hanger,8,11-13-2019,2.71,16378.0,Belgium
537619,22960,jam making set with jars,8,2019-04-02 08:07:00,5.42,12995.0,australia
536405,84879,assorted colour bird ornament,10,04-14-2019,1.82,17908.0,Switzerland
537568,22423,  REGENCY CAKESTAND 3 TIER  ,4,27/10/2019 14:06,12.88,17385.0,spain
537206,21755,LOVE BUILDING BLOCK WORD,15,2019-03-19 20:28:00,6.16,16509.0,  France  
536710,22752,set 7 babushka nesting boxes,12,2019-09-26 23:13:00,7.44,15263.0,Spain
537538,85123A,WHITE HANGING HEART T-LIGHT HOLDER,6,06-16-2019,2.49,12797.0,Spain
536923,84879,ASSORTED COLOUR BIRD ORNAMENT,2,01-08-2019,1.7,16381.0,Switzerland
537427,22752,SET 7 BABUSHKA NESTING BOXES,8,03-04-2019,7.02,13573.0,germany
537094,71053,WHITE METAL LANTERN,7,2019-03-08 02:47:00,3.4,15869.0,Australia
537167,84406B,CREAM CUPID HEARTS COAT HANGER,1,06-01-2019,2.93,16216.0,Australia
536095,22423,REGENCY CAKESTAND 3 TIER,8,2019-03-27 17:58:00,12.29,16590.0,portugal
537334,22423,REGENCY CAKESTAND 3 TIER,11,2019-09-13 08:27:00,13.3,14881.0,Spain
536770,21730,GLASS STAR FROSTED T-LIGHT HOLDER,12,25/03/2019 05:48,4.53,12409.0,  EIRE  
537069,21730,GLASS STAR FROSTED T-LIGHT HOLDER,15,22/06/2019 08:58,3.94,16735.0,netherlands
536259,71053,  WHITE METAL LANTERN  ,4,2019-10-24 06:29:00,3.51,18272.0,France
537558,21730,GLASS STAR FROSTED T-LIGHT HOLDER,11,2019-11-24 22:41:00,4.42,14999.0,  France  
537574,21730,  GLASS STAR FROSTED T-LIGHT HOLDER  ,15,2019-11-23 23:45:00,4.59,14301.0,  Netherlands  
536684,84879,  ASSORTED COLOUR BIRD ORNAMENT  ,13,16/09/2019 10:17,1.85,13153.0,Australia
536142,22960,  JAM MAKING SET WITH JARS  ,19,12/10/2019 07:13,5.33,13828.0,Switzerland
537101,22960,JAM MAKING SET WITH JARS,11,05-21-2019,5.12,13713.0,France
537386,71053,white metal lantern,19,17/05/2019 03:31,3.6,13741.0,spain
536489,71053,WHITE METAL LANTERN,3,10/08/2019 15:17,3.18,15660.0,France
537505,71053,WHITE METAL LANTERN,15,13/11/2019 20:46,3.06,17344.0,EIRE
537600,21755,  LOVE BUILDING BLOCK WORD  ,6,2019-09-20 18:13:00,6.5,12866.0,  France  
537515,84406B,CREAM CUPID HEARTS COAT HANGER,8,2019-12-10 12:09:00,2.64,12425.0,Portugal
537601,21730,GLASS STAR FROSTED T-LIGHT HOLDER,18,14/09/2019 23:28,4.42,,EIRE
536116,21755,LOVE BUILDING BLOCK WORD,9,2019-03-04 23:15:00,5.43,14061.0,EIRE
536055,71053,  WHITE METAL LANTERN  ,6,2019-11-13 04:30:00,3.65,16381.0,  United Kingdom  
537501,85123A,white hanging heart t-light holder,9,2019-10-16 01:36:00,2.33,17646.0,Netherlands
536220,21755,  LOVE BUILDING BLOCK WORD  ,14,12-29-2019,6.26,14050.0,Portugal
536765,22752,SET 7 BABUSHKA NESTING BOXES,9,2019-08-12 09:37:00,7.04,16736.0,australia
536446,22960,JAM MAKING SET WITH JARS,12,08-26-2019,4.87,14052.0,Portugal
536982,85123A,  WHITE HANGING HEART T-LIGHT HOLDER  ,15,2019-06-15 17:11:00,2.39,18258.0,Belgium
537092,21730,GLASS STAR FROSTED T-LIGHT HOLDER,16,2019-10-01 09:58:00,3.93,14418.0,United Kingdom
536872,85123A,WHITE HANGING HEART T-LIGHT HOLDER,15,11/04/2019 09:32,2.72,,United Kingdom
536735,22423,REGENCY CAKESTAND 3 TIER,17,01-18-2019,13.71,15447.0,Australia
536127,21755,LOVE BUILDING BLOCK WORD,11,2019-02-24 01:40:00,6.19,14857.0,Spain
537036,21755,LOVE BUILDING BLOCK WORD,17,2019-06-18 10:21:00,6.12,17097.0,France
536738,85123A,WHITE HANGING HEART T-LIGHT HOLDER,2,26/05/2019 02:10,2.54,17335.0,Spain
536729,84879,ASSORTED COLOUR BIRD ORNAMENT,15,30/04/2019 03:17,1.8,17564.0,France
C536155,22960,JAM MAKING SET WITH JARS,-12,01-04-2019,5.44,12995.0,netherlands
537324,71053,WHITE METAL LANTERN,4,2019-01-28 01:15:00,3.17,14046.0,Spain
536377,84879,  ASSORTED COLOUR BIRD ORNAMENT  ,5,09-04-2019,1.71,16145.0,EIRE
536099,22960,JAM MAKING SET WITH JARS,5,2019-12-12 06:56:00,5.1,13842.0,  Switzerland  
536815,22752,  SET 7 BABUSHKA NESTING BOXES  ,4,2019-05-16 15:51:00,7.68,16651.0,France
536538,22423,  REGENCY CAKESTAND 3 TIER  ,5,02/05/2019 17:09,13.36,16523.0,france
537261,22960,JAM MAKING SET WITH JARS,2,03/01/2019 18:07,4.7,14662.0,Spain
537334,21755,LOVE BUILDING BLOCK WORD,1,09-07-2019,6.18,14476.0,Australia
537306,71270,pink crystal guitar phone charm,16,06/06/2019 17:55,1.13,17308.0,  Switzerland  
536772,22752,SET 7 BABUSHKA NESTING BOXES,18,2019-04-02 01:32:00,8.22,16655.0,Switzerland
537480,22752,SET 7 BABUSHKA NESTING BOXES,12,26/05/2019 22:23,7.66,15931.0,Spain
537095,21730,GLASS STAR FROSTED T-LIGHT HOLDER,14,2019-11-08 04:24:00,3.83,16415.0,Switzerland
536645,85123A,white hanging heart t-light holder,6,2019-06-12 20:33:00,2.71,17074.0,France
537606,22960,JAM MAKING SET WITH JARS,9,12-16-2019,4.91,12380.0,France
537658,21755,  LOVE BUILDING BLOCK WORD  ,11,06-30-2019,6.53,18176.0,France
537012,22423,REGENCY CAKESTAND 3 TIER,8,2019-02-08 09:48:00,11.62,16607.0,Switzerland
536349,22423,REGENCY CAKESTAND 3 TIER,11,2019-11-26 06:42:00,13.61,18238.0,Netherlands
537483,21730,GLASS STAR FROSTED T-LIGHT HOLDER,12,2019-08-15 10:13:00,4.53,15609.0,  Switzerland  
537379,84879,ASSORTED COLOUR BIRD ORNAMENT,5,25/07/2019 05:30,1.68,14206.0,Belgium
536509,22752,  SET 7 BABUSHKA NESTING BOXES  ,5,23/07/2019 09:52,8.34,12784.0,Switzerland
536017,22423,REGENCY CAKESTAND 3 TIER,3,2019-12-05 16:39:00,12.77,16897.0,Netherlands
536282,71270,PINK CRYSTAL GUITAR PHONE CHARM,4,19/12/2019 13:10,1.3,17923.0,australia
536083,21755,LOVE BUILDING BLOCK WORD,13,25/02/2019 22:07,5.82,16193.0,eire
537011,21755,LOVE BUILDING BLOCK WORD,10,01-05-2019,6.25,16444.0,Switzerland
536342,71270,PINK CRYSTAL GUITAR PHONE CHARM,18,2019-04-25 07:43:00,1.25,16017.0,Portugal
536556,22960,  JAM MAKING SET WITH JARS  ,10,2019-08-23 16:23:00,4.89,12604.0,  Germany  
536268,71053,WHITE METAL LANTERN,3,12-25-2019,3.6,15113.0,Germany
536517,22423,  REGENCY CAKESTAND 3 TIER  ,1,2019-07-09 00:46:00,13.63,15255.0,Switzerland
536010,21755,LOVE BUILDING BLOCK WORD,1,03-10-2019,5.94,16270.0,Germany
536238,22423,REGENCY CAKESTAND 3 TIER,8,2019-03-20 07:37:00,12.81,,Germany
C537362,21730,GLASS STAR FROSTED T-LIGHT HOLDER,-12,22/03/2019 10:23,3.86,14459.0,portugal
537019,21730,GLASS STAR FROSTED T-LIGHT HOLDER,13,11/12/2019 23:16,4.03,13001.0,switzerland
537589,85123A,white hanging heart t-light holder,18,10/10/2019 03:45,2.8,14140.0,United Kingdom
537607,22752,SET 7 BABUSHKA NESTING BOXES,12,08/07/2019 03:48,6.96,17385.0,  France  
C537558,22752,set 7 babushka nesting boxes,-2,02-14-2019,7.54,,France
537384,21730,  GLASS STAR FROSTED T-LIGHT HOLDER  ,12,2019-04-27 14:56:00,4.57,13124.0,  Switzerland  
537431,21755,LOVE BUILDING BLOCK WORD,14,20/01/2019 20:07,5.73,17337.0,United Kingdom
537076,22423,  REGENCY CAKESTAND 3 TIER  ,6,2019-09-03 03:40:00,13.84,13567.0,australia
536348,21730,glass star frosted t-light holder,12,07/12/2019 15:41,4.66,16382.0,Portugal
536775,71270,pink crystal guitar phone charm,7,05/10/2019 05:26,1.29,16332.0,netherlands
536673,22960,JAM MAKING SET WITH JARS,4,2019-04-24 01:50:00,5.06,,Netherlands
536586,71053,WHITE METAL LANTERN,2,2019-04-06 21:17:00,3.55,13659.0,Australia
536714,22960,  JAM MAKING SET WITH JARS  ,1,04-13-2019,4.71,12398.0,Germany
536829,71053,WHITE METAL LANTERN,15,2019-01-25 10:42:00,3.14,13059.0,EIRE
536785,84406B,cream cupid hearts coat hanger,12,2019-07-19 03:18:00,2.9,13787.0,  Spain  
537058,84406B,cream cupid hearts coat hanger,14,2019-11-24 18:32:00,2.89,17818.0,Netherlands
537485,85123A,WHITE HANGING HEART T-LIGHT HOLDER,10,2019-08-09 16:25:00,2.5,12709.0,Germany
537171,21730,GLASS STAR FROSTED T-LIGHT HOLDER,3,2019-05-24 18:05:00,4.0,,EIRE
536110,84406B,CREAM CUPID HEARTS COAT HANGER,10,2019-06-15 00:07:00,2.73,15719.0,  Switzerland  
537532,71270,pink crystal guitar phone charm,16,2019-01-28 02:21:00,1.33,14759.0,france
537507,85123A,WHITE HANGING HEART T-LIGHT HOLDER,19,2019-04-16 05:24:00,2.38,14244.0,portugal
536546,85123A,  WHITE HANGING HEART T-LIGHT HOLDER  ,16,2019-10-21 03:50:00,2.34,13170.0,eire
536505,21755,LOVE BUILDING BLOCK WORD,13,13/04/2019 03:42,5.83,17837.0,Spain
536287,71053,white metal lantern,17,01-08-2019,3.28,16500.0,Switzerland
C537501,84406B,CREAM CUPID HEARTS COAT HANGER,-17,2019-06-07 04:47:00,2.93,17957.0,  Belgium  
537498,21730,GLASS STAR FROSTED T-LIGHT HOLDER,12,2019-05-15 20:59:00,4.66,15371.0,Germany
536399,21755,love building block word,6,03/07/2019 07:34,6.49,13731.0,Germany
536370,71270,PINK CRYSTAL GUITAR PHONE CHARM,3,2019-09-07 09:09:00,1.24,15282.0,Spain
536109,22423,  REGENCY CAKESTAND 3 TIER  ,1,06/11/2019 09:25,13.89,12963.0,Australia
536362,22960,JAM MAKING SET WITH JARS,13,29/06/2019 21:25,4.51,13769.0,Belgium
537313,71270,PINK CRYSTAL GUITAR PHONE CHARM,8,2019-06-05 00:08:00,1.2,15266.0,Portugal
536838,21755,LOVE BUILDING BLOCK WORD,17,2019-12-14 19:30:00,5.93,15043.0,United Kingdom
536001,21755,LOVE BUILDING BLOCK WORD,13,19/07/2019 10:38,6.33,15022.0,France
536880,22423,REGENCY CAKESTAND 3 TIER,7,2019-06-18 13:39:00,13.86,15393.0,Netherlands
537517,71270,PINK CRYSTAL GUITAR PHONE CHARM,4,2019-06-18 21:20:00,1.18,13145.0,Portugal
536496,84879,ASSORTED COLOUR BIRD ORNAMENT,1,2019-12-26 11:56:00,1.57,13286.0,  EIRE  
536819,71270,PINK CRYSTAL GUITAR PHONE CHARM,4,2019-01-28 20:24:00,1.24,15377.0,Australia
537551,71053,WHITE METAL LANTERN,4,19/03/2019 00:22,3.6,16645.0,Netherlands
536183,85123A,WHITE HANGING HEART T-LIGHT HOLDER,2,2019-04-18 06:12:00,2.56,12760.0,Belgium
536185,71270,  PINK CRYSTAL GUITAR PHONE CHARM  ,18,2019-06-24 16:55:00,1.19,,United Kingdom
536734,84406B,  CREAM CUPID HEARTS COAT HANGER  ,18,2019-12-30 19:45:00,2.96,14624.0,australia
536863,21755,LOVE BUILDING BLOCK WORD,10,15/02/2019 16:10,6.14,17670.0,  Switzerland  
C536495,84406B,,-14,19/10/2019 03:32,2.8,14574.0,Portugal
537275,21730,  GLASS STAR FROSTED T-LIGHT HOLDER  ,3,2019-08-04 19:25:00,4.0,16406.0,France
536088,22423,REGENCY CAKESTAND 3 TIER,18,2019-12-17 13:00:00,11.99,15589.0,Switzerland
536490,21730,GLASS STAR FROSTED T-LIGHT HOLDER,10,05-22-2019,3.86,15190.0,Germany
536411,21755,LOVE BUILDING BLOCK WORD,7,12-25-2019,6.22,15479.0,  Germany  
536384,71270,  PINK CRYSTAL GUITAR PHONE CHARM  ,3,07-23-2019,1.26,16169.0,  Netherlands  
536467,71270,pink crystal guitar phone charm,11,25/01/2019 01:22,1.26,15172.0,  Netherlands  
537074,22752,SET 7 BABUSHKA NESTING BOXES,6,2019-02-21 18:58:00,7.78,,EIRE
536306,21755,  LOVE BUILDING BLOCK WORD  ,6,2019-12-04 18:58:00,5.77,17004.0,  Portugal  
537579,21730,GLASS STAR FROSTED T-LIGHT HOLDER,18,2019-11-08 16:14:00,3.86,12750.0,Switzerland
536354,84879,ASSORTED COLOUR BIRD ORNAMENT,1,03/07/2019 22:56,1.68,17853.0,France
536782,84406B,CREAM CUPID HEARTS COAT HANGER,11,03-05-2019,2.59,13550.0,Belgium
536994,71270,PINK CRYSTAL GUITAR PHONE CHARM,14,30/05/2019 18:55,1.33,14042.0,netherlands
537290,21730,GLASS STAR FROSTED T-LIGHT HOLDER,2,13/01/2019 14:04,4.01,18105.0,germany
536867,85123A,WHITE HANGING HEART T-LIGHT HOLDER,4,04/02/2019 18:46,2.4,15281.0,Belgium
536504,21730,GLASS STAR FROSTED T-LIGHT HOLDER,6,09-19-2019,4.25,13239.0,Netherlands
536607,71053,WHITE METAL LANTERN,18,08/05/2019 19:08,3.67,17927.0,Germany
536155,21730,GLASS STAR FROSTED T-LIGHT HOLDER,11,03-24-2019,4.53,17922.0,Spain
536114,71270,pink crystal guitar phone charm,13,19/11/2019 15:13,1.34,14483.0,Spain
537647,22752,  SET 7 BABUSHKA NESTING BOXES  ,15,2019-05-03 04:07:00,6.9,14495.0,united kingdom
536497,21730,GLASS STAR FROSTED T-LIGHT HOLDER,12,2019-04-19 09:15:00,4.5,14654.0,United Kingdom
537412,71270,PINK CRYSTAL GUITAR PHONE CHARM,18,15/08/2019 21:52,1.34,14287.0,EIRE
537333,21755,LOVE BUILDING BLOCK WORD,2,2019-10-26 18:55:00,6.5,15186.0,France
536472,21730,GLASS STAR FROSTED T-LIGHT HOLDER,13,2019-12-20 14:45:00,4.53,15806.0,portugal
536202,84879,ASSORTED COLOUR BIRD ORNAMENT,13,2019-01-22 19:52:00,1.78,17644.0,  Switzerland  
537121,71053,WHITE METAL LANTERN,8,04-28-2019,3.41,17189.0,  Netherlands  
536482,21730,GLASS STAR FROSTED T-LIGHT HOLDER,3,24/11/2019 18:31,3.92,12952.0,belgium
537305,84406B,CREAM CUPID HEARTS COAT HANGER,19,05-05-2019,2.8,13800.0,Belgium
537484,85123A,white hanging heart t-light holder,12,18/11/2019 10:42,2.42,17041.0,EIRE
536629,22960,JAM MAKING SET WITH JARS,6,20/08/2019 16:23,4.67,17551.0,Australia
537271,22752,SET 7 BABUSHKA NESTING BOXES,14,2019-04-12 04:44:00,7.17,17294.0,Germany
536569,84406B,  CREAM CUPID HEARTS COAT HANGER  ,2,08/05/2019 23:36,2.82,17642.0,Portugal
537108,71053,  WHITE METAL LANTERN  ,12,03/01/2019 22:38,3.19,17640.0,Germany
536829,85123A,WHITE HANGING HEART T-LIGHT HOLDER,13,21/12/2019 00:06,2.57,15775.0,Australia
536674,22752,SET 7 BABUSHKA NESTING BOXES,2,2019-05-08 10:51:00,7.69,13683.0,Australia
537180,84879,assorted colour bird ornament,2,2019-11-27 13:15:00,1.65,15927.0,  Switzerland  
536007,21730,  GLASS STAR FROSTED T-LIGHT HOLDER  ,1,10-09-2019,3.9,16485.0,spain
C537515,85123A,white hanging heart t-light holder,-11,2019-12-13 22:22:00,2.72,17916.0,Germany
537378,21730,  GLASS STAR FROSTED T-LIGHT HOLDER  ,18,2019-06-28 07:21:00,4.25,,spain
536359,22752,  SET 7 BABUSHKA NESTING BOXES  ,18,2019-01-08 20:29:00,8.09,16832.0,eire
536809,85123A,  WHITE HANGING HEART T-LIGHT HOLDER  ,17,2019-09-05 00:02:00,2.7,16215.0,Spain
537141,85123A,WHITE HANGING HEART T-LIGHT HOLDER,17,31/07/2019 02:17,2.45,15914.0,Netherlands
537660,22423,  REGENCY CAKESTAND 3 TIER  ,12,2019-08-14 23:53:00,13.94,13825.0,Netherlands
536801,84879,ASSORTED COLOUR BIRD ORNAMENT,13,16/04/2019 01:14,1.6,13249.0,spain
537121,84406B,CREAM CUPID HEARTS COAT HANGER,2,06-05-2019,2.75,16465.0,France
537184,22423,REGENCY CAKESTAND 3 TIER,2,16/08/2019 07:46,12.16,14087.0,EIRE
537158,22423,REGENCY CAKESTAND 3 TIER,2,20/11/2019 09:52,13.86,15557.0,spain
536845,84879,ASSORTED COLOUR BIRD ORNAMENT,1,2019-09-07 07:43:00,1.8,17607.0,Germany
536759,21730,GLASS STAR FROSTED T-LIGHT HOLDER,16,2019-09-06 23:37:00,4.15,12416.0,EIRE
536349,71053,WHITE METAL LANTERN,2,03-28-2019,3.39,14793.0,Switzerland
537632,22423,REGENCY CAKESTAND 3 TIER,6,03/12/2019 13:19,12.21,17812.0,  Portugal  
536778,22752,SET 7 BABUSHKA NESTING BOXES,8,01-01-2019,7.72,16183.0,EIRE
537226,21730,GLASS STAR FROSTED T-LIGHT HOLDER,18,2019-03-05 15:49:00,3.98,16680.0,United Kingdom
536659,85123A,WHITE HANGING HEART T-LIGHT HOLDER,10,12-11-2019,2.48,13258.0,Germany
537387,84406B,CREAM CUPID HEARTS COAT HANGER,16,2019-11-11 02:06:00,2.74,16409.0,Switzerland
536270,22960,,18,2019-09-18 22:03:00,5.01,17019.0,france
537657,71053,WHITE METAL LANTERN,7,16/11/2019 07:24,3.12,16856.0,belgium
536826,21730,GLASS STAR FROSTED T-LIGHT HOLDER,11,2019-05-09 02:35:00,4.18,17019.0,portugal
537645,85123A,WHITE HANGING HEART T-LIGHT HOLDER,6,06-19-2019,2.68,18197.0,Switzerland
537423,22423,REGENCY CAKESTAND 3 TIER,2,2019-09-18 19:48:00,13.49,12645.0,France
537662,71053,WHITE METAL LANTERN,10,06-14-2019,3.72,12964.0,Australia
536456,22960,jam making set with jars,18,2019-11-30 16:23:00,4.66,12684.0,Germany
536889,84879,ASSORTED COLOUR BIRD ORNAMENT,6,13/06/2019 22:46,1.78,13463.0,  Netherlands  
537530,21730,GLASS STAR FROSTED T-LIGHT HOLDER,1,24/02/2019 16:06,4.12,13881.0,france
536506,85123A,WHITE HANGING HEART T-LIGHT HOLDER,4,2019-02-12 13:44:00,1758.02,16274.0,  United Kingdom  
537573,21755,LOVE BUILDING BLOCK WORD,7,08/07/2019 13:54,6.21,16048.0,Germany
536312,85123A,WHITE HANGING HEART T-LIGHT HOLDER,2,2019-03-16 06:00:00,2.66,17461.0,Portugal
536401,21730,GLASS STAR FROSTED T-LIGHT HOLDER,14,06-22-2019,4.06,14577.0,Switzerland
536400,22752,  SET 7 BABUSHKA NESTING BOXES  ,9,03-07-2019,7.77,13569.0,Belgium
C537047,21730,GLASS STAR FROSTED T-LIGHT HOLDER,-19,2019-01-17 16:18:00,4.22,16592.0,australia
537056,21730,  GLASS STAR FROSTED T-LIGHT HOLDER  ,3,2019-12-29 07:23:00,4.34,,Germany
537264,22423,REGENCY CAKESTAND 3 TIER,6,2019-02-10 13:29:00,11.58,13570.0,France
536043,21755,love building block word,17,2019-09-16 03:41:00,5.8,13768.0,Belgium
536173,71270,PINK CRYSTAL GUITAR PHONE CHARM,13,04/07/2019 08:31,1.19,14725.0,eire
536318,22960,jam making set with jars,15,2019-02-09 12:55:00,5.08,15657.0,United Kingdom
536304,22423,REGENCY CAKESTAND 3 TIER,6,10-06-2019,11.99,17529.0,United Kingdom
536286,22423,REGENCY CAKESTAND 3 TIER,7,10/06/2019 00:10,12.3,,Netherlands
536677,85123A,  WHITE HANGING HEART T-LIGHT HOLDER  ,16,10-22-2019,2.72,12739.0,Spain
536550,84879,ASSORTED COLOUR BIRD ORNAMENT,14,11/08/2019 20:47,1.56,12998.0,  France  
536438,22423,REGENCY CAKESTAND 3 TIER,13,27/05/2019 03:43,12.97,17542.0,Portugal
536799,84406B,CREAM CUPID HEARTS COAT HANGER,4,2019-09-07 17:27:00,2.67,15610.0,Netherlands
536986,84879,ASSORTED COLOUR BIRD ORNAMENT,10,02/02/2019 15:14,1.83,16940.0,United Kingdom
536725,22752,SET 7 BABUSHKA NESTING BOXES,6,07-01-2019,7.73,,EIRE
C536603,22423,REGENCY CAKESTAND 3 TIER,-7,28/10/2019 11:34,13.07,14571.0,  Portugal  
536777,71270,PINK CRYSTAL GUITAR PHONE CHARM,1,18/01/2019 14:58,1.28,14934.0,United Kingdom
537410,71053,white metal lantern,4,16/04/2019 19:37,3.52,,Switzerland
537008,71053,white metal lantern,12,01-26-2019,3.49,12544.0,germany
536207,71053,WHITE METAL LANTERN,6276,07/12/2019 21:12,3.68,16200.0,netherlands
536229,71270,PINK CRYSTAL GUITAR PHONE CHARM,16,2019-07-27 21:10:00,1.15,14756.0,Switzerland
537303,84406B,CREAM CUPID HEARTS COAT HANGER,14,2019-01-11 10:19:00,2.61,13182.0,  EIRE  
536455,84406B,  CREAM CUPID HEARTS COAT HANGER  ,2,22/02/2019 19:06,2.92,15098.0,germany
537014,85123A,white hanging heart t-light holder,6,2019-03-09 22:48:00,2.58,17794.0,EIRE
537274,71270,PINK CRYSTAL GUITAR PHONE CHARM,14,01-21-2019,1.25,,Germany
537310,85123A,WHITE HANGING HEART T-LIGHT HOLDER,17,02-18-2019,2.3,17949.0,Switzerland
536203,21730,GLASS STAR FROSTED T-LIGHT HOLDER,19,2019-01-03 04:51:00,3.96,16451.0,Netherlands
536835,71270,PINK CRYSTAL GUITAR PHONE CHARM,5,2019-03-04 22:12:00,1.16,13397.0,Germany
537494,21730,GLASS STAR FROSTED T-LIGHT HOLDER,3,08-16-2019,4.37,15988.0,Switzerland
537137,85123A,WHITE HANGING HEART T-LIGHT HOLDER,5,2019-12-01 14:57:00,2.7,16852.0,Switzerland
536154,21730,GLASS STAR FROSTED T-LIGHT HOLDER,8,25/02/2019 05:32,4.47,13831.0,Australia
536524,84879,ASSORTED COLOUR BIRD ORNAMENT,18,23/08/2019 03:09,1.86,13019.0,Switzerland
536264,71270,PINK CRYSTAL GUITAR PHONE CHARM,2,19/04/2019 23:40,1.28,16258.0,  Belgium  
536850,22423,  REGENCY CAKESTAND 3 TIER  ,5,04/10/2019 00:13,12.39,15274.0,Spain
536102,22752,  SET 7 BABUSHKA NESTING BOXES  ,4,10/01/2019 05:08,7.92,17647.0,united kingdom
536707,21730,  GLASS STAR FROSTED T-LIGHT HOLDER  ,15,2019-07-07 22:36:00,4.54,16919.0,United Kingdom
536803,84879,ASSORTED COLOUR BIRD ORNAMENT,17,05/07/2019 10:17,1.69,12519.0,Netherlands
536193,84406B,cream cupid hearts coat hanger,4,2019-10-28 11:54:00,2.9,16002.0,australia
536035,84406B,CREAM CUPID HEARTS COAT HANGER,13,2019-01-02 00:07:00,2.49,13274.0,United Kingdom
536568,21730,GLASS STAR FROSTED T-LIGHT HOLDER,13,2019-04-28 11:45:00,4.62,15096.0,united kingdom
536333,22960,JAM MAKING SET WITH JARS,2,20/09/2019 08:09,4.9,13130.0,Germany
537060,84879,ASSORTED COLOUR BIRD ORNAMENT,6,09-11-2019,1.55,17131.0,Australia
536851,22752,  SET 7 BABUSHKA NESTING BOXES  ,16,08-13-2019,7.98,17265.0,  Switzerland  
536337,21755,LOVE BUILDING BLOCK WORD,10,2019-08-30 05:47:00,5.66,14376.0,France
537187,84406B,CREAM CUPID HEARTS COAT HANGER,1,2019-02-06 17:43:00,2.72,12680.0,France
536998,71053,WHITE METAL LANTERN,2,2019-10-16 06:00:00,3.37,16153.0,portugal
537078,21730,GLASS STAR FROSTED T-LIGHT HOLDER,7,09/06/2019 18:19,4.1,17261.0,EIRE
536344,71053,WHITE METAL LANTERN,10,2019-10-04 17:01:00,3.63,13368.0,Switzerland
537609,84406B,cream cupid hearts coat hanger,12,12-31-2019,2.85,16155.0,portugal
537134,84879,  ASSORTED COLOUR BIRD ORNAMENT  ,2,13/06/2019 00:12,1.86,18140.0,Switzerland
536445,84879,ASSORTED COLOUR BIRD ORNAMENT,6,12/09/2019 17:21,1.54,16809.0,Switzerland
536679,71053,WHITE METAL LANTERN,16,07/08/2019 12:18,0.0,13653.0,Netherlands
537615,71053,WHITE METAL LANTERN,1,2019-09-27 15:50:00,3.66,16424.0,Spain
536793,22423,  REGENCY CAKESTAND 3 TIER  ,2,2019-02-07 12:12:00,12.94,12566.0,United Kingdom
537527,85123A,WHITE HANGING HEART T-LIGHT HOLDER,7,2019-06-09 06:14:00,2.79,16117.0,Spain
536953,22752,SET 7 BABUSHKA NESTING BOXES,7,2019-04-18 18:07:00,7.25,17589.0,Portugal
536745,84879,ASSORTED COLOUR BIRD ORNAMENT,15,2019-12-11 01:16:00,1.76,17720.0,  Switzerland  
537316,22960,JAM MAKING SET WITH JARS,14,2019-04-04 10:17:00,5.01,,  Australia  
536698,22960,jam making set with jars,10,2019-04-08 02:35:00,5.02,17336.0,EIRE
536290,84406B,CREAM CUPID HEARTS COAT HANGER,9,30/01/2019 20:07,2.86,17715.0,Netherlands
537622,22960,JAM MAKING SET WITH JARS,9,08-30-2019,4.53,14134.0,Portugal
537016,71270,  PINK CRYSTAL GUITAR PHONE CHARM  ,3,2019-07-26 12:53:00,1.19,16109.0,Switzerland
537637,21755,love building block word,11,01/03/2019 12:08,6.44,16282.0,Belgium
537544,71053,WHITE METAL LANTERN,6,16/09/2019 15:58,3.6,12501.0,france
537101,21755,LOVE BUILDING BLOCK WORD,10,06/03/2019 19:53,5.82,13631.0,Germany
537297,84879,ASSORTED COLOUR BIRD ORNAMENT,6,2019-07-04 12:12:00,1.78,14947.0,  EIRE  
536325,71053,WHITE METAL LANTERN,8,2019-02-05 19:30:00,3.5,15072.0,Portugal
536989,84879,ASSORTED COLOUR BIRD ORNAMENT,4,2019-12-09 00:55:00,1.59,13674.0,Belgium
536569,21755,LOVE BUILDING BLOCK WORD,12,01/10/2019 11:51,6.24,15807.0,  Belgium  
537240,21755,LOVE BUILDING BLOCK WORD,15,08/01/2019 13:29,6.18,13962.0,Portugal
536606,21730,GLASS STAR FROSTED T-LIGHT HOLDER,1,05/11/2019 17:02,4.03,13723.0,switzerland
536970,21730,GLASS STAR FROSTED T-LIGHT HOLDER,14,02-05-2019,3.89,13492.0,Belgium
536391,22752,SET 7 BABUSHKA NESTING BOXES,14,06-06-2019,8.19,14619.0,Belgium
536446,22752,SET 7 BABUSHKA NESTING BOXES,13,2019-11-06 03:24:00,7.0,17073.0,Australia
537248,84406B,CREAM CUPID HEARTS COAT HANGER,1,2019-04-30 22:17:00,2.87,16802.0,belgium
537227,85123A,WHITE HANGING HEART T-LIGHT HOLDER,4,24/11/2019 12:46,2.67,,germany
537468,85123A,WHITE HANGING HEART T-LIGHT HOLDER,18,10-05-2019,2.42,12691.0,France
536503,22752,SET 7 BABUSHKA NESTING BOXES,18,2019-09-28 05:16:00,7.32,17238.0,Spain
536643,85123A,WHITE HANGING HEART T-LIGHT HOLDER,11,02/10/2019 18:27,2.72,15061.0,Spain
536068,21755,  LOVE BUILDING BLOCK WORD  ,1,2019-02-18 07:04:00,6.06,14386.0,belgium
537389,21755,LOVE BUILDING BLOCK WORD,3,2019-12-16 12:24:00,5.79,13879.0,Australia
536117,22960,JAM MAKING SET WITH JARS,17,17/08/2019 03:02,5.39,,Switzerland
537027,71270,PINK CRYSTAL GUITAR PHONE CHARM,5,2019-08-27 06:27:00,1.27,14062.0,Belgium
C537518,22423,REGENCY CAKESTAND 3 TIER,-13,22/09/2019 03:24,13.46,15839.0,  Portugal  
536243,22960,JAM MAKING SET WITH JARS,2,04/04/2019 16:24,5.04,14792.0,Netherlands
536481,21730,GLASS STAR FROSTED T-LIGHT HOLDER,19,2019-03-08 11:09:00,4.67,13120.0,Portugal
536234,21755,LOVE BUILDING BLOCK WORD,4,01-08-2019,5.55,13540.0,Portugal
536908,22423,  REGENCY CAKESTAND 3 TIER  ,5,27/09/2019 16:15,11.64,15962.0,united kingdom
537548,84406B,cream cupid hearts coat hanger,8,25/02/2019 01:29,2.64,15992.0,United Kingdom
536887,21730,GLASS STAR FROSTED T-LIGHT HOLDER,6,07-06-2019,4.02,14301.0,Spain
536053,21755,LOVE BUILDING BLOCK WORD,15,2019-05-20 01:10:00,6.31,17739.0,France
537571,22960,jam making set with jars,11,24/10/2019 05:45,5.41,15488.0,Portugal
537203,84879,ASSORTED COLOUR BIRD ORNAMENT,3,26/11/2019 08:55,1.76,17855.0,Switzerland
537066,84406B,CREAM CUPID HEARTS COAT HANGER,18,2019-07-13 02:28:00,2.84,15939.0,Germany
537163,21730,GLASS STAR FROSTED T-LIGHT HOLDER,18,2019-08-09 21:01:00,4.0,14567.0,  Spain  
537061,84879,assorted colour bird ornament,17,03/03/2019 04:56,1.58,16072.0,Netherlands
536461,85123A,WHITE HANGING HEART T-LIGHT HOLDER,19,2019-01-06 14:21:00,2.58,14929.0,Netherlands
537444,71053,  WHITE METAL LANTERN  ,18,06-23-2019,3.48,17083.0,Germany
536167,71053,WHITE METAL LANTERN,3,09/09/2019 11:44,3.65,,Germany
537458,84406B,CREAM CUPID HEARTS COAT HANGER,18,2019-04-05 02:34:00,2.91,12721.0,France
537665,22423,REGENCY CAKESTAND 3 TIER,4,2019-09-04 16:28:00,12.8,,Netherlands
536701,22960,JAM MAKING SET WITH JARS,18,2019-03-07 08:00:00,5.3,12687.0,United Kingdom
537090,85123A,WHITE HANGING HEART T-LIGHT HOLDER,10,2019-06-13 08:33:00,2.67,12735.0,Germany
536744,85123A,  WHITE HANGING HEART T-LIGHT HOLDER  ,3,17/08/2019 19:25,2.79,15133.0,Australia
537397,21730,GLASS STAR FROSTED T-LIGHT HOLDER,19,2019-05-13 11:48:00,3.95,12744.0,  Portugal  
537206,71270,PINK CRYSTAL GUITAR PHONE CHARM,9,2019-11-05 01:08:00,1.33,16416.0,Spain
536888,22960,JAM MAKING SET WITH JARS,3,07-21-2019,5.15,13633.0,Switzerland
536335,22960,JAM MAKING SET WITH JARS,10,23/05/2019 12:15,5.35,13415.0,EIRE
537343,71053,WHITE METAL LANTERN,12,2019-11-13 21:12:00,3.59,13108.0,EIRE
537583,85123A,WHITE HANGING HEART T-LIGHT HOLDER,10,06/02/2019 15:44,2.53,,  Belgium  
536723,22752,SET 7 BABUSHKA NESTING BOXES,5,28/05/2019 18:44,7.08,16927.0,France
536630,84879,ASSORTED COLOUR BIRD ORNAMENT,18,15/02/2019 02:53,1.62,12661.0,Spain
536429,71270,PINK CRYSTAL GUITAR PHONE CHARM,17,19/01/2019 15:48,1.19,13212.0,United Kingdom
C536122,84879,ASSORTED COLOUR BIRD ORNAMENT,-3,2019-07-13 12:28:00,1.69,12533.0,Netherlands
537072,71053,white metal lantern,12,2019-02-02 06:21:00,3.65,16670.0,  Belgium  
537096,22752,SET 7 BABUSHKA NESTING BOXES,8,2019-04-14 21:49:00,7.89,14771.0,Portugal
536439,71270,  PINK CRYSTAL GUITAR PHONE CHARM  ,16,2019-05-31 09:09:00,1.34,18196.0,Switzerland
536164,71053,WHITE METAL LANTERN,14,21/12/2019 04:11,3.3,14585.0,France
536654,71053,WHITE METAL LANTERN,12,2019-01-15 06:16:00,3.38,,Switzerland
537614,85123A,WHITE HANGING HEART T-LIGHT HOLDER,8,2019-08-13 15:18:00,2.78,13907.0,  Switzerland  
537576,71053,WHITE METAL LANTERN,18,2019-06-09 21:45:00,3.11,16401.0,Germany
536111,84406B,CREAM CUPID HEARTS COAT HANGER,11,28/01/2019 23:07,3.01,17050.0,portugal
536491,84406B,cream cupid hearts coat hanger,16,09-14-2019,2.49,16992.0,Switzerland
536226,21730,GLASS STAR FROSTED T-LIGHT HOLDER,10,05-28-2019,4.67,14857.0,Netherlands
536945,84406B,CREAM CUPID HEARTS COAT HANGER,14,2019-01-25 17:39:00,2.76,13249.0,United Kingdom
536379,84406B,CREAM CUPID HEARTS COAT HANGER,1,2019-05-06 06:00:00,2.85,13262.0,switzerland
536407,21755,  LOVE BUILDING BLOCK WORD  ,17,30/10/2019 02:37,6.36,12988.0,belgium
537282,22960,JAM MAKING SET WITH JARS,3,02/01/2019 05:21,5.03,14413.0,france
C536966,21730,glass star frosted t-light holder,-18,2019-08-18 10:00:00,4.4,17701.0,France
536126,21730,GLASS STAR FROSTED T-LIGHT HOLDER,6,11/03/2019 21:11,0.0,16668.0,Switzerland
537383,84879,ASSORTED COLOUR BIRD ORNAMENT,12,2019-03-10 23:02:00,1.56,,France
537502,21755,LOVE BUILDING BLOCK WORD,11,30/09/2019 06:32,6.15,16441.0,Australia
536022,22752,SET 7 BABUSHKA NESTING BOXES,3,16/09/2019 01:19,6.92,13503.0,  Germany  
537109,21755,  LOVE BUILDING BLOCK WORD  ,7,06/06/2019 18:14,5.75,15993.0,United Kingdom
537278,22423,REGENCY CAKESTAND 3 TIER,10,2019-02-05 10:10:00,13.92,12870.0,Spain
536627,21755,  LOVE BUILDING BLOCK WORD  ,8,09-13-2019,5.56,16894.0,United Kingdom
536159,22752,set 7 babushka nesting boxes,16,2019-02-16 00:15:00,8.25,15602.0,Germany
537518,84406B,CREAM CUPID HEARTS COAT HANGER,13,14/06/2019 09:08,2.57,15360.0,France
537631,84406B,cream cupid hearts coat hanger,15,21/02/2019 01:26,2.82,16926.0,France
536794,71270,PINK CRYSTAL GUITAR PHONE CHARM,16,2019-05-23 12:59:00,1.19,12350.0,  Belgium  
536390,22752,SET 7 BABUSHKA NESTING BOXES,17,2019-01-02 11:19:00,8.0,16680.0,France
537601,71053,  WHITE METAL LANTERN  ,19,2019-07-21 12:33:00,3.39,12655.0,Australia
536786,22423,  REGENCY CAKESTAND 3 TIER  ,6,04-10-2019,13.4,15631.0,Germany
536141,84879,ASSORTED COLOUR BIRD ORNAMENT,18,2019-05-24 08:26:00,1.85,14458.0,Belgium
536751,71270,pink crystal guitar phone charm,6,11/08/2019 21:48,1.37,14922.0,Spain
536444,84406B,  CREAM CUPID HEARTS COAT HANGER  ,5,28/05/2019 08:35,2.56,14009.0,Switzerland
536066,21730,glass star frosted t-light holder,1,29/08/2019 17:24,3.97,17367.0,Switzerland
536785,84406B,  CREAM CUPID HEARTS COAT HANGER  ,14,2019-04-09 11:54:00,2.93,16590.0,France
537201,21755,  LOVE BUILDING BLOCK WORD  ,17,25/08/2019 09:55,6.24,15267.0,France
536646,71053,WHITE METAL LANTERN,18,2019-12-03 10:11:00,3.63,,Australia
C537496,22423,REGENCY CAKESTAND 3 TIER,-2,14/08/2019 23:46,12.59,12934.0,France
536047,21730,GLASS STAR FROSTED T-LIGHT HOLDER,10,09-09-2019,4.48,14543.0,Netherlands
537638,22752,SET 7 BABUSHKA NESTING BOXES,4,06-27-2019,7.36,15592.0,eire
536083,84406B,cream cupid hearts coat hanger,13,2019-07-21 23:50:00,2.48,14013.0,France
537639,22752,SET 7 BABUSHKA NESTING BOXES,18,10/11/2019 17:26,7.22,15993.0,germany
536484,84406B,CREAM CUPID HEARTS COAT HANGER,6,02/05/2019 08:25,2.59,14212.0,Spain
537334,22960,JAM MAKING SET WITH JARS,14,18/01/2019 12:37,4.68,16319.0,France
536139,71270,PINK CRYSTAL GUITAR PHONE CHARM,1,07-17-2019,1.34,12933.0,  Belgium  
536303,22752,  SET 7 BABUSHKA NESTING BOXES  ,1,12/04/2019 08:24,8.04,13752.0,EIRE
537537,71270,PINK CRYSTAL GUITAR PHONE CHARM,16,13/03/2019 11:45,1.14,18062.0,united kingdom
536865,22752,SET 7 BABUSHKA NESTING BOXES,15,2019-02-09 15:14:00,7.36,,Belgium
537235,21730,glass star frosted t-light holder,9,2019-11-24 10:11:00,4.58,16917.0,Netherlands
537171,22752,  SET 7 BABUSHKA NESTING BOXES  ,19,2019-02-15 09:31:00,8.16,,United Kingdom
536769,21730,GLASS STAR FROSTED T-LIGHT HOLDER,7,2019-02-10 18:54:00,4.41,16258.0,Australia
536704,84406B,  CREAM CUPID HEARTS COAT HANGER  ,3,2019-12-27 22:36:00,2.91,,United Kingdom
537561,22752,SET 7 BABUSHKA NESTING BOXES,5,2019-03-02 07:43:00,7.94,14678.0,united kingdom
537332,21730,GLASS STAR FROSTED T-LIGHT HOLDER,3,2019-08-18 11:33:00,4.33,17886.0,  Netherlands  
537058,22752,SET 7 BABUSHKA NESTING BOXES,8,01-26-2019,8.15,,Germany
536898,84879,ASSORTED COLOUR BIRD ORNAMENT,9,2019-08-07 06:13:00,1.73,18242.0,France
536429,22423,regency cakestand 3 tier,10,2019-02-07 01:30:00,12.03,14451.0,United Kingdom
536551,71270,PINK CRYSTAL GUITAR PHONE CHARM,16,01/04/2019 00:04,1.19,12429.0,Spain
536304,84406B,CREAM CUPID HEARTS COAT HANGER,5,06/10/2019 07:08,2.95,17947.0,France
537164,85123A,  WHITE HANGING HEART T-LIGHT HOLDER  ,5,28/10/2019 19:40,2.7,12971.0,france
536710,21730,GLASS STAR FROSTED T-LIGHT HOLDER,3,01-14-2019,4.53,13814.0,Belgium
536255,84406B,CREAM CUPID HEARTS COAT HANGER,12,2019-02-20 05:52:00,2.72,13323.0,Portugal
537609,21755,LOVE BUILDING BLOCK WORD,10,2019-09-24 14:31:00,5.54,16213.0,EIRE
536048,22423,REGENCY CAKESTAND 3 TIER,18,05-23-2019,13.08,12396.0,eire
536377,22960,JAM MAKING SET WITH JARS,13,03/07/2019 12:04,4.93,13025.0,  United Kingdom  
536885,22423,REGENCY CAKESTAND 3 TIER,10,10/09/2019 05:41,13.22,,United Kingdom
536131,71053,WHITE METAL LANTERN,16,09/10/2019 23:52,3.63,16314.0,Portugal
537219,84879,ASSORTED COLOUR BIRD ORNAMENT,16,30/11/2019 03:54,1.8,15581.0,Belgium
536015,84879,assorted colour bird ornament,17,12/02/2019 12:27,1.82,15135.0,EIRE
537089,85123A,WHITE HANGING HEART T-LIGHT HOLDER,10,2019-12-06 17:20:00,2.69,17814.0,  Australia  
537156,22752,SET 7 BABUSHKA NESTING BOXES,17,05-08-2019,8.26,12977.0,France
537304,71270,PINK CRYSTAL GUITAR PHONE CHARM,5,2019-11-16 16:19:00,1.32,15496.0,Switzerland
536107,21730,GLASS STAR FROSTED T-LIGHT HOLDER,18,2019-09-24 09:23:00,4.62,16938.0,EIRE
536719,22960,JAM MAKING SET WITH JARS,5,2019-01-05 12:53:00,4.84,13421.0,United Kingdom
537534,22960,jam making set with jars,19,2019-07-29 00:22:00,4.47,13509.0,Netherlands
536652,22752,  SET 7 BABUSHKA NESTING BOXES  ,16,2019-02-27 23:12:00,7.17,15003.0,Belgium
537173,22423,  REGENCY CAKESTAND 3 TIER  ,6,2019-09-18 10:17:00,12.38,14629.0,netherlands
536809,22960,JAM MAKING SET WITH JARS,16,07-31-2019,5.06,15322.0,spain
537402,71053,WHITE METAL LANTERN,15,2019-06-10 06:35:00,3.49,14176.0,Belgium
536728,21755,LOVE BUILDING BLOCK WORD,11,01-14-2019,5.75,17009.0,Belgium
537481,71270,  PINK CRYSTAL GUITAR PHONE CHARM  ,13,2019-11-15 19:13:00,1.18,12869.0,France
536900,22752,SET 7 BABUSHKA NESTING BOXES,11,2019-01-09 06:58:00,7.78,14386.0,france
537534,84879,  ASSORTED COLOUR BIRD ORNAMENT  ,2,2019-09-15 19:16:00,1.73,14472.0,Belgium
536690,71270,pink crystal guitar phone charm,3,02-22-2019,1.17,14657.0,  Australia  
536455,22423,REGENCY CAKESTAND 3 TIER,10,2019-05-16 15:10:00,11.72,16180.0,United Kingdom
537031,85123A,  WHITE HANGING HEART T-LIGHT HOLDER  ,15,13/01/2019 18:36,2.51,18226.0,eire
536788,71270,pink crystal guitar phone charm,4,2019-10-10 14:04:00,1.17,14614.0,  Australia  
536310,71053,WHITE METAL LANTERN,13,09-04-2019,3.4,13229.0,Spain
536756,22960,JAM MAKING SET WITH JARS,13,12/03/2019 17:47,5.13,15711.0,Germany
536991,71270,PINK CRYSTAL GUITAR PHONE CHARM,2,2019-05-04 10:58:00,1.23,14127.0,France
537102,85123A,  WHITE HANGING HEART T-LIGHT HOLDER  ,4,10-04-2019,2.67,16649.0,Netherlands
537339,21730,  GLASS STAR FROSTED T-LIGHT HOLDER  ,6,24/07/2019 00:58,3.85,17310.0,  Spain  
537047,22960,JAM MAKING SET WITH JARS,7,2019-01-18 10:05:00,4.65,16992.0,eire
536648,85123A,WHITE HANGING HEART T-LIGHT HOLDER,15,01/06/2019 12:07,2.45,17788.0,  France  
537421,21755,LOVE BUILDING BLOCK WORD,14,16/08/2019 11:33,5.7,13755.0,France
536860,21730,GLASS STAR FROSTED T-LIGHT HOLDER,5,09-18-2019,3.83,14658.0,Germany
536145,21755,LOVE BUILDING BLOCK WORD,5,2019-05-29 00:39:00,5.63,14368.0,Australia
536202,71053,  WHITE METAL LANTERN  ,18,08/02/2019 01:38,3.54,12676.0,Belgium
536024,84406B,CREAM CUPID HEARTS COAT HANGER,19,2019-07-31 18:42:00,2.92,16075.0,  Belgium  
536588,21730,GLASS STAR FROSTED T-LIGHT HOLDER,17,2019-12-11 14:00:00,3.94,14168.0,  Spain  
537323,71270,PINK CRYSTAL GUITAR PHONE CHARM,13,27/06/2019 22:21,1.28,15269.0,United Kingdom
537079,71270,PINK CRYSTAL GUITAR PHONE CHARM,5,03-22-2019,1.26,17190.0,EIRE
536440,84879,ASSORTED COLOUR BIRD ORNAMENT,6,2019-09-28 07:58:00,1.73,16110.0,Spain
536525,21730,GLASS STAR FROSTED T-LIGHT HOLDER,14,2019-01-29 16:38:00,3.9,15002.0,  Portugal  
537269,22423,REGENCY CAKESTAND 3 TIER,3,2019-06-06 15:43:00,13.44,16714.0,Portugal
536037,22752,SET 7 BABUSHKA NESTING BOXES,14,2019-05-16 02:12:00,7.15,16922.0,Germany
536328,84879,assorted colour bird ornament,4,04-28-2019,1.82,16763.0,United Kingdom
537532,85123A,WHITE HANGING HEART T-LIGHT HOLDER,5,2019-10-13 08:25:00,2.76,18037.0,Portugal
536249,22423,REGENCY CAKESTAND 3 TIER,4,09/08/2019 18:58,13.03,17859.0,portugal
536621,84406B,  CREAM CUPID HEARTS COAT HANGER  ,8,09-25-2019,2.81,14030.0,netherlands
536074,21730,GLASS STAR FROSTED T-LIGHT HOLDER,4,2019-01-18 08:08:00,4.41,12486.0,Australia
536855,84879,ASSORTED COLOUR BIRD ORNAMENT,6,07/02/2019 11:21,1.66,13726.0,  France  
536449,84879,  ASSORTED COLOUR BIRD ORNAMENT  ,19,13/02/2019 10:24,1.68,16011.0,Spain
536500,21730,GLASS STAR FROSTED T-LIGHT HOLDER,15,05-22-2019,4.55,18112.0,Switzerland
537514,22960,JAM MAKING SET WITH JARS,18,25/02/2019 09:06,5.36,14944.0,United Kingdom
536555,22752,SET 7 BABUSHKA NESTING BOXES,7,2019-04-30 03:15:00,8.24,17249.0,Portugal
537337,71053,white metal lantern,18,2019-04-13 17:14:00,3.57,14309.0,Spain
537430,21755,LOVE BUILDING BLOCK WORD,14,2019-08-06 02:48:00,6.19,16891.0,France
537055,84406B,CREAM CUPID HEARTS COAT HANGER,8,16/10/2019 06:34,2.97,15397.0,Australia
536011,84406B,cream cupid hearts coat hanger,10,2019-06-11 22:30:00,2.74,13302.0,Netherlands
536276,21730,glass star frosted t-light holder,1,10-19-2019,4.19,13188.0,portugal
537626,84879,assorted colour bird ornament,1,2019-09-05 23:29:00,1.57,16312.0,Spain
537644,22423,REGENCY CAKESTAND 3 TIER,1,2019-07-19 14:47:00,13.35,,France
536587,85123A,WHITE HANGING HEART T-LIGHT HOLDER,19,26/02/2019 09:09,2.79,14291.0,eire
536954,21755,love building block word,7,08-16-2019,5.46,,united kingdom
536115,71270,PINK CRYSTAL GUITAR PHONE CHARM,18,04-24-2019,1.14,16871.0,Portugal
536055,22960,  JAM MAKING SET WITH JARS  ,6,2019-07-14 03:17:00,4.86,13055.0,Netherlands
537567,21730,GLASS STAR FROSTED T-LIGHT HOLDER,9,30/11/2019 19:31,4.29,13835.0,United Kingdom
536038,22752,set 7 babushka nesting boxes,11,2019-04-04 15:34:00,7.96,14975.0,  Australia  
536176,21730,GLASS STAR FROSTED T-LIGHT HOLDER,6,2019-05-09 06:42:00,3.85,13967.0,Germany
536464,71053,WHITE METAL LANTERN,19,2019-03-26 20:24:00,3.51,16639.0,  Switzerland  
536863,22752,SET 7 BABUSHKA NESTING BOXES,16,08/11/2019 04:38,7.71,16978.0,Belgium
536789,71053,WHITE METAL LANTERN,1,01/12/2019 08:45,3.11,14059.0,Australia
536342,84879,ASSORTED COLOUR BIRD ORNAMENT,15,05-04-2019,1.69,14236.0,France
536547,71270,PINK CRYSTAL GUITAR PHONE CHARM,9,2019-09-20 13:48:00,1.3,16878.0,netherlands
536840,71053,WHITE METAL LANTERN,13,07-19-2019,3.6,17658.0,  Portugal  
537344,85123A,  WHITE HANGING HEART T-LIGHT HOLDER  ,17,2019-04-14 04:08:00,2.4,14188.0,Australia
537017,84406B,CREAM CUPID HEARTS COAT HANGER,10,2019-01-14 09:52:00,2.82,12404.0,eire
537280,85123A,WHITE HANGING HEART T-LIGHT HOLDER,13,2019-09-24 19:23:00,2.75,16503.0,netherlands
C537438,85123A,WHITE HANGING HEART T-LIGHT HOLDER,-10,11-26-2019,2.46,13793.0,Belgium
537471,71270,  PINK CRYSTAL GUITAR PHONE CHARM  ,2,2019-02-20 04:50:00,1.34,15032.0,Switzerland
537529,71053,WHITE METAL LANTERN,11,2019-11-28 07:39:00,3.36,,United Kingdom
537413,22752,SET 7 BABUSHKA NESTING BOXES,18,2019-09-17 07:29:00,7.93,15006.0,Portugal
537651,71270,pink crystal guitar phone charm,6,13/06/2019 18:37,1.22,17482.0,Australia
537068,84879,ASSORTED COLOUR BIRD ORNAMENT,19,2019-10-08 07:02:00,1.81,17814.0,Netherlands
537424,71053,  WHITE METAL LANTERN  ,14,18/02/2019 20:51,3.12,12990.0,Switzerland
536593,71270,PINK CRYSTAL GUITAR PHONE CHARM,8,2019-11-20 05:31:00,1.3,14089.0,  Belgium  
536341,22752,set 7 babushka nesting boxes,6,06-10-2019,7.89,15143.0,EIRE
537430,22960,JAM MAKING SET WITH JARS,16,2019-02-23 10:15:00,5.08,12663.0,United Kingdom
537277,22423,REGENCY CAKESTAND 3 TIER,18,30/12/2019 06:36,12.28,17244.0,germany
536027,22423,REGENCY CAKESTAND 3 TIER,17,2019-03-15 19:18:00,13.14,15631.0,Netherlands
537186,21730,GLASS STAR FROSTED T-LIGHT HOLDER,2,2019-08-05 19:40:00,3.88,17932.0,France
536676,21730,  GLASS STAR FROSTED T-LIGHT HOLDER  ,8,06/12/2019 17:03,4.32,17605.0,Germany
537262,22752,  SET 7 BABUSHKA NESTING BOXES  ,7,2019-02-22 22:49:00,7.05,14696.0,Australia
537270,21730,GLASS STAR FROSTED T-LIGHT HOLDER,12,2019-03-28 18:06:00,3.93,,Germany
536492,84879,ASSORTED COLOUR BIRD ORNAMENT,9,23/07/2019 15:15,1.82,13157.0,Belgium
536905,22752,set 7 babushka nesting boxes,11,2019-03-20 00:47:00,7.29,12903.0,United Kingdom
537398,84406B,CREAM CUPID HEARTS COAT HANGER,13,2019-08-11 12:24:00,2.71,16885.0,United Kingdom
537174,21730,GLASS STAR FROSTED T-LIGHT HOLDER,18,2019-07-22 00:44:00,4.38,16044.0,EIRE
537591,84879,ASSORTED COLOUR BIRD ORNAMENT,2,2019-02-09 04:22:00,1.76,,Spain
536891,85123A,WHITE HANGING HEART T-LIGHT HOLDER,2,2019-01-30 18:38:00,2.41,16032.0,  Germany  
536492,71270,pink crystal guitar phone charm,6,2019-09-20 23:04:00,1.16,15716.0,Germany
537371,71270,PINK CRYSTAL GUITAR PHONE CHARM,4,02/11/2019 02:19,1.24,17392.0,  Switzerland  
536827,22752,SET 7 BABUSHKA NESTING BOXES,10,31/03/2019 21:03,7.2,13015.0,France
536854,21755,LOVE BUILDING BLOCK WORD,18,01/06/2019 16:35,5.73,13385.0,EIRE
537134,22423,  REGENCY CAKESTAND 3 TIER  ,8,2019-11-21 22:04:00,12.24,,Spain
537639,22960,  JAM MAKING SET WITH JARS  ,12,2019-03-18 14:55:00,5.04,13256.0,  France  
536719,84406B,  CREAM CUPID HEARTS COAT HANGER  ,8,2019-03-27 12:12:00,2.95,14326.0,Netherlands
536628,22752,SET 7 BABUSHKA NESTING BOXES,11,22/06/2019 12:46,7.35,13956.0,United Kingdom
536652,71270,PINK CRYSTAL GUITAR PHONE CHARM,19,2019-12-03 18:57:00,1.18,14960.0,Germany
536543,22960,JAM MAKING SET WITH JARS,14,2019-10-04 05:03:00,5.1,14368.0,  EIRE  
536899,22423,regency cakestand 3 tier,10,22/02/2019 03:31,13.95,14543.0,Netherlands
537353,21730,  GLASS STAR FROSTED T-LIGHT HOLDER  ,16,2019-02-22 02:39:00,4.25,18155.0,Australia
536013,21730,GLASS STAR FROSTED T-LIGHT HOLDER,3,12-22-2019,4.6,13750.0,United Kingdom
536568,21755,LOVE BUILDING BLOCK WORD,6061,02-15-2019,5.58,12494.0,Australia
536897,71053,WHITE METAL LANTERN,9,2019-09-23 03:35:00,3.45,,  EIRE  
537578,84406B,CREAM CUPID HEARTS COAT HANGER,8,2019-12-16 16:22:00,2.93,15805.0,France
537100,85123A,WHITE HANGING HEART T-LIGHT HOLDER,11,23/01/2019 17:26,2.76,17113.0,EIRE
537466,85123A,WHITE HANGING HEART T-LIGHT HOLDER,3,01/10/2019 21:51,2.58,13474.0,EIRE
537057,84406B,CREAM CUPID HEARTS COAT HANGER,18,09-10-2019,2.64,12757.0,portugal
537045,21730,GLASS STAR FROSTED T-LIGHT HOLDER,9,2019-06-12 20:20:00,4.47,13635.0,germany
536103,71270,PINK CRYSTAL GUITAR PHONE CHARM,7,06/12/2019 14:39,1.19,14833.0,France
536543,71053,WHITE METAL LANTERN,7,10/03/2019 07:15,3.73,13957.0,United Kingdom
537220,84879,ASSORTED COLOUR BIRD ORNAMENT,13,2019-06-17 15:39:00,1.76,14919.0,Switzerland
536689,22960,jam making set with jars,14,11/11/2019 11:42,4.8,14644.0,Germany
536475,22960,JAM MAKING SET WITH JARS,11,22/10/2019 21:41,4.87,15001.0,  Portugal  
536667,22752,  SET 7 BABUSHKA NESTING BOXES  ,16,2019-04-24 23:10:00,7.78,15654.0,Switzerland
536119,71270,PINK CRYSTAL GUITAR PHONE CHARM,15,2019-03-12 22:20:00,1.24,17307.0,Belgium
536802,22960,jam making set with jars,5,2019-05-01 15:28:00,4.77,14220.0,united kingdom
536376,22960,JAM MAKING SET WITH JARS,9,14/08/2019 18:18,4.75,,France
537207,84879,ASSORTED COLOUR BIRD ORNAMENT,6,2019-12-26 18:22:00,1.55,12588.0,Switzerland
536779,22423,REGENCY CAKESTAND 3 TIER,14,24/01/2019 18:38,11.53,14890.0,Netherlands
536609,21755,LOVE BUILDING BLOCK WORD,3,26/03/2019 09:17,5.82,,France
C536813,71270,PINK CRYSTAL GUITAR PHONE CHARM,-17,2019-01-08 17:40:00,1.13,,France
536042,84879,ASSORTED COLOUR BIRD ORNAMENT,2,26/07/2019 08:01,1.62,,Germany
536336,22960,JAM MAKING SET WITH JARS,6,14/07/2019 09:05,5.29,12593.0,  Portugal  
536604,84406B,  CREAM CUPID HEARTS COAT HANGER  ,17,02/09/2019 12:54,2.81,15978.0,  United Kingdom  
537235,84879,ASSORTED COLOUR BIRD ORNAMENT,1,28/07/2019 09:07,1.72,14590.0,  Australia  
536219,85123A,WHITE HANGING HEART T-LIGHT HOLDER,6,29/12/2019 01:58,2.42,15843.0,  Spain  
536415,84406B,CREAM CUPID HEARTS COAT HANGER,6,2019-08-08 15:11:00,2.66,15636.0,Germany
537616,71270,  PINK CRYSTAL GUITAR PHONE CHARM  ,8,01-29-2019,1.15,14180.0,spain
536923,71053,,6,03-05-2019,3.73,15326.0,Netherlands
536067,84406B,  CREAM CUPID HEARTS COAT HANGER  ,3,09-02-2019,2.55,12703.0,Germany
537114,84879,ASSORTED COLOUR BIRD ORNAMENT,4,2019-03-11 19:02:00,1.77,,  Portugal  
537630,85123A,WHITE HANGING HEART T-LIGHT HOLDER,19,10-11-2019,2.74,17631.0,switzerland
536473,84879,  ASSORTED COLOUR BIRD ORNAMENT  ,8,2019-10-04 01:40:00,1.53,16162.0,  Germany  
536605,21730,  GLASS STAR FROSTED T-LIGHT HOLDER  ,18,04-08-2019,4.13,15861.0,australia
536318,22423,REGENCY CAKESTAND 3 TIER,9,2019-02-23 16:27:00,12.19,17101.0,Portugal
537016,71270,PINK CRYSTAL GUITAR PHONE CHARM,2,05-30-2019,1.22,14026.0,  Germany  
536806,71270,pink crystal guitar phone charm,18,01-27-2019,1.26,,Germany
537254,22423,REGENCY CAKESTAND 3 TIER,10,2019-01-27 20:36:00,12.91,16728.0,Portugal
536787,22752,set 7 babushka nesting boxes,14,22/02/2019 13:01,7.32,16383.0,Netherlands
537119,22960,JAM MAKING SET WITH JARS,7,2019-04-20 07:50:00,4.75,16364.0,Germany
536332,85123A,WHITE HANGING HEART T-LIGHT HOLDER,8,08/06/2019 05:16,2.33,13143.0,spain
536197,22960,JAM MAKING SET WITH JARS,6,2019-11-12 08:45:00,4.7,12587.0,  Germany  
536323,21730,glass star frosted t-light holder,14,2019-06-20 17:06:00,4.6,17567.0,spain
536067,21755,love building block word,10,07/04/2019 00:05,6.54,17836.0,united kingdom
537535,71053,WHITE METAL LANTERN,18,2019-04-26 16:31:00,3.07,14496.0,EIRE
536658,22752,SET 7 BABUSHKA NESTING BOXES,12,2019-10-07 23:00:00,7.0,17466.0,EIRE
537361,84406B,CREAM CUPID HEARTS COAT HANGER,18,11-24-2019,2.9,,EIRE
537626,84879,assorted colour bird ornament,4,2019-05-10 00:39:00,1.85,14969.0,Spain
537106,22960,  JAM MAKING SET WITH JARS  ,17,22/03/2019 14:52,4.67,17492.0,australia
537564,84879,ASSORTED COLOUR BIRD ORNAMENT,13,2019-06-22 11:24:00,1.82,17560.0,Spain
537239,22752,SET 7 BABUSHKA NESTING BOXES,17,19/03/2019 10:02,7.77,12622.0,Belgium
536660,71270,PINK CRYSTAL GUITAR PHONE CHARM,13,2019-11-08 19:31:00,1.22,17944.0,Netherlands
536793,84879,ASSORTED COLOUR BIRD ORNAMENT,18,11-09-2019,1.73,17201.0,Netherlands
536828,22752,SET 7 BABUSHKA NESTING BOXES,6,2019-10-01 19:39:00,6.94,16217.0,France
536791,21755,LOVE BUILDING BLOCK WORD,2,08/10/2019 23:26,5.48,14805.0,france
537608,71270,,14,2019-06-10 20:42:00,1.35,17682.0,Australia
537604,71053,WHITE METAL LANTERN,11,2019-07-28 04:50:00,3.32,17405.0,United Kingdom
537032,21755,love building block word,15,2019-08-05 08:33:00,6.25,14445.0,netherlands
C537633,21730,GLASS STAR FROSTED T-LIGHT HOLDER,-9,2019-10-31 13:34:00,4.04,13577.0,spain
537029,22752,SET 7 BABUSHKA NESTING BOXES,18,2019-12-02 22:07:00,7.25,14143.0,Australia
537488,21755,LOVE BUILDING BLOCK WORD,18,2019-08-19 06:58:00,6.07,,Germany
536395,21730,  GLASS STAR FROSTED T-LIGHT HOLDER  ,17,2019-12-02 04:43:00,3.92,13821.0,netherlands
536776,22752,SET 7 BABUSHKA NESTING BOXES,17,12-13-2019,7.4,13104.0,United Kingdom
536780,22423,  REGENCY CAKESTAND 3 TIER  ,15,2019-03-17 21:19:00,13.44,,United Kingdom
536117,21755,LOVE BUILDING BLOCK WORD,4,2019-03-14 23:08:00,5.7,13533.0,United Kingdom
537134,84406B,cream cupid hearts coat hanger,12,2019-12-25 20:54:00,2.86,13428.0,Germany
C536585,71270,pink crystal guitar phone charm,-19,10-22-2019,1.37,17848.0,spain
536531,71270,PINK CRYSTAL GUITAR PHONE CHARM,14,2019-05-14 15:48:00,1.34,14913.0,Switzerland
536014,22423,REGENCY CAKESTAND 3 TIER,7,20/08/2019 06:58,13.9,16040.0,Netherlands
537592,22752,SET 7 BABUSHKA NESTING BOXES,16,2019-06-20 02:53:00,7.2,12478.0,EIRE
536716,22423,regency cakestand 3 tier,13,29/08/2019 10:14,13.13,12709.0,spain
537115,22423,REGENCY CAKESTAND 3 TIER,10,2019-09-23 19:02:00,14.01,13431.0,portugal
537522,21730,GLASS STAR FROSTED T-LIGHT HOLDER,4,2019-03-20 01:50:00,4.4,13961.0,australia
536831,71270,PINK CRYSTAL GUITAR PHONE CHARM,14,2019-01-24 02:31:00,1.34,17044.0,  Germany  
537232,71270,PINK CRYSTAL GUITAR PHONE CHARM,3,2019-06-22 20:43:00,1.23,12542.0,portugal
536424,84879,ASSORTED COLOUR BIRD ORNAMENT,7,12/02/2019 23:52,1.64,12480.0,Netherlands
536727,71053,WHITE METAL LANTERN,3,02-10-2019,3.3,12470.0,Netherlands
536191,85123A,white hanging heart t-light holder,14,25/11/2019 00:06,2.32,18022.0,Switzerland
536640,21730,GLASS STAR FROSTED T-LIGHT HOLDER,19,2019-07-25 10:50:00,4.39,15465.0,  Portugal  
536974,22423,regency cakestand 3 tier,14,05-30-2019,12.83,14142.0,  Portugal  
537559,22752,set 7 babushka nesting boxes,17,14/06/2019 11:50,8.11,15298.0,spain
536285,21730,GLASS STAR FROSTED T-LIGHT HOLDER,3,2019-09-05 02:04:00,4.27,,Portugal
536725,21730,GLASS STAR FROSTED T-LIGHT HOLDER,10,2019-08-01 03:05:00,4.18,15702.0,United Kingdom
537176,71270,PINK CRYSTAL GUITAR PHONE CHARM,10,2019-02-10 09:40:00,1.18,12894.0,United Kingdom
536931,71053,WHITE METAL LANTERN,5,26/06/2019 14:51,3.06,,Portugal
536682,22752,  SET 7 BABUSHKA NESTING BOXES  ,12,2019-03-11 16:02:00,8.11,18186.0,Portugal
536602,21755,LOVE BUILDING BLOCK WORD,4,2019-10-07 14:32:00,5.8,15824.0,  Switzerland  
536873,71053,WHITE METAL LANTERN,19,05-26-2019,3.09,17363.0,  Belgium  
537532,22752,SET 7 BABUSHKA NESTING BOXES,12,2019-08-13 22:49:00,7.3,14227.0,EIRE
536632,22423,REGENCY CAKESTAND 3 TIER,16,2019-03-21 14:47:00,13.54,17968.0,Portugal
536615,71270,PINK CRYSTAL GUITAR PHONE CHARM,3,06-02-2019,1.32,,Germany
537503,22423,REGENCY CAKESTAND 3 TIER,2,2019-08-30 13:34:00,13.84,14510.0,France
C536291,22423,REGENCY CAKESTAND 3 TIER,-8,05-21-2019,12.93,15976.0,Belgium
536034,22960,JAM MAKING SET WITH JARS,2,2019-11-12 00:41:00,5.34,13806.0,France
537373,21730,GLASS STAR FROSTED T-LIGHT HOLDER,16,2019-01-08 17:47:00,4.23,14363.0,EIRE
536819,22960,JAM MAKING SET WITH JARS,14,2019-01-10 20:23:00,5.16,,United Kingdom
537369,85123A,white hanging heart t-light holder,9,12-31-2019,2.76,,EIRE
537075,21755,LOVE BUILDING BLOCK WORD,3,2019-04-09 18:21:00,6.41,16080.0,Switzerland
537136,85123A,WHITE HANGING HEART T-LIGHT HOLDER,1,2019-04-21 20:31:00,2.43,15367.0,germany
536201,21730,GLASS STAR FROSTED T-LIGHT HOLDER,5,02-20-2019,4.27,17400.0,Australia
536329,22960,  JAM MAKING SET WITH JARS  ,18,10/02/2019 01:39,5.16,12622.0,Netherlands
536411,22960,jam making set with jars,15,2019-06-26 15:08:00,4.7,16183.0,Germany
536022,22423,REGENCY CAKESTAND 3 TIER,18,2019-02-26 06:49:00,11.9,15776.0,Germany
536477,71053,WHITE METAL LANTERN,13,2019-10-01 03:44:00,3.66,15250.0,Australia
536128,84406B,  CREAM CUPID HEARTS COAT HANGER  ,15,02-09-2019,2.89,13570.0,Spain
536297,84406B,CREAM CUPID HEARTS COAT HANGER,6,13/04/2019 07:44,2.72,15899.0,EIRE
536018,71270,PINK CRYSTAL GUITAR PHONE CHARM,6,2019-07-02 00:35:00,1.36,15892.0,Netherlands
536237,21755,LOVE BUILDING BLOCK WORD,4,2019-11-20 05:34:00,6.05,15835.0,United Kingdom
536790,71053,  WHITE METAL LANTERN  ,19,08-08-2019,3.66,14890.0,  Australia  
536708,22752,SET 7 BABUSHKA NESTING BOXES,13,2019-04-16 13:39:00,7.31,15916.0,France
536862,84406B,CREAM CUPID HEARTS COAT HANGER,11,26/03/2019 11:19,2.88,15576.0,Belgium
536118,22752,SET 7 BABUSHKA NESTING BOXES,14,16/06/2019 10:57,7.62,17470.0,EIRE
536614,22752,  SET 7 BABUSHKA NESTING BOXES  ,18,2019-07-01 07:09:00,8.3,12606.0,Portugal
536802,84406B,cream cupid hearts coat hanger,19,12-25-2019,2.84,16796.0,Australia
536339,22960,JAM MAKING SET WITH JARS,8,2019-02-05 00:41:00,4.63,17183.0,Spain
536438,22423,REGENCY CAKESTAND 3 TIER,12,2019-10-29 10:14:00,12.55,15433.0,Germany
537098,71053,  WHITE METAL LANTERN  ,12,2019-08-23 04:26:00,3.23,16857.0,united kingdom
536987,84406B,CREAM CUPID HEARTS COAT HANGER,7,10/03/2019 05:44,2.97,15136.0,EIRE
536102,84879,ASSORTED COLOUR BIRD ORNAMENT,18,05/05/2019 05:09,1.54,15162.0,Netherlands
537153,71270,PINK CRYSTAL GUITAR PHONE CHARM,15,2019-05-22 18:16:00,1.15,18011.0,France
536271,22752,SET 7 BABUSHKA NESTING BOXES,6,2019-09-04 00:53:00,7.63,13985.0,Portugal
536013,71053,WHITE METAL LANTERN,11,2019-04-24 19:54:00,3.3,15079.0,Portugal
C537208,84406B,CREAM CUPID HEARTS COAT HANGER,-19,2019-07-02 11:20:00,2.61,12644.0,  Australia  
536468,22960,JAM MAKING SET WITH JARS,9,2019-07-18 15:23:00,4.76,,  Belgium  
537213,22752,  SET 7 BABUSHKA NESTING BOXES  ,14,2019-01-11 15:58:00,7.69,13632.0,  Germany  
536560,21730,GLASS STAR FROSTED T-LIGHT HOLDER,9,04-27-2019,4.16,13833.0,france
536294,21730,GLASS STAR FROSTED T-LIGHT HOLDER,16,26/06/2019 01:10,4.24,18161.0,United Kingdom
537221,71270,PINK CRYSTAL GUITAR PHONE CHARM,13,08-31-2019,1.24,13472.0,netherlands
536232,22752,SET 7 BABUSHKA NESTING BOXES,15,22/10/2019 20:19,8.4,12831.0,Netherlands
537300,22423,regency cakestand 3 tier,5,07-21-2019,12.91,16215.0,Spain
537349,21755,LOVE BUILDING BLOCK WORD,19,26/02/2019 06:36,5.56,,  United Kingdom  
536683,22423,REGENCY CAKESTAND 3 TIER,6,2019-09-19 09:32:00,12.42,16335.0,eire
537307,84879,  ASSORTED COLOUR BIRD ORNAMENT  ,5,2019-09-04 02:03:00,1.85,17613.0,Germany
536071,85123A,WHITE HANGING HEART T-LIGHT HOLDER,15,2019-07-14 18:47:00,2.67,17988.0,Netherlands
537008,22960,  JAM MAKING SET WITH JARS  ,8,2019-02-20 20:46:00,4.57,15089.0,belgium
536715,71270,PINK CRYSTAL GUITAR PHONE CHARM,17,26/06/2019 03:21,1.22,13751.0,spain
536774,22423,REGENCY CAKESTAND 3 TIER,8,08/12/2019 09:43,11.68,12970.0,  Portugal  
537213,21755,LOVE BUILDING BLOCK WORD,1,2019-06-10 03:30:00,6.35,16298.0,eire
536827,84406B,CREAM CUPID HEARTS COAT HANGER,16,01/10/2019 01:48,2.75,17090.0,Belgium
536456,21755,LOVE BUILDING BLOCK WORD,1,25/05/2019 08:24,5.36,17892.0,eire
536522,21755,LOVE BUILDING BLOCK WORD,9,09/03/2019 01:47,6.35,13277.0,Portugal
536730,71053,WHITE METAL LANTERN,11,14/12/2019 02:28,3.1,,Australia
537106,84406B,  CREAM CUPID HEARTS COAT HANGER  ,6,2019-06-14 23:56:00,2.48,14102.0,France
536377,84879,ASSORTED COLOUR BIRD ORNAMENT,5,2019-09-04 18:29:00,1.71,16145.0,EIRE
537665,22752,SET 7 BABUSHKA NESTING BOXES,11,07/03/2019 12:51,7.55,14977.0,United Kingdom
537510,21755,  LOVE BUILDING BLOCK WORD  ,19,2019-06-21 13:29:00,5.99,13729.0,  United Kingdom  
536505,84879,  ASSORTED COLOUR BIRD ORNAMENT  ,7,2019-04-23 11:40:00,1.82,17063.0,France
536916,71270,  PINK CRYSTAL GUITAR PHONE CHARM  ,11,01/06/2019 20:19,1.17,12579.0,Portugal
536834,85123A,WHITE HANGING HEART T-LIGHT HOLDER,1,08/05/2019 22:26,2.38,17729.0,Germany
537014,22752,SET 7 BABUSHKA NESTING BOXES,9,2019-10-12 07:58:00,8.24,15598.0,eire
536588,21730,GLASS STAR FROSTED T-LIGHT HOLDER,8,19/11/2019 17:16,4.51,15448.0,Australia
536728,84879,ASSORTED COLOUR BIRD ORNAMENT,11,2019-09-12 16:39:00,1.66,16977.0,  Portugal  
537623,22960,JAM MAKING SET WITH JARS,14,2019-01-06 05:53:00,4.95,17099.0,Spain
537102,21755,,13,2019-04-27 17:58:00,6.13,17774.0,france
537347,71270,PINK CRYSTAL GUITAR PHONE CHARM,8,19/03/2019 21:57,1.14,17744.0,Switzerland
536345,21755,LOVE BUILDING BLOCK WORD,9,2019-12-26 05:59:00,5.85,15263.0,Netherlands
536812,22752,SET 7 BABUSHKA NESTING BOXES,16,29/03/2019 22:57,7.09,17783.0,Portugal
536999,71270,  PINK CRYSTAL GUITAR PHONE CHARM  ,2,2019-05-23 19:39:00,1.23,14585.0,Belgium
536503,22752,SET 7 BABUSHKA NESTING BOXES,9,10-02-2019,6.89,17224.0,Australia
536137,71053,WHITE METAL LANTERN,4,2019-03-28 06:56:00,3.37,13488.0,Switzerland
537495,84406B,CREAM CUPID HEARTS COAT HANGER,14,20/02/2019 08:11,2.93,12652.0,  Netherlands  
537439,85123A,WHITE HANGING HEART T-LIGHT HOLDER,15,2019-03-18 00:14:00,2.67,,  Spain  
536433,21730,GLASS STAR FROSTED T-LIGHT HOLDER,4,2019-12-25 01:15:00,3.84,14329.0,Australia
537086,84879,  ASSORTED COLOUR BIRD ORNAMENT  ,18,11-03-2019,1.73,16179.0,Australia
536432,21730,GLASS STAR FROSTED T-LIGHT HOLDER,2,2019-05-01 00:32:00,4.56,16675.0,Netherlands
537205,84879,ASSORTED COLOUR BIRD ORNAMENT,13,2019-12-29 15:46:00,1.73,14724.0,France
537105,22960,JAM MAKING SET WITH JARS,4,11-12-2019,4.96,16835.0,spain
537158,22960,  JAM MAKING SET WITH JARS  ,7,2019-07-24 15:32:00,5.14,15575.0,Netherlands
536259,22752,SET 7 BABUSHKA NESTING BOXES,4,2019-04-13 07:14:00,8.32,16392.0,France
537374,71270,PINK CRYSTAL GUITAR PHONE CHARM,10,06-10-2019,1.22,16882.0,united kingdom
537463,21755,LOVE BUILDING BLOCK WORD,17,13/09/2019 00:03,6.41,13551.0,Belgium
536849,21730,GLASS STAR FROSTED T-LIGHT HOLDER,2,2019-12-30 15:05:00,4.41,12646.0,Portugal
537636,71053,  WHITE METAL LANTERN  ,9,25/05/2019 18:21,3.16,14246.0,Portugal
536252,21730,glass star frosted t-light holder,5,2019-02-24 23:38:00,4.02,13111.0,Switzerland
536789,22423,REGENCY CAKESTAND 3 TIER,11,2019-07-29 16:05:00,12.05,,United Kingdom
536825,22960,jam making set with jars,12,09/01/2019 13:08,5.16,18285.0,Switzerland
537216,22960,JAM MAKING SET WITH JARS,15,2019-04-05 03:16:00,5.36,12815.0,Belgium
536439,71053,WHITE METAL LANTERN,18,06-22-2019,3.38,16251.0,Portugal
537061,22960,JAM MAKING SET WITH JARS,6,2019-05-31 08:14:00,5.39,16706.0,switzerland
536024,22752,SET 7 BABUSHKA NESTING BOXES,18,2019-11-02 20:14:00,7.04,17102.0,australia
536008,21730,GLASS STAR FROSTED T-LIGHT HOLDER,18,16/06/2019 06:22,4.42,16886.0,Australia
537130,84406B,CREAM CUPID HEARTS COAT HANGER,8,2019-02-11 07:56:00,0.0,12680.0,United Kingdom
537214,22423,REGENCY CAKESTAND 3 TIER,5,02-23-2019,12.06,,France
536375,85123A,WHITE HANGING HEART T-LIGHT HOLDER,3,10-17-2019,2.5,17456.0,Germany
537192,84879,assorted colour bird ornament,9,09-04-2019,1.65,16490.0,  Germany  
536379,84879,ASSORTED COLOUR BIRD ORNAMENT,15,2019-05-25 00:35:00,1.77,14529.0,  Switzerland  
536168,21730,  GLASS STAR FROSTED T-LIGHT HOLDER  ,13,2019-05-31 00:19:00,3.92,15032.0,France
536520,22423,REGENCY CAKESTAND 3 TIER,13,06-05-2019,11.93,13340.0,  Switzerland  
537657,22423,REGENCY CAKESTAND 3 TIER,16,2019-12-15 17:03:00,12.68,14821.0,Portugal
537475,85123A,WHITE HANGING HEART T-LIGHT HOLDER,15,05-05-2019,2.79,16231.0,  United Kingdom  
537623,22960,JAM MAKING SET WITH JARS,15,2019-08-01 23:52:00,4.54,13533.0,Portugal
537655,71053,  WHITE METAL LANTERN  ,18,2019-04-10 09:20:00,3.44,14737.0,Netherlands
C537176,84879,  ASSORTED COLOUR BIRD ORNAMENT  ,-10,2019-04-07 09:36:00,1.62,14400.0,netherlands
537461,84406B,cream cupid hearts coat hanger,14,2019-07-31 12:53:00,2.58,12908.0,Switzerland
536373,22752,SET 7 BABUSHKA NESTING BOXES,9,2019-11-14 18:58:00,7.86,,France
536370,84406B,cream cupid hearts coat hanger,11,17/02/2019 20:12,2.49,15730.0,  Australia  
536195,85123A,,14,2019-12-28 20:42:00,2.33,16549.0,portugal
536200,21730,GLASS STAR FROSTED T-LIGHT HOLDER,16,07-12-2019,4.04,16779.0,France
536203,21730,GLASS STAR FROSTED T-LIGHT HOLDER,10,01-22-2019,4.31,15209.0,Spain
537062,84879,ASSORTED COLOUR BIRD ORNAMENT,17,11/09/2019 20:25,1.55,18182.0,EIRE
536824,85123A,white hanging heart t-light holder,1,05-06-2019,2.75,17893.0,Portugal
536898,22423,REGENCY CAKESTAND 3 TIER,19,09-19-2019,13.69,12753.0,Germany
536363,84879,ASSORTED COLOUR BIRD ORNAMENT,19,09-13-2019,1.63,16071.0,Switzerland
536912,22752,  SET 7 BABUSHKA NESTING BOXES  ,9,14/01/2019 09:12,7.21,,  Australia  
536511,22960,JAM MAKING SET WITH JARS,4,2019-10-13 02:18:00,4.61,15105.0,Belgium
536469,22423,REGENCY CAKESTAND 3 TIER,8,2019-11-09 02:43:00,11.66,14835.0,Belgium
C536871,21730,GLASS STAR FROSTED T-LIGHT HOLDER,-16,2019-02-08 08:55:00,3.99,15675.0,Switzerland
536116,22423,REGENCY CAKESTAND 3 TIER,3,2019-01-02 20:01:00,11.63,17912.0,Germany
536295,21730,GLASS STAR FROSTED T-LIGHT HOLDER,17,2019-07-17 21:15:00,4.29,15000.0,France
537654,84406B,CREAM CUPID HEARTS COAT HANGER,14,2019-08-21 15:15:00,2.87,12848.0,Portugal
537522,84406B,CREAM CUPID HEARTS COAT HANGER,9,10-10-2019,2.87,16700.0,Spain
536260,22960,JAM MAKING SET WITH JARS,14,2019-02-15 10:14:00,5.39,13736.0,Australia
537565,85123A,  WHITE HANGING HEART T-LIGHT HOLDER  ,19,2019-01-27 11:46:00,2.73,15769.0,Australia
537350,21755,love building block word,11,2019-07-15 22:49:00,5.99,14585.0,EIRE
536209,21730,GLASS STAR FROSTED T-LIGHT HOLDER,3,11-30-2019,4.02,18256.0,France
537384,21730,GLASS STAR FROSTED T-LIGHT HOLDER,3,2019-12-31 08:36:00,4.39,13985.0,Portugal
537629,21755,LOVE BUILDING BLOCK WORD,11,07/11/2019 17:46,5.45,13526.0,  United Kingdom  
536849,22960,JAM MAKING SET WITH JARS,6,2019-10-15 00:00:00,4.92,14456.0,Australia
537259,84879,ASSORTED COLOUR BIRD ORNAMENT,9,2019-10-31 04:57:00,1.81,17044.0,eire
536819,84879,ASSORTED COLOUR BIRD ORNAMENT,9,09/04/2019 19:03,1.7,13490.0,france
536136,71270,PINK CRYSTAL GUITAR PHONE CHARM,13,02-19-2019,1.3,13325.0,Spain
537130,84406B,CREAM CUPID HEARTS COAT HANGER,13,2019-05-12 10:07:00,2.88,12958.0,germany
536054,21755,love building block word,17,2019-09-17 14:10:00,5.71,15013.0,EIRE
537088,84406B,CREAM CUPID HEARTS COAT HANGER,6,2019-04-05 14:11:00,2.99,,  Australia  
537562,21730,glass star frosted t-light holder,18,2019-12-03 02:21:00,3.84,12396.0,  Belgium  
536778,21755,LOVE BUILDING BLOCK WORD,12,01/01/2019 09:35,6.04,14152.0,portugal
536679,22960,JAM MAKING SET WITH JARS,11,2019-03-24 14:58:00,5.33,14226.0,Australia
536656,85123A,WHITE HANGING HEART T-LIGHT HOLDER,13,2019-01-14 23:17:00,2.69,15510.0,Australia
537169,84406B,cream cupid hearts coat hanger,5,09-28-2019,2.74,16028.0,Belgium
537190,22423,  REGENCY CAKESTAND 3 TIER  ,9,09-12-2019,11.93,13569.0,Belgium
536549,21755,love building block word,5,2019-05-28 02:14:00,5.67,12829.0,EIRE
537308,21730,GLASS STAR FROSTED T-LIGHT HOLDER,18,21/10/2019 07:16,4.62,13718.0,Portugal
536808,71270,PINK CRYSTAL GUITAR PHONE CHARM,6,2019-06-04 18:07:00,1.16,15838.0,  Australia  
536362,21755,LOVE BUILDING BLOCK WORD,10,07-23-2019,6.35,18285.0,  United Kingdom  
537637,21730,GLASS STAR FROSTED T-LIGHT HOLDER,1,2019-03-22 21:00:00,4.4,15873.0,EIRE
537402,22423,REGENCY CAKESTAND 3 TIER,1,30/07/2019 17:06,12.88,15397.0,united kingdom
537046,22423,regency cakestand 3 tier,2,2019-09-12 14:32:00,12.24,15153.0,  France  
537605,21730,  GLASS STAR FROSTED T-LIGHT HOLDER  ,12,06-14-2019,3.85,16172.0,united kingdom
537355,22423,regency cakestand 3 tier,16,2019-08-23 23:28:00,13.62,13589.0,Australia
536584,71270,PINK CRYSTAL GUITAR PHONE CHARM,8,2019-07-11 00:38:00,1.13,12552.0,Netherlands
536098,21755,LOVE BUILDING BLOCK WORD,9,05-31-2019,5.79,,France
537348,22423,REGENCY CAKESTAND 3 TIER,1,2019-07-10 14:17:00,11.83,16160.0,  Switzerland  
536321,85123A,  WHITE HANGING HEART T-LIGHT HOLDER  ,9,2019-11-20 16:13:00,2.31,12393.0,EIRE
536607,21730,GLASS STAR FROSTED T-LIGHT HOLDER,11,2019-03-10 08:50:00,3.98,13561.0,France
536636,22960,JAM MAKING SET WITH JARS,10,2019-07-21 13:44:00,5.39,,eire
536971,84879,assorted colour bird ornament,7,31/08/2019 03:29,1.74,14693.0,Australia
536953,21730,GLASS STAR FROSTED T-LIGHT HOLDER,7,02/08/2019 06:25,4.06,16703.0,United Kingdom
537419,22423,REGENCY CAKESTAND 3 TIER,11,24/05/2019 08:24,12.86,15039.0,Switzerland
536787,22960,  JAM MAKING SET WITH JARS  ,16,2019-02-04 12:46:00,5.12,12741.0,Germany
536176,21755,love building block word,4,2019-05-07 00:20:00,6.08,12782.0,australia
537067,71270,pink crystal guitar phone charm,19,07-24-2019,1.2,12811.0,Belgium
537075,85123A,WHITE HANGING HEART T-LIGHT HOLDER,5,06-28-2019,2.66,15704.0,Australia
536656,22423,,5,06-18-2019,11.69,18015.0,Germany
536745,21730,GLASS STAR FROSTED T-LIGHT HOLDER,9,03-26-2019,3.96,12380.0,Netherlands
536009,85123A,WHITE HANGING HEART T-LIGHT HOLDER,2,02-16-2019,2.76,16528.0,france
537360,21755,LOVE BUILDING BLOCK WORD,16,24/03/2019 04:49,6.13,18049.0,Belgium
536557,71053,white metal lantern,17,15/05/2019 10:57,3.61,12496.0,France
536091,84406B,CREAM CUPID HEARTS COAT HANGER,5,2019-04-17 20:39:00,2.92,15738.0,Germany
536357,71270,PINK CRYSTAL GUITAR PHONE CHARM,19,13/03/2019 02:01,1.28,13885.0,United Kingdom
536358,84406B,CREAM CUPID HEARTS COAT HANGER,9,2019-12-31 12:47:00,2.8,,Belgium
537297,21755,love building block word,7,09-02-2019,5.36,17181.0,Australia
537366,22960,JAM MAKING SET WITH JARS,18,2019-12-02 19:36:00,4.73,13107.0,netherlands
537325,22960,JAM MAKING SET WITH JARS,16,20/11/2019 13:37,4.46,12566.0,Germany
537493,84879,  ASSORTED COLOUR BIRD ORNAMENT  ,10,02-03-2019,1.65,12370.0,eire
536767,84406B,CREAM CUPID HEARTS COAT HANGER,5,04/01/2019 22:41,2.88,16949.0,EIRE
537127,71053,WHITE METAL LANTERN,12,2019-02-06 18:51:00,3.46,15074.0,United Kingdom
537657,21755,love building block word,6,25/03/2019 13:04,5.53,16054.0,Switzerland
536430,22423,regency cakestand 3 tier,19,2019-07-02 03:00:00,13.87,17502.0,Spain
537234,71270,PINK CRYSTAL GUITAR PHONE CHARM,15,07/04/2019 12:30,1.36,13598.0,  EIRE  
536195,21730,  GLASS STAR FROSTED T-LIGHT HOLDER  ,4,2019-07-08 17:28:00,3.88,17980.0,France
536279,84879,ASSORTED COLOUR BIRD ORNAMENT,15,2019-11-21 00:47:00,1.65,15467.0,germany
536236,71053,  WHITE METAL LANTERN  ,15,2019-07-18 10:31:00,3.34,16853.0,france
537456,21755,LOVE BUILDING BLOCK WORD,15,2019-12-23 13:26:00,6.09,15493.0,Belgium
536871,22423,REGENCY CAKESTAND 3 TIER,19,20/02/2019 00:23,13.16,15589.0,switzerland
536416,21730,GLASS STAR FROSTED T-LIGHT HOLDER,5,2019-04-06 18:24:00,4.39,16141.0,Germany
537425,22423,REGENCY CAKESTAND 3 TIER,2,26/09/2019 20:58,12.76,15810.0,united kingdom
536988,22752,  SET 7 BABUSHKA NESTING BOXES  ,19,2019-01-07 20:05:00,8.41,17685.0,Portugal
536479,22752,set 7 babushka nesting boxes,19,2019-03-26 00:52:00,8.37,16848.0,EIRE
537539,84406B,CREAM CUPID HEARTS COAT HANGER,17,02/04/2019 15:10,2.76,14925.0,France
536517,21730,GLASS STAR FROSTED T-LIGHT HOLDER,8,2019-11-26 05:56:00,4.33,13986.0,Germany
536272,84879,ASSORTED COLOUR BIRD ORNAMENT,7,07-02-2019,1.6,18159.0,Switzerland
536414,71053,  WHITE METAL LANTERN  ,7,12-02-2019,3.64,14782.0,spain
537335,21755,  LOVE BUILDING BLOCK WORD  ,12,02-22-2019,5.95,14598.0,portugal
536319,84879,  ASSORTED COLOUR BIRD ORNAMENT  ,18,08-13-2019,1.73,14859.0,Belgium
536100,22960,JAM MAKING SET WITH JARS,5,04-05-2019,4.87,12962.0,portugal
536873,22752,SET 7 BABUSHKA NESTING BOXES,10,2019-09-30 04:43:00,7.55,17640.0,Portugal
537575,21730,GLASS STAR FROSTED T-LIGHT HOLDER,14,10/11/2019 06:57,4.04,18187.0,Portugal
537358,84879,  ASSORTED COLOUR BIRD ORNAMENT  ,4,2019-03-30 05:22:00,1.85,,Spain
536892,22752,set 7 babushka nesting boxes,10,05/05/2019 14:45,7.15,16465.0,France
537186,71270,pink crystal guitar phone charm,18,2019-05-14 15:14:00,1.27,18021.0,United Kingdom
536828,22960,jam making set with jars,18,03/08/2019 18:52,4.68,14161.0,Netherlands
537651,71053,WHITE METAL LANTERN,18,08-25-2019,3.17,15088.0,Portugal
537257,22960,JAM MAKING SET WITH JARS,7,2019-11-02 03:31:00,5.28,14721.0,Switzerland
536354,71053,WHITE METAL LANTERN,4,2019-01-06 20:18:00,3.41,16361.0,United Kingdom
536290,21755,LOVE BUILDING BLOCK WORD,4,2019-04-18 14:07:00,5.95,18243.0,United Kingdom
537647,71270,PINK CRYSTAL GUITAR PHONE CHARM,10,22/02/2019 00:14,1.28,,  Germany  
536939,21755,LOVE BUILDING BLOCK WORD,3,2019-03-26 09:46:00,5.51,17471.0,EIRE
537360,71053,WHITE METAL LANTERN,3,2019-02-06 14:00:00,3.39,14923.0,Belgium
536317,22960,JAM MAKING SET WITH JARS,18,2019-12-08 13:37:00,5.25,17339.0,Germany
536053,22423,REGENCY CAKESTAND 3 TIER,13,2019-08-28 18:34:00,13.29,12394.0,Portugal
536302,22752,SET 7 BABUSHKA NESTING BOXES,13,10-11-2019,7.74,13577.0,Belgium
536307,22960,  JAM MAKING SET WITH JARS  ,2,2019-03-28 18:02:00,4.99,18232.0,Spain
536923,71053,WHITE METAL LANTERN,13,14/09/2019 04:38,3.52,16133.0,Switzerland
536019,22752,SET 7 BABUSHKA NESTING BOXES,9,06/11/2019 00:25,8.09,16288.0,Germany
536974,21730,GLASS STAR FROSTED T-LIGHT HOLDER,12,04/09/2019 04:51,4.38,12606.0,Switzerland
537551,21730,GLASS STAR FROSTED T-LIGHT HOLDER,1,21/12/2019 12:36,4.32,14073.0,Portugal
537602,84406B,  CREAM CUPID HEARTS COAT HANGER  ,6,19/02/2019 01:09,2.79,15087.0,EIRE
536658,21730,  GLASS STAR FROSTED T-LIGHT HOLDER  ,7,2019-10-18 22:41:00,4.36,14677.0,  Belgium  
536007,22752,SET 7 BABUSHKA NESTING BOXES,9,2019-03-29 07:14:00,7.47,,  Belgium  
537357,21730,GLASS STAR FROSTED T-LIGHT HOLDER,1,09/07/2019 08:09,4.25,16656.0,France
536875,71053,WHITE METAL LANTERN,7,2019-11-29 04:06:00,3.09,,Belgium
536227,71053,WHITE METAL LANTERN,11,07-21-2019,3.28,15871.0,Spain
537245,85123A,white hanging heart t-light holder,11,02-03-2019,2.76,17020.0,germany
537021,84879,  ASSORTED COLOUR BIRD ORNAMENT  ,15,2019-03-21 01:15:00,1.53,14826.0,australia
536798,22960,JAM MAKING SET WITH JARS,3,2019-06-15 02:52:00,5.13,15967.0,united kingdom
537452,21730,GLASS STAR FROSTED T-LIGHT HOLDER,12,2019-06-29 04:22:00,4.09,16680.0,Germany
537238,22960,jam making set with jars,5,03-04-2019,5.14,,Germany
537201,85123A,WHITE HANGING HEART T-LIGHT HOLDER,2,2019-12-28 02:00:00,2.69,18271.0,Netherlands
536713,84879,assorted colour bird ornament,6,12-15-2019,1.6,13375.0,france
536685,84406B,cream cupid hearts coat hanger,6,2019-10-22 16:45:00,2.55,13276.0,Germany
536900,71270,PINK CRYSTAL GUITAR PHONE CHARM,5,2019-08-30 09:19:00,1.36,14928.0,Netherlands
536076,21755,LOVE BUILDING BLOCK WORD,18,2019-08-13 23:34:00,6.53,14454.0,australia
536163,71053,white metal lantern,11,2019-01-25 20:23:00,3.1,12704.0,Belgium
536412,84879,  ASSORTED COLOUR BIRD ORNAMENT  ,13,07-31-2019,1.75,14036.0,Switzerland
537237,84879,ASSORTED COLOUR BIRD ORNAMENT,14,07/06/2019 20:30,1.61,15958.0,Belgium
536276,71053,WHITE METAL LANTERN,15,2019-02-05 02:03:00,3.12,17048.0,EIRE
537448,84879,ASSORTED COLOUR BIRD ORNAMENT,18,17/09/2019 17:40,1.79,12433.0,Spain
536128,22752,  SET 7 BABUSHKA NESTING BOXES  ,16,05-04-2019,7.25,13425.0,Germany
537540,71270,PINK CRYSTAL GUITAR PHONE CHARM,13,2019-07-14 10:48:00,1.22,15218.0,Belgium
536832,22960,JAM MAKING SET WITH JARS,7,25/05/2019 07:00,4.79,15263.0,EIRE
536761,85123A,WHITE HANGING HEART T-LIGHT HOLDER,8,13/01/2019 00:37,2.59,14787.0,  Belgium  
536005,22752,SET 7 BABUSHKA NESTING BOXES,13,09/11/2019 13:33,7.61,12816.0,Switzerland
537322,22423,REGENCY CAKESTAND 3 TIER,13,2019-05-31 11:29:00,11.72,15399.0,United Kingdom
537054,85123A,WHITE HANGING HEART T-LIGHT HOLDER,4,15/03/2019 03:12,2.51,16209.0,Switzerland
537630,84406B,CREAM CUPID HEARTS COAT HANGER,2,14/08/2019 00:09,2.91,13748.0,spain
536462,21730,GLASS STAR FROSTED T-LIGHT HOLDER,7,03-25-2019,3.97,14036.0,Portugal
537510,21755,LOVE BUILDING BLOCK WORD,10,2019-07-18 07:13:00,5.96,13644.0,France
536529,71053,WHITE METAL LANTERN,15,2019-10-13 06:33:00,3.34,17595.0,spain
537223,71270,PINK CRYSTAL GUITAR PHONE CHARM,17,2019-07-28 22:26:00,1.32,15124.0,Switzerland
537116,71270,  PINK CRYSTAL GUITAR PHONE CHARM  ,15,06/02/2019 01:33,1.15,,Australia
537609,71053,WHITE METAL LANTERN,15,01-19-2019,3.48,14526.0,Germany
536583,85123A,WHITE HANGING HEART T-LIGHT HOLDER,17,11-02-2019,2.53,13053.0,United Kingdom
537091,71053,WHITE METAL LANTERN,2,2019-07-14 18:45:00,3.17,13623.0,EIRE
536383,22752,SET 7 BABUSHKA NESTING BOXES,12,2019-08-23 23:40:00,8.3,14526.0,belgium
537142,21755,love building block word,3,05-16-2019,6.27,15651.0,Spain
536434,84406B,CREAM CUPID HEARTS COAT HANGER,8,03/05/2019 07:01,2.5,12763.0,Germany
536410,22960,jam making set with jars,10,06/11/2019 05:11,4.79,16245.0,Spain
536914,21755,LOVE BUILDING BLOCK WORD,9,2019-06-11 12:45:00,5.62,17739.0,Netherlands
536597,22752,SET 7 BABUSHKA NESTING BOXES,11,2019-03-07 12:05:00,6.92,13893.0,  Netherlands  
537553,22960,JAM MAKING SET WITH JARS,16,21/01/2019 13:58,5.26,16831.0,australia
537185,21730,GLASS STAR FROSTED T-LIGHT HOLDER,9,2019-04-03 20:26:00,4.1,13727.0,Australia
536423,21730,GLASS STAR FROSTED T-LIGHT HOLDER,10,08/02/2019 08:23,3.95,17777.0,Switzerland
537053,22960,JAM MAKING SET WITH JARS,11,2019-07-21 07:46:00,4.97,15940.0,France
537162,22423,regency cakestand 3 tier,18,2019-10-31 23:22:00,13.6,14486.0,Belgium
536321,22423,REGENCY CAKESTAND 3 TIER,7,2019-06-11 14:29:00,12.47,13909.0,  France  
537051,71053,white metal lantern,11,2019-05-20 06:36:00,3.37,15411.0,Australia
536165,22960,JAM MAKING SET WITH JARS,19,2019-06-14 02:07:00,4.6,16331.0,  Belgium  
536117,22960,JAM MAKING SET WITH JARS,17,17/07/2019 19:55,5.16,13100.0,Australia
536612,71270,  PINK CRYSTAL GUITAR PHONE CHARM  ,19,2019-02-12 11:44:00,1.27,17640.0,EIRE
537332,22423,REGENCY CAKESTAND 3 TIER,2,13/12/2019 05:00,12.65,16620.0,Australia
536830,84406B,CREAM CUPID HEARTS COAT HANGER,9,23/07/2019 03:26,2.72,13017.0,Australia
536000,84406B,CREAM CUPID HEARTS COAT HANGER,2,09-26-2019,3.01,16608.0,switzerland
536095,21755,LOVE BUILDING BLOCK WORD,7,2019-09-06 19:58:00,6.29,17729.0,Portugal
537616,22752,  SET 7 BABUSHKA NESTING BOXES  ,9,2019-09-04 09:53:00,7.58,12360.0,Switzerland
536548,21730,GLASS STAR FROSTED T-LIGHT HOLDER,10,26/07/2019 00:05,4.04,12529.0,Australia
536261,71270,PINK CRYSTAL GUITAR PHONE CHARM,2,04-11-2019,1.14,15352.0,Switzerland
536969,84406B,CREAM CUPID HEARTS COAT HANGER,5,12/01/2019 11:41,2.55,16717.0,Netherlands
537352,71270,  PINK CRYSTAL GUITAR PHONE CHARM  ,5,12-11-2019,1.35,,Portugal
537581,22960,JAM MAKING SET WITH JARS,3,2019-10-12 02:55:00,5.31,13222.0,Switzerland
536798,22423,REGENCY CAKESTAND 3 TIER,16,05/01/2019 07:49,13.65,13530.0,Netherlands
536022,84879,ASSORTED COLOUR BIRD ORNAMENT,2,2019-07-08 16:20:00,1.72,17117.0,eire
536134,22960,JAM MAKING SET WITH JARS,15,27/09/2019 20:02,4.83,17342.0,France
537144,22960,JAM MAKING SET WITH JARS,10,2019-05-12 22:41:00,4.82,12505.0,Belgium
536934,21755,LOVE BUILDING BLOCK WORD,16,2019-04-02 14:47:00,5.51,17223.0,Switzerland
536265,71053,white metal lantern,3,17/04/2019 04:40,3.25,15956.0,United Kingdom
C537032,21730,GLASS STAR FROSTED T-LIGHT HOLDER,-15,29/06/2019 01:43,3.87,13484.0,EIRE
536900,22752,SET 7 BABUSHKA NESTING BOXES,11,09/01/2019 06:58,7.78,14386.0,France
537506,84406B,CREAM CUPID HEARTS COAT HANGER,7,12/06/2019 10:51,2.69,13242.0,  Portugal  
536674,71053,white metal lantern,6,10/06/2019 01:04,3.72,12416.0,  Portugal  
536059,22960,JAM MAKING SET WITH JARS,9,13/12/2019 23:52,4.93,15845.0,Belgium
536317,84879,  ASSORTED COLOUR BIRD ORNAMENT  ,11,2019-09-20 10:20:00,1.54,,eire
C537142,21730,glass star frosted t-light holder,-19,10/03/2019 15:34,4.15,13949.0,Germany
536713,21730,GLASS STAR FROSTED T-LIGHT HOLDER,13,06-22-2019,4.45,17752.0,  Portugal  
536400,71270,  PINK CRYSTAL GUITAR PHONE CHARM  ,9,2019-06-07 01:06:00,1.18,14225.0,Spain
537451,71053,WHITE METAL LANTERN,11,12/12/2019 07:34,3.48,16774.0,united kingdom
536971,84879,ASSORTED COLOUR BIRD ORNAMENT,15,01-19-2019,1.66,,EIRE
537640,84879,ASSORTED COLOUR BIRD ORNAMENT,3,15/04/2019 15:20,1.67,16971.0,Australia
536766,22752,SET 7 BABUSHKA NESTING BOXES,4,2019-09-30 10:43:00,8.36,14169.0,EIRE
536585,71270,PINK CRYSTAL GUITAR PHONE CHARM,2,10/04/2019 14:23,1.26,12820.0,  France  
537162,85123A,WHITE HANGING HEART T-LIGHT HOLDER,2,16/10/2019 19:23,2.7,16558.0,United Kingdom
536868,22423,REGENCY CAKESTAND 3 TIER,12,06-19-2019,12.71,15948.0,Switzerland
536525,85123A,  WHITE HANGING HEART T-LIGHT HOLDER  ,7,2019-11-10 03:45:00,2.66,14270.0,Portugal
536906,85123A,white hanging heart t-light holder,5,2019-03-14 08:02:00,2.55,13064.0,Switzerland
536747,22960,JAM MAKING SET WITH JARS,8,09/12/2019 12:07,4.62,14823.0,EIRE
536642,21755,love building block word,9,2019-03-19 06:34:00,5.64,16864.0,United Kingdom
536924,84406B,  CREAM CUPID HEARTS COAT HANGER  ,1,2019-07-12 03:45:00,2.84,17802.0,  Spain  
536502,71270,PINK CRYSTAL GUITAR PHONE CHARM,18,04/06/2019 08:50,1.17,12633.0,Spain
536499,71270,PINK CRYSTAL GUITAR PHONE CHARM,19,08-24-2019,1.25,15211.0,Belgium
537359,71270,PINK CRYSTAL GUITAR PHONE CHARM,18,03/06/2019 01:58,1.37,15268.0,Australia
536764,22423,REGENCY CAKESTAND 3 TIER,4,2019-04-12 04:06:00,12.25,14574.0,Belgium
C536831,84879,ASSORTED COLOUR BIRD ORNAMENT,-19,2019-08-30 15:25:00,1.63,17865.0,germany
536776,71053,WHITE METAL LANTERN,15,06-08-2019,3.24,14309.0,Belgium
536179,22960,JAM MAKING SET WITH JARS,15,21/10/2019 14:27,5.25,15431.0,  Portugal  
536443,22752,  SET 7 BABUSHKA NESTING BOXES  ,2,11-07-2019,7.86,14430.0,United Kingdom
536767,21755,LOVE BUILDING BLOCK WORD,3,10/02/2019 00:09,5.48,17073.0,Switzerland
536833,85123A,WHITE HANGING HEART T-LIGHT HOLDER,6,2019-03-01 08:57:00,2.38,14465.0,spain
536537,85123A,white hanging heart t-light holder,13,2019-02-11 07:05:00,2.68,12670.0,  France  
536496,71270,PINK CRYSTAL GUITAR PHONE CHARM,9,2019-07-12 10:19:00,1.14,13598.0,Belgium
536672,22423,REGENCY CAKESTAND 3 TIER,5,2019-10-19 23:37:00,12.62,12919.0,  Spain  
536581,21755,LOVE BUILDING BLOCK WORD,16,2019-10-04 18:51:00,5.59,12362.0,Switzerland
537660,22960,JAM MAKING SET WITH JARS,2,28/10/2019 19:57,5.32,15237.0,netherlands
537562,21730,GLASS STAR FROSTED T-LIGHT HOLDER,3,02/11/2019 08:05,4.13,13303.0,Portugal
537658,71053,WHITE METAL LANTERN,13,12/08/2019 01:26,3.41,15939.0,France
536040,71053,WHITE METAL LANTERN,8,13/12/2019 14:07,3.2,15919.0,eire
537400,71270,  PINK CRYSTAL GUITAR PHONE CHARM  ,13,2019-08-02 22:18:00,1.22,12705.0,  Australia  
537642,71053,WHITE METAL LANTERN,12,19/04/2019 02:59,3.21,,France
536316,85123A,WHITE HANGING HEART T-LIGHT HOLDER,1,2019-02-06 13:29:00,2.37,13052.0,Belgium
536170,22423,REGENCY CAKESTAND 3 TIER,6,03/07/2019 15:10,13.48,13947.0,australia
536464,22960,JAM MAKING SET WITH JARS,10,06/11/2019 07:49,5.31,12372.0,  Germany  
536502,84406B,CREAM CUPID HEARTS COAT HANGER,3,2019-11-30 23:51:00,2.49,14530.0,Portugal
537320,71270,  PINK CRYSTAL GUITAR PHONE CHARM  ,18,02/09/2019 07:30,1.21,13038.0,Germany
537453,84879,ASSORTED COLOUR BIRD ORNAMENT,16,2019-05-04 08:19:00,1.66,14476.0,france
536443,21730,  GLASS STAR FROSTED T-LIGHT HOLDER  ,3,2019-12-03 14:27:00,3.95,13849.0,Australia
536436,21755,LOVE BUILDING BLOCK WORD,4,2019-09-15 10:30:00,783.53,16132.0,netherlands
537314,22423,regency cakestand 3 tier,9,22/08/2019 23:00,13.31,,  United Kingdom  
537571,71053,WHITE METAL LANTERN,13,09-28-2019,3.53,13244.0,Spain
536991,21730,GLASS STAR FROSTED T-LIGHT HOLDER,12,12-24-2019,4.5,16435.0,Germany
537266,84406B,CREAM CUPID HEARTS COAT HANGER,2,2019-11-03 14:59:00,2.68,16280.0,Switzerland
537431,71270,  PINK CRYSTAL GUITAR PHONE CHARM  ,7,23/10/2019 08:57,1.19,16600.0,EIRE
537318,22960,jam making set with jars,7,03/07/2019 10:25,5.06,18026.0,Portugal
537541,84406B,CREAM CUPID HEARTS COAT HANGER,1,2019-08-07 07:52:00,2.98,12813.0,Belgium
536643,21755,LOVE BUILDING BLOCK WORD,17,26/11/2019 02:49,5.82,14560.0,France
536937,71270,pink crystal guitar phone charm,5,29/07/2019 11:06,1.26,12876.0,Switzerland
536846,84406B,  CREAM CUPID HEARTS COAT HANGER  ,10,02/06/2019 07:37,2.91,17731.0,Switzerland
536889,71053,WHITE METAL LANTERN,10,2019-08-09 02:19:00,3.56,15313.0,Spain
537386,21755,LOVE BUILDING BLOCK WORD,9,27/03/2019 11:53,5.79,13006.0,Belgium
537296,22960,jam making set with jars,2,2019-01-19 14:41:00,5.35,14963.0,Australia
537239,84406B,CREAM CUPID HEARTS COAT HANGER,18,10/03/2019 02:23,2.74,16341.0,  Switzerland  
537249,71270,PINK CRYSTAL GUITAR PHONE CHARM,4,18/03/2019 18:29,1.21,12577.0,portugal
536372,22423,regency cakestand 3 tier,19,02-04-2019,12.08,17830.0,France
537082,22752,SET 7 BABUSHKA NESTING BOXES,8,03/03/2019 19:15,7.18,14860.0,EIRE
537505,84879,ASSORTED COLOUR BIRD ORNAMENT,18,2019-11-23 17:09:00,1.61,16302.0,Australia
536221,84406B,CREAM CUPID HEARTS COAT HANGER,16,25/01/2019 10:52,2.88,17758.0,Australia
536940,22423,REGENCY CAKESTAND 3 TIER,9,2019-04-18 20:02:00,12.06,13987.0,eire
536191,71270,  PINK CRYSTAL GUITAR PHONE CHARM  ,12,2019-08-10 07:10:00,1.2,16469.0,United Kingdom
537217,22752,SET 7 BABUSHKA NESTING BOXES,14,2019-10-15 00:16:00,8.38,14368.0,EIRE
536232,21730,  GLASS STAR FROSTED T-LIGHT HOLDER  ,5,29/03/2019 16:29,4.41,16584.0,Netherlands
537462,71270,  PINK CRYSTAL GUITAR PHONE CHARM  ,11,2019-05-23 09:19:00,1.17,15029.0,germany
537569,71270,pink crystal guitar phone charm,16,01-29-2019,1.26,15786.0,Switzerland
537498,21730,  GLASS STAR FROSTED T-LIGHT HOLDER  ,12,2019-05-15 20:59:00,4.66,15371.0,Germany
537056,22752,SET 7 BABUSHKA NESTING BOXES,2,28/10/2019 05:35,7.89,15450.0,Netherlands
537369,22752,,16,2019-06-03 04:02:00,8.27,13196.0,Switzerland
536357,85123A,  WHITE HANGING HEART T-LIGHT HOLDER  ,18,11-26-2019,2.37,,France
537363,71270,PINK CRYSTAL GUITAR PHONE CHARM,4,05-11-2019,1.2,13910.0,Spain
536729,85123A,  WHITE HANGING HEART T-LIGHT HOLDER  ,15,2019-07-09 17:20:00,2.57,15050.0,Spain
537372,71270,PINK CRYSTAL GUITAR PHONE CHARM,5,2019-10-20 12:18:00,1.36,17558.0,  Switzerland  
536681,84879,ASSORTED COLOUR BIRD ORNAMENT,5,21/11/2019 12:13,1.78,,United Kingdom
536094,21755,LOVE BUILDING BLOCK WORD,13,2019-01-09 23:59:00,6.54,12534.0,netherlands
536086,71270,  PINK CRYSTAL GUITAR PHONE CHARM  ,10,2019-05-01 10:03:00,1.35,13471.0,Belgium
536888,84879,ASSORTED COLOUR BIRD ORNAMENT,14,21/09/2019 10:56,1.78,,Spain
536603,85123A,  WHITE HANGING HEART T-LIGHT HOLDER  ,9,02-21-2019,2.8,,Germany
536599,21730,GLASS STAR FROSTED T-LIGHT HOLDER,4,05-08-2019,4.39,15174.0,france
536199,22423,REGENCY CAKESTAND 3 TIER,5,03/07/2019 02:58,11.96,14668.0,Netherlands
537077,21730,glass star frosted t-light holder,9,2019-02-25 23:48:00,4.46,12920.0,france
536241,71053,WHITE METAL LANTERN,8,04-23-2019,3.68,14885.0,Australia
536545,22960,JAM MAKING SET WITH JARS,5,18/12/2019 00:51,5.29,12653.0,Netherlands
536972,71053,WHITE METAL LANTERN,10,2019-06-23 00:07:00,3.58,15352.0,France
536225,21730,  GLASS STAR FROSTED T-LIGHT HOLDER  ,4,2019-10-20 23:19:00,4.37,12783.0,France
536443,71270,PINK CRYSTAL GUITAR PHONE CHARM,1,01-14-2019,1.35,16884.0,EIRE
536384,21755,LOVE BUILDING BLOCK WORD,3,2019-02-25 20:44:00,6.51,14905.0,  EIRE  
536448,84406B,CREAM CUPID HEARTS COAT HANGER,5,30/08/2019 02:03,2.9,13523.0,Germany
536018,22423,REGENCY CAKESTAND 3 TIER,6,05/07/2019 15:54,12.72,,Australia
537365,71053,white metal lantern,13,2019-12-10 20:15:00,3.38,12582.0,Australia
536275,71053,WHITE METAL LANTERN,18,12/06/2019 06:08,3.27,17517.0,Australia
536470,84406B,CREAM CUPID HEARTS COAT HANGER,12,2019-10-08 13:55:00,2.6,17241.0,United Kingdom
536515,22960,  JAM MAKING SET WITH JARS  ,4,2019-01-08 17:16:00,5.18,13117.0,  France  
537112,21755,LOVE BUILDING BLOCK WORD,3,18/08/2019 19:52,6.36,14118.0,Switzerland
536738,84406B,  CREAM CUPID HEARTS COAT HANGER  ,17,2019-12-18 06:04:00,3.0,14251.0,france
536028,21755,LOVE BUILDING BLOCK WORD,3,2019-03-03 19:13:00,6.5,14762.0,Netherlands
536973,22423,REGENCY CAKESTAND 3 TIER,8,2019-01-06 20:49:00,12.63,17479.0,australia
536453,84406B,CREAM CUPID HEARTS COAT HANGER,19,2019-03-30 19:50:00,2.62,14740.0,EIRE
536978,85123A,  WHITE HANGING HEART T-LIGHT HOLDER  ,12,2019-10-29 23:50:00,2.51,14735.0,  France  
536296,84406B,CREAM CUPID HEARTS COAT HANGER,7,13/04/2019 07:01,2.76,12580.0,  Switzerland  
C536984,84406B,CREAM CUPID HEARTS COAT HANGER,-13,29/11/2019 01:07,2.61,18062.0,Spain
536562,21755,love building block word,9,03-10-2019,6.18,14940.0,France
536606,85123A,WHITE HANGING HEART T-LIGHT HOLDER,8,15/07/2019 14:41,2.63,15175.0,switzerland
537234,22960,  JAM MAKING SET WITH JARS  ,17,13/03/2019 02:19,4.47,14789.0,Spain
536657,84406B,CREAM CUPID HEARTS COAT HANGER,14,2019-01-29 12:51:00,2.84,15070.0,  Australia  
536848,21730,GLASS STAR FROSTED T-LIGHT HOLDER,1,2019-09-10 13:54:00,3.9,18215.0,EIRE
536238,22752,SET 7 BABUSHKA NESTING BOXES,13,14/03/2019 17:56,7.55,12385.0,  Spain  
537598,21730,  GLASS STAR FROSTED T-LIGHT HOLDER  ,17,2019-05-12 23:49:00,4.4,17788.0,Switzerland
536352,84879,ASSORTED COLOUR BIRD ORNAMENT,5,2019-09-18 14:28:00,1.82,17621.0,germany
536762,71270,PINK CRYSTAL GUITAR PHONE CHARM,1,06-18-2019,1.3,13956.0,Spain
537576,84406B,CREAM CUPID HEARTS COAT HANGER,7,2019-09-23 00:31:00,2.85,18140.0,Spain
537030,84406B,cream cupid hearts coat hanger,1,2019-01-03 04:07:00,2.77,17044.0,Belgium
536735,71270,  PINK CRYSTAL GUITAR PHONE CHARM  ,4,06/01/2019 01:32,1.36,16274.0,Netherlands
537301,71053,white metal lantern,10,02/12/2019 14:39,3.07,13893.0,Switzerland
537372,21755,LOVE BUILDING BLOCK WORD,7,2019-10-21 09:04:00,5.68,17900.0,  Switzerland  
537602,71270,pink crystal guitar phone charm,15,2019-12-30 17:09:00,1.15,12637.0,Switzerland
536949,21755,LOVE BUILDING BLOCK WORD,14,2019-10-27 20:54:00,5.86,15458.0,Belgium
536205,22423,REGENCY CAKESTAND 3 TIER,12,23/09/2019 10:42,12.34,17320.0,portugal
537217,22960,,7,09/06/2019 19:37,4.74,14527.0,United Kingdom
537481,71270,PINK CRYSTAL GUITAR PHONE CHARM,5,2019-10-21 06:23:00,1.35,13307.0,Australia
536041,71270,  PINK CRYSTAL GUITAR PHONE CHARM  ,13,03-31-2019,1.2,14381.0,Netherlands
537614,84879,assorted colour bird ornament,17,2019-04-17 14:29:00,1.73,15281.0,Australia
536680,84879,ASSORTED COLOUR BIRD ORNAMENT,4,01/11/2019 23:09,1.65,16520.0,Belgium
536111,84879,ASSORTED COLOUR BIRD ORNAMENT,4,18/12/2019 21:04,1.72,15789.0,  EIRE  
537553,71053,WHITE METAL LANTERN,12,2019-03-10 08:00:00,3.32,17288.0,portugal
536454,21755,LOVE BUILDING BLOCK WORD,11,24/01/2019 00:08,5.89,12578.0,Netherlands
536101,71053,WHITE METAL LANTERN,6,22/08/2019 16:14,3.43,17361.0,United Kingdom
536924,71270,PINK CRYSTAL GUITAR PHONE CHARM,17,02/09/2019 13:15,1.27,17571.0,France
536326,22752,SET 7 BABUSHKA NESTING BOXES,5,05/03/2019 08:18,8.21,13961.0,Australia
537245,84406B,CREAM CUPID HEARTS COAT HANGER,16,02/04/2019 00:18,2.72,15028.0,Spain
536469,85123A,WHITE HANGING HEART T-LIGHT HOLDER,2,2019-03-28 10:06:00,2.45,16654.0,Germany
537055,84406B,CREAM CUPID HEARTS COAT HANGER,19,2019-08-27 13:23:00,2.65,13027.0,switzerland
536988,21755,LOVE BUILDING BLOCK WORD,7,31/10/2019 08:26,6.04,16757.0,Switzerland
537640,22423,REGENCY CAKESTAND 3 TIER,8,02-08-2019,11.65,,Spain
536058,84879,ASSORTED COLOUR BIRD ORNAMENT,5,2019-03-06 03:43:00,1.63,14407.0,Portugal
536193,84406B,  CREAM CUPID HEARTS COAT HANGER  ,5,01/05/2019 05:00,3.02,13072.0,germany
537331,71270,PINK CRYSTAL GUITAR PHONE CHARM,1,03-29-2019,1.18,14317.0,United Kingdom
536538,85123A,WHITE HANGING HEART T-LIGHT HOLDER,11,2019-05-11 05:59:00,2.73,,Switzerland
537483,21730,  GLASS STAR FROSTED T-LIGHT HOLDER  ,4,2019-02-10 04:10:00,4.67,18257.0,portugal
537566,84879,assorted colour bird ornament,4,03-23-2019,1.64,17988.0,EIRE
536398,22752,SET 7 BABUSHKA NESTING BOXES,9,10-03-2019,7.01,16926.0,Belgium
536958,84879,ASSORTED COLOUR BIRD ORNAMENT,17,2019-04-21 11:41:00,1.62,15268.0,  United Kingdom  
537634,85123A,white hanging heart t-light holder,10,2019-09-03 07:47:00,2.47,14570.0,France
537416,71053,WHITE METAL LANTERN,18,08-09-2019,3.56,15252.0,Netherlands
537081,85123A,WHITE HANGING HEART T-LIGHT HOLDER,16,20/10/2019 00:49,2.73,17487.0,United Kingdom
536608,22960,  JAM MAKING SET WITH JARS  ,14,08-14-2019,4.53,14716.0,belgium
536626,85123A,WHITE HANGING HEART T-LIGHT HOLDER,17,2019-11-29 08:42:00,2.64,16041.0,United Kingdom
536660,85123A,white hanging heart t-light holder,17,04-15-2019,2.39,16645.0,Spain
536620,21755,  LOVE BUILDING BLOCK WORD  ,1,10-04-2019,6.13,14536.0,  EIRE  
536450,71270,PINK CRYSTAL GUITAR PHONE CHARM,13,2019-08-17 09:13:00,1.18,16718.0,Germany
537191,22752,SET 7 BABUSHKA NESTING BOXES,19,2019-05-03 15:01:00,7.89,15817.0,  France  
537202,22423,REGENCY CAKESTAND 3 TIER,5,2019-09-16 02:36:00,12.6,15194.0,Germany
537590,84406B,CREAM CUPID HEARTS COAT HANGER,6,2019-12-22 20:18:00,2.72,,netherlands
536991,21730,GLASS STAR FROSTED T-LIGHT HOLDER,7,23/11/2019 09:11,4.04,17188.0,Australia
C536136,22960,JAM MAKING SET WITH JARS,-8,27/01/2019 05:54,5.37,18245.0,switzerland
536225,84879,ASSORTED COLOUR BIRD ORNAMENT,14,2019-01-10 09:18:00,1.7,16686.0,Portugal
536099,84879,ASSORTED COLOUR BIRD ORNAMENT,3,07/03/2019 10:46,1.74,17799.0,EIRE
536308,21755,LOVE BUILDING BLOCK WORD,17,06-03-2019,5.65,18210.0,Belgium
536007,21755,LOVE BUILDING BLOCK WORD,4,2019-12-09 03:39:00,5.95,15300.0,Belgium
537653,71053,WHITE METAL LANTERN,19,08/09/2019 20:23,3.29,13638.0,Belgium
537360,84406B,CREAM CUPID HEARTS COAT HANGER,3,2019-01-27 06:12:00,2.53,17101.0,Belgium
536242,71270,PINK CRYSTAL GUITAR PHONE CHARM,11,13/02/2019 10:56,1.29,14308.0,  Germany  
537223,84879,  ASSORTED COLOUR BIRD ORNAMENT  ,11,2019-12-25 03:03:00,1.76,17458.0,Belgium
537406,85123A,white hanging heart t-light holder,5,02/10/2019 14:49,2.31,,  France  
C536435,21730,GLASS STAR FROSTED T-LIGHT HOLDER,-4,22/12/2019 19:12,4.03,12456.0,Australia
536980,71053,WHITE METAL LANTERN,18,2019-06-11 14:09:00,3.1,,Switzerland
536223,22960,JAM MAKING SET WITH JARS,6,2019-05-12 05:43:00,5.19,,Belgium
536557,21730,GLASS STAR FROSTED T-LIGHT HOLDER,11,2019-08-03 10:49:00,4.23,16939.0,united kingdom
536399,22423,REGENCY CAKESTAND 3 TIER,4,09-05-2019,12.7,15661.0,Switzerland
536743,21755,LOVE BUILDING BLOCK WORD,11,2019-03-13 20:49:00,5.62,17699.0,Switzerland
537265,22960,JAM MAKING SET WITH JARS,5,30/03/2019 01:40,4.63,14058.0,EIRE
537655,71270,PINK CRYSTAL GUITAR PHONE CHARM,17,2019-11-15 20:43:00,1.25,,France
536097,71270,PINK CRYSTAL GUITAR PHONE CHARM,5,2019-03-15 12:06:00,1.31,15546.0,switzerland
536749,71053,  WHITE METAL LANTERN  ,16,2019-02-09 23:21:00,3.37,17040.0,Belgium
536896,22960,JAM MAKING SET WITH JARS,4,2019-05-21 05:09:00,5.13,17786.0,  Portugal  
536042,21755,LOVE BUILDING BLOCK WORD,10,31/03/2019 07:32,6.31,15431.0,  Portugal  
536859,21730,GLASS STAR FROSTED T-LIGHT HOLDER,7,2019-05-26 23:22:00,4.26,13403.0,Spain
537159,21755,love building block word,2,2019-07-20 07:57:00,6.02,12355.0,Australia
536749,85123A,WHITE HANGING HEART T-LIGHT HOLDER,1,28/02/2019 21:10,2.49,17777.0,germany
537181,85123A,WHITE HANGING HEART T-LIGHT HOLDER,10,05-30-2019,2.72,17173.0,eire
537520,22752,SET 7 BABUSHKA NESTING BOXES,9,03-21-2019,6.95,17190.0,Spain
537354,71270,PINK CRYSTAL GUITAR PHONE CHARM,8,2019-11-30 04:09:00,1.33,16859.0,Switzerland
536230,85123A,  WHITE HANGING HEART T-LIGHT HOLDER  ,16,2019-04-14 03:52:00,2.8,14125.0,Switzerland
536994,71270,  PINK CRYSTAL GUITAR PHONE CHARM  ,14,2019-05-30 18:55:00,1.33,14042.0,  Netherlands  
536228,84879,ASSORTED COLOUR BIRD ORNAMENT,7,03-06-2019,1.79,16946.0,  Germany  
536272,21730,GLASS STAR FROSTED T-LIGHT HOLDER,19,09/12/2019 23:01,3.94,14203.0,netherlands
536072,22752,  SET 7 BABUSHKA NESTING BOXES  ,2,13/09/2019 20:46,8.27,17462.0,Switzerland
537279,22423,REGENCY CAKESTAND 3 TIER,17,2019-02-02 02:18:00,13.35,17058.0,Spain
537108,84879,assorted colour bird ornament,13,2019-11-23 23:11:00,1.82,12886.0,Portugal
536050,71270,PINK CRYSTAL GUITAR PHONE CHARM,14,2019-08-26 13:16:00,1.24,18058.0,  Belgium  
536235,22423,regency cakestand 3 tier,19,01-21-2019,13.36,13802.0,France
536664,84879,ASSORTED COLOUR BIRD ORNAMENT,2,21/05/2019 15:17,1.54,13584.0,  Germany  
537296,22960,JAM MAKING SET WITH JARS,17,2019-03-15 01:20:00,4.7,16356.0,Australia
537544,85123A,WHITE HANGING HEART T-LIGHT HOLDER,13,2019-01-09 23:11:00,2.31,13048.0,Australia
537606,21730,  GLASS STAR FROSTED T-LIGHT HOLDER  ,15,2019-07-07 04:25:00,1944.59,15861.0,United Kingdom
536669,71053,WHITE METAL LANTERN,11,2019-06-16 00:01:00,3.27,16527.0,Portugal
536159,71270,PINK CRYSTAL GUITAR PHONE CHARM,18,06/09/2019 03:36,1.26,17677.0,  France  
536427,21755,LOVE BUILDING BLOCK WORD,18,07/03/2019 07:11,6.52,17871.0,  Germany  
536534,85123A,WHITE HANGING HEART T-LIGHT HOLDER,9,2019-02-13 21:04:00,2.4,15995.0,Belgium
C537373,84406B,CREAM CUPID HEARTS COAT HANGER,-19,05-11-2019,3.0,15377.0,  Australia  
536555,22423,REGENCY CAKESTAND 3 TIER,5,2019-10-16 19:20:00,13.3,18004.0,Spain
537494,85123A,white hanging heart t-light holder,13,12/03/2019 09:54,2.68,14378.0,Spain
537066,71053,WHITE METAL LANTERN,10,11-18-2019,3.05,13941.0,Belgium
536270,22960,JAM MAKING SET WITH JARS,17,2019-02-14 23:18:00,4.92,15386.0,Netherlands
537112,84406B,CREAM CUPID HEARTS COAT HANGER,12,04-09-2019,2.87,,Portugal
537200,22960,  JAM MAKING SET WITH JARS  ,8,2019-01-20 08:21:00,5.15,13186.0,United Kingdom
536083,84879,ASSORTED COLOUR BIRD ORNAMENT,2,19/10/2019 03:05,1.68,14924.0,Germany
536281,84879,assorted colour bird ornament,17,2019-05-13 12:10:00,1.58,16657.0,Spain
536708,22423,  REGENCY CAKESTAND 3 TIER  ,1,2019-10-17 03:53:00,13.46,17580.0,Netherlands
537104,71270,PINK CRYSTAL GUITAR PHONE CHARM,17,2019-04-01 18:16:00,1.16,15682.0,  United Kingdom  
537018,22960,JAM MAKING SET WITH JARS,2,23/06/2019 00:18,4.68,16634.0,Netherlands
536791,22752,SET 7 BABUSHKA NESTING BOXES,14,01/08/2019 15:08,7.86,13637.0,France
536677,84406B,CREAM CUPID HEARTS COAT HANGER,12,2019-12-05 15:35:00,2.72,17841.0,australia
536322,71053,white metal lantern,12,2019-02-21 08:53:00,3.37,17353.0,  France  
537516,71053,WHITE METAL LANTERN,1,19/12/2019 20:07,3.1,17846.0,Germany
536026,22960,  JAM MAKING SET WITH JARS  ,18,09/10/2019 07:52,4.93,15081.0,netherlands
536324,84879,ASSORTED COLOUR BIRD ORNAMENT,18,06/07/2019 03:25,1.61,17353.0,Belgium
536632,22752,SET 7 BABUSHKA NESTING BOXES,11,01-10-2019,7.46,15912.0,Australia
536745,22960,JAM MAKING SET WITH JARS,3,04-21-2019,4.57,13915.0,Switzerland
536082,84879,ASSORTED COLOUR BIRD ORNAMENT,3,2019-09-06 08:11:00,1.83,15667.0,United Kingdom
536901,22960,jam making set with jars,15,2019-02-13 06:21:00,5.17,16533.0,eire
536734,21730,glass star frosted t-light holder,12,05/08/2019 22:46,4.64,14442.0,EIRE
537653,84406B,CREAM CUPID HEARTS COAT HANGER,6,02-07-2019,3.02,12536.0,Netherlands
537393,21730,GLASS STAR FROSTED T-LIGHT HOLDER,5,10-04-2019,4.38,14015.0,  Germany  
537569,85123A,white hanging heart t-light holder,2,2019-05-03 01:16:00,2.56,17060.0,Netherlands
537124,84406B,CREAM CUPID HEARTS COAT HANGER,5,16/06/2019 02:17,2.71,17578.0,Switzerland
537379,21755,love building block word,5,10-14-2019,5.99,16047.0,united kingdom
536777,22423,REGENCY CAKESTAND 3 TIER,9,2019-06-20 12:29:00,12.83,18040.0,United Kingdom
537470,85123A,  WHITE HANGING HEART T-LIGHT HOLDER  ,9,22/01/2019 01:16,2.7,16842.0,Switzerland
537392,22423,REGENCY CAKESTAND 3 TIER,9,2019-12-19 02:39:00,12.87,15420.0,Germany
537465,85123A,WHITE HANGING HEART T-LIGHT HOLDER,4,2019-11-10 09:41:00,2.79,12371.0,EIRE
536501,22752,set 7 babushka nesting boxes,19,09-25-2019,8.25,16169.0,Portugal
536983,71270,pink crystal guitar phone charm,13,16/09/2019 14:39,1.29,12957.0,Netherlands
536448,84406B,CREAM CUPID HEARTS COAT HANGER,5,2019-11-26 18:48:00,2.86,18009.0,Germany
537105,71053,WHITE METAL LANTERN,9,2019-09-14 07:13:00,3.58,15908.0,Belgium
536197,71053,white metal lantern,13,06/10/2019 06:19,3.52,17261.0,Spain
536325,22752,SET 7 BABUSHKA NESTING BOXES,3,2019-10-04 16:55:00,8.12,13743.0,Netherlands
537421,71270,PINK CRYSTAL GUITAR PHONE CHARM,16,01/09/2019 09:40,1.36,16545.0,Spain
536548,21730,GLASS STAR FROSTED T-LIGHT HOLDER,16,08-11-2019,4.34,13770.0,  Germany  
536559,22960,jam making set with jars,15,2019-07-11 15:00:00,0.0,14488.0,Spain
C536169,84879,ASSORTED COLOUR BIRD ORNAMENT,-18,12-24-2019,1.53,13814.0,Switzerland
536040,85123A,WHITE HANGING HEART T-LIGHT HOLDER,11,08-04-2019,2.58,15595.0,  Belgium  
537592,21755,LOVE BUILDING BLOCK WORD,2,2019-06-10 15:52:00,5.5,17520.0,Netherlands
537040,22752,SET 7 BABUSHKA NESTING BOXES,17,2019-10-28 02:01:00,7.87,16856.0,Portugal
536511,84406B,CREAM CUPID HEARTS COAT HANGER,19,2019-11-13 04:23:00,2.58,13309.0,Spain
537117,22752,SET 7 BABUSHKA NESTING BOXES,3,2019-12-05 19:17:00,7.19,14199.0,France
537511,84406B,  CREAM CUPID HEARTS COAT HANGER  ,4,2019-09-07 23:11:00,2.67,16250.0,germany
536570,21755,LOVE BUILDING BLOCK WORD,14,04/02/2019 17:20,6.53,13179.0,EIRE
537495,71053,white metal lantern,5,19/07/2019 23:09,3.65,16841.0,Switzerland
536700,22752,SET 7 BABUSHKA NESTING BOXES,10,2019-09-05 14:07:00,7.14,15436.0,  Portugal  
536289,84879,ASSORTED COLOUR BIRD ORNAMENT,16,2019-03-05 22:22:00,1.83,14093.0,  Netherlands  
537513,21755,LOVE BUILDING BLOCK WORD,15,2019-06-29 23:43:00,6.24,16095.0,Switzerland
536343,21755,LOVE BUILDING BLOCK WORD,19,06/08/2019 21:17,6.3,14749.0,EIRE
537154,22960,JAM MAKING SET WITH JARS,6,2019-07-11 04:27:00,4.81,12412.0,Netherlands
536898,21755,  LOVE BUILDING BLOCK WORD  ,17,2019-05-25 17:51:00,5.92,13566.0,Spain
536252,71053,  WHITE METAL LANTERN  ,6,05-23-2019,3.15,17394.0,Portugal
536666,84406B,CREAM CUPID HEARTS COAT HANGER,2,2019-07-11 01:19:00,2.95,13055.0,  EIRE  
537249,71053,WHITE METAL LANTERN,12,12-05-2019,3.13,16748.0,Portugal
537196,22960,JAM MAKING SET WITH JARS,4,2019-03-15 23:13:00,4.6,14583.0,Netherlands
536385,71270,PINK CRYSTAL GUITAR PHONE CHARM,3,04-12-2019,1.28,17514.0,EIRE
537052,21730,GLASS STAR FROSTED T-LIGHT HOLDER,18,06-14-2019,4.32,,France
536705,85123A,WHITE HANGING HEART T-LIGHT HOLDER,18,2019-07-22 15:48:00,2.63,14453.0,Portugal
536327,85123A,  WHITE HANGING HEART T-LIGHT HOLDER  ,3,2019-08-27 12:45:00,2.76,17044.0,netherlands
536110,85123A,WHITE HANGING HEART T-LIGHT HOLDER,6,2019-06-08 18:35:00,2.38,13235.0,Spain
536530,21730,GLASS STAR FROSTED T-LIGHT HOLDER,11,17/06/2019 21:08,4.42,,United Kingdom
536794,22752,  SET 7 BABUSHKA NESTING BOXES  ,17,2019-03-30 16:58:00,7.25,13599.0,  United Kingdom  
536986,22960,JAM MAKING SET WITH JARS,18,2019-12-07 15:14:00,1835.06,16085.0,Netherlands
536525,84879,  ASSORTED COLOUR BIRD ORNAMENT  ,4,11-05-2019,1.69,15933.0,germany
537570,85123A,WHITE HANGING HEART T-LIGHT HOLDER,14,13/12/2019 10:00,2.51,12806.0,Germany
536020,21755,LOVE BUILDING BLOCK WORD,12,02/10/2019 14:28,6.39,,Spain
536157,71270,PINK CRYSTAL GUITAR PHONE CHARM,17,01-21-2019,1.24,12968.0,Switzerland
536300,22752,SET 7 BABUSHKA NESTING BOXES,18,02/07/2019 03:26,6.89,13813.0,France
537151,21755,LOVE BUILDING BLOCK WORD,10,2019-11-15 06:18:00,6.35,12404.0,Portugal
536288,84406B,cream cupid hearts coat hanger,9,08/05/2019 00:09,2.91,14642.0,France
537194,84879,ASSORTED COLOUR BIRD ORNAMENT,2,04/11/2019 01:32,1.53,14933.0,Germany
537590,85123A,WHITE HANGING HEART T-LIGHT HOLDER,16,16/05/2019 14:22,2.47,15208.0,Netherlands
537204,22960,JAM MAKING SET WITH JARS,6,11-27-2019,4.72,14233.0,EIRE
537617,85123A,WHITE HANGING HEART T-LIGHT HOLDER,12,08-21-2019,2.74,14417.0,Germany
537129,85123A,WHITE HANGING HEART T-LIGHT HOLDER,2,03/11/2019 22:15,2.79,17478.0,Germany
536726,22752,,16,11-03-2019,7.64,14087.0,Switzerland
537093,84879,assorted colour bird ornament,18,11-09-2019,1.59,17448.0,Belgium
537385,21730,,1,2019-08-31 06:17:00,4.42,16603.0,Netherlands
536542,21755,love building block word,4,16/03/2019 03:35,6.25,12426.0,  Spain  
536812,21730,GLASS STAR FROSTED T-LIGHT HOLDER,7,11-24-2019,3.84,,spain
536383,84879,ASSORTED COLOUR BIRD ORNAMENT,9,2019-12-01 07:57:00,1.58,,  EIRE  
536386,71270,PINK CRYSTAL GUITAR PHONE CHARM,4,01-06-2019,1.13,14924.0,united kingdom
536085,21755,LOVE BUILDING BLOCK WORD,13,2019-05-12 22:44:00,5.71,16590.0,EIRE
536866,71270,PINK CRYSTAL GUITAR PHONE CHARM,11,2019-09-04 15:31:00,1.27,15865.0,Spain
537504,84406B,CREAM CUPID HEARTS COAT HANGER,12,05/08/2019 22:17,2.76,17431.0,France
536368,84406B,CREAM CUPID HEARTS COAT HANGER,6,2019-07-07 14:43:00,2.57,,France
C537395,21755,love building block word,-2,12-11-2019,6.05,13733.0,  Australia  
537135,85123A,WHITE HANGING HEART T-LIGHT HOLDER,17,2019-12-24 03:56:00,2.53,13854.0,Portugal
C536185,71270,PINK CRYSTAL GUITAR PHONE CHARM,-1,02-07-2019,1.29,15841.0,Belgium
536616,22423,REGENCY CAKESTAND 3 TIER,11,2019-03-03 07:42:00,12.12,16781.0,  Netherlands  
536696,21755,LOVE BUILDING BLOCK WORD,16,07-11-2019,5.59,16157.0,  Switzerland  
536966,22423,REGENCY CAKESTAND 3 TIER,8,2019-10-01 17:07:00,12.69,16901.0,United Kingdom
537073,22752,SET 7 BABUSHKA NESTING BOXES,2,2019-04-22 07:38:00,7.94,15092.0,Portugal
536087,21730,GLASS STAR FROSTED T-LIGHT HOLDER,1,21/10/2019 04:44,4.1,13310.0,Switzerland
537454,21730,GLASS STAR FROSTED T-LIGHT HOLDER,11,09-16-2019,4.12,12979.0,  United Kingdom  
C536209,85123A,WHITE HANGING HEART T-LIGHT HOLDER,-11,11-18-2019,2.62,16401.0,Spain
536629,85123A,  WHITE HANGING HEART T-LIGHT HOLDER  ,6,2019-08-14 20:30:00,2.46,13878.0,Portugal
537014,22960,JAM MAKING SET WITH JARS,6,05/03/2019 12:26,5.06,16914.0,Portugal
536692,21730,glass star frosted t-light holder,1,2019-12-27 04:54:00,4.09,15362.0,Netherlands
537195,71053,WHITE METAL LANTERN,12,04/08/2019 10:22,3.26,13207.0,EIRE
536535,84406B,CREAM CUPID HEARTS COAT HANGER,2,14/04/2019 02:44,2.49,13723.0,EIRE
536340,71053,white metal lantern,8,18/04/2019 17:30,3.24,12980.0,EIRE
C536202,84879,ASSORTED COLOUR BIRD ORNAMENT,-12,2019-12-03 16:44:00,1.63,,Australia
536467,21755,love building block word,6,2019-06-09 15:03:00,6.13,17523.0,France
537084,84879,ASSORTED COLOUR BIRD ORNAMENT,14,08-21-2019,1.67,14709.0,france
536698,71270,pink crystal guitar phone charm,4,02-18-2019,1.22,14197.0,Netherlands
536069,84406B,CREAM CUPID HEARTS COAT HANGER,15,02-24-2019,3.02,17836.0,Netherlands
537266,21755,love building block word,7,07-11-2019,5.72,17271.0,switzerland
537179,71270,PINK CRYSTAL GUITAR PHONE CHARM,15,04/06/2019 17:44,1.34,18163.0,Australia
536051,22752,SET 7 BABUSHKA NESTING BOXES,19,2019-02-26 06:55:00,8.39,17226.0,switzerland
536530,71270,PINK CRYSTAL GUITAR PHONE CHARM,7,2019-12-02 12:28:00,1.28,14912.0,Germany
536814,21730,glass star frosted t-light holder,14,11-14-2019,3.9,15707.0,Switzerland
536382,85123A,WHITE HANGING HEART T-LIGHT HOLDER,13,11-07-2019,2.75,17524.0,spain
537142,22423,REGENCY CAKESTAND 3 TIER,18,30/09/2019 04:49,11.88,,Belgium
536655,84879,ASSORTED COLOUR BIRD ORNAMENT,12,10/11/2019 00:48,1.76,18234.0,United Kingdom
537068,71270,PINK CRYSTAL GUITAR PHONE CHARM,13,2019-06-10 20:55:00,1.33,18016.0,  Germany  
536811,21755,LOVE BUILDING BLOCK WORD,19,01-02-2019,5.56,16129.0,Netherlands
536544,21730,  GLASS STAR FROSTED T-LIGHT HOLDER  ,14,02/07/2019 10:46,3.87,15362.0,Germany
537097,85123A,WHITE HANGING HEART T-LIGHT HOLDER,9,2019-10-15 23:49:00,2.41,12680.0,Germany
536199,21730,GLASS STAR FROSTED T-LIGHT HOLDER,15,2019-11-07 14:12:00,3.89,14385.0,Switzerland
537045,22752,SET 7 BABUSHKA NESTING BOXES,2,2019-05-14 12:49:00,7.48,12833.0,EIRE
536552,22960,JAM MAKING SET WITH JARS,1,2019-12-28 15:24:00,5.36,15445.0,netherlands
537440,71053,WHITE METAL LANTERN,2,27/01/2019 23:24,3.68,17508.0,United Kingdom
537099,22960,jam making set with jars,2,10-18-2019,5.2,13749.0,australia
536521,85123A,  WHITE HANGING HEART T-LIGHT HOLDER  ,17,29/08/2019 01:18,2.37,15022.0,Switzerland
536506,22752,SET 7 BABUSHKA NESTING BOXES,1,07/02/2019 19:27,7.16,13074.0,netherlands
537411,22752,set 7 babushka nesting boxes,17,07-17-2019,7.79,14390.0,  Australia  
536075,85123A,white hanging heart t-light holder,9,2019-02-16 01:05:00,2.43,12396.0,spain
536839,71053,WHITE METAL LANTERN,5,08-23-2019,3.12,15659.0,Australia
537408,21730,glass star frosted t-light holder,16,02-20-2019,4.67,17645.0,spain
536797,21730,  GLASS STAR FROSTED T-LIGHT HOLDER  ,8,2019-09-29 01:15:00,4.44,12875.0,netherlands
536586,71053,WHITE METAL LANTERN,13,28/05/2019 02:02,3.18,15060.0,France
536453,85123A,WHITE HANGING HEART T-LIGHT HOLDER,3,02-28-2019,2.71,12357.0,Switzerland
537101,84879,ASSORTED COLOUR BIRD ORNAMENT,18,12/05/2019 14:40,1.72,15965.0,  Netherlands  
536774,21755,LOVE BUILDING BLOCK WORD,2,2019-02-17 15:39:00,6.47,15370.0,United Kingdom
537186,21730,GLASS STAR FROSTED T-LIGHT HOLDER,16,15/04/2019 04:43,4.0,,Spain
537594,22960,JAM MAKING SET WITH JARS,5,04/10/2019 09:52,5.15,16005.0,Portugal
536611,22752,SET 7 BABUSHKA NESTING BOXES,7,2019-07-25 09:20:00,7.89,17876.0,Australia
537220,84406B,CREAM CUPID HEARTS COAT HANGER,3,2019-01-28 06:51:00,2.98,14380.0,Portugal
536669,21755,LOVE BUILDING BLOCK WORD,9,2019-12-10 02:00:00,5.94,13616.0,Portugal
537219,71053,WHITE METAL LANTERN,14,21/08/2019 05:05,3.37,17163.0,united kingdom
537285,85123A,WHITE HANGING HEART T-LIGHT HOLDER,1,03-29-2019,2.7,17959.0,belgium
536231,84406B,CREAM CUPID HEARTS COAT HANGER,17,2019-03-22 18:05:00,2.5,15924.0,EIRE
537520,21755,LOVE BUILDING BLOCK WORD,18,09/09/2019 06:17,5.7,16579.0,Germany
536870,84406B,cream cupid hearts coat hanger,1,2019-07-13 11:25:00,2.63,16437.0,Portugal
536395,71270,PINK CRYSTAL GUITAR PHONE CHARM,2,2019-07-11 10:38:00,1.13,15806.0,Belgium
536456,22423,REGENCY CAKESTAND 3 TIER,4,2019-07-11 13:45:00,12.62,16260.0,australia
536635,22423,REGENCY CAKESTAND 3 TIER,1,2019-06-30 12:12:00,13.61,15732.0,switzerland
537362,22960,JAM MAKING SET WITH JARS,6,29/08/2019 17:04,5.34,15514.0,Spain
536825,71270,PINK CRYSTAL GUITAR PHONE CHARM,7,2019-05-15 02:35:00,1.34,15805.0,Belgium
536005,71270,PINK CRYSTAL GUITAR PHONE CHARM,13,2019-02-03 13:25:00,1.26,17068.0,EIRE
536838,22960,  JAM MAKING SET WITH JARS  ,1,2019-10-05 17:39:00,4.84,15155.0,Australia
537548,84406B,CREAM CUPID HEARTS COAT HANGER,13,08-09-2019,2.52,14725.0,  EIRE  
536735,85123A,WHITE HANGING HEART T-LIGHT HOLDER,8,04/10/2019 15:21,2.5,16819.0,Switzerland
537198,22423,REGENCY CAKESTAND 3 TIER,11,2019-10-03 16:58:00,12.55,15397.0,Germany
536495,84879,ASSORTED COLOUR BIRD ORNAMENT,1,03/03/2019 01:22,1.61,15542.0,  Belgium  
536558,21730,GLASS STAR FROSTED T-LIGHT HOLDER,9,06-09-2019,4.25,14925.0,Netherlands
C536784,85123A,WHITE HANGING HEART T-LIGHT HOLDER,-5,2019-06-30 20:38:00,2.79,16968.0,Netherlands
536218,22423,  REGENCY CAKESTAND 3 TIER  ,11,2019-09-18 13:26:00,12.55,14398.0,EIRE
536523,22423,REGENCY CAKESTAND 3 TIER,16,2019-10-12 12:06:00,12.9,13598.0,Australia
536579,22423,REGENCY CAKESTAND 3 TIER,14,2019-12-25 14:17:00,13.75,16565.0,Australia
537285,22423,regency cakestand 3 tier,13,2019-08-04 13:01:00,11.99,13670.0,united kingdom
536948,21730,GLASS STAR FROSTED T-LIGHT HOLDER,7,2019-05-01 03:21:00,4.04,16493.0,Switzerland
536993,22960,  JAM MAKING SET WITH JARS  ,15,15/12/2019 17:34,5.15,17999.0,Switzerland
536206,85123A,WHITE HANGING HEART T-LIGHT HOLDER,14,2019-04-07 08:50:00,2.56,14308.0,united kingdom
536949,22960,jam making set with jars,4,2019-10-06 08:05:00,4.74,14817.0,Spain
537478,21730,GLASS STAR FROSTED T-LIGHT HOLDER,4,2019-08-23 03:59:00,4.44,15666.0,Portugal
536289,22752,SET 7 BABUSHKA NESTING BOXES,6,2019-10-25 10:32:00,8.36,,Spain
536835,84879,assorted colour bird ornament,17,07-15-2019,1.74,14195.0,Switzerland
536703,21755,LOVE BUILDING BLOCK WORD,15,01-04-2019,5.72,15118.0,Spain
536152,71270,PINK CRYSTAL GUITAR PHONE CHARM,18,2019-07-23 11:14:00,1.25,18097.0,  Australia  
537560,84406B,cream cupid hearts coat hanger,2,2019-08-27 16:54:00,2.86,18247.0,France
536263,21755,  LOVE BUILDING BLOCK WORD  ,19,11/12/2019 03:25,6.5,12671.0,Switzerland
537429,71270,PINK CRYSTAL GUITAR PHONE CHARM,12,06-21-2019,1.22,12367.0,Netherlands
537202,84879,ASSORTED COLOUR BIRD ORNAMENT,8,2019-12-15 08:08:00,1.76,16610.0,belgium
537274,22423,REGENCY CAKESTAND 3 TIER,15,12-18-2019,12.51,17741.0,United Kingdom
536753,22423,regency cakestand 3 tier,3,09-16-2019,11.83,16534.0,Belgium
537535,22752,,10,22/11/2019 15:14,7.66,12504.0,Netherlands
536936,71270,PINK CRYSTAL GUITAR PHONE CHARM,2,07-18-2019,1.33,13443.0,Netherlands
537172,21755,LOVE BUILDING BLOCK WORD,10,2019-10-13 11:04:00,6.03,12905.0,EIRE
536244,22423,REGENCY CAKESTAND 3 TIER,11,2019-12-04 16:00:00,13.72,17022.0,Spain
537627,71053,WHITE METAL LANTERN,11,2019-02-24 22:32:00,3.54,17586.0,portugal
537319,21755,,18,2019-01-16 00:39:00,6.07,17165.0,Switzerland
536711,22423,REGENCY CAKESTAND 3 TIER,4,2019-01-07 17:44:00,13.85,16113.0,France
536648,22752,SET 7 BABUSHKA NESTING BOXES,4,31/08/2019 04:50,8.22,15474.0,Switzerland
536759,71053,WHITE METAL LANTERN,3,30/12/2019 14:50,3.44,17195.0,portugal
536219,84406B,cream cupid hearts coat hanger,9,02/04/2019 19:45,2.59,14590.0,Germany
536810,85123A,WHITE HANGING HEART T-LIGHT HOLDER,14,11/01/2019 11:34,2.8,12632.0,EIRE
537250,71270,PINK CRYSTAL GUITAR PHONE CHARM,10,11-26-2019,1.17,13985.0,Australia
536842,84879,ASSORTED COLOUR BIRD ORNAMENT,7,2019-06-09 00:15:00,1.81,,  Spain  
537464,71270,PINK CRYSTAL GUITAR PHONE CHARM,12,2019-10-06 14:07:00,1.32,12453.0,Netherlands
536214,22752,SET 7 BABUSHKA NESTING BOXES,13,2019-05-18 00:22:00,8.41,16258.0,Netherlands
536056,71053,white metal lantern,19,2019-09-26 14:17:00,3.53,12704.0,EIRE
536505,85123A,WHITE HANGING HEART T-LIGHT HOLDER,6,02/05/2019 22:02,2.36,12792.0,United Kingdom
536600,85123A,WHITE HANGING HEART T-LIGHT HOLDER,8,2019-11-17 00:08:00,1901.51,15548.0,Australia
537131,84879,ASSORTED COLOUR BIRD ORNAMENT,8,2019-12-29 20:34:00,1.85,15181.0,France
536639,22752,SET 7 BABUSHKA NESTING BOXES,13,14/07/2019 23:48,7.67,13853.0,Germany
536090,71053,WHITE METAL LANTERN,10,13/09/2019 05:45,3.36,,Belgium
536822,21730,  GLASS STAR FROSTED T-LIGHT HOLDER  ,13,2019-09-18 04:51:00,4.04,14456.0,eire
537587,84406B,CREAM CUPID HEARTS COAT HANGER,7,26/11/2019 10:09,2.79,,Germany
536355,22423,  REGENCY CAKESTAND 3 TIER  ,14,2019-04-27 10:08:00,12.78,,portugal
536164,21755,,9,10/07/2019 17:37,6.48,12927.0,france
536637,22423,regency cakestand 3 tier,7,09-10-2019,13.26,17350.0,France
537215,22752,SET 7 BABUSHKA NESTING BOXES,15,2019-04-30 17:32:00,7.35,13181.0,France
536012,71270,pink crystal guitar phone charm,3,04-26-2019,1.26,16302.0,belgium
536102,21755,LOVE BUILDING BLOCK WORD,4,02-04-2019,6.41,17277.0,Spain
537246,85123A,white hanging heart t-light holder,5,2019-11-18 01:19:00,2.36,15558.0,Australia
537367,71270,PINK CRYSTAL GUITAR PHONE CHARM,15,14/03/2019 03:41,1.24,13070.0,Switzerland
537050,71053,WHITE METAL LANTERN,6,07-17-2019,3.63,17808.0,Germany
536943,71053,WHITE METAL LANTERN,7,10/03/2019 16:37,3.06,,France
536260,85123A,,4,11/04/2019 13:00,2.39,13849.0,Germany
536178,22423,REGENCY CAKESTAND 3 TIER,6,01-25-2019,13.45,16703.0,portugal
536194,21730,glass star frosted t-light holder,16,26/09/2019 10:16,3.94,12915.0,Belgium
537381,71270,PINK CRYSTAL GUITAR PHONE CHARM,14,01-30-2019,1.16,14965.0,EIRE
C537265,21730,GLASS STAR FROSTED T-LIGHT HOLDER,-19,01/06/2019 00:56,4.22,18024.0,Portugal
537608,21755,LOVE BUILDING BLOCK WORD,5,2019-03-08 09:35:00,6.01,14088.0,  Portugal  
537643,22423,REGENCY CAKESTAND 3 TIER,9,2019-06-13 07:37:00,13.52,15265.0,eire
536953,22752,SET 7 BABUSHKA NESTING BOXES,6,02/06/2019 18:55,6.92,17437.0,France
536105,85123A,WHITE HANGING HEART T-LIGHT HOLDER,11,04/12/2019 04:05,2.71,17106.0,  Australia  
536732,22752,SET 7 BABUSHKA NESTING BOXES,7,2019-10-21 21:14:00,8.14,13735.0,Portugal
536854,85123A,white hanging heart t-light holder,17,2019-06-15 09:01:00,2.5,16967.0,Australia
537514,85123A,white hanging heart t-light holder,1,02/10/2019 20:02,2.52,12560.0,Portugal
537607,85123A,WHITE HANGING HEART T-LIGHT HOLDER,5,2019-06-16 16:32:00,2.73,14547.0,Spain
536598,21730,glass star frosted t-light holder,3,12-24-2019,4.65,15831.0,eire
537564,84406B,,5,07-31-2019,2.77,,Spain
537425,84879,ASSORTED COLOUR BIRD ORNAMENT,9,2019-11-29 12:38:00,1.72,13579.0,Switzerland
536090,22423,REGENCY CAKESTAND 3 TIER,19,30/12/2019 18:21,13.37,13731.0,  Switzerland  
536182,21730,glass star frosted t-light holder,14,2019-05-03 14:20:00,3.88,13419.0,Portugal
536564,22752,SET 7 BABUSHKA NESTING BOXES,16,01-15-2019,7.48,12871.0,Netherlands
537175,22423,REGENCY CAKESTAND 3 TIER,2,2019-06-24 21:45:00,12.09,15887.0,Australia
537004,22960,  JAM MAKING SET WITH JARS  ,11,19/05/2019 12:06,5.15,15857.0,Germany
537610,84406B,CREAM CUPID HEARTS COAT HANGER,5,22/01/2019 17:28,3.02,17318.0,Belgium
536796,22960,  JAM MAKING SET WITH JARS  ,13,2019-07-14 01:22:00,4.59,15044.0,Belgium
537292,84879,  ASSORTED COLOUR BIRD ORNAMENT  ,4,03/06/2019 22:16,1.79,15667.0,Belgium
536298,71053,WHITE METAL LANTERN,16,2019-09-23 17:53:00,3.23,13267.0,United Kingdom
536666,21730,GLASS STAR FROSTED T-LIGHT HOLDER,3,2019-03-14 05:34:00,4.23,16293.0,Australia
536707,84406B,cream cupid hearts coat hanger,16,05/05/2019 04:58,2.86,15553.0,Australia
537385,84406B,cream cupid hearts coat hanger,3,2019-09-19 00:21:00,2.49,12633.0,  Germany  
536415,84406B,CREAM CUPID HEARTS COAT HANGER,18,15/06/2019 00:09,2.53,14381.0,Portugal
536419,21730,GLASS STAR FROSTED T-LIGHT HOLDER,18,25/07/2019 21:13,3.99,17999.0,Switzerland
536269,22752,SET 7 BABUSHKA NESTING BOXES,19,30/03/2019 08:31,7.32,16607.0,EIRE
536349,22423,REGENCY CAKESTAND 3 TIER,3,2019-09-03 04:12:00,13.73,17662.0,  Germany  
536626,21730,GLASS STAR FROSTED T-LIGHT HOLDER,2,24/06/2019 17:11,4.42,16974.0,Netherlands
C536959,22752,set 7 babushka nesting boxes,5170,2019-06-01 05:31:00,7.54,15652.0,Netherlands
536035,84406B,CREAM CUPID HEARTS COAT HANGER,2,12-20-2019,2.92,13060.0,Switzerland
536224,85123A,white hanging heart t-light holder,17,2019-07-01 20:59:00,2.8,,Germany
537502,21730,GLASS STAR FROSTED T-LIGHT HOLDER,17,07-31-2019,4.62,12425.0,germany
537444,71270,PINK CRYSTAL GUITAR PHONE CHARM,5,2019-07-25 00:38:00,1.34,14296.0,Portugal
536510,22423,  REGENCY CAKESTAND 3 TIER  ,11,07/02/2019 06:53,11.77,14324.0,  Belgium  
536618,71053,WHITE METAL LANTERN,3,16/02/2019 06:47,3.19,16501.0,  Spain  
536070,22423,REGENCY CAKESTAND 3 TIER,2,08-28-2019,13.74,13296.0,Belgium
537049,22752,SET 7 BABUSHKA NESTING BOXES,10,06/01/2019 15:22,8.06,17717.0,Portugal
536752,84879,  ASSORTED COLOUR BIRD ORNAMENT  ,14,2019-03-19 18:15:00,1.7,12523.0,  Portugal  
536701,84406B,CREAM CUPID HEARTS COAT HANGER,6,12/07/2019 15:44,2.94,16228.0,Australia
537089,21755,LOVE BUILDING BLOCK WORD,11,2019-03-24 00:23:00,5.64,16535.0,portugal
537601,22960,JAM MAKING SET WITH JARS,5,2019-11-24 08:18:00,4.48,12373.0,Belgium
536657,22752,  SET 7 BABUSHKA NESTING BOXES  ,2,11-28-2019,7.11,17006.0,Belgium
536500,71270,  PINK CRYSTAL GUITAR PHONE CHARM  ,2,14/08/2019 15:43,1.25,18179.0,Portugal
537394,22752,  SET 7 BABUSHKA NESTING BOXES  ,17,2019-12-30 02:29:00,8.13,15984.0,Netherlands
536215,21730,GLASS STAR FROSTED T-LIGHT HOLDER,1,13/11/2019 08:01,4.2,13561.0,Germany
537211,21755,LOVE BUILDING BLOCK WORD,12,2019-12-06 21:54:00,5.69,13077.0,Belgium
536257,84879,ASSORTED COLOUR BIRD ORNAMENT,15,2019-12-06 04:55:00,1.63,15105.0,Spain
536234,84406B,CREAM CUPID HEARTS COAT HANGER,14,06-12-2019,2.5,15174.0,  Netherlands  
537195,84879,assorted colour bird ornament,19,08/04/2019 00:08,1.81,12895.0,Switzerland
536416,22423,REGENCY CAKESTAND 3 TIER,4,2019-12-30 08:28:00,12.68,15705.0,belgium
536824,21755,LOVE BUILDING BLOCK WORD,1,26/02/2019 13:47,6.44,16820.0,Netherlands
536620,21730,GLASS STAR FROSTED T-LIGHT HOLDER,17,08/11/2019 17:08,4.52,16703.0,Germany
536236,22423,  REGENCY CAKESTAND 3 TIER  ,13,07-10-2019,12.16,15977.0,  United Kingdom  
536890,21755,LOVE BUILDING BLOCK WORD,10,25/09/2019 20:59,6.53,15821.0,Netherlands
536487,71053,white metal lantern,9,2019-09-15 22:35:00,3.65,17548.0,  France  
536494,85123A,white hanging heart t-light holder,5,2019-08-21 15:44:00,2.5,18081.0,Portugal
536848,71270,PINK CRYSTAL GUITAR PHONE CHARM,17,2019-11-09 05:06:00,1.28,14018.0,United Kingdom
536076,22752,  SET 7 BABUSHKA NESTING BOXES  ,2,29/09/2019 14:48,8.18,14737.0,netherlands
536452,22423,REGENCY CAKESTAND 3 TIER,18,2019-12-04 22:48:00,13.12,14106.0,Portugal
537003,22960,jam making set with jars,3,06-08-2019,5.15,,EIRE
536283,85123A,white hanging heart t-light holder,17,31/05/2019 12:22,2.71,14538.0,France
536334,22960,JAM MAKING SET WITH JARS,2212,18/12/2019 02:06,4.9,14272.0,  Switzerland  
536665,22960,JAM MAKING SET WITH JARS,15,25/10/2019 22:40,4.65,16273.0,Australia
536611,71053,white metal lantern,13,01-12-2019,3.38,16312.0,australia
537324,22423,REGENCY CAKESTAND 3 TIER,7,02-26-2019,13.22,13197.0,Portugal
536438,84879,  ASSORTED COLOUR BIRD ORNAMENT  ,8,25/09/2019 07:52,1.54,17646.0,portugal
537109,22960,JAM MAKING SET WITH JARS,3,2019-10-02 13:45:00,4.77,15305.0,belgium
536541,21730,GLASS STAR FROSTED T-LIGHT HOLDER,17,04-29-2019,3.96,12876.0,United Kingdom
536493,71270,pink crystal guitar phone charm,9,2019-02-20 17:55:00,1.13,17229.0,EIRE
537277,22752,  SET 7 BABUSHKA NESTING BOXES  ,1,2019-01-08 05:33:00,7.75,,United Kingdom
536426,21755,LOVE BUILDING BLOCK WORD,15,31/01/2019 02:48,6.47,12493.0,australia
537026,71270,PINK CRYSTAL GUITAR PHONE CHARM,9,2019-01-06 02:29:00,1.23,16838.0,EIRE
536607,71053,WHITE METAL LANTERN,16,2019-07-15 15:30:00,3.15,16074.0,Australia
536351,85123A,  WHITE HANGING HEART T-LIGHT HOLDER  ,9,2019-07-24 13:37:00,2.35,12856.0,Germany
537381,21730,GLASS STAR FROSTED T-LIGHT HOLDER,15,2019-05-12 00:19:00,4.56,12992.0,  Portugal  
536158,22423,  REGENCY CAKESTAND 3 TIER  ,12,09/01/2019 20:22,11.53,12955.0,Germany
536760,21730,GLASS STAR FROSTED T-LIGHT HOLDER,6,2019-01-13 02:14:00,4.38,12598.0,switzerland
537237,22960,JAM MAKING SET WITH JARS,1,11/10/2019 05:01,4.62,18243.0,Spain
537048,22752,SET 7 BABUSHKA NESTING BOXES,13,2019-06-01 01:25:00,7.39,14836.0,Spain
536111,71053,WHITE METAL LANTERN,2,2019-07-04 11:33:00,3.6,13798.0,Netherlands
536872,21730,GLASS STAR FROSTED T-LIGHT HOLDER,9,17/10/2019 05:39,4.04,14533.0,Netherlands
537220,21730,GLASS STAR FROSTED T-LIGHT HOLDER,17,06/05/2019 14:21,4.38,16321.0,Germany
536029,71053,WHITE METAL LANTERN,11,06-23-2019,3.44,16381.0,Netherlands
536291,84406B,CREAM CUPID HEARTS COAT HANGER,14,2019-05-05 09:24:00,2.89,14818.0,Portugal
536181,21730,  GLASS STAR FROSTED T-LIGHT HOLDER  ,10,2019-10-07 08:26:00,3.95,15960.0,Netherlands
537000,22423,REGENCY CAKESTAND 3 TIER,10,22/11/2019 01:48,12.38,13987.0,Australia
536920,22752,  SET 7 BABUSHKA NESTING BOXES  ,19,14/01/2019 17:43,7.39,12782.0,france
536621,71270,PINK CRYSTAL GUITAR PHONE CHARM,10,28/09/2019 00:55,1.27,15860.0,Australia
536626,84879,assorted colour bird ornament,2,01-14-2019,1.64,17904.0,Germany
537644,71270,PINK CRYSTAL GUITAR PHONE CHARM,6,2019-08-21 15:07:00,1.36,13513.0,Netherlands
536308,71270,pink crystal guitar phone charm,2,2019-08-30 07:57:00,1.16,13777.0,Belgium
536106,84406B,CREAM CUPID HEARTS COAT HANGER,4,2019-10-19 20:47:00,2.53,12530.0,netherlands
536292,71053,white metal lantern,19,2019-06-12 22:03:00,3.71,17644.0,  Switzerland  
537331,21730,GLASS STAR FROSTED T-LIGHT HOLDER,9,02/05/2019 01:49,4.57,16992.0,  Australia  
537082,22423,REGENCY CAKESTAND 3 TIER,8,2019-02-19 21:52:00,13.24,16980.0,United Kingdom
537026,21730,GLASS STAR FROSTED T-LIGHT HOLDER,4,22/07/2019 16:11,4.24,17129.0,EIRE
537253,85123A,WHITE HANGING HEART T-LIGHT HOLDER,12,2019-06-07 02:14:00,2.75,16467.0,  EIRE  
537549,22960,JAM MAKING SET WITH JARS,2,26/05/2019 07:51,4.46,14319.0,EIRE
537411,22423,REGENCY CAKESTAND 3 TIER,15,20/10/2019 20:25,12.93,16167.0,United Kingdom
537419,71053,WHITE METAL LANTERN,19,04/09/2019 03:29,3.15,,switzerland
536539,21755,LOVE BUILDING BLOCK WORD,19,2019-07-30 02:45:00,6.03,12389.0,United Kingdom
537242,84879,assorted colour bird ornament,7,2019-09-18 15:39:00,1.74,14169.0,Germany
537629,84406B,CREAM CUPID HEARTS COAT HANGER,11,2019-03-06 04:59:00,2.57,14978.0,  France  
536348,71053,WHITE METAL LANTERN,14,18/11/2019 16:47,3.14,14408.0,Spain
536583,21730,  GLASS STAR FROSTED T-LIGHT HOLDER  ,15,08/07/2019 14:22,4.59,13471.0,  Netherlands  
537292,84879,assorted colour bird ornament,19,2019-09-11 03:54:00,1.65,15233.0,France
537305,21730,  GLASS STAR FROSTED T-LIGHT HOLDER  ,5,2019-03-20 19:42:00,4.11,17174.0,United Kingdom
C536347,21730,glass star frosted t-light holder,-19,18/09/2019 18:56,4.08,13109.0,  Netherlands  
537003,21730,GLASS STAR FROSTED T-LIGHT HOLDER,2,07-21-2019,4.51,14228.0,United Kingdom
537096,85123A,WHITE HANGING HEART T-LIGHT HOLDER,1,2019-05-21 19:51:00,2.4,13128.0,germany
536688,71270,PINK CRYSTAL GUITAR PHONE CHARM,15,08-31-2019,1.19,12403.0,netherlands
536988,21755,LOVE BUILDING BLOCK WORD,5,2019-05-20 14:48:00,6.0,17095.0,Netherlands
536213,22960,jam making set with jars,12,06-23-2019,4.85,16659.0,United Kingdom
536045,84879,ASSORTED COLOUR BIRD ORNAMENT,15,06-25-2019,1.67,,Germany
536293,71270,  PINK CRYSTAL GUITAR PHONE CHARM  ,10,04/11/2019 02:37,1.34,15885.0,EIRE
536658,71270,PINK CRYSTAL GUITAR PHONE CHARM,19,2019-05-19 14:51:00,1.17,18009.0,Portugal
536527,22960,JAM MAKING SET WITH JARS,12,11-07-2019,4.64,16787.0,Netherlands
536365,84879,ASSORTED COLOUR BIRD ORNAMENT,14,07-16-2019,1.72,13071.0,switzerland
537570,85123A,white hanging heart t-light holder,6,2019-06-25 20:43:00,2.52,12414.0,Portugal
536464,21755,love building block word,4,2019-01-23 03:33:00,6.4,17176.0,united kingdom
536694,22423,  REGENCY CAKESTAND 3 TIER  ,2,2019-03-04 05:06:00,12.97,14035.0,  Belgium  
536422,84406B,CREAM CUPID HEARTS COAT HANGER,18,12-25-2019,2.76,12593.0,EIRE
537410,71270,  PINK CRYSTAL GUITAR PHONE CHARM  ,14,03/08/2019 23:06,1.37,16513.0,France
536858,22752,SET 7 BABUSHKA NESTING BOXES,15,2019-04-11 13:59:00,7.53,17505.0,Australia
536711,85123A,  WHITE HANGING HEART T-LIGHT HOLDER  ,4,2019-04-15 07:32:00,2.3,18113.0,australia
C536501,22423,REGENCY CAKESTAND 3 TIER,-1,2019-07-17 02:53:00,13.07,16613.0,united kingdom
C537122,71270,PINK CRYSTAL GUITAR PHONE CHARM,-3,04/09/2019 15:37,1.19,17274.0,Switzerland
537243,22960,JAM MAKING SET WITH JARS,15,2019-05-31 19:37:00,4.7,,Spain
536049,22752,SET 7 BABUSHKA NESTING BOXES,6,26/07/2019 00:10,7.8,,France
536101,21730,GLASS STAR FROSTED T-LIGHT HOLDER,11,2019-10-03 06:29:00,4.15,13131.0,Netherlands
536641,21730,glass star frosted t-light holder,7,19/03/2019 02:40,4.53,13768.0,Netherlands
537603,22960,JAM MAKING SET WITH JARS,13,2019-12-13 09:47:00,4.69,16751.0,Belgium
536879,71053,WHITE METAL LANTERN,11,2019-09-05 22:11:00,3.41,13514.0,France
536634,21730,GLASS STAR FROSTED T-LIGHT HOLDER,6,2019-03-08 17:25:00,4.41,17982.0,portugal
537567,21755,  LOVE BUILDING BLOCK WORD  ,16,2019-06-22 18:09:00,6.04,16447.0,Switzerland
537431,71270,  PINK CRYSTAL GUITAR PHONE CHARM  ,12,12-04-2019,1.31,17820.0,United Kingdom
537280,84879,ASSORTED COLOUR BIRD ORNAMENT,6,02-11-2019,1.62,15298.0,United Kingdom
537491,84879,  ASSORTED COLOUR BIRD ORNAMENT  ,19,2019-10-10 04:11:00,1.59,15298.0,  Australia  
536589,22960,jam making set with jars,6,02/04/2019 19:07,4.98,14690.0,Spain
536958,21755,love building block word,10,2019-12-31 11:17:00,5.97,17075.0,Belgium
536746,22752,set 7 babushka nesting boxes,5,10/04/2019 16:57,7.46,15209.0,  Netherlands  
536805,71270,PINK CRYSTAL GUITAR PHONE CHARM,2,2019-04-08 23:10:00,1.31,18000.0,Australia
536161,22960,JAM MAKING SET WITH JARS,15,22/03/2019 17:04,5.26,12618.0,germany
536426,22960,JAM MAKING SET WITH JARS,12,08/02/2019 10:21,4.76,13888.0,Netherlands
537226,71270,PINK CRYSTAL GUITAR PHONE CHARM,17,29/03/2019 17:20,1.18,17562.0,Belgium
536263,85123A,white hanging heart t-light holder,12,2019-03-26 02:18:00,2.65,12741.0,  Germany  
C536400,22752,SET 7 BABUSHKA NESTING BOXES,-16,2019-01-30 09:48:00,8.0,,Netherlands
537304,21730,GLASS STAR FROSTED T-LIGHT HOLDER,12,10-03-2019,3.97,13584.0,Switzerland
536787,84406B,CREAM CUPID HEARTS COAT HANGER,5,2019-03-16 22:36:00,2.67,14305.0,France
537023,21730,glass star frosted t-light holder,18,06-09-2019,4.39,17603.0,Belgium
537143,71053,WHITE METAL LANTERN,13,21/03/2019 14:43,3.22,13195.0,United Kingdom
537662,71053,  WHITE METAL LANTERN  ,1,2019-07-25 16:08:00,3.49,16617.0,United Kingdom
537625,71053,WHITE METAL LANTERN,18,2019-10-31 16:19:00,3.41,13668.0,Belgium
536863,71270,  PINK CRYSTAL GUITAR PHONE CHARM  ,2,2019-11-23 19:00:00,1.18,14506.0,  Spain  
536903,84406B,CREAM CUPID HEARTS COAT HANGER,15,2019-02-16 05:51:00,2.82,16940.0,Portugal
536509,22752,SET 7 BABUSHKA NESTING BOXES,8,07-14-2019,7.09,15102.0,United Kingdom
536936,22423,regency cakestand 3 tier,9,24/09/2019 17:45,13.41,16198.0,Germany
536228,22423,REGENCY CAKESTAND 3 TIER,2,2019-07-14 04:11:00,13.63,13612.0,Switzerland
536517,84406B,cream cupid hearts coat hanger,3,22/05/2019 09:29,2.85,12815.0,  France  
537418,84406B,CREAM CUPID HEARTS COAT HANGER,12,2019-05-31 01:05:00,2.49,14702.0,Switzerland
537290,85123A,white hanging heart t-light holder,2,24/04/2019 02:50,2.72,12915.0,belgium
536186,22752,  SET 7 BABUSHKA NESTING BOXES  ,6,06-21-2019,6.98,15574.0,France
536750,21755,LOVE BUILDING BLOCK WORD,17,2019-01-14 11:44:00,5.65,15281.0,united kingdom
537573,71053,WHITE METAL LANTERN,2,2019-01-06 11:39:00,3.1,16772.0,  Spain  
537166,84406B,cream cupid hearts coat hanger,11,24/04/2019 16:15,2.87,18089.0,  France  
536896,71270,pink crystal guitar phone charm,16,01/09/2019 22:18,1.25,14284.0,  Australia  
537402,71270,PINK CRYSTAL GUITAR PHONE CHARM,3,2019-08-07 20:47:00,1.33,15367.0,Spain
537636,22960,JAM MAKING SET WITH JARS,14,2019-03-16 08:54:00,5.31,,Belgium
537126,84406B,CREAM CUPID HEARTS COAT HANGER,7,2019-01-17 09:59:00,2.53,18098.0,Netherlands
537064,84406B,  CREAM CUPID HEARTS COAT HANGER  ,14,2019-04-08 11:15:00,2.49,16917.0,United Kingdom
536482,71270,PINK CRYSTAL GUITAR PHONE CHARM,5,24/10/2019 21:06,1.31,18116.0,Portugal
536650,84406B,CREAM CUPID HEARTS COAT HANGER,18,10-16-2019,2.49,17462.0,netherlands
C536307,22960,jam making set with jars,-12,08/09/2019 00:56,4.83,13755.0,Belgium
536541,22960,JAM MAKING SET WITH JARS,9,2019-03-09 08:58:00,4.92,13735.0,Netherlands
536103,22960,  JAM MAKING SET WITH JARS  ,17,06/05/2019 08:39,4.77,,  United Kingdom  
536439,22423,REGENCY CAKESTAND 3 TIER,11,09-29-2019,13.31,15713.0,Switzerland
537177,21730,GLASS STAR FROSTED T-LIGHT HOLDER,13,10-30-2019,4.62,12596.0,Netherlands
536554,22960,JAM MAKING SET WITH JARS,13,17/04/2019 12:30,4.97,17800.0,  EIRE  
536271,85123A,WHITE HANGING HEART T-LIGHT HOLDER,2,2019-04-19 01:43:00,2.65,12431.0,  Spain  
537524,21730,  GLASS STAR FROSTED T-LIGHT HOLDER  ,6,2019-01-06 19:29:00,4.11,12909.0,Germany
536755,21730,GLASS STAR FROSTED T-LIGHT HOLDER,4,2019-04-09 08:36:00,4.34,14307.0,Netherlands
536491,21730,GLASS STAR FROSTED T-LIGHT HOLDER,10,13/07/2019 00:39,4.55,16502.0,Switzerland
536591,71270,PINK CRYSTAL GUITAR PHONE CHARM,16,2019-11-29 16:13:00,1.32,12555.0,France
537553,21730,  GLASS STAR FROSTED T-LIGHT HOLDER  ,4,2019-10-11 16:54:00,3.89,16451.0,France
536364,22752,SET 7 BABUSHKA NESTING BOXES,10,2019-12-10 14:10:00,7.14,13595.0,germany
537392,22423,  REGENCY CAKESTAND 3 TIER  ,8,08/05/2019 08:05,12.56,18001.0,Spain
536650,22423,REGENCY CAKESTAND 3 TIER,4,2019-11-18 08:29:00,13.53,16486.0,Spain
537294,71270,pink crystal guitar phone charm,10,2019-01-29 14:07:00,1.13,17426.0,australia
537519,85123A,WHITE HANGING HEART T-LIGHT HOLDER,15,06-21-2019,2.68,15748.0,  Belgium  
537658,22423,REGENCY CAKESTAND 3 TIER,7,2019-09-12 22:49:00,12.48,14403.0,France
536933,84879,  ASSORTED COLOUR BIRD ORNAMENT  ,14,07/11/2019 16:02,1.56,17608.0,Germany
536413,22752,SET 7 BABUSHKA NESTING BOXES,17,2019-01-30 08:39:00,7.26,16338.0,  Switzerland  
536109,22423,REGENCY CAKESTAND 3 TIER,11,2019-05-03 17:50:00,11.54,13243.0,Portugal
537034,22423,REGENCY CAKESTAND 3 TIER,13,2019-10-24 16:23:00,12.98,12909.0,Switzerland
C536080,21730,GLASS STAR FROSTED T-LIGHT HOLDER,-11,2019-03-02 06:04:00,4.0,17540.0,united kingdom
537575,21730,GLASS STAR FROSTED T-LIGHT HOLDER,4,2019-01-31 01:55:00,4.27,17014.0,EIRE
536752,22423,REGENCY CAKESTAND 3 TIER,1,2019-05-12 08:04:00,11.68,15433.0,australia
536939,71053,WHITE METAL LANTERN,19,07/05/2019 01:30,3.19,17689.0,EIRE
537274,71270,PINK CRYSTAL GUITAR PHONE CHARM,3,2019-08-10 01:53:00,1.17,13284.0,Australia
536251,22752,SET 7 BABUSHKA NESTING BOXES,15,07-12-2019,7.95,17552.0,Switzerland
536521,22752,  SET 7 BABUSHKA NESTING BOXES  ,9,2019-04-18 21:54:00,7.43,15793.0,Australia
536644,71270,PINK CRYSTAL GUITAR PHONE CHARM,15,2019-04-03 02:12:00,1.24,12559.0,Spain
537612,71270,pink crystal guitar phone charm,16,2019-05-24 05:29:00,1.33,16266.0,united kingdom
537164,21730,  GLASS STAR FROSTED T-LIGHT HOLDER  ,1,11-20-2019,4.19,17456.0,Portugal
537007,71053,  WHITE METAL LANTERN  ,2,2019-02-13 12:00:00,3.47,17073.0,  France  
536882,22752,set 7 babushka nesting boxes,12,2019-05-20 19:15:00,7.54,12738.0,spain
536618,71053,white metal lantern,15,09-10-2019,3.18,15555.0,Germany
537187,22423,REGENCY CAKESTAND 3 TIER,14,2019-01-16 21:47:00,11.51,17095.0,Australia
536654,21730,GLASS STAR FROSTED T-LIGHT HOLDER,4,2019-09-28 20:11:00,4.03,12622.0,Switzerland
536337,71053,WHITE METAL LANTERN,11,2019-08-27 19:52:00,3.36,14227.0,Portugal
536475,21755,love building block word,2,2019-07-18 18:32:00,6.09,17630.0,Netherlands
537107,22423,  REGENCY CAKESTAND 3 TIER  ,11,31/07/2019 18:24,14.02,,netherlands
536431,22752,SET 7 BABUSHKA NESTING BOXES,13,08-03-2019,7.47,13798.0,Belgium
536155,21730,glass star frosted t-light holder,13,2019-05-27 22:23:00,4.56,14261.0,France
537342,22423,REGENCY CAKESTAND 3 TIER,15,2019-04-25 00:33:00,13.84,17078.0,Spain
536058,22423,REGENCY CAKESTAND 3 TIER,15,2019-08-15 15:40:00,12.98,12494.0,France
536092,22752,  SET 7 BABUSHKA NESTING BOXES  ,19,12/12/2019 03:41,7.18,12502.0,Spain
536356,71270,PINK CRYSTAL GUITAR PHONE CHARM,5268,2019-11-24 06:56:00,1.34,15836.0,switzerland
C536516,84879,ASSORTED COLOUR BIRD ORNAMENT,-4,08/10/2019 01:03,1.69,12979.0,Spain
536341,84406B,cream cupid hearts coat hanger,12,02/05/2019 16:28,2.82,15393.0,australia
536944,71053,WHITE METAL LANTERN,5,2019-07-06 12:11:00,3.38,18252.0,  France  
536488,22423,  REGENCY CAKESTAND 3 TIER  ,13,2019-05-16 19:49:00,12.32,15130.0,Switzerland
536571,71270,PINK CRYSTAL GUITAR PHONE CHARM,14,2019-05-01 03:20:00,1.23,12494.0,EIRE
537141,21730,GLASS STAR FROSTED T-LIGHT HOLDER,4,07-12-2019,4.12,12918.0,United Kingdom
536870,22423,REGENCY CAKESTAND 3 TIER,11,2019-09-12 20:20:00,11.57,17801.0,United Kingdom
536129,21755,LOVE BUILDING BLOCK WORD,6,11-25-2019,5.79,15550.0,Switzerland
536690,71270,PINK CRYSTAL GUITAR PHONE CHARM,9,2019-06-09 09:26:00,1.27,12997.0,Netherlands
537323,84406B,cream cupid hearts coat hanger,1,2019-11-15 06:55:00,2.71,14488.0,Portugal
537165,22423,REGENCY CAKESTAND 3 TIER,12,2019-02-16 19:22:00,12.16,,Switzerland
536940,22960,JAM MAKING SET WITH JARS,17,05-09-2019,4.74,17039.0,Australia
536474,71053,  WHITE METAL LANTERN  ,3,2019-09-01 20:29:00,3.66,15859.0,United Kingdom
537180,84406B,CREAM CUPID HEARTS COAT HANGER,11,25/03/2019 20:06,2.9,13313.0,  France  
C537649,84879,assorted colour bird ornament,-15,2019-01-30 03:14:00,1.68,14604.0,Belgium
537191,22752,SET 7 BABUSHKA NESTING BOXES,3,2019-10-12 02:16:00,7.44,,Netherlands
536016,22423,REGENCY CAKESTAND 3 TIER,15,07-02-2019,13.95,14922.0,Germany
536629,84406B,cream cupid hearts coat hanger,3,2019-04-26 21:13:00,2.48,15724.0,  Belgium  
537231,84879,  ASSORTED COLOUR BIRD ORNAMENT  ,11,2019-09-09 13:51:00,1.73,16710.0,Portugal
537409,85123A,WHITE HANGING HEART T-LIGHT HOLDER,6,2019-07-19 00:01:00,2.37,14269.0,germany
536160,21730,glass star frosted t-light holder,1,07-18-2019,4.2,13817.0,Belgium
537131,21730,GLASS STAR FROSTED T-LIGHT HOLDER,19,2019-05-24 12:58:00,4.4,,Portugal
536750,22960,JAM MAKING SET WITH JARS,1,25/10/2019 02:50,5.15,17516.0,netherlands
537387,84879,ASSORTED COLOUR BIRD ORNAMENT,16,10-16-2019,1.85,,Switzerland
536771,71270,  PINK CRYSTAL GUITAR PHONE CHARM  ,14,2019-04-28 19:48:00,1.32,13501.0,France
536949,22423,REGENCY CAKESTAND 3 TIER,16,06-12-2019,13.3,14554.0,Australia
537034,21755,LOVE BUILDING BLOCK WORD,18,2019-01-16 15:07:00,6.48,17897.0,Australia
537375,84879,ASSORTED COLOUR BIRD ORNAMENT,11,2019-11-17 06:41:00,1.56,15899.0,germany
537289,71053,WHITE METAL LANTERN,3,2019-08-21 05:21:00,3.17,,Spain
536821,71053,WHITE METAL LANTERN,3,2019-04-18 01:26:00,3.39,14862.0,Australia
536976,84879,ASSORTED COLOUR BIRD ORNAMENT,6,2019-03-03 13:51:00,1.76,15495.0,australia
537368,84879,ASSORTED COLOUR BIRD ORNAMENT,14,10-22-2019,1.56,14478.0,Germany
536021,84879,ASSORTED COLOUR BIRD ORNAMENT,16,2019-11-18 01:35:00,1.56,15170.0,netherlands
C537593,84879,ASSORTED COLOUR BIRD ORNAMENT,-6,06/04/2019 23:36,1.59,14657.0,United Kingdom
536258,84406B,CREAM CUPID HEARTS COAT HANGER,13,31/07/2019 07:57,2.85,16566.0,belgium
537391,21755,LOVE BUILDING BLOCK WORD,12,2019-09-29 20:50:00,5.53,17249.0,Spain
536911,22423,REGENCY CAKESTAND 3 TIER,15,12-08-2019,13.05,13325.0,  Australia  
536860,22423,REGENCY CAKESTAND 3 TIER,16,2019-11-15 05:22:00,12.82,,Netherlands
537161,85123A,WHITE HANGING HEART T-LIGHT HOLDER,12,07-26-2019,2.54,14954.0,Spain
537641,22752,SET 7 BABUSHKA NESTING BOXES,13,2019-07-27 01:44:00,6.89,16029.0,Belgium
536781,71270,  PINK CRYSTAL GUITAR PHONE CHARM  ,19,2019-02-23 08:03:00,1.17,13117.0,germany
536938,21755,LOVE BUILDING BLOCK WORD,11,2019-06-20 13:02:00,6.4,12692.0,France
537582,84406B,CREAM CUPID HEARTS COAT HANGER,16,2019-01-10 01:42:00,2.74,,eire
537342,22752,SET 7 BABUSHKA NESTING BOXES,12,2019-09-17 03:38:00,7.27,13091.0,Belgium
536241,21730,GLASS STAR FROSTED T-LIGHT HOLDER,19,2019-11-13 14:57:00,4.0,15688.0,Spain
537542,85123A,WHITE HANGING HEART T-LIGHT HOLDER,19,29/07/2019 09:33,2.41,17228.0,Switzerland
537536,85123A,WHITE HANGING HEART T-LIGHT HOLDER,19,2019-12-27 02:24:00,2.4,17097.0,Netherlands
537666,71053,WHITE METAL LANTERN,11,03-29-2019,3.63,12581.0,germany
C537639,22960,JAM MAKING SET WITH JARS,-14,2019-03-24 03:04:00,4.5,18024.0,  EIRE  
536578,84406B,CREAM CUPID HEARTS COAT HANGER,14,05/07/2019 13:09,2.75,14075.0,Netherlands
537041,85123A,WHITE HANGING HEART T-LIGHT HOLDER,9,2019-12-23 05:33:00,2.49,15791.0,  France  
536091,22960,JAM MAKING SET WITH JARS,6,18/06/2019 14:03,4.71,14499.0,Spain
536981,84879,ASSORTED COLOUR BIRD ORNAMENT,1,2019-09-20 08:40:00,1.64,12501.0,Australia
537605,71270,PINK CRYSTAL GUITAR PHONE CHARM,10,2019-11-13 15:34:00,1.27,,eire
537534,84406B,CREAM CUPID HEARTS COAT HANGER,6,14/05/2019 19:02,2.85,13290.0,  Germany  
536484,21730,glass star frosted t-light holder,2,10-25-2019,4.47,16971.0,United Kingdom
536905,71270,PINK CRYSTAL GUITAR PHONE CHARM,8,2019-11-01 07:12:00,1.32,14305.0,France
537415,84879,  ASSORTED COLOUR BIRD ORNAMENT  ,16,30/03/2019 03:41,1.59,16292.0,  United Kingdom  
536897,71270,PINK CRYSTAL GUITAR PHONE CHARM,16,2019-03-23 00:48:00,1.32,14998.0,EIRE
536922,84406B,  CREAM CUPID HEARTS COAT HANGER  ,8,03/10/2019 23:08,2.69,14742.0,Germany
536072,84406B,CREAM CUPID HEARTS COAT HANGER,19,10-21-2019,2.68,17878.0,Portugal
536079,85123A,WHITE HANGING HEART T-LIGHT HOLDER,15,14/04/2019 11:46,2.56,15028.0,Netherlands
536377,22752,SET 7 BABUSHKA NESTING BOXES,14,2019-01-18 17:22:00,7.74,18089.0,Belgium
537595,22423,  REGENCY CAKESTAND 3 TIER  ,14,2019-04-03 16:38:00,13.72,15892.0,Portugal
537088,84879,  ASSORTED COLOUR BIRD ORNAMENT  ,1,04/11/2019 09:37,1.71,12759.0,Netherlands
536746,84406B,CREAM CUPID HEARTS COAT HANGER,13,07-26-2019,2.83,16135.0,belgium
536461,84879,ASSORTED COLOUR BIRD ORNAMENT,10,05-31-2019,1.64,14582.0,Switzerland
537024,22752,SET 7 BABUSHKA NESTING BOXES,19,2019-05-31 04:51:00,6.95,15020.0,Germany
536452,22960,JAM MAKING SET WITH JARS,18,01-09-2019,5.05,12413.0,Spain
536876,84406B,CREAM CUPID HEARTS COAT HANGER,18,2019-03-03 00:27:00,2.89,16687.0,spain
536944,22752,SET 7 BABUSHKA NESTING BOXES,16,03/12/2019 14:34,8.36,,Australia
536208,22423,REGENCY CAKESTAND 3 TIER,11,30/09/2019 19:40,12.01,16377.0,  Spain  
536279,71270,  PINK CRYSTAL GUITAR PHONE CHARM  ,11,07-25-2019,1.25,13381.0,belgium
536107,21730,GLASS STAR FROSTED T-LIGHT HOLDER,11,21/12/2019 08:17,4.1,12764.0,EIRE
537351,84879,ASSORTED COLOUR BIRD ORNAMENT,13,2019-08-08 15:20:00,1.67,15747.0,Netherlands
536622,22423,REGENCY CAKESTAND 3 TIER,15,05-04-2019,13.0,18217.0,Portugal
536942,71053,WHITE METAL LANTERN,15,2019-06-27 06:14:00,3.44,18197.0,Portugal
537533,84879,ASSORTED COLOUR BIRD ORNAMENT,4,28/12/2019 08:58,1.77,17841.0,Spain
536145,71053,WHITE METAL LANTERN,10,2019-01-23 15:22:00,3.36,14190.0,France
C536039,22960,JAM MAKING SET WITH JARS,-9,2019-05-27 15:13:00,5.06,18117.0,Spain
537523,84879,assorted colour bird ornament,2,13/05/2019 22:35,1.63,15558.0,eire
537580,71270,PINK CRYSTAL GUITAR PHONE CHARM,10,09/12/2019 18:12,1.37,17150.0,Netherlands
536613,84879,  ASSORTED COLOUR BIRD ORNAMENT  ,14,01-07-2019,1.57,14323.0,Belgium
536342,21730,GLASS STAR FROSTED T-LIGHT HOLDER,18,2019-12-18 17:05:00,3.91,12644.0,  Switzerland  
537100,84879,ASSORTED COLOUR BIRD ORNAMENT,8,12-11-2019,1.66,15676.0,portugal
537390,22752,SET 7 BABUSHKA NESTING BOXES,10,15/09/2019 03:48,7.99,16371.0,  Switzerland  
537033,21755,LOVE BUILDING BLOCK WORD,18,07-16-2019,6.22,18082.0,France
536300,22960,JAM MAKING SET WITH JARS,6,2019-01-02 12:01:00,4.58,18208.0,  France  
537489,85123A,WHITE HANGING HEART T-LIGHT HOLDER,14,2019-02-24 21:54:00,2.69,16620.0,  Australia  
536401,84406B,CREAM CUPID HEARTS COAT HANGER,5,2019-12-31 12:58:00,2.75,17711.0,  Netherlands  
537549,85123A,white hanging heart t-light holder,4,2019-09-29 03:33:00,2.46,15973.0,EIRE
536574,84879,ASSORTED COLOUR BIRD ORNAMENT,18,2019-11-12 14:26:00,1.53,15440.0,australia
537350,22752,SET 7 BABUSHKA NESTING BOXES,5,2019-08-14 07:23:00,7.74,15785.0,Switzerland
536184,22752,SET 7 BABUSHKA NESTING BOXES,3,21/09/2019 23:59,7.04,16884.0,Spain
536135,71053,WHITE METAL LANTERN,8,2019-02-27 08:55:00,3.56,13751.0,Germany
537528,85123A,WHITE HANGING HEART T-LIGHT HOLDER,7,28/11/2019 04:35,2.67,16350.0,  Netherlands  
536537,22423,REGENCY CAKESTAND 3 TIER,10,2019-04-07 16:00:00,12.17,18198.0,Switzerland
536978,85123A,WHITE HANGING HEART T-LIGHT HOLDER,16,18/11/2019 08:40,2.71,13496.0,Switzerland
537099,21755,LOVE BUILDING BLOCK WORD,4,31/08/2019 08:59,5.78,17144.0,netherlands
536944,22960,jam making set with jars,8,02/03/2019 02:32,4.87,15717.0,United Kingdom
536783,21730,GLASS STAR FROSTED T-LIGHT HOLDER,11,05/01/2019 18:49,4.56,18023.0,Belgium
537036,22423,REGENCY CAKESTAND 3 TIER,2,2019-10-21 13:04:00,11.52,,Spain
536579,21730,GLASS STAR FROSTED T-LIGHT HOLDER,3,06/06/2019 17:12,4.36,,Spain
536078,85123A,WHITE HANGING HEART T-LIGHT HOLDER,9,17/11/2019 17:02,2.42,13142.0,Portugal
537054,21730,GLASS STAR FROSTED T-LIGHT HOLDER,2,2019-02-11 06:25:00,4.39,12357.0,Spain
536166,71053,WHITE METAL LANTERN,6,10/01/2019 20:17,3.28,16690.0,Netherlands
537208,84406B,CREAM CUPID HEARTS COAT HANGER,2,2019-01-01 11:42:00,2.99,17757.0,Portugal
537042,21730,GLASS STAR FROSTED T-LIGHT HOLDER,17,11/12/2019 00:06,4.41,17842.0,  France  
536264,71053,white metal lantern,17,2019-09-12 00:06:00,3.3,12566.0,Netherlands
537119,22423,  REGENCY CAKESTAND 3 TIER  ,7,2019-08-04 19:53:00,13.21,13313.0,Spain
537097,85123A,white hanging heart t-light holder,6,2019-09-26 04:25:00,2.62,15461.0,  EIRE  
537324,21755,LOVE BUILDING BLOCK WORD,19,12-31-2019,5.47,17300.0,Belgium
536330,21730,GLASS STAR FROSTED T-LIGHT HOLDER,6,02-17-2019,3.94,18229.0,france
536811,84406B,cream cupid hearts coat hanger,10,2019-02-16 13:49:00,2.69,18228.0,Belgium
537125,85123A,WHITE HANGING HEART T-LIGHT HOLDER,3,2019-02-23 03:13:00,2.63,14704.0,switzerland
536130,22960,JAM MAKING SET WITH JARS,19,06-10-2019,5.06,17291.0,australia
536800,71053,WHITE METAL LANTERN,11,26/03/2019 16:34,3.18,18178.0,EIRE
536405,84406B,CREAM CUPID HEARTS COAT HANGER,9,08/05/2019 10:24,2.82,15493.0,France
536078,21730,GLASS STAR FROSTED T-LIGHT HOLDER,6,14/08/2019 04:18,4.54,16211.0,Spain
536110,22423,regency cakestand 3 tier,7,12-27-2019,13.72,17401.0,netherlands
537525,21730,GLASS STAR FROSTED T-LIGHT HOLDER,15,2019-02-08 14:36:00,4.45,13593.0,France
537062,71270,PINK CRYSTAL GUITAR PHONE CHARM,11,2019-07-01 22:17:00,1.16,12879.0,  Switzerland  
536014,84406B,cream cupid hearts coat hanger,9,2019-02-25 21:24:00,3.02,12886.0,Switzerland
537645,71270,pink crystal guitar phone charm,5,2019-06-14 15:23:00,1.28,15260.0,EIRE
537405,84406B,CREAM CUPID HEARTS COAT HANGER,17,2019-04-17 09:24:00,2.74,13784.0,Netherlands
537145,84879,ASSORTED COLOUR BIRD ORNAMENT,11,2019-03-19 20:37:00,1.82,16425.0,spain
537024,71053,  WHITE METAL LANTERN  ,18,16/05/2019 16:38,3.28,12873.0,Switzerland
537044,84406B,  CREAM CUPID HEARTS COAT HANGER  ,6,03-16-2019,2.77,14074.0,Belgium
537348,71270,PINK CRYSTAL GUITAR PHONE CHARM,18,06-25-2019,1.31,,United Kingdom
536531,21730,glass star frosted t-light holder,6,2019-04-03 06:59:00,4.57,17223.0,spain
536074,21755,LOVE BUILDING BLOCK WORD,5,06-22-2019,5.47,15816.0,Portugal
536963,22752,set 7 babushka nesting boxes,3,24/09/2019 10:56,7.55,16586.0,  Switzerland  
536415,71053,WHITE METAL LANTERN,18,2019-08-26 07:27:00,3.2,17097.0,Germany
536513,71053,WHITE METAL LANTERN,14,03/12/2019 08:11,3.43,13517.0,Netherlands
537179,21755,LOVE BUILDING BLOCK WORD,13,07-24-2019,6.31,,Spain
537382,21730,  GLASS STAR FROSTED T-LIGHT HOLDER  ,6,2019-06-01 12:18:00,4.02,14667.0,  EIRE  
536844,22752,SET 7 BABUSHKA NESTING BOXES,10,2019-04-28 13:22:00,8.18,,France
537661,85123A,WHITE HANGING HEART T-LIGHT HOLDER,2,05-30-2019,2.36,18203.0,australia
C536272,71053,WHITE METAL LANTERN,-13,2019-07-27 16:53:00,3.53,15643.0,Portugal
537152,22423,REGENCY CAKESTAND 3 TIER,9,09/05/2019 17:42,13.62,14331.0,switzerland
536051,71270,PINK CRYSTAL GUITAR PHONE CHARM,15,16/11/2019 23:39,1.25,17454.0,  Spain  
537644,22423,REGENCY CAKESTAND 3 TIER,13,25/11/2019 08:09,13.91,14101.0,France
536082,22960,JAM MAKING SET WITH JARS,16,2019-03-18 22:10:00,4.66,,Spain
537309,71270,PINK CRYSTAL GUITAR PHONE CHARM,6,2019-08-05 23:26:00,1.13,12561.0,Spain
537338,21730,GLASS STAR FROSTED T-LIGHT HOLDER,18,2019-07-08 18:24:00,4.45,17524.0,spain
536878,22960,JAM MAKING SET WITH JARS,5,2019-04-17 14:05:00,5.29,12706.0,EIRE
536264,71053,WHITE METAL LANTERN,14,2019-06-24 16:16:00,3.72,14372.0,United Kingdom
536575,22752,SET 7 BABUSHKA NESTING BOXES,7,09-19-2019,7.69,,EIRE
537063,71053,WHITE METAL LANTERN,5,10/07/2019 09:09,3.25,15995.0,Spain
536883,84879,  ASSORTED COLOUR BIRD ORNAMENT  ,5,01-28-2019,1.68,13839.0,Portugal
536209,84879,ASSORTED COLOUR BIRD ORNAMENT,3,09-14-2019,1.55,14230.0,Portugal
537598,85123A,WHITE HANGING HEART T-LIGHT HOLDER,14,10-25-2019,2.37,15149.0,France
536779,21755,  LOVE BUILDING BLOCK WORD  ,19,27/07/2019 14:32,6.13,17020.0,United Kingdom
537638,85123A,WHITE HANGING HEART T-LIGHT HOLDER,9,10/12/2019 11:32,2.75,17681.0,Spain
536540,22960,  JAM MAKING SET WITH JARS  ,15,28/12/2019 20:50,4.92,17061.0,Switzerland
536483,22960,JAM MAKING SET WITH JARS,10,17/11/2019 16:55,5.17,16933.0,Portugal
536967,21755,  LOVE BUILDING BLOCK WORD  ,2,2019-08-29 01:53:00,5.36,14015.0,Netherlands
C536609,71053,WHITE METAL LANTERN,-8,28/04/2019 07:28,3.47,15813.0,Germany
536275,85123A,WHITE HANGING HEART T-LIGHT HOLDER,14,12-03-2019,2.32,13569.0,United Kingdom
536546,22752,set 7 babushka nesting boxes,17,2019-08-02 21:00:00,7.11,16279.0,France
537288,22960,  JAM MAKING SET WITH JARS  ,15,12/08/2019 08:34,4.8,17551.0,Spain
536971,22423,REGENCY CAKESTAND 3 TIER,11,10/10/2019 05:06,12.91,13547.0,Netherlands
537263,21730,GLASS STAR FROSTED T-LIGHT HOLDER,10,2019-03-27 04:39:00,3.99,,Belgium
536979,21730,glass star frosted t-light holder,19,2019-04-12 07:11:00,4.12,,Netherlands
537140,71053,WHITE METAL LANTERN,4,2019-02-17 00:40:00,3.15,14415.0,Switzerland
537332,22960,JAM MAKING SET WITH JARS,5,2019-11-27 17:21:00,4.61,13768.0,Netherlands
537255,22752,SET 7 BABUSHKA NESTING BOXES,1,2019-08-19 00:29:00,7.58,17625.0,Portugal
536178,22752,SET 7 BABUSHKA NESTING BOXES,18,14/02/2019 18:24,7.55,16589.0,Portugal
536887,84406B,CREAM CUPID HEARTS COAT HANGER,16,2019-08-11 08:03:00,2.55,17485.0,France
536051,22423,REGENCY CAKESTAND 3 TIER,15,02/01/2019 02:58,12.36,14115.0,United Kingdom
537080,84879,ASSORTED COLOUR BIRD ORNAMENT,10,2019-11-18 14:00:00,1.77,14089.0,France
537049,21755,LOVE BUILDING BLOCK WORD,19,07-25-2019,5.86,17434.0,EIRE
536984,21755,LOVE BUILDING BLOCK WORD,4,07-16-2019,6.36,17442.0,Spain
536437,22423,REGENCY CAKESTAND 3 TIER,9,17/01/2019 12:13,13.14,14822.0,France
536107,84406B,CREAM CUPID HEARTS COAT HANGER,9,21/05/2019 11:05,2.79,14076.0,Belgium
537370,21755,LOVE BUILDING BLOCK WORD,6,2019-03-04 05:25:00,6.43,14592.0,Portugal
537110,85123A,white hanging heart t-light holder,4,27/01/2019 18:40,2.31,16046.0,  Australia  
537328,21755,LOVE BUILDING BLOCK WORD,8,2019-01-05 06:01:00,6.12,16768.0,Switzerland
536599,22960,  JAM MAKING SET WITH JARS  ,11,2019-05-23 19:06:00,4.94,14167.0,Australia
536027,21755,LOVE BUILDING BLOCK WORD,13,2019-03-06 17:38:00,5.7,12554.0,France
536853,22423,REGENCY CAKESTAND 3 TIER,6,2019-04-01 05:39:00,11.48,16877.0,EIRE
C536647,21755,LOVE BUILDING BLOCK WORD,-2,2019-04-23 16:25:00,6.49,17568.0,  Spain  
536662,84406B,CREAM CUPID HEARTS COAT HANGER,17,2019-08-08 20:06:00,2.51,17183.0,Belgium
537178,22752,SET 7 BABUSHKA NESTING BOXES,11,02-19-2019,8.17,,australia
536524,21730,  GLASS STAR FROSTED T-LIGHT HOLDER  ,16,2019-10-06 06:41:00,4.37,14927.0,Australia
536992,85123A,WHITE HANGING HEART T-LIGHT HOLDER,8,29/04/2019 21:26,2.6,13388.0,Portugal
536907,21755,love building block word,17,03-15-2019,5.91,16984.0,australia
537135,21730,GLASS STAR FROSTED T-LIGHT HOLDER,12,17/12/2019 18:51,4.29,13884.0,  Australia  
536686,22960,jam making set with jars,18,01/12/2019 21:26,5.06,12391.0,  Germany  
536587,22752,SET 7 BABUSHKA NESTING BOXES,10,24/12/2019 23:30,7.33,14313.0,france
536498,22960,JAM MAKING SET WITH JARS,15,01/11/2019 03:50,4.8,12425.0,Belgium
536693,22423,  REGENCY CAKESTAND 3 TIER  ,1,2019-12-06 01:31:00,12.86,16967.0,australia
536391,22752,SET 7 BABUSHKA NESTING BOXES,8,28/03/2019 12:35,7.62,,Switzerland
537503,21730,GLASS STAR FROSTED T-LIGHT HOLDER,11,05-16-2019,4.36,16205.0,netherlands
536876,84406B,CREAM CUPID HEARTS COAT HANGER,4,06-27-2019,2.7,15113.0,Germany
537420,84406B,  CREAM CUPID HEARTS COAT HANGER  ,14,2019-12-09 02:16:00,3.02,17594.0,Portugal
537562,84879,assorted colour bird ornament,9,03-11-2019,1.83,15734.0,EIRE
536204,85123A,white hanging heart t-light holder,12,08/02/2019 06:33,2.35,17361.0,  Netherlands  
537031,21755,LOVE BUILDING BLOCK WORD,3,2019-08-25 04:22:00,5.37,13748.0,  Germany  
537150,71053,WHITE METAL LANTERN,7,05-09-2019,3.57,12500.0,Netherlands
536338,71053,WHITE METAL LANTERN,6,2019-02-13 09:28:00,3.7,14867.0,Portugal
537019,21730,GLASS STAR FROSTED T-LIGHT HOLDER,17,23/02/2019 12:00,4.34,16508.0,  Australia  
537611,71053,  WHITE METAL LANTERN  ,14,2019-04-02 18:49:00,3.33,15790.0,Germany
537301,21730,GLASS STAR FROSTED T-LIGHT HOLDER,17,19/04/2019 07:14,4.17,15884.0,Switzerland
536727,22960,JAM MAKING SET WITH JARS,10,16/11/2019 23:45,5.37,16358.0,EIRE
537139,71270,PINK CRYSTAL GUITAR PHONE CHARM,4,21/04/2019 13:12,1.17,17504.0,Australia
537550,84406B,CREAM CUPID HEARTS COAT HANGER,10,2019-11-28 18:54:00,2.5,15526.0,  Switzerland  
537033,22960,  JAM MAKING SET WITH JARS  ,13,05-01-2019,5.24,14092.0,  EIRE  
536403,84406B,CREAM CUPID HEARTS COAT HANGER,8,08-04-2019,2.64,13050.0,belgium
536211,71053,WHITE METAL LANTERN,15,05-01-2019,3.31,17140.0,Netherlands
536351,22752,SET 7 BABUSHKA NESTING BOXES,4,09-30-2019,6.91,15312.0,Germany
536780,21755,LOVE BUILDING BLOCK WORD,6,01-10-2019,5.89,15703.0,Netherlands
536265,85123A,WHITE HANGING HEART T-LIGHT HOLDER,2,2019-12-09 17:26:00,2.34,13213.0,Portugal
537423,85123A,  WHITE HANGING HEART T-LIGHT HOLDER  ,16,2019-08-11 10:09:00,2.48,16131.0,Australia
536938,21755,LOVE BUILDING BLOCK WORD,5,03/01/2019 11:42,5.78,12671.0,France
537447,71270,pink crystal guitar phone charm,15,07-22-2019,1.14,,United Kingdom
536360,71270,PINK CRYSTAL GUITAR PHONE CHARM,16,16/01/2019 14:50,1.26,16385.0,United Kingdom
536551,21730,GLASS STAR FROSTED T-LIGHT HOLDER,8,12-10-2019,4.55,12444.0,france
536535,71053,WHITE METAL LANTERN,9,05/12/2019 09:52,3.14,15865.0,Spain
536048,22752,SET 7 BABUSHKA NESTING BOXES,18,02-13-2019,7.78,,  EIRE  
537413,21755,love building block word,12,14/05/2019 09:15,6.23,,EIRE
536030,71053,white metal lantern,18,2019-10-14 02:48:00,3.13,16630.0,united kingdom
536227,71053,WHITE METAL LANTERN,8,2019-11-25 00:03:00,3.66,16549.0,France
537468,85123A,WHITE HANGING HEART T-LIGHT HOLDER,19,22/08/2019 09:54,2.66,17325.0,Portugal
537143,85123A,WHITE HANGING HEART T-LIGHT HOLDER,17,11-15-2019,2.8,,  Belgium  
536031,21755,love building block word,7,2019-04-25 03:46:00,5.73,,Germany
536278,21730,  GLASS STAR FROSTED T-LIGHT HOLDER  ,10,22/10/2019 07:00,4.58,,Netherlands
537610,22960,JAM MAKING SET WITH JARS,5,25/06/2019 13:56,4.89,12846.0,EIRE
536466,22423,  REGENCY CAKESTAND 3 TIER  ,11,16/04/2019 21:32,11.65,15029.0,australia
537326,21730,glass star frosted t-light holder,16,15/11/2019 03:40,4.01,13289.0,Portugal
536763,21730,GLASS STAR FROSTED T-LIGHT HOLDER,10,2019-12-08 14:41:00,4.16,14905.0,Germany
536500,71270,PINK CRYSTAL GUITAR PHONE CHARM,9,06/08/2019 13:39,1.15,15642.0,  Germany  
536754,22752,SET 7 BABUSHKA NESTING BOXES,19,22/06/2019 02:08,7.49,14643.0,Netherlands
536489,71270,,3,2019-01-29 03:58:00,1.16,13006.0,Spain
537309,22960,  JAM MAKING SET WITH JARS  ,9,12-19-2019,5.16,16563.0,EIRE
537081,71270,PINK CRYSTAL GUITAR PHONE CHARM,5,2019-04-05 17:59:00,1.14,17647.0,Belgium
536332,21755,LOVE BUILDING BLOCK WORD,2,2019-01-03 05:42:00,5.74,13785.0,United Kingdom
536284,71270,  PINK CRYSTAL GUITAR PHONE CHARM  ,10,22/06/2019 07:11,1.14,16013.0,France
537291,84879,  ASSORTED COLOUR BIRD ORNAMENT  ,12,24/06/2019 09:59,1.84,12471.0,Australia
536380,22960,  JAM MAKING SET WITH JARS  ,11,07-02-2019,5.03,12858.0,Portugal
536758,84879,assorted colour bird ornament,9,2019-03-14 13:21:00,1.65,13946.0,Australia
537499,22960,jam making set with jars,14,2019-11-13 00:03:00,0.0,17337.0,France
536367,21755,  LOVE BUILDING BLOCK WORD  ,15,2019-08-18 06:10:00,5.53,17939.0,Switzerland
536028,22960,JAM MAKING SET WITH JARS,2,2019-07-31 02:01:00,5.17,15454.0,australia
536736,85123A,WHITE HANGING HEART T-LIGHT HOLDER,4,2019-05-10 03:32:00,2.37,17672.0,  Netherlands  
537403,22752,set 7 babushka nesting boxes,6,2019-10-07 07:11:00,7.5,15142.0,Belgium
537571,84406B,CREAM CUPID HEARTS COAT HANGER,14,2019-03-29 22:14:00,2.55,18259.0,Portugal
537146,22960,JAM MAKING SET WITH JARS,9,11/12/2019 06:35,4.97,14722.0,  EIRE  
536522,22752,SET 7 BABUSHKA NESTING BOXES,1,25/10/2019 11:04,6.93,12750.0,France
536553,22960,JAM MAKING SET WITH JARS,1,2019-08-05 04:56:00,5.27,16796.0,EIRE
536518,71270,PINK CRYSTAL GUITAR PHONE CHARM,10,08/11/2019 11:39,1.15,13267.0,EIRE
537254,71053,WHITE METAL LANTERN,16,29/12/2019 21:06,3.61,17785.0,Germany
537194,22752,SET 7 BABUSHKA NESTING BOXES,9,2019-12-30 08:12:00,8.15,,  Spain  
536628,22752,SET 7 BABUSHKA NESTING BOXES,18,19/03/2019 15:33,7.47,13849.0,Australia
537048,21755,LOVE BUILDING BLOCK WORD,9,2019-05-08 06:41:00,6.52,12757.0,  Spain  
536622,71270,pink crystal guitar phone charm,19,2019-09-06 05:06:00,1.13,12403.0,Germany
536958,22423,REGENCY CAKESTAND 3 TIER,1,2019-04-11 12:48:00,13.99,14987.0,EIRE
537443,22423,REGENCY CAKESTAND 3 TIER,1,2019-12-05 23:29:00,13.3,16625.0,  Germany  
537196,71270,PINK CRYSTAL GUITAR PHONE CHARM,11,2019-01-31 22:23:00,1.15,15947.0,  Switzerland  
537089,71053,  WHITE METAL LANTERN  ,2,01-04-2019,3.48,17626.0,Germany
536961,71270,PINK CRYSTAL GUITAR PHONE CHARM,10,2019-08-26 18:57:00,1.17,,Portugal
536963,84406B,CREAM CUPID HEARTS COAT HANGER,17,2019-02-11 10:35:00,2.77,14910.0,Germany
537002,71270,PINK CRYSTAL GUITAR PHONE CHARM,7,2019-08-05 04:40:00,1.25,14816.0,Belgium
536608,21730,  GLASS STAR FROSTED T-LIGHT HOLDER  ,11,01-11-2019,4.21,,Switzerland
537307,22960,jam making set with jars,9,2019-09-08 21:13:00,5.23,15980.0,Switzerland
536880,22752,SET 7 BABUSHKA NESTING BOXES,7,03-24-2019,7.68,16598.0,Germany
536508,71270,  PINK CRYSTAL GUITAR PHONE CHARM  ,11,2019-07-19 20:16:00,1.17,13950.0,portugal
536520,21730,GLASS STAR FROSTED T-LIGHT HOLDER,12,2019-03-05 19:59:00,4.15,13439.0,France
536114,71053,  WHITE METAL LANTERN  ,8,2019-06-01 23:23:00,3.6,13802.0,United Kingdom
536847,84879,  ASSORTED COLOUR BIRD ORNAMENT  ,17,27/05/2019 12:05,1.57,18038.0,EIRE
537128,85123A,WHITE HANGING HEART T-LIGHT HOLDER,3,28/06/2019 03:57,2.79,,France
536804,84406B,CREAM CUPID HEARTS COAT HANGER,4,2019-01-18 20:23:00,2.73,17630.0,Portugal
536902,22423,REGENCY CAKESTAND 3 TIER,12,2019-01-17 18:14:00,12.58,15081.0,United Kingdom
536370,22752,SET 7 BABUSHKA NESTING BOXES,1,25/02/2019 21:04,7.37,16359.0,Australia
537147,84879,ASSORTED COLOUR BIRD ORNAMENT,7,2019-11-26 22:49:00,1.64,17746.0,  EIRE  
536737,84406B,CREAM CUPID HEARTS COAT HANGER,3,05-23-2019,2.8,15935.0,germany
536453,71270,pink crystal guitar phone charm,16,17/01/2019 22:39,1.18,,  Germany  
536702,71270,PINK CRYSTAL GUITAR PHONE CHARM,19,2019-03-06 00:11:00,1.27,,United Kingdom
536459,85123A,WHITE HANGING HEART T-LIGHT HOLDER,9,05-11-2019,2.46,13559.0,australia
536942,22423,REGENCY CAKESTAND 3 TIER,11,2019-11-17 02:30:00,11.92,17892.0,France
536141,21755,  LOVE BUILDING BLOCK WORD  ,4,2019-06-15 23:03:00,6.3,12393.0,  Switzerland  
536097,22752,SET 7 BABUSHKA NESTING BOXES,16,06-04-2019,7.03,15587.0,Switzerland
536355,71270,PINK CRYSTAL GUITAR PHONE CHARM,19,06-08-2019,1.35,15379.0,Portugal
536792,22752,SET 7 BABUSHKA NESTING BOXES,14,2019-02-28 14:11:00,7.0,13762.0,Spain
536709,84406B,cream cupid hearts coat hanger,18,01/05/2019 06:54,2.95,14024.0,Netherlands
536572,22752,,13,07-11-2019,7.75,14593.0,  Netherlands  
536312,21755,love building block word,6,11-10-2019,5.59,16768.0,Netherlands
537259,85123A,WHITE HANGING HEART T-LIGHT HOLDER,2,12/09/2019 10:35,2.77,14169.0,Spain
C537321,22423,REGENCY CAKESTAND 3 TIER,-15,02-13-2019,11.7,14722.0,Australia
537330,71053,WHITE METAL LANTERN,15,2019-08-24 14:56:00,3.44,16073.0,australia
536084,85123A,WHITE HANGING HEART T-LIGHT HOLDER,13,2019-08-02 00:57:00,2.73,,Spain
537620,84406B,cream cupid hearts coat hanger,19,11/02/2019 19:28,3.02,14809.0,United Kingdom
536494,22960,jam making set with jars,17,2019-02-11 23:49:00,4.5,16151.0,France
536314,22752,SET 7 BABUSHKA NESTING BOXES,14,23/10/2019 18:11,7.0,12967.0,  Australia  
537061,21730,  GLASS STAR FROSTED T-LIGHT HOLDER  ,5,01-15-2019,4.56,17789.0,Australia
537088,22423,REGENCY CAKESTAND 3 TIER,7,01-02-2019,11.48,16741.0,  Portugal  
536969,71053,WHITE METAL LANTERN,7,2019-08-07 16:16:00,3.51,12530.0,  Netherlands  
536323,84406B,CREAM CUPID HEARTS COAT HANGER,1,2019-02-22 00:28:00,3.0,,spain
536165,71270,pink crystal guitar phone charm,12,2019-02-15 06:11:00,1.36,12910.0,  Belgium  
536609,84879,ASSORTED COLOUR BIRD ORNAMENT,17,2019-01-09 11:00:00,1.85,16310.0,EIRE
536725,22960,JAM MAKING SET WITH JARS,1,2019-08-13 17:15:00,4.8,15131.0,  Germany  
536112,71053,WHITE METAL LANTERN,8,2019-11-18 19:04:00,3.13,13660.0,portugal
537568,84879,ASSORTED COLOUR BIRD ORNAMENT,14,2019-02-21 14:44:00,1.55,16580.0,Switzerland
536382,22423,REGENCY CAKESTAND 3 TIER,14,2019-05-28 05:04:00,11.99,13132.0,Australia
536747,22423,REGENCY CAKESTAND 3 TIER,16,02-17-2019,11.62,16868.0,United Kingdom
537274,71270,  PINK CRYSTAL GUITAR PHONE CHARM  ,14,21/01/2019 21:36,1.25,,  Germany  
537322,84879,ASSORTED COLOUR BIRD ORNAMENT,2,20/11/2019 23:10,1.75,16777.0,  Belgium  
536717,22752,set 7 babushka nesting boxes,13,19/12/2019 05:20,7.53,12551.0,switzerland
536670,71270,PINK CRYSTAL GUITAR PHONE CHARM,4,06/08/2019 20:09,1.23,17596.0,spain
536830,22960,  JAM MAKING SET WITH JARS  ,1,2019-01-29 08:57:00,4.46,,Belgium
537649,71053,WHITE METAL LANTERN,14,26/05/2019 14:24,3.18,18228.0,  France  
536603,22423,REGENCY CAKESTAND 3 TIER,11,06-18-2019,12.21,16324.0,Portugal
536664,84879,ASSORTED COLOUR BIRD ORNAMENT,16,01/06/2019 21:40,1.84,14673.0,Spain
536977,22752,set 7 babushka nesting boxes,14,2019-07-02 20:35:00,7.16,17218.0,EIRE
536941,22423,  REGENCY CAKESTAND 3 TIER  ,14,2019-12-24 17:37:00,13.71,14083.0,Belgium
536965,22423,REGENCY CAKESTAND 3 TIER,3,2019-10-14 10:08:00,12.01,13751.0,France
536758,21730,glass star frosted t-light holder,6,2019-03-04 11:31:00,4.27,13859.0,  Switzerland  
536144,21755,LOVE BUILDING BLOCK WORD,17,19/07/2019 12:45,5.61,14779.0,Switzerland
537500,21755,LOVE BUILDING BLOCK WORD,17,07-03-2019,6.26,13757.0,Spain
536941,84879,assorted colour bird ornament,4,26/12/2019 11:44,1.71,15442.0,Portugal
537251,22423,REGENCY CAKESTAND 3 TIER,17,13/12/2019 18:09,13.77,13981.0,  Belgium  
536834,22423,  REGENCY CAKESTAND 3 TIER  ,13,06-26-2019,13.5,15492.0,switzerland
537070,71270,  PINK CRYSTAL GUITAR PHONE CHARM  ,4,2019-07-06 10:15:00,1.26,14943.0,Switzerland
C537547,71053,WHITE METAL LANTERN,-12,2019-12-28 15:03:00,3.46,17589.0,France
537436,84406B,CREAM CUPID HEARTS COAT HANGER,17,02/10/2019 12:24,2.88,15921.0,United Kingdom
537180,71053,WHITE METAL LANTERN,10,08-25-2019,3.47,15507.0,Switzerland
537090,22423,regency cakestand 3 tier,9,14/12/2019 06:45,12.57,,Belgium
536647,22752,  SET 7 BABUSHKA NESTING BOXES  ,13,2019-11-02 17:27:00,6.89,13077.0,EIRE
536630,85123A,white hanging heart t-light holder,6,09/12/2019 00:52,2.75,16272.0,  Belgium  
537199,71270,PINK CRYSTAL GUITAR PHONE CHARM,13,2019-10-05 04:39:00,1.16,14776.0,switzerland
536421,71270,  PINK CRYSTAL GUITAR PHONE CHARM  ,4,27/11/2019 07:14,1.17,14924.0,Germany
537479,22752,  SET 7 BABUSHKA NESTING BOXES  ,18,2019-06-30 09:49:00,7.27,14372.0,Switzerland
536865,21755,  LOVE BUILDING BLOCK WORD  ,3,2019-07-12 16:23:00,5.58,17435.0,australia
536470,71053,  WHITE METAL LANTERN  ,8,2019-08-19 18:48:00,3.59,12657.0,eire
536404,71270,PINK CRYSTAL GUITAR PHONE CHARM,9,2019-08-12 00:33:00,1.28,15623.0,France
536322,84406B,cream cupid hearts coat hanger,19,2019-04-12 13:31:00,2.65,12376.0,France
536410,22423,REGENCY CAKESTAND 3 TIER,8,09-23-2019,11.89,15745.0,Portugal
537597,21755,LOVE BUILDING BLOCK WORD,14,02-09-2019,5.94,12997.0,  Spain  
C536201,21755,love building block word,-3,2019-10-02 18:22:00,5.59,17323.0,United Kingdom
C536034,22752,  SET 7 BABUSHKA NESTING BOXES  ,-3,23/10/2019 04:45,8.07,12432.0,Australia
C536215,21730,GLASS STAR FROSTED T-LIGHT HOLDER,-1,05-10-2019,4.54,,Germany
537530,21730,GLASS STAR FROSTED T-LIGHT HOLDER,12,22/10/2019 01:04,4.34,14866.0,Netherlands
537029,71053,WHITE METAL LANTERN,9,05-22-2019,3.47,16218.0,Spain
536339,22752,SET 7 BABUSHKA NESTING BOXES,13,01-22-2019,7.76,17883.0,spain
536030,22752,,13,03/12/2019 18:35,7.53,13583.0,  Belgium  
536956,71270,  PINK CRYSTAL GUITAR PHONE CHARM  ,12,2019-05-20 02:58:00,1.28,17877.0,Belgium
536302,71270,PINK CRYSTAL GUITAR PHONE CHARM,12,06-22-2019,1.23,14155.0,United Kingdom
536716,84879,ASSORTED COLOUR BIRD ORNAMENT,11,15/03/2019 07:10,1.54,14480.0,Australia
536079,21730,GLASS STAR FROSTED T-LIGHT HOLDER,5,2019-01-14 22:33:00,3.96,12787.0,Portugal
537046,71270,PINK CRYSTAL GUITAR PHONE CHARM,6,2019-11-21 17:54:00,1.21,13387.0,Australia
536314,84406B,CREAM CUPID HEARTS COAT HANGER,13,28/08/2019 22:33,2.82,14546.0,Australia
536423,84879,ASSORTED COLOUR BIRD ORNAMENT,4,06-08-2019,1.72,14483.0,United Kingdom
536312,21755,  LOVE BUILDING BLOCK WORD  ,9,2019-08-19 11:09:00,6.25,14560.0,EIRE
C537076,85123A,WHITE HANGING HEART T-LIGHT HOLDER,-10,23/11/2019 06:48,2.72,15331.0,Belgium
537183,71053,WHITE METAL LANTERN,17,30/10/2019 18:10,3.13,13168.0,Australia
536620,71270,PINK CRYSTAL GUITAR PHONE CHARM,9,15/07/2019 05:45,1.25,16137.0,eire
536556,21730,GLASS STAR FROSTED T-LIGHT HOLDER,9,08-25-2019,4.58,12944.0,Spain
C536001,71053,WHITE METAL LANTERN,-15,01-25-2019,3.29,14993.0,Portugal
537447,22423,regency cakestand 3 tier,15,10-15-2019,12.74,16014.0,  Switzerland  
537314,22423,REGENCY CAKESTAND 3 TIER,13,2019-06-16 10:59:00,11.78,13935.0,portugal
537004,84406B,cream cupid hearts coat hanger,2,09/12/2019 22:08,2.72,16878.0,Netherlands
536006,22423,REGENCY CAKESTAND 3 TIER,17,2019-10-27 01:23:00,12.07,17429.0,france
536656,71053,white metal lantern,6,2019-02-07 07:54:00,3.07,16724.0,Switzerland
536903,22423,REGENCY CAKESTAND 3 TIER,7,14/11/2019 02:55,13.29,17959.0,switzerland
536744,84879,ASSORTED COLOUR BIRD ORNAMENT,8,15/11/2019 14:39,1.64,17304.0,France
536270,71053,  WHITE METAL LANTERN  ,3,04-19-2019,3.43,14019.0,portugal
536433,22423,REGENCY CAKESTAND 3 TIER,5,11-01-2019,11.91,,  Spain  
537650,84406B,CREAM CUPID HEARTS COAT HANGER,11,03-31-2019,2.81,17844.0,Belgium
536086,84879,ASSORTED COLOUR BIRD ORNAMENT,2,17/02/2019 15:43,1.75,16701.0,  Belgium  
536601,22423,REGENCY CAKESTAND 3 TIER,14,2019-12-05 06:36:00,13.3,13460.0,Germany
536523,21730,GLASS STAR FROSTED T-LIGHT HOLDER,15,04/10/2019 09:20,4.05,15080.0,united kingdom
537426,22960,jam making set with jars,7,2019-03-23 14:08:00,4.72,16183.0,Australia
536818,71053,WHITE METAL LANTERN,1,06/08/2019 09:35,3.05,12908.0,Portugal
536581,21755,LOVE BUILDING BLOCK WORD,5,2019-04-18 13:28:00,6.49,17231.0,United Kingdom
536543,85123A,WHITE HANGING HEART T-LIGHT HOLDER,19,2019-05-11 01:04:00,2.52,17712.0,France
536572,22752,SET 7 BABUSHKA NESTING BOXES,11,04-14-2019,7.43,16486.0,United Kingdom
536173,22752,set 7 babushka nesting boxes,8,2019-09-18 16:19:00,7.19,15092.0,Germany
537312,84406B,cream cupid hearts coat hanger,10,2019-05-24 01:13:00,2.67,13506.0,  Switzerland  
537160,71053,WHITE METAL LANTERN,14,2019-08-05 20:21:00,3.45,17919.0,Netherlands
536552,22960,  JAM MAKING SET WITH JARS  ,17,2019-03-23 19:01:00,5.03,15028.0,France
537157,21730,glass star frosted t-light holder,14,26/07/2019 22:03,3.96,15649.0,Portugal
536825,85123A,WHITE HANGING HEART T-LIGHT HOLDER,5,06/08/2019 17:06,2.4,17636.0,Netherlands
537316,21755,love building block word,18,26/11/2019 09:22,5.58,,Belgium
537311,21755,love building block word,7,2019-07-07 02:53:00,6.5,12599.0,  Spain  
537215,84879,assorted colour bird ornament,15,26/04/2019 11:17,1.63,14972.0,Belgium
536254,84879,ASSORTED COLOUR BIRD ORNAMENT,13,10/08/2019 14:45,1.79,17484.0,Spain
537567,84406B,CREAM CUPID HEARTS COAT HANGER,18,27/08/2019 13:42,2.53,15637.0,australia
537442,85123A,WHITE HANGING HEART T-LIGHT HOLDER,17,12-18-2019,2.76,14851.0,Australia
537475,84406B,CREAM CUPID HEARTS COAT HANGER,16,12/03/2019 22:52,2.87,17594.0,spain
536363,22423,REGENCY CAKESTAND 3 TIER,15,2019-05-21 11:24:00,11.78,16983.0,Netherlands
537202,22752,SET 7 BABUSHKA NESTING BOXES,16,05-28-2019,8.23,18223.0,Switzerland
536367,21755,LOVE BUILDING BLOCK WORD,9,2019-07-20 22:03:00,6.06,15168.0,EIRE
537519,22423,REGENCY CAKESTAND 3 TIER,1,2019-10-12 01:54:00,13.31,13296.0,EIRE
536319,21755,love building block word,8,2019-04-15 06:58:00,5.91,12813.0,  Spain  
536186,22752,SET 7 BABUSHKA NESTING BOXES,3,2019-12-09 08:50:00,7.37,17511.0,Netherlands
536506,21755,  LOVE BUILDING BLOCK WORD  ,12,21/11/2019 01:38,5.78,12983.0,Portugal
537649,85123A,,18,2019-02-05 20:21:00,2.33,13533.0,Germany
536828,71053,WHITE METAL LANTERN,6,2019-09-22 18:25:00,3.24,14599.0,switzerland
536122,71053,  WHITE METAL LANTERN  ,13,01/03/2019 10:26,3.51,17146.0,France
537300,71270,PINK CRYSTAL GUITAR PHONE CHARM,11,08/12/2019 05:44,1.23,17420.0,Netherlands
536649,84879,ASSORTED COLOUR BIRD ORNAMENT,4,11-11-2019,1.66,13279.0,switzerland
537388,71053,WHITE METAL LANTERN,2,12/04/2019 05:52,3.72,16409.0,netherlands
536524,84406B,CREAM CUPID HEARTS COAT HANGER,7,2019-07-02 17:16:00,2.96,17700.0,Australia
536269,71053,  WHITE METAL LANTERN  ,10,2019-07-07 03:56:00,3.12,,germany
537077,22423,regency cakestand 3 tier,2,2019-07-07 13:13:00,13.0,14709.0,Netherlands
537315,71053,white metal lantern,10,05-04-2019,3.06,14340.0,eire
536003,21755,LOVE BUILDING BLOCK WORD,16,11-04-2019,6.31,17681.0,France
536675,21755,LOVE BUILDING BLOCK WORD,4,15/06/2019 17:58,5.57,12562.0,Switzerland
536058,85123A,WHITE HANGING HEART T-LIGHT HOLDER,6,2019-04-02 19:00:00,2.58,15821.0,Switzerland
536829,21730,GLASS STAR FROSTED T-LIGHT HOLDER,16,23/04/2019 16:19,4.24,16026.0,  Spain  
537295,84879,  ASSORTED COLOUR BIRD ORNAMENT  ,16,2019-05-29 13:17:00,1.59,18095.0,EIRE
536856,71053,WHITE METAL LANTERN,15,06/06/2019 01:06,3.37,17284.0,Australia
537173,71270,pink crystal guitar phone charm,10,2019-09-10 08:09:00,1.15,15986.0,eire
537253,21755,LOVE BUILDING BLOCK WORD,8,02-12-2019,6.33,12715.0,  Netherlands  
537094,71053,WHITE METAL LANTERN,11,2019-07-04 15:41:00,3.14,15104.0,Switzerland
536554,71053,white metal lantern,12,2019-07-17 18:54:00,3.7,13834.0,Spain
536730,84879,ASSORTED COLOUR BIRD ORNAMENT,8,02-09-2019,1.66,17805.0,  Australia  
536405,84879,assorted colour bird ornament,13,07/08/2019 07:02,1.56,14713.0,  France  
537123,21730,GLASS STAR FROSTED T-LIGHT HOLDER,7,10-25-2019,3.96,17855.0,Germany
536886,21755,LOVE BUILDING BLOCK WORD,14,11-16-2019,6.35,15841.0,Australia
537417,85123A,WHITE HANGING HEART T-LIGHT HOLDER,13,26/04/2019 01:23,2.45,17524.0,  Germany  
537192,84406B,  CREAM CUPID HEARTS COAT HANGER  ,16,2019-12-03 22:55:00,2.74,14983.0,  United Kingdom  
536682,71270,PINK CRYSTAL GUITAR PHONE CHARM,8,2019-12-21 08:58:00,1.36,16314.0,  Spain  
536874,21730,GLASS STAR FROSTED T-LIGHT HOLDER,7,21/10/2019 15:51,4.42,15905.0,Switzerland
537136,85123A,WHITE HANGING HEART T-LIGHT HOLDER,3,19/01/2019 09:45,2.67,15005.0,Germany
536395,71270,pink crystal guitar phone charm,4,2019-06-16 18:41:00,1.18,14515.0,France
536335,21755,LOVE BUILDING BLOCK WORD,16,06-08-2019,6.48,16491.0,Belgium
537189,84879,ASSORTED COLOUR BIRD ORNAMENT,14,30/12/2019 15:16,1.58,16315.0,spain
537245,21730,glass star frosted t-light holder,16,2019-03-07 18:12:00,4.19,15653.0,Switzerland
537552,22960,JAM MAKING SET WITH JARS,8,06-21-2019,4.78,17627.0,France
536683,21755,LOVE BUILDING BLOCK WORD,12,2019-06-16 10:45:00,5.61,17929.0,  France  
537337,84406B,CREAM CUPID HEARTS COAT HANGER,16,2019-11-29 11:09:00,2.82,13774.0,EIRE
536089,84879,assorted colour bird ornament,11,2019-06-11 15:10:00,1.69,17175.0,EIRE
536664,22752,SET 7 BABUSHKA NESTING BOXES,10,04-01-2019,6.91,,  Portugal  
536088,21755,love building block word,19,2019-09-30 06:07:00,6.08,14174.0,Belgium
536304,71270,PINK CRYSTAL GUITAR PHONE CHARM,4,04/09/2019 21:06,1.23,15528.0,United Kingdom
536759,21755,love building block word,10,2019-01-24 10:24:00,5.92,,  Portugal  
536743,22960,JAM MAKING SET WITH JARS,9,2019-04-02 17:58:00,4.92,16644.0,Australia
536096,85123A,WHITE HANGING HEART T-LIGHT HOLDER,1,30/09/2019 19:45,2.63,14379.0,germany
536970,21730,  GLASS STAR FROSTED T-LIGHT HOLDER  ,7,30/07/2019 10:07,4.53,16799.0,netherlands
536697,84406B,  CREAM CUPID HEARTS COAT HANGER  ,4,04-03-2019,2.7,15567.0,  Netherlands  
537523,84879,ASSORTED COLOUR BIRD ORNAMENT,15,31/05/2019 10:47,1.68,,Portugal
536550,71270,PINK CRYSTAL GUITAR PHONE CHARM,3,2019-07-02 17:09:00,1.13,14793.0,France
537380,21730,glass star frosted t-light holder,19,2019-02-02 03:48:00,4.4,12614.0,Netherlands
537419,71053,WHITE METAL LANTERN,12,27/12/2019 17:54,3.62,15118.0,United Kingdom
537013,84406B,CREAM CUPID HEARTS COAT HANGER,17,07-09-2019,2.87,13075.0,Australia
536892,71270,PINK CRYSTAL GUITAR PHONE CHARM,13,2019-03-13 19:55:00,1.29,17465.0,spain
536096,22423,  REGENCY CAKESTAND 3 TIER  ,2,23/04/2019 12:48,11.87,14012.0,United Kingdom
537035,84406B,CREAM CUPID HEARTS COAT HANGER,19,2019-01-22 06:14:00,2.72,12692.0,Portugal
537271,22752,  SET 7 BABUSHKA NESTING BOXES  ,14,2019-04-12 04:44:00,7.17,17294.0,Germany
536191,22423,REGENCY CAKESTAND 3 TIER,19,2019-03-18 11:19:00,13.4,,Spain
536283,84879,  ASSORTED COLOUR BIRD ORNAMENT  ,2,2019-06-10 12:33:00,1.8,15303.0,  Australia  
537294,71053,  WHITE METAL LANTERN  ,2,23/11/2019 18:36,3.69,15272.0,germany
536574,21755,LOVE BUILDING BLOCK WORD,12,2019-04-12 14:56:00,6.1,15166.0,  EIRE  
537316,22752,  SET 7 BABUSHKA NESTING BOXES  ,1,02-05-2019,7.98,13650.0,Australia
536366,22960,,16,2019-07-05 00:27:00,5.19,15893.0,France
536402,84879,ASSORTED COLOUR BIRD ORNAMENT,15,2019-03-09 14:14:00,1.83,12934.0,France
536614,84879,ASSORTED COLOUR BIRD ORNAMENT,11,19/04/2019 13:09,1.8,16263.0,Germany
536616,71053,WHITE METAL LANTERN,5,2019-11-20 20:31:00,3.55,18027.0,Portugal
536841,21755,LOVE BUILDING BLOCK WORD,1,12-16-2019,6.51,14678.0,France
537315,21755,LOVE BUILDING BLOCK WORD,10,12/01/2019 17:06,6.29,14607.0,Portugal
536564,84879,ASSORTED COLOUR BIRD ORNAMENT,8,03-15-2019,1.71,15327.0,switzerland
C537393,22960,jam making set with jars,-16,25/08/2019 21:57,4.88,18225.0,germany
537521,71270,  PINK CRYSTAL GUITAR PHONE CHARM  ,14,2019-09-24 14:32:00,1.32,,spain
537320,22423,REGENCY CAKESTAND 3 TIER,11,03/01/2019 10:17,13.01,13898.0,united kingdom
536077,84879,ASSORTED COLOUR BIRD ORNAMENT,8,12/01/2019 18:32,1.78,12602.0,France
C537110,22423,REGENCY CAKESTAND 3 TIER,-2,2019-09-08 06:14:00,12.78,17582.0,Spain
536882,22960,JAM MAKING SET WITH JARS,3,08-10-2019,5.02,13461.0,portugal
537347,22960,JAM MAKING SET WITH JARS,2,17/05/2019 14:32,4.53,16736.0,Portugal
536570,84406B,CREAM CUPID HEARTS COAT HANGER,12,08/08/2019 05:19,2.52,12803.0,Spain
536060,22423,REGENCY CAKESTAND 3 TIER,9,16/10/2019 07:30,12.79,12628.0,United Kingdom
536487,21755,LOVE BUILDING BLOCK WORD,2,2019-09-06 23:52:00,0.0,17377.0,Portugal
536016,21730,  GLASS STAR FROSTED T-LIGHT HOLDER  ,12,01-17-2019,4.57,14012.0,eire
537652,84406B,cream cupid hearts coat hanger,8,2019-09-26 15:35:00,2.95,13950.0,Australia
537527,71270,PINK CRYSTAL GUITAR PHONE CHARM,6,26/01/2019 01:58,1.21,18084.0,Switzerland
536035,84879,  ASSORTED COLOUR BIRD ORNAMENT  ,12,12-18-2019,1.79,14055.0,Portugal
536147,85123A,WHITE HANGING HEART T-LIGHT HOLDER,12,04-23-2019,2.74,14960.0,Netherlands
536651,85123A,WHITE HANGING HEART T-LIGHT HOLDER,11,2019-05-14 23:20:00,2.63,16391.0,spain
537580,84879,ASSORTED COLOUR BIRD ORNAMENT,11,2019-11-08 10:42:00,1.58,16679.0,  Germany  
536242,22752,set 7 babushka nesting boxes,8,2019-04-20 23:13:00,7.88,15868.0,United Kingdom
536746,22752,SET 7 BABUSHKA NESTING BOXES,7,09-05-2019,8.37,16639.0,EIRE
536776,71053,WHITE METAL LANTERN,15,2019-06-08 03:15:00,3.24,14309.0,Belgium
537375,21730,GLASS STAR FROSTED T-LIGHT HOLDER,16,28/12/2019 03:08,3.97,13981.0,switzerland
536056,22752,SET 7 BABUSHKA NESTING BOXES,18,2019-05-06 03:13:00,7.65,12958.0,  EIRE  
536333,21730,glass star frosted t-light holder,11,01-25-2019,3.98,17083.0,Germany
537084,21730,GLASS STAR FROSTED T-LIGHT HOLDER,15,28/10/2019 10:52,4.16,,Belgium
536716,21730,  GLASS STAR FROSTED T-LIGHT HOLDER  ,17,22/03/2019 01:50,4.21,14236.0,  Switzerland  
536065,71270,  PINK CRYSTAL GUITAR PHONE CHARM  ,16,2019-04-19 05:11:00,1.28,,Spain
537530,71270,PINK CRYSTAL GUITAR PHONE CHARM,3,08-26-2019,1.22,,Netherlands
537264,21755,LOVE BUILDING BLOCK WORD,8,11-15-2019,6.36,,Portugal
536215,84406B,CREAM CUPID HEARTS COAT HANGER,9,11-08-2019,2.7,16131.0,Portugal
537011,22752,SET 7 BABUSHKA NESTING BOXES,8,04/12/2019 20:34,7.87,12666.0,Germany
537380,71053,white metal lantern,15,2019-07-05 01:35:00,3.29,18159.0,Netherlands
537244,22960,jam making set with jars,16,2019-08-11 21:39:00,4.55,15480.0,United Kingdom
536919,22960,  JAM MAKING SET WITH JARS  ,19,2019-02-17 20:42:00,4.98,13871.0,Australia
536124,21755,LOVE BUILDING BLOCK WORD,13,11-26-2019,6.29,15055.0,Belgium
537591,71270,pink crystal guitar phone charm,9,21/11/2019 00:44,1.25,16956.0,France
536188,22752,,11,09-15-2019,7.08,12523.0,Netherlands
537240,84406B,CREAM CUPID HEARTS COAT HANGER,1,07-31-2019,2.9,13027.0,Germany
536965,84406B,CREAM CUPID HEARTS COAT HANGER,10,26/12/2019 07:59,2.89,17515.0,EIRE
537518,85123A,WHITE HANGING HEART T-LIGHT HOLDER,9,2019-12-06 01:14:00,2.7,17106.0,EIRE
537161,21755,LOVE BUILDING BLOCK WORD,15,2019-07-25 16:57:00,5.76,15426.0,France
536385,84406B,cream cupid hearts coat hanger,5,2019-10-02 15:19:00,2.99,17820.0,Portugal
537378,84879,ASSORTED COLOUR BIRD ORNAMENT,19,11-06-2019,1.69,14761.0,Portugal
536324,22752,SET 7 BABUSHKA NESTING BOXES,10,2019-11-03 22:11:00,7.69,17988.0,  Belgium  
537095,21755,  LOVE BUILDING BLOCK WORD  ,10,04/03/2019 17:41,5.65,14471.0,Switzerland
537209,22960,JAM MAKING SET WITH JARS,12,2019-05-04 22:56:00,5.37,12404.0,Australia
537212,85123A,WHITE HANGING HEART T-LIGHT HOLDER,9,18/07/2019 14:43,2.71,16437.0,Belgium
C536611,71053,WHITE METAL LANTERN,-11,2019-08-19 21:04:00,3.24,13767.0,  United Kingdom  
536769,21755,love building block word,12,2019-10-07 02:46:00,6.44,13798.0,eire
536613,71270,  PINK CRYSTAL GUITAR PHONE CHARM  ,10,09-18-2019,1.32,14483.0,Portugal
537641,85123A,WHITE HANGING HEART T-LIGHT HOLDER,14,2019-06-18 18:28:00,2.55,14713.0,France
536681,22960,JAM MAKING SET WITH JARS,12,10-01-2019,5.02,14020.0,EIRE
537468,71053,WHITE METAL LANTERN,2,05-20-2019,3.18,,belgium
537457,22423,REGENCY CAKESTAND 3 TIER,11,2019-05-30 17:39:00,13.39,18071.0,Switzerland
537577,84406B,  CREAM CUPID HEARTS COAT HANGER  ,15,2019-03-17 20:57:00,2.68,12836.0,Netherlands
537583,85123A,WHITE HANGING HEART T-LIGHT HOLDER,1,2019-08-22 22:37:00,2.8,17379.0,France
537572,21755,  LOVE BUILDING BLOCK WORD  ,14,2019-04-09 01:52:00,6.0,14220.0,  Netherlands  
536281,22960,JAM MAKING SET WITH JARS,1,2019-07-12 10:55:00,5.36,14111.0,  Australia  
537496,84406B,CREAM CUPID HEARTS COAT HANGER,13,30/09/2019 18:33,2.99,14814.0,Belgium
536718,85123A,  WHITE HANGING HEART T-LIGHT HOLDER  ,18,2019-02-17 04:42:00,2.6,16166.0,Belgium
536116,21755,LOVE BUILDING BLOCK WORD,11,11-15-2019,6.44,,eire
536261,71270,PINK CRYSTAL GUITAR PHONE CHARM,17,01-27-2019,1.14,12575.0,EIRE
536015,21755,LOVE BUILDING BLOCK WORD,15,01-02-2019,5.67,17976.0,france
537217,22423,REGENCY CAKESTAND 3 TIER,17,2019-10-17 05:30:00,13.64,13913.0,Netherlands
537499,22960,  JAM MAKING SET WITH JARS  ,13,2019-11-29 03:24:00,4.74,13723.0,United Kingdom
537339,84406B,CREAM CUPID HEARTS COAT HANGER,9,2019-02-17 16:03:00,2.65,18145.0,Spain
536479,84406B,  CREAM CUPID HEARTS COAT HANGER  ,3,06-07-2019,2.75,12451.0,united kingdom
536621,71270,PINK CRYSTAL GUITAR PHONE CHARM,10,2019-09-28 00:55:00,1.27,15860.0,  Australia  
537065,71270,pink crystal guitar phone charm,2,2019-08-22 14:01:00,1.31,,Netherlands
536011,22423,REGENCY CAKESTAND 3 TIER,12,12/08/2019 14:10,12.36,14097.0,united kingdom
536262,71053,WHITE METAL LANTERN,17,03/05/2019 00:01,3.18,13326.0,  Netherlands  
537525,22423,REGENCY CAKESTAND 3 TIER,8,2019-12-21 06:38:00,12.1,13427.0,EIRE
536875,21730,GLASS STAR FROSTED T-LIGHT HOLDER,1,15/01/2019 13:11,4.49,14812.0,Switzerland
536310,21755,LOVE BUILDING BLOCK WORD,16,2019-11-09 23:05:00,6.31,15958.0,france
536801,71053,  WHITE METAL LANTERN  ,1,2019-02-21 14:17:00,3.1,17822.0,Switzerland
536561,84406B,CREAM CUPID HEARTS COAT HANGER,12,2019-04-22 01:27:00,2.67,16879.0,  United Kingdom  
536416,84406B,  CREAM CUPID HEARTS COAT HANGER  ,14,2019-08-30 14:17:00,2.67,14236.0,France
537618,21730,GLASS STAR FROSTED T-LIGHT HOLDER,17,25/10/2019 21:55,4.52,15642.0,Australia
536030,21755,  LOVE BUILDING BLOCK WORD  ,7,10-26-2019,6.42,16115.0,France
536950,22423,REGENCY CAKESTAND 3 TIER,12,2019-05-28 16:13:00,12.54,15719.0,EIRE
536931,22423,regency cakestand 3 tier,16,2019-11-23 13:55:00,13.91,14343.0,netherlands
536254,22752,SET 7 BABUSHKA NESTING BOXES,12,04/11/2019 05:10,7.12,15342.0,  France  
536996,21730,  GLASS STAR FROSTED T-LIGHT HOLDER  ,2,05/04/2019 20:16,4.67,16841.0,Belgium
C536816,84406B,CREAM CUPID HEARTS COAT HANGER,-1,2019-07-19 04:35:00,2.5,13606.0,Belgium
536576,71270,PINK CRYSTAL GUITAR PHONE CHARM,13,01-27-2019,1.31,17169.0,Portugal
536085,21755,  LOVE BUILDING BLOCK WORD  ,15,11-23-2019,5.83,13234.0,Switzerland
536406,21755,love building block word,5,28/04/2019 09:18,6.16,17626.0,eire
536387,21730,  GLASS STAR FROSTED T-LIGHT HOLDER  ,6,2019-09-10 22:02:00,4.67,13488.0,France
536257,21755,LOVE BUILDING BLOCK WORD,11,05-23-2019,6.45,13354.0,  Australia  
536104,84879,assorted colour bird ornament,17,2019-09-13 02:23:00,1.84,16820.0,Germany
C537462,84406B,CREAM CUPID HEARTS COAT HANGER,-12,2019-07-13 04:38:00,2.55,13488.0,  Switzerland  
537344,21755,LOVE BUILDING BLOCK WORD,8,14/06/2019 00:38,5.9,15960.0,portugal
537619,71270,pink crystal guitar phone charm,13,28/02/2019 05:15,1.28,14465.0,france
536999,22960,JAM MAKING SET WITH JARS,18,2019-10-22 22:06:00,5.12,16396.0,  France  
537426,71270,PINK CRYSTAL GUITAR PHONE CHARM,8,2019-09-09 23:08:00,1.14,15915.0,Switzerland
536392,84406B,  CREAM CUPID HEARTS COAT HANGER  ,3,10-24-2019,2.64,15321.0,Spain
537298,85123A,WHITE HANGING HEART T-LIGHT HOLDER,16,2019-07-31 02:25:00,2.61,15628.0,  France  
536449,21730,GLASS STAR FROSTED T-LIGHT HOLDER,6,2019-05-17 16:30:00,4.1,12916.0,  United Kingdom  
537258,84406B,CREAM CUPID HEARTS COAT HANGER,13,06-30-2019,2.69,,United Kingdom
537038,22960,  JAM MAKING SET WITH JARS  ,17,05-06-2019,5.23,13925.0,  Germany  
537172,71270,PINK CRYSTAL GUITAR PHONE CHARM,9,2019-05-14 23:02:00,1.27,15097.0,Switzerland
536766,22423,REGENCY CAKESTAND 3 TIER,10,15/09/2019 11:40,12.13,13645.0,Germany
536957,21755,LOVE BUILDING BLOCK WORD,6,2019-01-28 22:54:00,5.97,18238.0,  Portugal  
536130,71270,PINK CRYSTAL GUITAR PHONE CHARM,16,2019-10-05 01:56:00,1.24,16567.0,  United Kingdom  
536485,22752,SET 7 BABUSHKA NESTING BOXES,7,22/06/2019 16:28,7.13,16673.0,France
536364,22752,SET 7 BABUSHKA NESTING BOXES,3,01-14-2019,7.55,17570.0,Germany
537079,71053,WHITE METAL LANTERN,6,2019-10-28 23:13:00,3.33,16785.0,portugal
536921,71053,white metal lantern,5,2019-08-28 22:27:00,3.22,15207.0,United Kingdom
536926,22960,JAM MAKING SET WITH JARS,3,2019-04-15 15:38:00,4.88,13147.0,Spain
537487,22752,SET 7 BABUSHKA NESTING BOXES,2,2019-10-14 11:17:00,7.69,12463.0,Belgium
537480,71270,pink crystal guitar phone charm,3,08/03/2019 09:26,1.21,16142.0,Netherlands
537218,84879,ASSORTED COLOUR BIRD ORNAMENT,19,24/08/2019 18:16,1.58,17305.0,Netherlands
536861,22960,JAM MAKING SET WITH JARS,11,06-22-2019,4.46,16215.0,Australia
537085,84406B,CREAM CUPID HEARTS COAT HANGER,5,2019-05-28 00:09:00,2.67,14131.0,eire
536457,22960,  JAM MAKING SET WITH JARS  ,8,2019-07-02 07:30:00,5.19,17789.0,belgium
536306,21730,GLASS STAR FROSTED T-LIGHT HOLDER,7,19/04/2019 06:40,4.31,17557.0,United Kingdom
537435,22752,SET 7 BABUSHKA NESTING BOXES,18,05-23-2019,8.1,14417.0,Portugal
536850,21755,,13,2019-03-26 10:06:00,6.27,15360.0,Spain
536179,22752,SET 7 BABUSHKA NESTING BOXES,15,11/04/2019 15:44,7.03,13138.0,United Kingdom
536406,71270,PINK CRYSTAL GUITAR PHONE CHARM,3,2019-10-05 14:27:00,1.27,,EIRE
537423,21730,GLASS STAR FROSTED T-LIGHT HOLDER,17,12-02-2019,4.14,13104.0,france
