InvoiceNo,StockCode,Description,Quantity,InvoiceDate,UnitPrice,CustomerID,Country,IsCancelled,IsGuestCheckout,TotalPrice
537540,22423,REGENCY CAKESTAND 3 TIER,16,2019-01-04 20:57:00,12.37,16174,France,False,False,197.92
536196,21755,LOVE BUILDING BLOCK WORD,5,2019-10-08 10:13:00,6.01,,Switzerland,False,True,30.05
536933,21730,GLASS STAR FROSTED T-LIGHT HOLDER,3,2019-01-02 12:12:00,3.96,18162,Belgium,False,False,11.88
537451,85123A,WHITE HANGING HEART T-LIGHT HOLDER,3,2019-05-31 00:00:00,2.69,16784,Netherlands,False,False,8.07
537427,84879,ASSORTED COLOUR BIRD ORNAMENT,18,2019-11-03 06:24:00,1.56,12411,Australia,False,False,28.08
537457,84406B,CREAM CUPID HEARTS COAT HANGER,15,2019-06-12 12:13:00,2.51,15137,France,False,False,37.65
536236,71270,PINK CRYSTAL GUITAR PHONE CHARM,9,2019-10-04 00:00:00,1.33,14444,Belgium,False,False,11.97
536706,71053,WHITE METAL LANTERN,1,2019-07-29 19:50:00,3.17,17023,Netherlands,False,False,3.17
536507,85123A,WHITE HANGING HEART T-LIGHT HOLDER,12,2019-03-06 00:00:00,2.6,16658,EIRE,False,False,31.2
536429,22752,SET 7 BABUSHKA NESTING BOXES,7,2019-04-23 10:55:00,7.79,12809,EIRE,False,False,54.53
536463,22423,REGENCY CAKESTAND 3 TIER,18,2019-08-13 15:53:00,12.11,17510,Germany,False,False,217.98
537389,84406B,CREAM CUPID HEARTS COAT HANGER,10,2019-03-29 22:54:00,2.77,12746,Australia,False,False,27.7
537052,84879,ASSORTED COLOUR BIRD ORNAMENT,6,2019-09-16 08:02:00,1.77,16200,Switzerland,False,False,10.62
536649,22960,JAM MAKING SET WITH JARS,11,2019-05-13 17:06:00,4.69,12470,Netherlands,False,False,51.59
536807,22960,JAM MAKING SET WITH JARS,3,2019-06-21 20:33:00,4.46,16656,Portugal,False,False,13.38
537632,22752,SET 7 BABUSHKA NESTING BOXES,6,2019-08-04 00:00:00,7.8,,France,False,True,46.8
536119,85123A,WHITE HANGING HEART T-LIGHT HOLDER,1,2019-11-11 04:56:00,2.38,14025,Australia,False,False,2.38
536379,71053,WHITE METAL LANTERN,14,2019-03-22 01:41:00,3.24,15174,Belgium,False,False,45.36
537221,84879,ASSORTED COLOUR BIRD ORNAMENT,19,2019-04-07 08:23:00,1.63,,France,False,True,30.97
536233,71270,PINK CRYSTAL GUITAR PHONE CHARM,12,2019-07-14 16:18:00,1.21,16820,Switzerland,False,False,14.52
536065,84406B,CREAM CUPID HEARTS COAT HANGER,5,2019-07-23 10:54:00,2.98,18098,Belgium,False,False,14.9
536542,22960,JAM MAKING SET WITH JARS,12,2019-10-05 00:00:00,5.02,12404,Germany,False,False,60.24
537329,84406B,CREAM CUPID HEARTS COAT HANGER,14,2019-03-16 00:00:00,2.83,14793,Germany,False,False,39.62
C537420,22752,SET 7 BABUSHKA NESTING BOXES,-9,2019-08-19 03:23:00,8.1,15849,United Kingdom,True,False,-72.9
537007,22960,JAM MAKING SET WITH JARS,6,2019-05-09 11:53:00,4.84,13566,EIRE,False,False,29.04
537578,22423,REGENCY CAKESTAND 3 TIER,3,2019-02-21 06:15:00,13.69,15608,Australia,False,False,41.07
536890,22423,REGENCY CAKESTAND 3 TIER,14,2019-03-16 19:52:00,12.83,16464,Portugal,False,False,179.62
536631,71053,WHITE METAL LANTERN,5,2019-07-28 03:51:00,3.63,17693,Switzerland,False,False,18.15
536318,71270,PINK CRYSTAL GUITAR PHONE CHARM,14,2019-04-15 00:00:00,1.26,13115,EIRE,False,False,17.64
537438,22752,SET 7 BABUSHKA NESTING BOXES,15,2019-02-08 00:05:00,7.74,13703,France,False,False,116.1
536644,22423,REGENCY CAKESTAND 3 TIER,12,2019-10-13 00:00:00,11.86,17413,Spain,False,False,142.32
536198,71053,WHITE METAL LANTERN,1,2019-03-06 23:41:00,3.57,13947,United Kingdom,False,False,3.57
537278,84406B,CREAM CUPID HEARTS COAT HANGER,12,2019-01-22 21:35:00,2.59,15618,Netherlands,False,False,31.08
536631,22960,JAM MAKING SET WITH JARS,2,2019-01-05 00:12:00,4.81,,Australia,False,True,9.62
C537215,21730,GLASS STAR FROSTED T-LIGHT HOLDER,-13,2019-09-04 00:00:00,4.21,14946,Australia,True,False,-54.73
536026,22960,JAM MAKING SET WITH JARS,5,2019-07-04 00:00:00,4.82,,EIRE,False,True,24.1
537524,84406B,CREAM CUPID HEARTS COAT HANGER,18,2019-06-25 23:27:00,2.66,17201,Australia,False,False,47.88
536241,71270,PINK CRYSTAL GUITAR PHONE CHARM,12,2019-07-18 00:00:00,1.28,,United Kingdom,False,True,15.36
536598,22752,SET 7 BABUSHKA NESTING BOXES,5,2019-05-21 16:33:00,7.55,14566,EIRE,False,False,37.75
536695,71053,WHITE METAL LANTERN,1,2019-09-15 00:00:00,3.09,14780,Portugal,False,False,3.09
537539,21755,LOVE BUILDING BLOCK WORD,18,2019-09-20 00:00:00,6.03,13656,Germany,False,False,108.54
536231,22752,SET 7 BABUSHKA NESTING BOXES,3,2019-02-03 15:18:00,7.04,13656,EIRE,False,False,21.12
536846,71053,WHITE METAL LANTERN,3,2019-05-10 09:00:00,3.43,15372,Netherlands,False,False,10.29
537547,21730,GLASS STAR FROSTED T-LIGHT HOLDER,8,2019-01-05 13:47:00,4.4,16189,Netherlands,False,False,35.2
537452,22752,SET 7 BABUSHKA NESTING BOXES,17,2019-02-04 00:00:00,8.31,13421,United Kingdom,False,False,141.27
537359,22423,REGENCY CAKESTAND 3 TIER,19,2019-11-05 00:00:00,13.91,14612,Switzerland,False,False,264.29
C536921,84406B,CREAM CUPID HEARTS COAT HANGER,-17,2019-05-28 07:36:00,2.71,17798,Switzerland,True,False,-46.07
537268,71270,PINK CRYSTAL GUITAR PHONE CHARM,4,2019-09-05 00:00:00,1.29,18272,Netherlands,False,False,5.16
536684,21755,LOVE BUILDING BLOCK WORD,17,2019-02-15 09:56:00,6.04,17043,Portugal,False,False,102.68
537338,21755,LOVE BUILDING BLOCK WORD,7,2019-06-13 00:00:00,6.48,13686,Portugal,False,False,45.36
536207,71270,PINK CRYSTAL GUITAR PHONE CHARM,3,2019-11-25 23:01:00,1.28,13457,Spain,False,False,3.84
537615,22960,JAM MAKING SET WITH JARS,6,2019-04-18 00:00:00,4.76,,Germany,False,True,28.56
536590,22423,REGENCY CAKESTAND 3 TIER,13,2019-03-03 17:53:00,13.4,13611,France,False,False,174.2
536153,71270,PINK CRYSTAL GUITAR PHONE CHARM,1,2019-05-14 18:27:00,1.23,15546,Switzerland,False,False,1.23
536785,85123A,WHITE HANGING HEART T-LIGHT HOLDER,2,2019-05-05 13:38:00,2.31,14753,France,False,False,4.62
536597,85123A,WHITE HANGING HEART T-LIGHT HOLDER,18,2019-05-05 17:13:00,2.51,16256,Germany,False,False,45.18
537531,22960,JAM MAKING SET WITH JARS,3,2019-03-19 07:29:00,4.53,12756,Belgium,False,False,13.59
C536266,84406B,CREAM CUPID HEARTS COAT HANGER,-11,2019-07-26 03:42:00,2.53,15725,Australia,True,False,-27.83
536710,22423,REGENCY CAKESTAND 3 TIER,15,2019-08-07 15:24:00,12.15,14872,United Kingdom,False,False,182.25
536394,85123A,WHITE HANGING HEART T-LIGHT HOLDER,12,2019-02-28 07:35:00,2.5,14739,Australia,False,False,30.0
536558,21755,LOVE BUILDING BLOCK WORD,7,2019-07-01 00:00:00,5.5,15744,Netherlands,False,False,38.5
537635,84406B,CREAM CUPID HEARTS COAT HANGER,7,2019-12-06 17:30:00,2.9,15358,Australia,False,False,20.3
536499,21755,LOVE BUILDING BLOCK WORD,12,2019-01-24 20:40:00,6.33,14469,Portugal,False,False,75.96
536516,22752,SET 7 BABUSHKA NESTING BOXES,15,2019-12-24 11:02:00,7.11,18076,Australia,False,False,106.65
537470,22960,JAM MAKING SET WITH JARS,15,2019-04-03 12:04:00,5.39,12564,Portugal,False,False,80.85
537002,22752,SET 7 BABUSHKA NESTING BOXES,15,2019-05-04 00:00:00,7.12,17190,Portugal,False,False,106.8
537205,85123A,WHITE HANGING HEART T-LIGHT HOLDER,15,2019-06-27 03:08:00,2.63,16171,France,False,False,39.45
537243,84879,ASSORTED COLOUR BIRD ORNAMENT,9,2019-03-04 09:11:00,1.78,12495,France,False,False,16.02
537421,21755,LOVE BUILDING BLOCK WORD,19,2019-01-27 00:00:00,5.52,17379,Netherlands,False,False,104.88
537017,85123A,WHITE HANGING HEART T-LIGHT HOLDER,13,2019-05-29 00:00:00,2.74,13314,United Kingdom,False,False,35.62
536149,22423,REGENCY CAKESTAND 3 TIER,11,2019-05-04 00:00:00,12.21,14036,Belgium,False,False,134.31
537599,21755,LOVE BUILDING BLOCK WORD,13,2019-01-10 22:29:00,6.03,18178,Netherlands,False,False,78.39
536534,22752,SET 7 BABUSHKA NESTING BOXES,13,2019-06-03 00:25:00,7.21,14694,Switzerland,False,False,93.73
537205,22960,JAM MAKING SET WITH JARS,6,2019-03-27 00:00:00,5.38,17823,United Kingdom,False,False,32.28
536189,85123A,WHITE HANGING HEART T-LIGHT HOLDER,14,2019-08-07 00:00:00,2.74,17850,Belgium,False,False,38.36
536544,22752,SET 7 BABUSHKA NESTING BOXES,3,2019-01-13 12:08:00,7.78,17849,Switzerland,False,False,23.34
536048,71270,PINK CRYSTAL GUITAR PHONE CHARM,10,2019-07-08 02:31:00,1.26,12476,EIRE,False,False,12.6
536721,84879,ASSORTED COLOUR BIRD ORNAMENT,19,2019-03-20 08:15:00,1.56,14129,France,False,False,29.64
537157,22752,SET 7 BABUSHKA NESTING BOXES,17,2019-03-20 04:05:00,7.62,14061,Switzerland,False,False,129.54
537485,71053,WHITE METAL LANTERN,11,2019-03-20 05:34:00,3.66,12885,Spain,False,False,40.26
536731,71270,PINK CRYSTAL GUITAR PHONE CHARM,13,2019-01-30 16:13:00,1.31,,Germany,False,True,17.03
536653,22960,JAM MAKING SET WITH JARS,3,2019-02-13 12:10:00,4.73,17808,France,False,False,14.19
537253,21755,LOVE BUILDING BLOCK WORD,17,2019-08-24 09:23:00,5.42,17785,Portugal,False,False,92.14
537284,85123A,WHITE HANGING HEART T-LIGHT HOLDER,16,2019-06-28 05:49:00,2.68,13903,Germany,False,False,42.88
536057,22423,REGENCY CAKESTAND 3 TIER,15,2019-12-24 00:00:00,12.85,14405,Portugal,False,False,192.75
537379,84406B,CREAM CUPID HEARTS COAT HANGER,15,2019-03-28 00:00:00,3.01,15258,United Kingdom,False,False,45.15
536528,84406B,CREAM CUPID HEARTS COAT HANGER,9,2019-06-17 03:37:00,2.66,15814,Switzerland,False,False,23.94
536713,71270,PINK CRYSTAL GUITAR PHONE CHARM,8,2019-09-03 21:33:00,1.22,17795,Spain,False,False,9.76
536512,21755,LOVE BUILDING BLOCK WORD,18,2019-10-07 19:18:00,6.23,14063,Switzerland,False,False,112.14
537011,22752,SET 7 BABUSHKA NESTING BOXES,7,2019-03-16 20:53:00,8.11,13396,Netherlands,False,False,56.77
536156,71053,WHITE METAL LANTERN,10,2019-05-31 09:47:00,3.48,16377,Switzerland,False,False,34.8
537439,22752,SET 7 BABUSHKA NESTING BOXES,9,2019-09-25 02:59:00,7.88,15111,Belgium,False,False,70.92
537304,22960,JAM MAKING SET WITH JARS,17,2019-12-08 00:48:00,4.77,14331,Belgium,False,False,81.09
537478,71053,WHITE METAL LANTERN,3,2019-12-25 11:11:00,3.51,,Netherlands,False,True,10.53
536995,21730,GLASS STAR FROSTED T-LIGHT HOLDER,4,2019-05-18 03:24:00,4.36,,Spain,False,True,17.44
536894,21730,GLASS STAR FROSTED T-LIGHT HOLDER,7,2019-01-11 00:00:00,4.16,16297,EIRE,False,False,29.12
537043,22423,REGENCY CAKESTAND 3 TIER,10,2019-07-01 02:29:00,12.31,13707,France,False,False,123.1
536447,85123A,WHITE HANGING HEART T-LIGHT HOLDER,16,2019-08-06 03:29:00,2.46,15257,Australia,False,False,39.36
536224,84879,ASSORTED COLOUR BIRD ORNAMENT,16,2019-12-11 00:00:00,1.53,17906,Portugal,False,False,24.48
537637,71053,WHITE METAL LANTERN,9,2019-01-08 09:54:00,3.05,17806,France,False,False,27.45
536548,71053,WHITE METAL LANTERN,9,2019-06-01 23:15:00,3.56,12428,Australia,False,False,32.04
537648,22752,SET 7 BABUSHKA NESTING BOXES,2,2019-11-11 09:33:00,7.42,,Australia,False,True,14.84
537022,21730,GLASS STAR FROSTED T-LIGHT HOLDER,14,2019-03-08 12:10:00,3.91,16520,Germany,False,False,54.74
537433,71270,PINK CRYSTAL GUITAR PHONE CHARM,11,2019-12-06 09:26:00,1.19,12414,Australia,False,False,13.09
537181,84879,ASSORTED COLOUR BIRD ORNAMENT,11,2019-11-22 00:00:00,1.8,15066,United Kingdom,False,False,19.8
537625,22960,JAM MAKING SET WITH JARS,18,2019-09-01 13:58:00,4.53,16434,Australia,False,False,81.54
537226,22960,JAM MAKING SET WITH JARS,11,2019-11-28 00:49:00,5.19,16886,EIRE,False,False,57.09
537424,84879,ASSORTED COLOUR BIRD ORNAMENT,10,2019-03-12 02:13:00,1.75,14962,Australia,False,False,17.5
537210,85123A,WHITE HANGING HEART T-LIGHT HOLDER,19,2019-08-14 22:41:00,2.62,16294,Portugal,False,False,49.78
536262,84406B,CREAM CUPID HEARTS COAT HANGER,16,2019-01-13 00:00:00,2.83,12746,Switzerland,False,False,45.28
536266,84406B,CREAM CUPID HEARTS COAT HANGER,11,2019-03-20 15:32:00,2.86,16860,EIRE,False,False,31.46
536253,84879,ASSORTED COLOUR BIRD ORNAMENT,8,2019-09-03 00:00:00,1.83,14989,Spain,False,False,14.64
537656,21755,LOVE BUILDING BLOCK WORD,3,2019-04-12 00:45:00,5.72,13560,Spain,False,False,17.16
537040,84879,ASSORTED COLOUR BIRD ORNAMENT,17,2019-06-29 00:00:00,1.59,18166,France,False,False,27.03
537149,22960,JAM MAKING SET WITH JARS,5,2019-04-16 05:58:00,5.09,15862,Belgium,False,False,25.45
536742,84406B,CREAM CUPID HEARTS COAT HANGER,12,2019-10-13 10:21:00,2.7,,France,False,True,32.4
536406,71270,PINK CRYSTAL GUITAR PHONE CHARM,14,2019-09-16 00:00:00,1.27,14080,Netherlands,False,False,17.78
536869,84406B,CREAM CUPID HEARTS COAT HANGER,5,2019-07-12 22:01:00,2.98,17976,Spain,False,False,14.9
537251,21755,LOVE BUILDING BLOCK WORD,8,2019-06-11 00:00:00,6.38,16606,EIRE,False,False,51.04
536427,22960,JAM MAKING SET WITH JARS,5,2019-05-12 20:59:00,4.93,18125,Netherlands,False,False,24.65
536687,84879,ASSORTED COLOUR BIRD ORNAMENT,14,2019-01-26 16:30:00,1.8,16816,France,False,False,25.2
536428,84406B,CREAM CUPID HEARTS COAT HANGER,7,2019-01-29 00:00:00,2.93,16950,Spain,False,False,20.51
537517,21755,LOVE BUILDING BLOCK WORD,1,2019-01-08 00:00:00,5.78,,Australia,False,True,5.78
536932,21755,LOVE BUILDING BLOCK WORD,13,2019-04-21 15:32:00,6.06,13260,Belgium,False,False,78.78
536782,84406B,CREAM CUPID HEARTS COAT HANGER,5,2019-05-09 15:06:00,2.48,14802,Portugal,False,False,12.4
536402,22423,REGENCY CAKESTAND 3 TIER,8,2019-11-02 04:17:00,12.5,18130,Spain,False,False,100.0
537395,21755,LOVE BUILDING BLOCK WORD,14,2019-05-23 21:17:00,6.12,16116,Belgium,False,False,85.68
537665,71270,PINK CRYSTAL GUITAR PHONE CHARM,13,2019-06-09 00:00:00,1.23,16844,Belgium,False,False,15.99
537085,71053,WHITE METAL LANTERN,17,2019-10-31 14:35:00,3.35,15905,Germany,False,False,56.95
536091,21730,GLASS STAR FROSTED T-LIGHT HOLDER,1,2019-06-15 19:08:00,4.11,13143,Portugal,False,False,4.11
537596,22960,JAM MAKING SET WITH JARS,3,2019-12-26 23:42:00,5.09,18140,Portugal,False,False,15.27
536148,21755,LOVE BUILDING BLOCK WORD,5,2019-09-09 07:55:00,6.36,18007,Belgium,False,False,31.8
536794,22752,SET 7 BABUSHKA NESTING BOXES,19,2019-01-30 22:00:00,7.64,17300,EIRE,False,False,145.16
537418,22960,JAM MAKING SET WITH JARS,3,2019-01-05 21:53:00,4.47,12540,France,False,False,13.41
536488,84879,ASSORTED COLOUR BIRD ORNAMENT,12,2019-06-12 13:18:00,1.69,17906,France,False,False,20.28
537298,22423,REGENCY CAKESTAND 3 TIER,2,2019-06-16 16:39:00,12.02,13434,Germany,False,False,24.04
536053,71053,WHITE METAL LANTERN,12,2019-06-11 00:06:00,3.63,,Netherlands,False,True,43.56
536246,22960,JAM MAKING SET WITH JARS,3,2019-04-29 05:57:00,4.47,16392,Australia,False,False,13.41
536359,84406B,CREAM CUPID HEARTS COAT HANGER,5,2019-04-13 00:04:00,2.93,14986,Belgium,False,False,14.65
537258,22960,JAM MAKING SET WITH JARS,9,2019-04-09 11:03:00,5.1,18093,France,False,False,45.9
536572,21730,GLASS STAR FROSTED T-LIGHT HOLDER,9,2019-02-21 05:26:00,4.12,14838,Netherlands,False,False,37.08
536129,71053,WHITE METAL LANTERN,6,2019-05-14 03:08:00,3.24,,Spain,False,True,19.44
537465,22752,SET 7 BABUSHKA NESTING BOXES,4,2019-11-05 20:32:00,8.41,17282,United Kingdom,False,False,33.64
536001,85123A,WHITE HANGING HEART T-LIGHT HOLDER,11,2019-11-10 19:51:00,2.33,13990,Belgium,False,False,25.63
536245,71053,WHITE METAL LANTERN,19,2019-02-17 00:00:00,3.2,18228,Germany,False,False,60.8
537448,22423,REGENCY CAKESTAND 3 TIER,18,2019-11-12 22:19:00,12.72,14313,Portugal,False,False,228.96
536818,21755,LOVE BUILDING BLOCK WORD,16,2019-09-13 12:48:00,6.44,16486,Spain,False,False,103.04
536817,22960,JAM MAKING SET WITH JARS,12,2019-05-04 23:12:00,4.51,14376,Germany,False,False,54.12
C536347,21730,GLASS STAR FROSTED T-LIGHT HOLDER,-11,2019-11-19 23:05:00,4.22,13536,Switzerland,True,False,-46.42
537576,22960,JAM MAKING SET WITH JARS,19,2019-02-10 18:15:00,5.24,14163,Germany,False,False,99.56
536205,22423,REGENCY CAKESTAND 3 TIER,17,2019-05-01 00:00:00,13.21,14714,Netherlands,False,False,224.57
537631,85123A,WHITE HANGING HEART T-LIGHT HOLDER,5,2019-11-24 00:00:00,2.5,15934,France,False,False,12.5
536071,22423,REGENCY CAKESTAND 3 TIER,17,2019-03-30 05:05:00,13.8,14381,Spain,False,False,234.6
537531,21730,GLASS STAR FROSTED T-LIGHT HOLDER,19,2019-10-27 00:00:00,4.19,14346,Netherlands,False,False,79.61
536027,71270,PINK CRYSTAL GUITAR PHONE CHARM,14,2019-12-02 03:10:00,1.34,18004,Belgium,False,False,18.76
537484,71270,PINK CRYSTAL GUITAR PHONE CHARM,10,2019-08-10 20:00:00,1.23,18038,Netherlands,False,False,12.3
536123,22423,REGENCY CAKESTAND 3 TIER,9,2019-09-25 14:13:00,11.65,13775,France,False,False,104.85
536398,21730,GLASS STAR FROSTED T-LIGHT HOLDER,19,2019-03-01 07:39:00,4.56,16571,Switzerland,False,False,86.64
537230,84879,ASSORTED COLOUR BIRD ORNAMENT,8,2019-02-19 13:27:00,1.7,14510,France,False,False,13.6
537335,21755,LOVE BUILDING BLOCK WORD,4,2019-04-24 22:45:00,6.24,13821,Belgium,False,False,24.96
537131,71053,WHITE METAL LANTERN,8,2019-12-13 15:49:00,3.24,13671,Belgium,False,False,25.92
C536886,22960,JAM MAKING SET WITH JARS,-19,2019-11-04 13:08:00,5.34,17701,EIRE,True,False,-101.46
537577,71053,WHITE METAL LANTERN,12,2019-01-13 18:34:00,3.56,14109,Belgium,False,False,42.72
536221,84406B,CREAM CUPID HEARTS COAT HANGER,8,2019-07-16 02:32:00,2.79,16877,France,False,False,22.32
C536320,85123A,WHITE HANGING HEART T-LIGHT HOLDER,-19,2019-05-17 00:00:00,2.55,16133,Switzerland,True,False,-48.45
537643,22752,SET 7 BABUSHKA NESTING BOXES,5,2019-10-18 15:49:00,7.76,14443,EIRE,False,False,38.8
536756,21755,LOVE BUILDING BLOCK WORD,9,2019-11-08 02:49:00,5.78,17669,France,False,False,52.02
536139,71053,WHITE METAL LANTERN,14,2019-01-21 21:02:00,3.35,13458,Netherlands,False,False,46.9
536269,84406B,CREAM CUPID HEARTS COAT HANGER,13,2019-03-03 10:32:00,2.74,13759,Germany,False,False,35.62
537250,22960,JAM MAKING SET WITH JARS,9,2019-10-16 03:40:00,4.89,13381,EIRE,False,False,44.01
536797,84879,ASSORTED COLOUR BIRD ORNAMENT,13,2019-06-12 05:53:00,1.71,16345,Portugal,False,False,22.23
536262,21730,GLASS STAR FROSTED T-LIGHT HOLDER,7,2019-05-25 04:28:00,3.93,15214,EIRE,False,False,27.51
537448,84879,ASSORTED COLOUR BIRD ORNAMENT,3,2019-02-23 00:00:00,1.54,14660,Belgium,False,False,4.62
536233,21730,GLASS STAR FROSTED T-LIGHT HOLDER,19,2019-08-11 01:28:00,4.24,15026,Netherlands,False,False,80.56
537565,84879,ASSORTED COLOUR BIRD ORNAMENT,6,2019-05-29 16:41:00,1.57,16037,United Kingdom,False,False,9.42
536739,84406B,CREAM CUPID HEARTS COAT HANGER,1,2019-05-22 00:00:00,2.9,17166,EIRE,False,False,2.9
537273,84406B,CREAM CUPID HEARTS COAT HANGER,4,2019-09-02 20:45:00,2.91,15359,Australia,False,False,11.64
537039,84406B,CREAM CUPID HEARTS COAT HANGER,5,2019-03-02 17:35:00,2.59,15541,France,False,False,12.95
536247,71053,WHITE METAL LANTERN,11,2019-04-04 00:00:00,3.18,13533,Belgium,False,False,34.98
537542,21755,LOVE BUILDING BLOCK WORD,8,2019-05-29 13:45:00,6.5,15255,Netherlands,False,False,52.0
536820,71270,PINK CRYSTAL GUITAR PHONE CHARM,4,2019-12-26 20:02:00,1.26,15214,EIRE,False,False,5.04
536856,84879,ASSORTED COLOUR BIRD ORNAMENT,12,2019-06-10 04:30:00,1.64,14163,Germany,False,False,19.68
536280,84879,ASSORTED COLOUR BIRD ORNAMENT,7,2019-04-11 14:02:00,1.64,17477,Netherlands,False,False,11.48
536396,22752,SET 7 BABUSHKA NESTING BOXES,8,2019-05-28 01:33:00,8.4,17787,Australia,False,False,67.2
536064,71270,PINK CRYSTAL GUITAR PHONE CHARM,12,2019-11-24 18:33:00,1.17,18258,Portugal,False,False,14.04
537155,22960,JAM MAKING SET WITH JARS,3,2019-03-15 08:36:00,5.36,14694,Spain,False,False,16.08
536480,22960,JAM MAKING SET WITH JARS,2,2019-05-06 17:52:00,5.36,,Australia,False,True,10.72
536536,21730,GLASS STAR FROSTED T-LIGHT HOLDER,3,2019-07-10 14:22:00,4.6,16170,EIRE,False,False,13.8
536289,21755,LOVE BUILDING BLOCK WORD,11,2019-05-17 13:15:00,5.84,16439,Spain,False,False,64.24
537059,84879,ASSORTED COLOUR BIRD ORNAMENT,13,2019-08-28 03:39:00,1.69,17148,France,False,False,21.97
536381,22960,JAM MAKING SET WITH JARS,13,2019-12-12 00:00:00,5.24,16770,Australia,False,False,68.12
537613,22960,JAM MAKING SET WITH JARS,17,2019-02-12 14:38:00,5.41,16937,France,False,False,91.97
536109,22423,REGENCY CAKESTAND 3 TIER,12,2019-08-14 00:55:00,11.49,17904,Belgium,False,False,137.88
537599,84879,ASSORTED COLOUR BIRD ORNAMENT,8,2019-07-05 00:00:00,1.8,13612,Spain,False,False,14.4
536955,71053,WHITE METAL LANTERN,16,2019-04-26 09:34:00,3.56,16416,EIRE,False,False,56.96
537572,84406B,CREAM CUPID HEARTS COAT HANGER,15,2019-04-05 03:21:00,2.54,16151,Belgium,False,False,38.1
537450,84406B,CREAM CUPID HEARTS COAT HANGER,17,2019-01-14 11:47:00,2.89,17992,France,False,False,49.13
537199,22960,JAM MAKING SET WITH JARS,9,2019-09-03 17:42:00,5.34,18102,France,False,False,48.06
537267,84879,ASSORTED COLOUR BIRD ORNAMENT,12,2019-04-22 06:35:00,1.75,14865,Spain,False,False,21.0
536792,22423,REGENCY CAKESTAND 3 TIER,12,2019-06-16 13:41:00,13.07,16455,Germany,False,False,156.84
536904,84406B,CREAM CUPID HEARTS COAT HANGER,12,2019-10-26 16:11:00,2.85,13146,Spain,False,False,34.2
536177,22423,REGENCY CAKESTAND 3 TIER,8,2019-12-24 08:08:00,12.46,14375,EIRE,False,False,99.68
537152,21730,GLASS STAR FROSTED T-LIGHT HOLDER,8,2019-12-20 00:00:00,3.83,17853,United Kingdom,False,False,30.64
537263,21755,LOVE BUILDING BLOCK WORD,3,2019-02-08 17:47:00,5.65,13394,EIRE,False,False,16.95
536961,22423,REGENCY CAKESTAND 3 TIER,17,2019-05-03 10:16:00,11.6,16578,Portugal,False,False,197.2
537552,21730,GLASS STAR FROSTED T-LIGHT HOLDER,4,2019-11-19 05:27:00,4.51,14899,Switzerland,False,False,18.04
537137,85123A,WHITE HANGING HEART T-LIGHT HOLDER,4,2019-10-12 08:00:00,2.49,15894,Germany,False,False,9.96
536674,71270,PINK CRYSTAL GUITAR PHONE CHARM,9,2019-02-22 08:08:00,1.15,16739,United Kingdom,False,False,10.35
537190,22752,SET 7 BABUSHKA NESTING BOXES,7,2019-06-02 00:00:00,7.45,15266,Spain,False,False,52.15
536724,84406B,CREAM CUPID HEARTS COAT HANGER,3,2019-07-14 03:58:00,2.67,,Germany,False,True,8.01
536955,22960,JAM MAKING SET WITH JARS,17,2019-11-18 00:00:00,5.18,16896,EIRE,False,False,88.06
536826,22423,REGENCY CAKESTAND 3 TIER,17,2019-12-30 00:00:00,12.12,15069,EIRE,False,False,206.04
536904,71053,WHITE METAL LANTERN,12,2019-07-08 21:30:00,3.54,13659,France,False,False,42.48
537227,22423,REGENCY CAKESTAND 3 TIER,3,2019-03-01 16:10:00,13.37,13952,France,False,False,40.11
536633,22752,SET 7 BABUSHKA NESTING BOXES,18,2019-09-09 00:00:00,8.39,13176,United Kingdom,False,False,151.02
537107,84406B,CREAM CUPID HEARTS COAT HANGER,19,2019-03-11 21:41:00,2.83,13514,Australia,False,False,53.77
537252,21755,LOVE BUILDING BLOCK WORD,4,2019-11-13 20:18:00,5.61,13404,United Kingdom,False,False,22.44
537107,21730,GLASS STAR FROSTED T-LIGHT HOLDER,13,2019-04-11 00:15:00,3.99,17894,France,False,False,51.87
C537490,71270,PINK CRYSTAL GUITAR PHONE CHARM,-9,2019-11-27 00:00:00,1.21,14192,United Kingdom,True,False,-10.89
536941,84406B,CREAM CUPID HEARTS COAT HANGER,10,2019-07-22 23:01:00,3.02,17147,Portugal,False,False,30.2
536672,84879,ASSORTED COLOUR BIRD ORNAMENT,3,2019-01-11 10:10:00,1.85,13523,Netherlands,False,False,5.55
537017,22752,SET 7 BABUSHKA NESTING BOXES,7,2019-09-18 19:07:00,7.11,15047,United Kingdom,False,False,49.77
536437,21730,GLASS STAR FROSTED T-LIGHT HOLDER,5,2019-06-12 00:00:00,4.51,,Portugal,False,True,22.55
537122,21755,LOVE BUILDING BLOCK WORD,1,2019-04-03 10:42:00,5.51,14059,Netherlands,False,False,5.51
536679,84406B,CREAM CUPID HEARTS COAT HANGER,17,2019-10-04 05:47:00,2.59,13904,EIRE,False,False,44.03
537440,84406B,CREAM CUPID HEARTS COAT HANGER,7,2019-12-27 15:03:00,2.77,16457,Germany,False,False,19.39
536157,22423,REGENCY CAKESTAND 3 TIER,11,2019-12-23 07:35:00,11.53,13011,Germany,False,False,126.83
536559,84879,ASSORTED COLOUR BIRD ORNAMENT,6,2019-01-15 15:02:00,1.73,14622,Portugal,False,False,10.38
537313,71270,PINK CRYSTAL GUITAR PHONE CHARM,6,2019-04-09 16:58:00,1.14,16968,France,False,False,6.84
536928,22960,JAM MAKING SET WITH JARS,17,2019-05-13 11:29:00,5.35,12711,Germany,False,False,90.95
537619,71270,PINK CRYSTAL GUITAR PHONE CHARM,12,2019-10-21 00:00:00,1.13,14372,Switzerland,False,False,13.56
536108,84879,ASSORTED COLOUR BIRD ORNAMENT,5,2019-10-04 18:07:00,1.71,15509,France,False,False,8.55
537276,71270,PINK CRYSTAL GUITAR PHONE CHARM,7,2019-04-27 09:58:00,1.31,17017,Netherlands,False,False,9.17
536977,84406B,CREAM CUPID HEARTS COAT HANGER,19,2019-03-24 20:04:00,2.54,17682,Australia,False,False,48.26
C537127,22423,REGENCY CAKESTAND 3 TIER,-5,2019-08-08 00:00:00,11.73,15340,Germany,True,False,-58.65
536337,21730,GLASS STAR FROSTED T-LIGHT HOLDER,7,2019-06-10 22:47:00,4.43,13420,Belgium,False,False,31.01
536925,21755,LOVE BUILDING BLOCK WORD,17,2019-11-21 00:00:00,5.47,17659,Belgium,False,False,92.99
536046,21730,GLASS STAR FROSTED T-LIGHT HOLDER,4,2019-12-10 01:04:00,4.6,16101,France,False,False,18.4
536134,85123A,WHITE HANGING HEART T-LIGHT HOLDER,9,2019-09-13 06:04:00,2.52,,Switzerland,False,True,22.68
537528,71053,WHITE METAL LANTERN,6,2019-12-21 00:00:00,3.52,14575,Spain,False,False,21.12
536158,84406B,CREAM CUPID HEARTS COAT HANGER,13,2019-09-08 01:33:00,2.63,12406,United Kingdom,False,False,34.19
536476,21755,LOVE BUILDING BLOCK WORD,15,2019-04-23 01:38:00,5.43,16339,Portugal,False,False,81.45
536778,71053,WHITE METAL LANTERN,2,2019-08-01 20:04:00,3.05,14437,France,False,False,6.1
536994,71053,WHITE METAL LANTERN,18,2019-06-27 08:37:00,3.73,16848,Switzerland,False,False,67.14
537603,84406B,CREAM CUPID HEARTS COAT HANGER,12,2019-07-29 00:00:00,2.54,12899,Netherlands,False,False,30.48
536817,84406B,CREAM CUPID HEARTS COAT HANGER,5,2019-07-03 16:34:00,2.95,13557,United Kingdom,False,False,14.75
537149,84406B,CREAM CUPID HEARTS COAT HANGER,3,2019-12-05 10:33:00,2.82,15922,Portugal,False,False,8.46
537311,22960,JAM MAKING SET WITH JARS,11,2019-08-30 18:11:00,4.99,17662,Belgium,False,False,54.89
536151,84879,ASSORTED COLOUR BIRD ORNAMENT,15,2019-11-05 19:54:00,1.6,15101,Netherlands,False,False,24.0
537135,22423,REGENCY CAKESTAND 3 TIER,1,2019-11-17 00:00:00,13.04,15756,EIRE,False,False,13.04
537390,85123A,WHITE HANGING HEART T-LIGHT HOLDER,8,2019-11-09 22:54:00,2.7,12710,France,False,False,21.6
536409,84406B,CREAM CUPID HEARTS COAT HANGER,13,2019-10-19 02:53:00,2.59,13647,Spain,False,False,33.67
537521,71053,WHITE METAL LANTERN,11,2019-11-15 20:51:00,3.19,12828,EIRE,False,False,35.09
536353,22752,SET 7 BABUSHKA NESTING BOXES,8,2019-06-18 12:53:00,8.21,16065,Belgium,False,False,65.68
536742,21730,GLASS STAR FROSTED T-LIGHT HOLDER,19,2019-11-29 09:45:00,4.03,12819,Portugal,False,False,76.57
536405,84879,ASSORTED COLOUR BIRD ORNAMENT,13,2019-08-07 07:02:00,1.56,14713,France,False,False,20.28
537059,22423,REGENCY CAKESTAND 3 TIER,7,2019-03-11 15:54:00,12.12,15205,France,False,False,84.84
537364,84879,ASSORTED COLOUR BIRD ORNAMENT,17,2019-05-31 15:30:00,1.74,13132,Portugal,False,False,29.58
536786,21755,LOVE BUILDING BLOCK WORD,12,2019-12-08 18:31:00,5.9,13487,Netherlands,False,False,70.8
536187,22960,JAM MAKING SET WITH JARS,8,2019-09-12 06:17:00,4.65,14171,Belgium,False,False,37.2
537482,22960,JAM MAKING SET WITH JARS,10,2019-06-06 09:23:00,4.67,16628,Germany,False,False,46.7
536811,22960,JAM MAKING SET WITH JARS,1,2019-05-03 14:55:00,4.63,13984,Belgium,False,False,4.63
536069,84879,ASSORTED COLOUR BIRD ORNAMENT,17,2019-08-15 14:39:00,1.61,13446,Netherlands,False,False,27.37
536444,21730,GLASS STAR FROSTED T-LIGHT HOLDER,14,2019-04-09 19:54:00,4.39,13751,France,False,False,61.46
536396,85123A,WHITE HANGING HEART T-LIGHT HOLDER,7,2019-10-25 22:10:00,2.54,13606,Netherlands,False,False,17.78
537347,71270,PINK CRYSTAL GUITAR PHONE CHARM,5,2019-12-20 19:00:00,1.36,16967,United Kingdom,False,False,6.8
537585,21730,GLASS STAR FROSTED T-LIGHT HOLDER,1,2019-05-20 00:00:00,4.53,14680,Switzerland,False,False,4.53
537124,71053,WHITE METAL LANTERN,10,2019-11-26 04:30:00,3.72,13371,Switzerland,False,False,37.2
537655,21730,GLASS STAR FROSTED T-LIGHT HOLDER,2,2019-08-29 21:00:00,4.26,15874,Australia,False,False,8.52
537282,71270,PINK CRYSTAL GUITAR PHONE CHARM,12,2019-08-28 11:16:00,1.16,,France,False,True,13.92
536412,22423,REGENCY CAKESTAND 3 TIER,11,2019-01-18 14:17:00,13.52,15162,Switzerland,False,False,148.72
536722,22960,JAM MAKING SET WITH JARS,19,2019-05-15 00:00:00,4.64,15150,Switzerland,False,False,88.16
536901,21755,LOVE BUILDING BLOCK WORD,6,2019-08-30 02:26:00,6.19,16068,United Kingdom,False,False,37.14
537537,22752,SET 7 BABUSHKA NESTING BOXES,9,2019-03-15 00:00:00,7.41,,Australia,False,True,66.69
537460,84879,ASSORTED COLOUR BIRD ORNAMENT,9,2019-10-16 14:55:00,1.69,15917,Spain,False,False,15.21
536884,71053,WHITE METAL LANTERN,17,2019-07-06 14:01:00,3.15,12616,EIRE,False,False,53.55
537661,71053,WHITE METAL LANTERN,9,2019-01-15 00:00:00,3.12,17434,EIRE,False,False,28.08
536062,71270,PINK CRYSTAL GUITAR PHONE CHARM,5,2019-11-12 16:23:00,1.24,14326,France,False,False,6.2
536562,85123A,WHITE HANGING HEART T-LIGHT HOLDER,15,2019-06-25 00:00:00,2.76,17352,United Kingdom,False,False,41.4
536375,22752,SET 7 BABUSHKA NESTING BOXES,1,2019-10-09 00:00:00,7.58,17023,Spain,False,False,7.58
537120,71053,WHITE METAL LANTERN,17,2019-02-19 09:55:00,3.09,15660,Belgium,False,False,52.53
536714,22423,REGENCY CAKESTAND 3 TIER,16,2019-06-11 22:49:00,12.5,13564,Netherlands,False,False,200.0
536486,22423,REGENCY CAKESTAND 3 TIER,17,2019-11-19 11:21:00,12.78,12794,Germany,False,False,217.26
537466,22423,REGENCY CAKESTAND 3 TIER,11,2019-04-29 04:15:00,12.08,13218,Germany,False,False,132.88
537210,84879,ASSORTED COLOUR BIRD ORNAMENT,6,2019-07-29 00:00:00,1.62,15477,Portugal,False,False,9.72
537646,85123A,WHITE HANGING HEART T-LIGHT HOLDER,4,2019-12-15 09:55:00,2.76,13402,Belgium,False,False,11.04
537328,71053,WHITE METAL LANTERN,18,2019-11-19 17:35:00,3.44,13961,Germany,False,False,61.92
537370,85123A,WHITE HANGING HEART T-LIGHT HOLDER,3,2019-04-20 18:23:00,2.44,15180,Switzerland,False,False,7.32
537165,84879,ASSORTED COLOUR BIRD ORNAMENT,16,2019-02-08 17:24:00,1.6,14316,United Kingdom,False,False,25.6
537617,71053,WHITE METAL LANTERN,11,2019-10-03 19:46:00,3.63,17267,Germany,False,False,39.93
536240,21730,GLASS STAR FROSTED T-LIGHT HOLDER,3,2019-03-12 03:31:00,3.93,17595,Australia,False,False,11.79
537614,22752,SET 7 BABUSHKA NESTING BOXES,15,2019-06-15 10:27:00,7.93,16829,Spain,False,False,118.95
536205,71053,WHITE METAL LANTERN,5,2019-11-25 19:51:00,3.55,14603,Netherlands,False,False,17.75
536833,21755,LOVE BUILDING BLOCK WORD,6,2019-05-14 09:29:00,5.54,13682,Australia,False,False,33.24
536467,71270,PINK CRYSTAL GUITAR PHONE CHARM,9,2019-08-09 00:00:00,1.3,15033,Switzerland,False,False,11.7
537288,22752,SET 7 BABUSHKA NESTING BOXES,13,2019-10-03 18:37:00,7.74,13682,United Kingdom,False,False,100.62
536576,22423,REGENCY CAKESTAND 3 TIER,7,2019-02-02 00:00:00,13.14,16519,Netherlands,False,False,91.98
537126,71270,PINK CRYSTAL GUITAR PHONE CHARM,12,2019-01-09 00:00:00,1.33,15593,France,False,False,15.96
536683,21730,GLASS STAR FROSTED T-LIGHT HOLDER,1,2019-11-06 06:13:00,4.66,16516,Netherlands,False,False,4.66
537183,71270,PINK CRYSTAL GUITAR PHONE CHARM,11,2019-12-20 20:58:00,1.35,15076,Switzerland,False,False,14.85
537600,22960,JAM MAKING SET WITH JARS,15,2019-07-24 07:13:00,4.98,14126,Belgium,False,False,74.7
536018,84879,ASSORTED COLOUR BIRD ORNAMENT,3,2019-07-27 22:15:00,1.56,12826,EIRE,False,False,4.68
536106,84879,ASSORTED COLOUR BIRD ORNAMENT,8,2019-06-21 03:04:00,1.72,16234,EIRE,False,False,13.76
536266,71270,PINK CRYSTAL GUITAR PHONE CHARM,15,2019-10-24 00:00:00,1.36,,Belgium,False,True,20.4
537128,71053,WHITE METAL LANTERN,15,2019-03-26 00:00:00,3.66,17608,Australia,False,False,54.9
537396,21730,GLASS STAR FROSTED T-LIGHT HOLDER,7,2019-06-21 14:30:00,4.4,13779,Spain,False,False,30.8
537281,84879,ASSORTED COLOUR BIRD ORNAMENT,18,2019-11-10 17:43:00,1.63,14038,EIRE,False,False,29.34
537340,22423,REGENCY CAKESTAND 3 TIER,4,2019-05-10 16:42:00,13.26,12582,Portugal,False,False,53.04
537342,71270,PINK CRYSTAL GUITAR PHONE CHARM,17,2019-08-31 20:11:00,1.35,13350,Netherlands,False,False,22.95
537650,21755,LOVE BUILDING BLOCK WORD,2,2019-08-17 03:42:00,6.19,15635,Belgium,False,False,12.38
536217,22752,SET 7 BABUSHKA NESTING BOXES,1,2019-06-18 14:44:00,7.11,17121,France,False,False,7.11
537366,84406B,CREAM CUPID HEARTS COAT HANGER,8,2019-11-08 13:06:00,2.8,14317,Netherlands,False,False,22.4
536678,21755,LOVE BUILDING BLOCK WORD,12,2019-12-03 06:08:00,6.05,18182,France,False,False,72.6
536960,71270,PINK CRYSTAL GUITAR PHONE CHARM,18,2019-11-03 01:49:00,1.32,13714,Switzerland,False,False,23.76
537403,22423,REGENCY CAKESTAND 3 TIER,16,2019-09-02 06:06:00,11.89,14677,Germany,False,False,190.24
537629,22752,SET 7 BABUSHKA NESTING BOXES,1,2019-05-04 19:18:00,8.25,,United Kingdom,False,True,8.25
536070,22423,REGENCY CAKESTAND 3 TIER,1,2019-05-11 12:29:00,13.5,14888,Spain,False,False,13.5
536387,22752,SET 7 BABUSHKA NESTING BOXES,3,2019-08-31 10:00:00,7.08,17048,Portugal,False,False,21.24
536676,84406B,CREAM CUPID HEARTS COAT HANGER,12,2019-03-28 00:00:00,2.66,14338,Switzerland,False,False,31.92
536445,84879,ASSORTED COLOUR BIRD ORNAMENT,7,2019-08-13 20:50:00,1.54,16556,Netherlands,False,False,10.78
536715,71270,PINK CRYSTAL GUITAR PHONE CHARM,10,2019-01-09 12:35:00,1.28,,United Kingdom,False,True,12.8
537374,71270,PINK CRYSTAL GUITAR PHONE CHARM,11,2019-06-07 02:37:00,1.29,14556,France,False,False,14.19
536577,71270,PINK CRYSTAL GUITAR PHONE CHARM,7,2019-05-05 06:15:00,1.17,15412,Australia,False,False,8.19
537318,22752,SET 7 BABUSHKA NESTING BOXES,10,2019-09-11 00:36:00,7.53,17095,Switzerland,False,False,75.3
537336,85123A,WHITE HANGING HEART T-LIGHT HOLDER,19,2019-10-05 04:34:00,2.55,12533,France,False,False,48.45
536754,71270,PINK CRYSTAL GUITAR PHONE CHARM,13,2019-03-12 00:47:00,1.37,14959,Portugal,False,False,17.81
537046,22423,REGENCY CAKESTAND 3 TIER,12,2019-06-21 22:28:00,12.76,17873,Spain,False,False,153.12
537279,84406B,CREAM CUPID HEARTS COAT HANGER,9,2019-01-19 03:52:00,2.63,16598,Netherlands,False,False,23.67
536473,84879,ASSORTED COLOUR BIRD ORNAMENT,17,2019-11-12 04:09:00,1.65,16785,Netherlands,False,False,28.05
536985,22423,REGENCY CAKESTAND 3 TIER,5,2019-01-17 03:02:00,11.7,17947,France,False,False,58.5
537455,22423,REGENCY CAKESTAND 3 TIER,16,2019-12-20 22:56:00,12.11,14842,France,False,False,193.76
536864,71270,PINK CRYSTAL GUITAR PHONE CHARM,3,2019-04-18 17:25:00,1.19,17638,Switzerland,False,False,3.57
536964,71053,WHITE METAL LANTERN,9,2019-03-22 19:58:00,3.45,13533,Australia,False,False,31.05
537652,22423,REGENCY CAKESTAND 3 TIER,13,2019-06-13 00:00:00,12.25,14866,Switzerland,False,False,159.25
537076,22423,REGENCY CAKESTAND 3 TIER,11,2019-07-07 04:18:00,13.83,13476,France,False,False,152.13
537037,71053,WHITE METAL LANTERN,10,2019-05-05 16:00:00,3.16,15178,Belgium,False,False,31.6
536544,85123A,WHITE HANGING HEART T-LIGHT HOLDER,10,2019-04-17 06:34:00,2.34,14865,Australia,False,False,23.4
536316,71053,WHITE METAL LANTERN,1,2019-01-29 07:29:00,3.19,15355,Germany,False,False,3.19
536582,22423,REGENCY CAKESTAND 3 TIER,7,2019-03-12 14:20:00,13.08,17109,United Kingdom,False,False,91.56
536693,22752,SET 7 BABUSHKA NESTING BOXES,17,2019-11-08 00:00:00,7.21,12420,Netherlands,False,False,122.57
536567,22960,JAM MAKING SET WITH JARS,9,2019-10-05 04:01:00,5.24,16105,France,False,False,47.16
536912,22960,JAM MAKING SET WITH JARS,7,2019-01-01 00:00:00,5.2,,Australia,False,True,36.4
537228,22752,SET 7 BABUSHKA NESTING BOXES,12,2019-11-07 18:33:00,7.66,14129,Netherlands,False,False,91.92
537404,85123A,WHITE HANGING HEART T-LIGHT HOLDER,5,2019-07-05 00:34:00,2.68,16960,Portugal,False,False,13.4
537483,84406B,CREAM CUPID HEARTS COAT HANGER,18,2019-12-05 00:58:00,2.68,13089,Switzerland,False,False,48.24
536369,71053,WHITE METAL LANTERN,5,2019-12-17 07:23:00,3.07,17126,Australia,False,False,15.35
536208,71053,WHITE METAL LANTERN,1,2019-10-10 00:00:00,3.51,,Portugal,False,True,3.51
536124,22752,SET 7 BABUSHKA NESTING BOXES,18,2019-09-19 01:26:00,7.61,17105,Portugal,False,False,136.98
537188,22752,SET 7 BABUSHKA NESTING BOXES,14,2019-12-24 19:58:00,7.83,,Portugal,False,True,109.62
536792,71053,WHITE METAL LANTERN,5,2019-06-20 04:13:00,3.6,15472,Australia,False,False,18.0
536445,71053,WHITE METAL LANTERN,13,2019-06-23 21:55:00,3.19,14810,Switzerland,False,False,41.47
536062,71270,PINK CRYSTAL GUITAR PHONE CHARM,15,2019-07-13 00:00:00,1.34,13706,EIRE,False,False,20.1
536374,22423,REGENCY CAKESTAND 3 TIER,10,2019-03-21 20:32:00,12.73,12884,Switzerland,False,False,127.3
536704,22423,REGENCY CAKESTAND 3 TIER,3,2019-07-03 04:44:00,13.96,15329,United Kingdom,False,False,41.88
536912,22752,SET 7 BABUSHKA NESTING BOXES,18,2019-08-26 23:03:00,8.35,15982,Portugal,False,False,150.3
536073,85123A,WHITE HANGING HEART T-LIGHT HOLDER,4,2019-05-13 09:27:00,2.49,16914,Germany,False,False,9.96
537067,22752,SET 7 BABUSHKA NESTING BOXES,1,2019-11-16 04:57:00,7.29,15563,EIRE,False,False,7.29
536101,21730,GLASS STAR FROSTED T-LIGHT HOLDER,1,2019-08-07 21:28:00,4.01,16941,Belgium,False,False,4.01
537400,84879,ASSORTED COLOUR BIRD ORNAMENT,3,2019-04-19 14:59:00,1.83,15831,United Kingdom,False,False,5.49
537610,84406B,CREAM CUPID HEARTS COAT HANGER,19,2019-01-10 21:54:00,2.48,13277,United Kingdom,False,False,47.12
537083,22423,REGENCY CAKESTAND 3 TIER,9,2019-07-02 14:02:00,12.95,13674,Spain,False,False,116.55
536579,84406B,CREAM CUPID HEARTS COAT HANGER,6,2019-02-21 08:45:00,2.78,13787,Australia,False,False,16.68
536142,22960,JAM MAKING SET WITH JARS,17,2019-07-08 18:54:00,4.74,15914,EIRE,False,False,80.58
537095,84879,ASSORTED COLOUR BIRD ORNAMENT,8,2019-06-13 23:08:00,1.53,,Germany,False,True,12.24
537633,21755,LOVE BUILDING BLOCK WORD,2,2019-08-28 22:51:00,6.03,15228,Australia,False,False,12.06
536446,71270,PINK CRYSTAL GUITAR PHONE CHARM,13,2019-10-12 21:42:00,1.29,14102,Australia,False,False,16.77
537455,84406B,CREAM CUPID HEARTS COAT HANGER,15,2019-12-17 23:06:00,2.59,15284,France,False,False,38.85
536773,22960,JAM MAKING SET WITH JARS,17,2019-05-28 07:31:00,4.5,18185,Australia,False,False,76.5
536432,22752,SET 7 BABUSHKA NESTING BOXES,18,2019-09-29 14:36:00,7.76,13581,Belgium,False,False,139.68
536930,71053,WHITE METAL LANTERN,14,2019-08-31 00:00:00,3.59,14347,Switzerland,False,False,50.26
537039,21730,GLASS STAR FROSTED T-LIGHT HOLDER,13,2019-10-04 23:11:00,4.31,14486,Spain,False,False,56.03
536933,85123A,WHITE HANGING HEART T-LIGHT HOLDER,1,2019-06-29 00:00:00,2.38,13798,United Kingdom,False,False,2.38
536390,21755,LOVE BUILDING BLOCK WORD,18,2019-05-05 18:14:00,5.41,14363,Switzerland,False,False,97.38
536239,85123A,WHITE HANGING HEART T-LIGHT HOLDER,1,2019-12-03 02:50:00,2.42,17578,France,False,False,2.42
536573,21755,LOVE BUILDING BLOCK WORD,18,2019-11-20 10:12:00,6.49,16526,France,False,False,116.82
536731,71270,PINK CRYSTAL GUITAR PHONE CHARM,9,2019-04-21 20:47:00,1.32,,France,False,True,11.88
537145,21755,LOVE BUILDING BLOCK WORD,4,2019-11-21 14:53:00,6.04,15469,Netherlands,False,False,24.16
537436,84406B,CREAM CUPID HEARTS COAT HANGER,5,2019-06-03 02:41:00,2.81,12844,Belgium,False,False,14.05
536061,84879,ASSORTED COLOUR BIRD ORNAMENT,3,2019-10-11 01:27:00,1.65,17679,Belgium,False,False,4.95
537211,21755,LOVE BUILDING BLOCK WORD,16,2019-12-02 00:00:00,6.52,16571,Portugal,False,False,104.32
536784,84879,ASSORTED COLOUR BIRD ORNAMENT,8,2019-08-22 12:39:00,1.77,14919,Australia,False,False,14.16
536363,21755,LOVE BUILDING BLOCK WORD,5,2019-12-06 15:49:00,6.0,17644,Australia,False,False,30.0
536841,22752,SET 7 BABUSHKA NESTING BOXES,19,2019-06-04 22:28:00,8.06,17812,Portugal,False,False,153.14
536216,22752,SET 7 BABUSHKA NESTING BOXES,8,2019-07-10 10:57:00,7.91,16538,Switzerland,False,False,63.28
536919,21730,GLASS STAR FROSTED T-LIGHT HOLDER,10,2019-03-02 13:16:00,4.21,14740,Portugal,False,False,42.1
537520,22960,JAM MAKING SET WITH JARS,4,2019-01-16 16:54:00,5.23,13114,Netherlands,False,False,20.92
537317,84879,ASSORTED COLOUR BIRD ORNAMENT,14,2019-09-01 19:48:00,1.79,12781,United Kingdom,False,False,25.06
537642,84879,ASSORTED COLOUR BIRD ORNAMENT,8,2019-12-12 17:07:00,1.73,,Portugal,False,True,13.84
536720,71053,WHITE METAL LANTERN,6,2019-03-21 01:22:00,3.72,13482,EIRE,False,False,22.32
536338,22752,SET 7 BABUSHKA NESTING BOXES,19,2019-10-02 00:00:00,7.96,15013,Netherlands,False,False,151.24
537469,22960,JAM MAKING SET WITH JARS,4,2019-05-14 23:01:00,4.6,12668,Portugal,False,False,18.4
536775,22752,SET 7 BABUSHKA NESTING BOXES,1,2019-07-19 00:00:00,7.6,15687,Australia,False,False,7.6
536511,21730,GLASS STAR FROSTED T-LIGHT HOLDER,14,2019-04-11 07:54:00,4.05,17323,France,False,False,56.7
536909,21755,LOVE BUILDING BLOCK WORD,16,2019-04-07 17:02:00,6.46,14738,Netherlands,False,False,103.36
537464,84879,ASSORTED COLOUR BIRD ORNAMENT,17,2019-06-08 14:48:00,1.52,13816,Spain,False,False,25.84
536844,21730,GLASS STAR FROSTED T-LIGHT HOLDER,14,2019-09-10 00:00:00,4.4,18019,United Kingdom,False,False,61.6
536255,21730,GLASS STAR FROSTED T-LIGHT HOLDER,8,2019-11-30 09:49:00,4.2,16215,Germany,False,False,33.6
536514,22423,REGENCY CAKESTAND 3 TIER,7,2019-08-30 23:32:00,13.26,,Spain,False,True,92.82
536768,21730,GLASS STAR FROSTED T-LIGHT HOLDER,1,2019-11-27 00:00:00,4.53,,Switzerland,False,True,4.53
536748,85123A,WHITE HANGING HEART T-LIGHT HOLDER,1,2019-09-21 17:12:00,2.76,14083,Belgium,False,False,2.76
536967,84406B,CREAM CUPID HEARTS COAT HANGER,5,2019-01-30 20:34:00,2.9,15127,Germany,False,False,14.5
536806,71053,WHITE METAL LANTERN,12,2019-06-18 09:41:00,3.53,13043,Spain,False,False,42.36
536286,21730,GLASS STAR FROSTED T-LIGHT HOLDER,6,2019-01-18 00:58:00,3.98,17584,EIRE,False,False,23.88
536303,71270,PINK CRYSTAL GUITAR PHONE CHARM,16,2019-04-06 00:00:00,1.18,15343,Netherlands,False,False,18.88
536520,71053,WHITE METAL LANTERN,4,2019-04-04 22:30:00,3.11,16097,Australia,False,False,12.44
537664,71053,WHITE METAL LANTERN,14,2019-12-19 17:02:00,3.27,12479,EIRE,False,False,45.78
536076,71270,PINK CRYSTAL GUITAR PHONE CHARM,2,2019-12-10 07:18:00,1.16,13667,Netherlands,False,False,2.32
536935,71053,WHITE METAL LANTERN,2,2019-02-08 00:00:00,3.22,17299,Switzerland,False,False,6.44
536796,21755,LOVE BUILDING BLOCK WORD,7,2019-03-04 00:00:00,6.12,15220,Belgium,False,False,42.84
537543,84406B,CREAM CUPID HEARTS COAT HANGER,11,2019-04-30 03:13:00,2.7,14127,France,False,False,29.7
537144,21755,LOVE BUILDING BLOCK WORD,1,2019-10-13 14:46:00,6.43,14201,Spain,False,False,6.43
536381,84879,ASSORTED COLOUR BIRD ORNAMENT,4,2019-06-09 00:00:00,1.64,17348,Germany,False,False,6.56
536625,85123A,WHITE HANGING HEART T-LIGHT HOLDER,10,2019-07-28 00:00:00,2.67,14525,Spain,False,False,26.7
537645,21755,LOVE BUILDING BLOCK WORD,8,2019-09-01 02:54:00,6.31,16575,France,False,False,50.48
536309,21730,GLASS STAR FROSTED T-LIGHT HOLDER,14,2019-10-23 22:25:00,4.51,15841,Spain,False,False,63.14
537606,84879,ASSORTED COLOUR BIRD ORNAMENT,1,2019-03-23 13:00:00,1.66,13188,Netherlands,False,False,1.66
536264,71270,PINK CRYSTAL GUITAR PHONE CHARM,2,2019-04-19 23:40:00,1.28,16258,Belgium,False,False,2.56
536398,71270,PINK CRYSTAL GUITAR PHONE CHARM,6,2019-12-03 00:00:00,1.37,13651,Netherlands,False,False,8.22
537569,71053,WHITE METAL LANTERN,13,2019-10-27 00:00:00,3.34,16181,Switzerland,False,False,43.42
536717,21755,LOVE BUILDING BLOCK WORD,13,2019-08-15 02:45:00,5.44,18023,Belgium,False,False,70.72
537322,22960,JAM MAKING SET WITH JARS,8,2019-05-11 05:34:00,5.36,15271,Australia,False,False,42.88
537441,71053,WHITE METAL LANTERN,6,2019-01-13 12:29:00,3.32,16073,Spain,False,False,19.92
536466,84406B,CREAM CUPID HEARTS COAT HANGER,12,2019-11-30 13:40:00,2.48,13784,Belgium,False,False,29.76
536711,84879,ASSORTED COLOUR BIRD ORNAMENT,3,2019-09-29 02:41:00,1.84,13201,France,False,False,5.52
536822,21755,LOVE BUILDING BLOCK WORD,2,2019-07-30 00:00:00,5.86,14188,Switzerland,False,False,11.72
536565,71270,PINK CRYSTAL GUITAR PHONE CHARM,13,2019-02-04 10:52:00,1.25,16153,Switzerland,False,False,16.25
537407,22752,SET 7 BABUSHKA NESTING BOXES,11,2019-08-04 16:28:00,7.28,12421,Portugal,False,False,80.08
536757,21730,GLASS STAR FROSTED T-LIGHT HOLDER,3,2019-01-31 05:20:00,4.01,17235,Netherlands,False,False,12.03
536381,21730,GLASS STAR FROSTED T-LIGHT HOLDER,16,2019-11-01 00:00:00,3.89,15853,United Kingdom,False,False,62.24
537037,71270,PINK CRYSTAL GUITAR PHONE CHARM,16,2019-06-07 06:41:00,1.24,14982,Portugal,False,False,19.84
536922,71053,WHITE METAL LANTERN,17,2019-08-15 00:00:00,3.27,14868,EIRE,False,False,55.59
537449,22960,JAM MAKING SET WITH JARS,1,2019-11-15 19:14:00,5.29,15182,Germany,False,False,5.29
537436,22960,JAM MAKING SET WITH JARS,14,2019-07-05 07:26:00,4.97,12738,United Kingdom,False,False,69.58
537153,84879,ASSORTED COLOUR BIRD ORNAMENT,3,2019-01-18 00:00:00,1.72,12346,Belgium,False,False,5.16
536468,22423,REGENCY CAKESTAND 3 TIER,1,2019-05-05 17:38:00,13.02,16016,Switzerland,False,False,13.02
537357,22960,JAM MAKING SET WITH JARS,6,2019-07-23 10:18:00,5.1,16837,Spain,False,False,30.6
536908,22423,REGENCY CAKESTAND 3 TIER,4,2019-09-08 09:40:00,12.27,14528,Spain,False,False,49.08
536990,21755,LOVE BUILDING BLOCK WORD,6,2019-10-04 23:27:00,5.83,17151,Germany,False,False,34.98
536760,71053,WHITE METAL LANTERN,17,2019-09-11 06:10:00,3.7,14453,Belgium,False,False,62.9
536515,85123A,WHITE HANGING HEART T-LIGHT HOLDER,1,2019-05-22 19:28:00,2.56,,Belgium,False,True,2.56
536213,84879,ASSORTED COLOUR BIRD ORNAMENT,12,2019-02-12 17:55:00,1.75,13820,Netherlands,False,False,21.0
536615,71270,PINK CRYSTAL GUITAR PHONE CHARM,7,2019-08-18 22:40:00,1.22,13568,United Kingdom,False,False,8.54
537193,22423,REGENCY CAKESTAND 3 TIER,9,2019-02-15 07:32:00,13.1,14284,Germany,False,False,117.9
537509,71270,PINK CRYSTAL GUITAR PHONE CHARM,6,2019-04-10 00:00:00,1.16,18135,Switzerland,False,False,6.96
536212,71053,WHITE METAL LANTERN,13,2019-04-29 00:00:00,3.7,15606,Belgium,False,False,48.1
537286,84879,ASSORTED COLOUR BIRD ORNAMENT,6,2019-02-15 16:48:00,1.84,,France,False,True,11.04
536403,84879,ASSORTED COLOUR BIRD ORNAMENT,2,2019-10-26 02:57:00,1.52,,Germany,False,True,3.04
536378,71053,WHITE METAL LANTERN,7,2019-09-15 23:31:00,3.24,13569,France,False,False,22.68
536823,71053,WHITE METAL LANTERN,16,2019-07-11 04:12:00,3.64,14006,EIRE,False,False,58.24
537256,22423,REGENCY CAKESTAND 3 TIER,4,2019-02-23 13:41:00,13.07,15176,Belgium,False,False,52.28
537047,22423,REGENCY CAKESTAND 3 TIER,12,2019-09-19 14:34:00,12.11,14936,Spain,False,False,145.32
536580,22960,JAM MAKING SET WITH JARS,2,2019-03-25 12:54:00,5.01,17408,Germany,False,False,10.02
536395,71270,PINK CRYSTAL GUITAR PHONE CHARM,4,2019-06-16 18:41:00,1.18,14515,France,False,False,4.72
536709,21755,LOVE BUILDING BLOCK WORD,10,2019-07-28 09:27:00,6.5,12403,Netherlands,False,False,65.0
536057,22423,REGENCY CAKESTAND 3 TIER,13,2019-06-14 10:05:00,12.35,17618,Australia,False,False,160.55
537257,84879,ASSORTED COLOUR BIRD ORNAMENT,5,2019-07-23 13:45:00,1.79,,Australia,False,True,8.95
537346,22423,REGENCY CAKESTAND 3 TIER,8,2019-08-06 00:00:00,12.71,12780,Portugal,False,False,101.68
536313,71053,WHITE METAL LANTERN,19,2019-05-28 02:07:00,3.27,14209,France,False,False,62.13
536768,84879,ASSORTED COLOUR BIRD ORNAMENT,19,2019-01-06 18:49:00,1.86,16642,Germany,False,False,35.34
536730,22423,REGENCY CAKESTAND 3 TIER,12,2019-10-25 00:00:00,11.73,13251,Belgium,False,False,140.76
536853,22960,JAM MAKING SET WITH JARS,16,2019-07-08 08:37:00,4.63,16561,Spain,False,False,74.08
537412,84879,ASSORTED COLOUR BIRD ORNAMENT,19,2019-06-03 00:00:00,1.81,17163,Germany,False,False,34.39
537588,22960,JAM MAKING SET WITH JARS,11,2019-09-14 00:00:00,4.78,17623,EIRE,False,False,52.58
537044,21755,LOVE BUILDING BLOCK WORD,13,2019-11-16 04:19:00,5.55,15737,Netherlands,False,False,72.15
536638,21755,LOVE BUILDING BLOCK WORD,9,2019-11-27 00:00:00,6.53,,Australia,False,True,58.77
537053,22960,JAM MAKING SET WITH JARS,1,2019-09-21 00:00:00,5.23,12436,Spain,False,False,5.23
536226,21730,GLASS STAR FROSTED T-LIGHT HOLDER,5,2019-01-11 00:00:00,3.94,18058,France,False,False,19.7
536227,22752,SET 7 BABUSHKA NESTING BOXES,4,2019-11-04 18:49:00,8.02,14174,Germany,False,False,32.08
537174,84406B,CREAM CUPID HEARTS COAT HANGER,16,2019-10-10 22:11:00,2.62,15403,Netherlands,False,False,41.92
536634,21730,GLASS STAR FROSTED T-LIGHT HOLDER,7,2019-06-06 18:26:00,4.59,12699,Switzerland,False,False,32.13
537236,21730,GLASS STAR FROSTED T-LIGHT HOLDER,2,2019-11-18 08:02:00,4.18,13987,Belgium,False,False,8.36
537346,22960,JAM MAKING SET WITH JARS,4,2019-06-10 14:58:00,4.7,17668,Germany,False,False,18.8
537543,21730,GLASS STAR FROSTED T-LIGHT HOLDER,14,2019-07-06 15:42:00,4.65,,EIRE,False,True,65.1
C536143,22960,JAM MAKING SET WITH JARS,-10,2019-06-15 00:00:00,4.51,17207,Portugal,True,False,-45.1
536348,22752,SET 7 BABUSHKA NESTING BOXES,18,2019-08-27 02:29:00,8.12,17780,Germany,False,False,146.16
536920,22423,REGENCY CAKESTAND 3 TIER,12,2019-10-09 00:00:00,13.53,16298,Spain,False,False,162.36
536718,21755,LOVE BUILDING BLOCK WORD,11,2019-11-02 04:16:00,6.17,17525,Switzerland,False,False,67.87
536877,71053,WHITE METAL LANTERN,3,2019-02-18 16:41:00,3.4,17944,United Kingdom,False,False,10.2
536705,22960,JAM MAKING SET WITH JARS,10,2019-04-22 10:45:00,4.81,13707,Portugal,False,False,48.1
536796,71053,WHITE METAL LANTERN,12,2019-08-25 03:30:00,3.12,12754,United Kingdom,False,False,37.44
536881,22752,SET 7 BABUSHKA NESTING BOXES,15,2019-01-21 06:16:00,7.53,16733,United Kingdom,False,False,112.95
537240,22752,SET 7 BABUSHKA NESTING BOXES,17,2019-12-12 00:00:00,7.58,15052,EIRE,False,False,128.86
536678,21730,GLASS STAR FROSTED T-LIGHT HOLDER,11,2019-06-09 18:28:00,3.86,14217,EIRE,False,False,42.46
536950,22423,REGENCY CAKESTAND 3 TIER,15,2019-10-04 03:57:00,12.94,14120,Germany,False,False,194.1
536834,84406B,CREAM CUPID HEARTS COAT HANGER,4,2019-06-15 17:24:00,2.65,12810,Netherlands,False,False,10.6
C537275,84406B,CREAM CUPID HEARTS COAT HANGER,-5,2019-07-10 09:34:00,2.84,12714,Portugal,True,False,-14.2
536311,84406B,CREAM CUPID HEARTS COAT HANGER,5,2019-12-17 19:05:00,2.87,17063,Spain,False,False,14.35
536255,71053,WHITE METAL LANTERN,14,2019-04-26 00:23:00,3.36,15501,Australia,False,False,47.04
537037,71270,PINK CRYSTAL GUITAR PHONE CHARM,14,2019-09-18 12:40:00,1.3,17897,Portugal,False,False,18.2
537105,71053,WHITE METAL LANTERN,7,2019-11-10 05:24:00,3.16,15510,EIRE,False,False,22.12
536917,21755,LOVE BUILDING BLOCK WORD,15,2019-06-06 19:22:00,5.5,15831,Belgium,False,False,82.5
537043,22423,REGENCY CAKESTAND 3 TIER,8,2019-07-04 22:31:00,12.88,16456,France,False,False,103.04
536392,84406B,CREAM CUPID HEARTS COAT HANGER,12,2019-06-10 00:00:00,2.97,,Germany,False,True,35.64
537302,84406B,CREAM CUPID HEARTS COAT HANGER,1,2019-08-29 10:48:00,2.78,16960,Belgium,False,False,2.78
536322,71053,WHITE METAL LANTERN,3,2019-08-01 23:58:00,3.13,16159,Spain,False,False,9.39
536929,84406B,CREAM CUPID HEARTS COAT HANGER,3,2019-08-26 00:00:00,2.85,14385,Germany,False,False,8.55
536559,71270,PINK CRYSTAL GUITAR PHONE CHARM,12,2019-02-25 03:42:00,1.16,16021,Portugal,False,False,13.92
537103,22960,JAM MAKING SET WITH JARS,3,2019-12-20 00:00:00,4.76,12817,Germany,False,False,14.28
536382,22960,JAM MAKING SET WITH JARS,13,2019-01-27 12:08:00,5.22,14872,Australia,False,False,67.86
536451,22423,REGENCY CAKESTAND 3 TIER,8,2019-10-06 00:00:00,12.72,,United Kingdom,False,True,101.76
536510,84406B,CREAM CUPID HEARTS COAT HANGER,2,2019-02-18 16:29:00,2.68,13395,EIRE,False,False,5.36
537010,22752,SET 7 BABUSHKA NESTING BOXES,19,2019-12-27 07:11:00,8.14,13224,Belgium,False,False,154.66
536166,21730,GLASS STAR FROSTED T-LIGHT HOLDER,17,2019-10-20 22:52:00,4.2,13839,Belgium,False,False,71.4
537622,71053,WHITE METAL LANTERN,13,2019-06-10 09:12:00,3.25,13407,Switzerland,False,False,42.25
537031,71053,WHITE METAL LANTERN,2,2019-04-21 18:43:00,3.64,15575,France,False,False,7.28
536135,71053,WHITE METAL LANTERN,4,2019-06-08 00:00:00,3.33,16748,Portugal,False,False,13.32
537550,22752,SET 7 BABUSHKA NESTING BOXES,18,2019-03-28 04:02:00,7.29,17110,Belgium,False,False,131.22
536927,71053,WHITE METAL LANTERN,2,2019-12-10 05:46:00,3.59,14059,France,False,False,7.18
536144,21730,GLASS STAR FROSTED T-LIGHT HOLDER,15,2019-07-11 20:47:00,4.04,13672,Switzerland,False,False,60.6
536044,22752,SET 7 BABUSHKA NESTING BOXES,15,2019-10-09 00:00:00,7.36,13201,Switzerland,False,False,110.4
C536883,84406B,CREAM CUPID HEARTS COAT HANGER,-14,2019-05-01 20:59:00,2.89,14549,Switzerland,True,False,-40.46
537070,22423,REGENCY CAKESTAND 3 TIER,11,2019-07-07 22:18:00,12.52,16700,France,False,False,137.72
537028,71270,PINK CRYSTAL GUITAR PHONE CHARM,16,2019-12-12 00:00:00,1.23,15005,Germany,False,False,19.68
536372,85123A,WHITE HANGING HEART T-LIGHT HOLDER,13,2019-12-09 11:53:00,2.32,13011,Belgium,False,False,30.16
536461,22752,SET 7 BABUSHKA NESTING BOXES,6,2019-06-25 08:51:00,7.81,16761,United Kingdom,False,False,46.86
536684,21755,LOVE BUILDING BLOCK WORD,13,2019-03-26 05:41:00,6.08,12815,United Kingdom,False,False,79.04
536891,22752,SET 7 BABUSHKA NESTING BOXES,9,2019-05-25 21:04:00,7.81,13033,Portugal,False,False,70.29
536198,84879,ASSORTED COLOUR BIRD ORNAMENT,17,2019-07-29 03:12:00,1.72,15031,Belgium,False,False,29.24
537409,22423,REGENCY CAKESTAND 3 TIER,9,2019-03-30 11:06:00,13.32,15614,EIRE,False,False,119.88
537393,84879,ASSORTED COLOUR BIRD ORNAMENT,11,2019-03-01 15:05:00,1.61,13212,EIRE,False,False,17.71
537015,71053,WHITE METAL LANTERN,3,2019-06-27 00:00:00,3.13,14064,Germany,False,False,9.39
536142,22960,JAM MAKING SET WITH JARS,10,2019-03-23 02:15:00,5.43,15895,Spain,False,False,54.3
536474,84406B,CREAM CUPID HEARTS COAT HANGER,11,2019-03-02 17:59:00,2.95,12380,France,False,False,32.45
C536296,22423,REGENCY CAKESTAND 3 TIER,-10,2019-07-06 14:56:00,13.84,14889,Netherlands,True,False,-138.4
537367,71053,WHITE METAL LANTERN,10,2019-08-03 00:00:00,3.25,12405,EIRE,False,False,32.5
536148,22423,REGENCY CAKESTAND 3 TIER,14,2019-09-15 08:18:00,12.62,13343,Spain,False,False,176.68
536561,21755,LOVE BUILDING BLOCK WORD,17,2019-06-18 02:21:00,6.3,15984,Australia,False,False,107.1
536556,71270,PINK CRYSTAL GUITAR PHONE CHARM,13,2019-06-30 14:15:00,1.35,12579,Portugal,False,False,17.55
536414,85123A,WHITE HANGING HEART T-LIGHT HOLDER,9,2019-10-08 19:29:00,2.4,14140,Australia,False,False,21.6
537296,22752,SET 7 BABUSHKA NESTING BOXES,12,2019-12-27 16:20:00,7.88,14767,Netherlands,False,False,94.56
536221,21730,GLASS STAR FROSTED T-LIGHT HOLDER,16,2019-11-30 09:27:00,4.16,15705,France,False,False,66.56
536138,85123A,WHITE HANGING HEART T-LIGHT HOLDER,4,2019-06-08 18:47:00,2.62,13301,France,False,False,10.48
536043,22960,JAM MAKING SET WITH JARS,3,2019-07-03 23:00:00,4.82,12801,Australia,False,False,14.46
537078,84406B,CREAM CUPID HEARTS COAT HANGER,10,2019-06-13 06:24:00,2.74,16935,Netherlands,False,False,27.4
536420,22423,REGENCY CAKESTAND 3 TIER,4,2019-10-22 05:24:00,13.97,17651,Spain,False,False,55.88
536081,84879,ASSORTED COLOUR BIRD ORNAMENT,19,2019-10-26 17:47:00,1.8,,Spain,False,True,34.2
537475,85123A,WHITE HANGING HEART T-LIGHT HOLDER,16,2019-07-05 13:03:00,2.5,13168,France,False,False,40.0
536575,85123A,WHITE HANGING HEART T-LIGHT HOLDER,10,2019-04-08 17:53:00,2.71,17290,Portugal,False,False,27.1
536786,71053,WHITE METAL LANTERN,11,2019-07-11 16:55:00,3.69,14703,France,False,False,40.59
536031,71053,WHITE METAL LANTERN,11,2019-05-12 18:43:00,3.69,,Spain,False,True,40.59
537173,84879,ASSORTED COLOUR BIRD ORNAMENT,14,2019-10-01 00:00:00,1.63,12688,United Kingdom,False,False,22.82
536310,71270,PINK CRYSTAL GUITAR PHONE CHARM,14,2019-07-18 00:00:00,1.31,13604,Australia,False,False,18.34
C536210,84406B,CREAM CUPID HEARTS COAT HANGER,-18,2019-12-18 21:55:00,2.56,12640,Australia,True,False,-46.08
537433,21730,GLASS STAR FROSTED T-LIGHT HOLDER,5,2019-04-04 00:00:00,4.56,,United Kingdom,False,True,22.8
537660,71053,WHITE METAL LANTERN,1,2019-05-27 14:49:00,3.47,14964,Netherlands,False,False,3.47
537584,22752,SET 7 BABUSHKA NESTING BOXES,12,2019-08-29 04:32:00,7.87,16863,Spain,False,False,94.44
536187,21730,GLASS STAR FROSTED T-LIGHT HOLDER,8,2019-09-10 12:48:00,4.12,18272,Switzerland,False,False,32.96
537555,21755,LOVE BUILDING BLOCK WORD,7,2019-11-14 00:00:00,5.95,17391,Portugal,False,False,41.65
536612,21730,GLASS STAR FROSTED T-LIGHT HOLDER,6,2019-01-07 08:09:00,4.28,16713,Spain,False,False,25.68
536295,71053,WHITE METAL LANTERN,7,2019-06-03 11:31:00,3.37,18137,Australia,False,False,23.59
536610,84879,ASSORTED COLOUR BIRD ORNAMENT,14,2019-03-02 23:13:00,1.64,14632,Spain,False,False,22.96
536847,84879,ASSORTED COLOUR BIRD ORNAMENT,17,2019-03-30 00:00:00,1.59,16713,Belgium,False,False,27.03
536391,22752,SET 7 BABUSHKA NESTING BOXES,19,2019-10-06 08:12:00,7.56,17566,EIRE,False,False,143.64
537414,84406B,CREAM CUPID HEARTS COAT HANGER,17,2019-01-01 23:31:00,2.52,16161,Germany,False,False,42.84
536029,21755,LOVE BUILDING BLOCK WORD,15,2019-07-08 11:48:00,6.31,13746,Netherlands,False,False,94.65
537395,22960,JAM MAKING SET WITH JARS,13,2019-07-19 04:44:00,5.01,15712,Netherlands,False,False,65.13
536247,71053,WHITE METAL LANTERN,5,2019-05-04 07:41:00,3.42,17323,France,False,False,17.1
536455,22960,JAM MAKING SET WITH JARS,14,2019-01-16 02:32:00,4.56,16811,Switzerland,False,False,63.84
537260,71270,PINK CRYSTAL GUITAR PHONE CHARM,10,2019-07-01 20:10:00,1.27,,Germany,False,True,12.7
536770,85123A,WHITE HANGING HEART T-LIGHT HOLDER,6,2019-07-24 00:00:00,2.55,16873,France,False,False,15.3
537343,85123A,WHITE HANGING HEART T-LIGHT HOLDER,4,2019-11-06 22:18:00,2.8,13427,Portugal,False,False,11.2
537545,22960,JAM MAKING SET WITH JARS,7,2019-02-27 16:12:00,5.15,13353,EIRE,False,False,36.05
537111,22752,SET 7 BABUSHKA NESTING BOXES,9,2019-02-21 11:40:00,7.37,15166,EIRE,False,False,66.33
536321,21730,GLASS STAR FROSTED T-LIGHT HOLDER,16,2019-09-03 16:56:00,4.2,14926,United Kingdom,False,False,67.2
536244,22752,SET 7 BABUSHKA NESTING BOXES,7,2019-07-07 14:15:00,7.95,15775,France,False,False,55.65
536137,84406B,CREAM CUPID HEARTS COAT HANGER,18,2019-08-21 06:23:00,2.92,15918,France,False,False,52.56
537590,21755,LOVE BUILDING BLOCK WORD,12,2019-03-11 00:00:00,5.61,14255,France,False,False,67.32
536858,84879,ASSORTED COLOUR BIRD ORNAMENT,5,2019-05-27 14:39:00,1.71,17831,Netherlands,False,False,8.55
536568,21755,LOVE BUILDING BLOCK WORD,11,2019-09-26 00:21:00,6.02,16184,Portugal,False,False,66.22
537246,84879,ASSORTED COLOUR BIRD ORNAMENT,4,2019-06-24 00:00:00,1.63,16341,France,False,False,6.52
536712,84406B,CREAM CUPID HEARTS COAT HANGER,16,2019-03-22 19:00:00,2.87,17114,Germany,False,False,45.92
536751,84406B,CREAM CUPID HEARTS COAT HANGER,13,2019-08-16 17:03:00,2.69,17529,Portugal,False,False,34.97
536995,84406B,CREAM CUPID HEARTS COAT HANGER,11,2019-05-16 00:00:00,2.73,14791,France,False,False,30.03
537451,71270,PINK CRYSTAL GUITAR PHONE CHARM,1,2019-07-15 15:47:00,1.19,12511,Spain,False,False,1.19
536895,84879,ASSORTED COLOUR BIRD ORNAMENT,15,2019-02-10 11:55:00,1.7,14239,Portugal,False,False,25.5
536353,71270,PINK CRYSTAL GUITAR PHONE CHARM,14,2019-06-17 20:30:00,1.19,14196,United Kingdom,False,False,16.66
537434,21730,GLASS STAR FROSTED T-LIGHT HOLDER,17,2019-05-26 00:00:00,4.44,16565,Switzerland,False,False,75.48
537140,71053,WHITE METAL LANTERN,7,2019-12-27 00:00:00,3.17,,EIRE,False,True,22.19
536365,71053,WHITE METAL LANTERN,16,2019-07-03 07:16:00,3.67,15405,Germany,False,False,58.72
536903,85123A,WHITE HANGING HEART T-LIGHT HOLDER,5,2019-09-04 16:57:00,2.76,14654,United Kingdom,False,False,13.8
536600,84879,ASSORTED COLOUR BIRD ORNAMENT,4,2019-07-30 12:20:00,1.73,18163,Switzerland,False,False,6.92
536419,21755,LOVE BUILDING BLOCK WORD,12,2019-02-10 00:10:00,5.39,17397,Portugal,False,False,64.68
536189,85123A,WHITE HANGING HEART T-LIGHT HOLDER,11,2019-02-26 20:38:00,2.41,16804,Belgium,False,False,26.51
536693,21730,GLASS STAR FROSTED T-LIGHT HOLDER,18,2019-09-29 07:20:00,4.56,16907,Spain,False,False,82.08
536995,71270,PINK CRYSTAL GUITAR PHONE CHARM,10,2019-10-03 00:00:00,1.23,17715,Spain,False,False,12.3
536530,22423,REGENCY CAKESTAND 3 TIER,17,2019-08-17 10:22:00,12.39,13740,France,False,False,210.63
536118,84406B,CREAM CUPID HEARTS COAT HANGER,7,2019-02-11 00:00:00,2.69,16646,United Kingdom,False,False,18.83
537512,22960,JAM MAKING SET WITH JARS,1,2019-12-21 11:52:00,4.79,16875,EIRE,False,False,4.79
536788,21730,GLASS STAR FROSTED T-LIGHT HOLDER,19,2019-12-30 04:49:00,4.03,17278,Belgium,False,False,76.57
537449,22960,JAM MAKING SET WITH JARS,11,2019-03-22 00:00:00,4.48,15754,Australia,False,False,49.28
537005,71053,WHITE METAL LANTERN,7,2019-07-25 04:02:00,3.35,16308,Australia,False,False,23.45
537390,71053,WHITE METAL LANTERN,6,2019-07-09 00:00:00,3.46,16211,Belgium,False,False,20.76
536277,71270,PINK CRYSTAL GUITAR PHONE CHARM,12,2019-12-07 09:45:00,1.34,12895,Portugal,False,False,16.08
C537659,22960,JAM MAKING SET WITH JARS,-5,2019-08-28 05:16:00,5.27,12378,Portugal,True,False,-26.35
536751,85123A,WHITE HANGING HEART T-LIGHT HOLDER,17,2019-03-21 23:22:00,2.45,13256,Portugal,False,False,41.65
537290,21730,GLASS STAR FROSTED T-LIGHT HOLDER,7,2019-05-17 16:58:00,4.59,16756,United Kingdom,False,False,32.13
536905,84406B,CREAM CUPID HEARTS COAT HANGER,14,2019-07-18 00:00:00,3.01,17689,Germany,False,False,42.14
536301,71270,PINK CRYSTAL GUITAR PHONE CHARM,12,2019-09-23 10:49:00,1.19,,Portugal,False,True,14.28
536968,85123A,WHITE HANGING HEART T-LIGHT HOLDER,16,2019-06-09 05:01:00,2.45,17944,Australia,False,False,39.2
C536292,22423,REGENCY CAKESTAND 3 TIER,-14,2019-09-29 11:55:00,12.92,14896,Portugal,True,False,-180.88
537238,21755,LOVE BUILDING BLOCK WORD,12,2019-10-12 05:48:00,5.61,16300,Spain,False,False,67.32
C536430,22960,JAM MAKING SET WITH JARS,-13,2019-07-02 08:47:00,5.18,14115,Switzerland,True,False,-67.34
537312,71270,PINK CRYSTAL GUITAR PHONE CHARM,2,2019-05-15 12:46:00,1.17,12836,Belgium,False,False,2.34
537353,22752,SET 7 BABUSHKA NESTING BOXES,6,2019-05-29 00:00:00,7.4,18058,United Kingdom,False,False,44.4
536733,21730,GLASS STAR FROSTED T-LIGHT HOLDER,15,2019-10-14 00:34:00,4.29,12496,Switzerland,False,False,64.35
537287,21730,GLASS STAR FROSTED T-LIGHT HOLDER,18,2019-04-30 07:59:00,4.05,15643,Belgium,False,False,72.9
537040,21755,LOVE BUILDING BLOCK WORD,12,2019-11-05 04:19:00,6.13,16299,Spain,False,False,73.56
536852,22752,SET 7 BABUSHKA NESTING BOXES,7,2019-11-19 00:00:00,7.31,16400,France,False,False,51.17
537446,71270,PINK CRYSTAL GUITAR PHONE CHARM,18,2019-05-28 04:55:00,1.14,18035,Germany,False,False,20.52
536257,71053,WHITE METAL LANTERN,17,2019-02-17 11:10:00,3.7,17704,United Kingdom,False,False,62.9
537580,71270,PINK CRYSTAL GUITAR PHONE CHARM,3,2019-01-20 18:27:00,1.16,15962,Germany,False,False,3.48
536414,71270,PINK CRYSTAL GUITAR PHONE CHARM,1,2019-07-29 15:02:00,1.28,17153,United Kingdom,False,False,1.28
537094,85123A,WHITE HANGING HEART T-LIGHT HOLDER,3,2019-02-14 07:09:00,2.4,16164,Portugal,False,False,7.2
536002,22960,JAM MAKING SET WITH JARS,15,2019-05-13 00:00:00,4.65,15303,United Kingdom,False,False,69.75
536907,21730,GLASS STAR FROSTED T-LIGHT HOLDER,18,2019-01-27 12:30:00,4.02,16851,Portugal,False,False,72.36
536305,22423,REGENCY CAKESTAND 3 TIER,8,2019-11-19 00:00:00,12.94,,Belgium,False,True,103.52
536504,22423,REGENCY CAKESTAND 3 TIER,3,2019-03-28 19:23:00,12.93,12992,Portugal,False,False,38.79
537438,22960,JAM MAKING SET WITH JARS,12,2019-04-05 02:50:00,4.77,13449,Netherlands,False,False,57.24
C537422,71270,PINK CRYSTAL GUITAR PHONE CHARM,-1,2019-07-03 00:00:00,1.19,16401,Netherlands,True,False,-1.19
536866,71053,WHITE METAL LANTERN,2,2019-08-10 21:36:00,3.32,16513,Portugal,False,False,6.64
536891,85123A,WHITE HANGING HEART T-LIGHT HOLDER,15,2019-04-13 03:24:00,2.5,14365,Belgium,False,False,37.5
537362,71270,PINK CRYSTAL GUITAR PHONE CHARM,19,2019-02-01 00:00:00,1.22,17835,Spain,False,False,23.18
536655,85123A,WHITE HANGING HEART T-LIGHT HOLDER,15,2019-04-24 00:00:00,2.53,17740,Germany,False,False,37.95
536722,84879,ASSORTED COLOUR BIRD ORNAMENT,2,2019-06-04 10:57:00,1.74,15281,Belgium,False,False,3.48
537170,21755,LOVE BUILDING BLOCK WORD,9,2019-10-17 07:17:00,5.41,14599,Portugal,False,False,48.69
537486,71053,WHITE METAL LANTERN,2,2019-07-05 18:51:00,3.33,14921,Netherlands,False,False,6.66
536654,22752,SET 7 BABUSHKA NESTING BOXES,5,2019-04-04 13:07:00,7.96,16404,Portugal,False,False,39.8
537053,22752,SET 7 BABUSHKA NESTING BOXES,8,2019-08-20 03:14:00,8.25,16311,EIRE,False,False,66.0
536515,22960,JAM MAKING SET WITH JARS,4,2019-01-08 17:16:00,5.18,13117,France,False,False,20.72
536172,22423,REGENCY CAKESTAND 3 TIER,5,2019-09-23 20:37:00,12.76,13316,Spain,False,False,63.8
536852,21755,LOVE BUILDING BLOCK WORD,15,2019-11-04 17:42:00,6.22,15956,United Kingdom,False,False,93.3
537516,71270,PINK CRYSTAL GUITAR PHONE CHARM,5,2019-06-06 00:00:00,1.22,13024,Spain,False,False,6.1
537025,71270,PINK CRYSTAL GUITAR PHONE CHARM,3,2019-12-29 21:05:00,1.24,15911,Spain,False,False,3.72
536225,71270,PINK CRYSTAL GUITAR PHONE CHARM,14,2019-07-05 21:25:00,1.24,14193,France,False,False,17.36
536776,71053,WHITE METAL LANTERN,5,2019-10-10 00:00:00,3.44,13640,Australia,False,False,17.2
536017,22423,REGENCY CAKESTAND 3 TIER,1,2019-04-12 03:09:00,12.06,12452,Belgium,False,False,12.06
537615,71270,PINK CRYSTAL GUITAR PHONE CHARM,1,2019-01-30 00:00:00,1.34,16757,Switzerland,False,False,1.34
536755,21755,LOVE BUILDING BLOCK WORD,13,2019-08-25 05:11:00,5.77,12758,EIRE,False,False,75.01
536421,22752,SET 7 BABUSHKA NESTING BOXES,11,2019-07-16 00:00:00,7.07,15604,France,False,False,77.77
536170,22423,REGENCY CAKESTAND 3 TIER,19,2019-05-14 00:00:00,11.58,,Netherlands,False,True,220.02
537552,85123A,WHITE HANGING HEART T-LIGHT HOLDER,14,2019-02-11 21:08:00,2.31,16391,Switzerland,False,False,32.34
536256,84406B,CREAM CUPID HEARTS COAT HANGER,5,2019-04-02 15:49:00,2.54,,Switzerland,False,True,12.7
537529,22752,SET 7 BABUSHKA NESTING BOXES,1,2019-10-24 00:00:00,7.25,13975,Germany,False,False,7.25
536899,85123A,WHITE HANGING HEART T-LIGHT HOLDER,1,2019-01-03 22:30:00,2.38,,Portugal,False,True,2.38
536678,71053,WHITE METAL LANTERN,6,2019-05-06 06:48:00,3.23,16390,EIRE,False,False,19.38
536070,22752,SET 7 BABUSHKA NESTING BOXES,3,2019-04-07 04:16:00,8.36,,Germany,False,True,25.08
536780,85123A,WHITE HANGING HEART T-LIGHT HOLDER,15,2019-05-25 16:51:00,2.43,14768,Portugal,False,False,36.45
536224,71053,WHITE METAL LANTERN,5,2019-03-02 22:46:00,3.4,14654,EIRE,False,False,17.0
C536038,84879,ASSORTED COLOUR BIRD ORNAMENT,-11,2019-04-01 22:42:00,1.57,15561,EIRE,True,False,-17.27
537147,84406B,CREAM CUPID HEARTS COAT HANGER,13,2019-01-08 15:53:00,2.82,12972,EIRE,False,False,36.66
537071,84406B,CREAM CUPID HEARTS COAT HANGER,11,2019-11-01 05:47:00,2.96,13479,Germany,False,False,32.56
C536507,22423,REGENCY CAKESTAND 3 TIER,-2,2019-07-10 11:47:00,13.52,12993,France,True,False,-27.04
536297,71270,PINK CRYSTAL GUITAR PHONE CHARM,16,2019-03-07 18:17:00,1.2,,Germany,False,True,19.2
536248,71053,WHITE METAL LANTERN,2,2019-07-01 01:27:00,3.21,18070,Netherlands,False,False,6.42
536635,71270,PINK CRYSTAL GUITAR PHONE CHARM,7,2019-06-16 00:00:00,1.31,16371,Germany,False,False,9.17
537365,85123A,WHITE HANGING HEART T-LIGHT HOLDER,9,2019-01-05 04:50:00,2.47,15997,EIRE,False,False,22.23
C536163,22960,JAM MAKING SET WITH JARS,-15,2019-09-14 17:30:00,4.53,13435,Portugal,True,False,-67.95
537252,84879,ASSORTED COLOUR BIRD ORNAMENT,16,2019-05-21 00:00:00,1.76,16343,Spain,False,False,28.16
536125,71270,PINK CRYSTAL GUITAR PHONE CHARM,5,2019-05-08 03:08:00,1.31,14644,Germany,False,False,6.55
537039,21755,LOVE BUILDING BLOCK WORD,5,2019-08-04 00:00:00,5.39,14561,Belgium,False,False,26.95
536077,71270,PINK CRYSTAL GUITAR PHONE CHARM,4,2019-06-15 03:50:00,1.19,12979,Portugal,False,False,4.76
536463,84406B,CREAM CUPID HEARTS COAT HANGER,18,2019-08-18 02:25:00,2.68,13940,Germany,False,False,48.24
536883,84879,ASSORTED COLOUR BIRD ORNAMENT,9,2019-07-01 08:57:00,1.56,18016,Australia,False,False,14.04
536388,22752,SET 7 BABUSHKA NESTING BOXES,12,2019-08-23 19:27:00,7.51,17921,EIRE,False,False,90.12
536140,71270,PINK CRYSTAL GUITAR PHONE CHARM,12,2019-10-31 18:53:00,1.22,18055,Australia,False,False,14.64
537460,84406B,CREAM CUPID HEARTS COAT HANGER,9,2019-09-25 16:14:00,2.68,12364,Switzerland,False,False,24.12
537224,21755,LOVE BUILDING BLOCK WORD,14,2019-11-12 00:00:00,5.6,14115,Switzerland,False,False,78.4
536220,84406B,CREAM CUPID HEARTS COAT HANGER,6,2019-05-04 17:30:00,2.96,17825,Switzerland,False,False,17.76
536888,22752,SET 7 BABUSHKA NESTING BOXES,5,2019-07-15 07:04:00,7.84,17582,United Kingdom,False,False,39.2
536999,71270,PINK CRYSTAL GUITAR PHONE CHARM,17,2019-03-03 03:27:00,1.22,14585,Portugal,False,False,20.74
537566,21755,LOVE BUILDING BLOCK WORD,12,2019-04-30 06:40:00,6.54,,Australia,False,True,78.48
536969,71053,WHITE METAL LANTERN,45,2019-03-15 00:00:00,3.53,14030,Australia,False,False,158.85
536245,85123A,WHITE HANGING HEART T-LIGHT HOLDER,19,2019-12-06 03:41:00,2.74,12902,Switzerland,False,False,52.06
536226,71270,PINK CRYSTAL GUITAR PHONE CHARM,10,2019-04-02 00:00:00,1.33,16312,Spain,False,False,13.3
537074,71053,WHITE METAL LANTERN,6,2019-03-14 14:59:00,3.13,17428,Netherlands,False,False,18.78
537377,21755,LOVE BUILDING BLOCK WORD,2,2019-10-21 13:45:00,5.4,16447,Germany,False,False,10.8
537293,22960,JAM MAKING SET WITH JARS,2,2019-09-07 10:13:00,5.07,12909,Germany,False,False,10.14
536425,21755,LOVE BUILDING BLOCK WORD,16,2019-11-10 03:57:00,5.89,17232,France,False,False,94.24
536762,85123A,WHITE HANGING HEART T-LIGHT HOLDER,7,2019-02-15 08:17:00,2.35,,EIRE,False,True,16.45
536368,22423,REGENCY CAKESTAND 3 TIER,11,2019-04-16 00:00:00,11.51,16371,Netherlands,False,False,126.61
536062,71053,WHITE METAL LANTERN,10,2019-01-11 07:59:00,3.38,14782,Spain,False,False,33.8
536545,85123A,WHITE HANGING HEART T-LIGHT HOLDER,14,2019-04-18 20:43:00,2.44,14462,France,False,False,34.16
536352,22752,SET 7 BABUSHKA NESTING BOXES,14,2019-09-16 00:00:00,8.07,15660,Germany,False,False,112.98
537188,84879,ASSORTED COLOUR BIRD ORNAMENT,1,2019-09-10 09:55:00,1.68,16629,Portugal,False,False,1.68
537612,22960,JAM MAKING SET WITH JARS,13,2019-06-22 18:50:00,4.89,,United Kingdom,False,True,63.57
536211,21730,GLASS STAR FROSTED T-LIGHT HOLDER,10,2019-07-09 08:09:00,4.2,17279,France,False,False,42.0
C536334,71053,WHITE METAL LANTERN,-18,2019-06-05 13:33:00,3.08,13850,Netherlands,True,False,-55.44
536389,21730,GLASS STAR FROSTED T-LIGHT HOLDER,17,2019-09-08 00:00:00,4.06,15013,EIRE,False,False,69.02
536362,71270,PINK CRYSTAL GUITAR PHONE CHARM,14,2019-12-29 18:23:00,1.36,15044,Portugal,False,False,19.04
536229,21755,LOVE BUILDING BLOCK WORD,10,2019-12-12 05:24:00,5.39,12554,Switzerland,False,False,53.9
536772,21730,GLASS STAR FROSTED T-LIGHT HOLDER,3,2019-03-20 11:16:00,4.43,16707,Portugal,False,False,13.29
536450,21755,LOVE BUILDING BLOCK WORD,5,2019-11-24 06:25:00,6.33,12997,Switzerland,False,False,31.65
537087,22960,JAM MAKING SET WITH JARS,19,2019-01-23 00:00:00,4.53,14124,Portugal,False,False,86.07
536327,85123A,WHITE HANGING HEART T-LIGHT HOLDER,4,2019-04-01 00:00:00,2.58,16785,Portugal,False,False,10.32
536085,84406B,CREAM CUPID HEARTS COAT HANGER,17,2019-04-12 23:48:00,2.89,15036,Netherlands,False,False,49.13
536105,22752,SET 7 BABUSHKA NESTING BOXES,1,2019-01-23 07:46:00,7.5,15128,Australia,False,False,7.5
536324,21755,LOVE BUILDING BLOCK WORD,6,2019-11-15 03:12:00,5.83,15588,Germany,False,False,34.98
537188,22423,REGENCY CAKESTAND 3 TIER,11,2019-07-02 04:51:00,13.03,,United Kingdom,False,True,143.33
536881,22960,JAM MAKING SET WITH JARS,9,2019-08-28 19:37:00,4.85,15644,Belgium,False,False,43.65
537129,71053,WHITE METAL LANTERN,7,2019-12-04 00:00:00,3.24,14229,Switzerland,False,False,22.68
536478,21730,GLASS STAR FROSTED T-LIGHT HOLDER,13,2019-01-02 00:00:00,3.88,17898,Australia,False,False,50.44
537243,85123A,WHITE HANGING HEART T-LIGHT HOLDER,2,2019-05-30 11:16:00,2.64,16887,Portugal,False,False,5.28
537278,85123A,WHITE HANGING HEART T-LIGHT HOLDER,4,2019-10-08 13:06:00,2.79,16391,Germany,False,False,11.16
536252,85123A,WHITE HANGING HEART T-LIGHT HOLDER,12,2019-06-21 18:57:00,2.49,14591,United Kingdom,False,False,29.88
537567,84406B,CREAM CUPID HEARTS COAT HANGER,18,2019-08-27 13:42:00,2.53,15637,Australia,False,False,45.54
537488,84406B,CREAM CUPID HEARTS COAT HANGER,17,2019-03-07 00:12:00,2.92,12713,Netherlands,False,False,49.64
536120,85123A,WHITE HANGING HEART T-LIGHT HOLDER,5,2019-05-10 03:41:00,2.32,,United Kingdom,False,True,11.6
536666,22423,REGENCY CAKESTAND 3 TIER,11,2019-12-13 06:40:00,13.76,14724,United Kingdom,False,False,151.36
536328,21730,GLASS STAR FROSTED T-LIGHT HOLDER,2,2019-10-27 04:34:00,3.98,14271,Belgium,False,False,7.96
536194,84406B,CREAM CUPID HEARTS COAT HANGER,17,2019-07-22 13:37:00,2.68,16228,United Kingdom,False,False,45.56
537480,22423,REGENCY CAKESTAND 3 TIER,6,2019-11-15 00:00:00,12.88,16549,Spain,False,False,77.28
536637,22752,SET 7 BABUSHKA NESTING BOXES,11,2019-06-24 05:08:00,6.95,13574,Switzerland,False,False,76.45
536567,85123A,WHITE HANGING HEART T-LIGHT HOLDER,17,2019-10-06 12:37:00,2.69,12867,Australia,False,False,45.73
536059,71053,WHITE METAL LANTERN,11,2019-06-05 00:00:00,3.12,14240,Australia,False,False,34.32
536934,21730,GLASS STAR FROSTED T-LIGHT HOLDER,17,2019-06-19 12:33:00,4.15,17230,Switzerland,False,False,70.55
536126,21730,GLASS STAR FROSTED T-LIGHT HOLDER,12,2019-03-23 21:28:00,4.46,16697,France,False,False,53.52
536222,21755,LOVE BUILDING BLOCK WORD,11,2019-04-21 00:00:00,5.91,15714,Spain,False,False,65.01
536482,21755,LOVE BUILDING BLOCK WORD,16,2019-10-04 19:40:00,5.91,13036,Belgium,False,False,94.56
537003,22752,SET 7 BABUSHKA NESTING BOXES,10,2019-09-15 17:20:00,7.7,18102,Netherlands,False,False,77.0
536804,85123A,WHITE HANGING HEART T-LIGHT HOLDER,9,2019-09-16 00:00:00,2.32,15557,EIRE,False,False,20.88
537210,84406B,CREAM CUPID HEARTS COAT HANGER,5,2019-02-10 05:04:00,2.56,13955,United Kingdom,False,False,12.8
C536681,84406B,CREAM CUPID HEARTS COAT HANGER,-12,2019-03-12 01:48:00,2.77,,Portugal,True,True,-33.24
536597,71053,WHITE METAL LANTERN,14,2019-11-02 08:36:00,3.49,13174,United Kingdom,False,False,48.86
536447,84879,ASSORTED COLOUR BIRD ORNAMENT,1,2019-01-25 15:36:00,1.72,15441,Belgium,False,False,1.72
537618,85123A,WHITE HANGING HEART T-LIGHT HOLDER,10,2019-10-13 08:05:00,2.45,13959,Portugal,False,False,24.5
536657,85123A,WHITE HANGING HEART T-LIGHT HOLDER,2,2019-10-17 07:09:00,2.48,14501,France,False,False,4.96
537361,84406B,CREAM CUPID HEARTS COAT HANGER,11,2019-02-17 00:00:00,2.85,12964,United Kingdom,False,False,31.35
536902,71053,WHITE METAL LANTERN,6,2019-08-12 07:54:00,3.52,,United Kingdom,False,True,21.12
537115,71053,WHITE METAL LANTERN,5,2019-08-19 05:18:00,3.36,16537,United Kingdom,False,False,16.8
536141,21755,LOVE BUILDING BLOCK WORD,5,2019-04-16 16:16:00,6.23,13848,Netherlands,False,False,31.15
536046,71053,WHITE METAL LANTERN,6,2019-12-30 14:04:00,3.38,16642,Spain,False,False,20.28
537234,21755,LOVE BUILDING BLOCK WORD,11,2019-10-25 22:14:00,5.36,15204,France,False,False,58.96
536138,22423,REGENCY CAKESTAND 3 TIER,5,2019-08-19 00:00:00,13.63,13865,United Kingdom,False,False,68.15
536895,22960,JAM MAKING SET WITH JARS,18,2019-08-01 00:00:00,5.24,15389,Portugal,False,False,94.32
536907,71053,WHITE METAL LANTERN,8,2019-09-21 06:59:00,3.09,12479,France,False,False,24.72
536582,85123A,WHITE HANGING HEART T-LIGHT HOLDER,1,2019-12-07 03:04:00,2.32,12771,France,False,False,2.32
537221,84879,ASSORTED COLOUR BIRD ORNAMENT,9,2019-11-11 01:57:00,1.73,12598,Germany,False,False,15.57
536709,22960,JAM MAKING SET WITH JARS,18,2019-12-31 13:12:00,4.62,12505,Germany,False,False,83.16
536585,22960,JAM MAKING SET WITH JARS,12,2019-10-23 00:01:00,5.35,15925,France,False,False,64.2
536987,84406B,CREAM CUPID HEARTS COAT HANGER,4,2019-11-08 03:01:00,2.51,14286,France,False,False,10.04
537139,22960,JAM MAKING SET WITH JARS,10,2019-03-31 12:53:00,4.78,17262,United Kingdom,False,False,47.8
536566,71270,PINK CRYSTAL GUITAR PHONE CHARM,15,2019-02-11 13:20:00,1.17,18001,Germany,False,False,17.55
537337,22960,JAM MAKING SET WITH JARS,19,2019-08-06 00:00:00,5.16,17886,Australia,False,False,98.04
537351,84879,ASSORTED COLOUR BIRD ORNAMENT,13,2019-08-08 15:20:00,1.67,15747,Netherlands,False,False,21.71
537293,84406B,CREAM CUPID HEARTS COAT HANGER,11,2019-05-27 05:30:00,2.79,15685,Switzerland,False,False,30.69
537399,85123A,WHITE HANGING HEART T-LIGHT HOLDER,9,2019-10-22 16:40:00,2.6,,Netherlands,False,True,23.4
536384,85123A,WHITE HANGING HEART T-LIGHT HOLDER,13,2019-10-23 07:45:00,2.53,15623,France,False,False,32.89
536016,85123A,WHITE HANGING HEART T-LIGHT HOLDER,3,2019-11-22 03:40:00,2.72,16782,Germany,False,False,8.16
537184,71053,WHITE METAL LANTERN,1,2019-03-27 19:03:00,3.2,15953,Netherlands,False,False,3.2
536052,21730,GLASS STAR FROSTED T-LIGHT HOLDER,19,2019-01-28 19:02:00,4.17,16206,United Kingdom,False,False,79.23
536979,21755,LOVE BUILDING BLOCK WORD,12,2019-06-02 16:03:00,6.03,16873,Belgium,False,False,72.36
536916,71053,WHITE METAL LANTERN,45,2019-09-20 21:06:00,3.08,13661,Australia,False,False,138.6
536508,21755,LOVE BUILDING BLOCK WORD,9,2019-03-28 00:00:00,6.51,12360,Germany,False,False,58.59
537521,71270,PINK CRYSTAL GUITAR PHONE CHARM,10,2019-12-18 07:23:00,1.26,13647,Switzerland,False,False,12.6
537108,21755,LOVE BUILDING BLOCK WORD,9,2019-10-27 12:20:00,5.63,15017,Belgium,False,False,50.67
536164,71270,PINK CRYSTAL GUITAR PHONE CHARM,9,2019-07-18 07:29:00,1.25,17858,Australia,False,False,11.25
536419,85123A,WHITE HANGING HEART T-LIGHT HOLDER,1,2019-04-23 14:45:00,2.56,13750,Germany,False,False,2.56
537568,71053,WHITE METAL LANTERN,6,2019-01-17 20:10:00,3.48,,Netherlands,False,True,20.88
536240,22752,SET 7 BABUSHKA NESTING BOXES,11,2019-05-30 00:00:00,7.22,15272,Australia,False,False,79.42
536448,84406B,CREAM CUPID HEARTS COAT HANGER,5,2019-03-01 05:11:00,2.87,15829,Portugal,False,False,14.35
536033,85123A,WHITE HANGING HEART T-LIGHT HOLDER,6,2019-09-27 18:45:00,2.76,,Germany,False,True,16.56
536859,84406B,CREAM CUPID HEARTS COAT HANGER,14,2019-01-22 00:38:00,2.55,14926,Spain,False,False,35.7
536622,21730,GLASS STAR FROSTED T-LIGHT HOLDER,7,2019-05-18 09:17:00,4.22,15000,Netherlands,False,False,29.54
537351,71270,PINK CRYSTAL GUITAR PHONE CHARM,4,2019-07-02 16:57:00,1.13,17015,Belgium,False,False,4.52
537251,22752,SET 7 BABUSHKA NESTING BOXES,16,2019-11-28 10:27:00,8.09,18056,Portugal,False,False,129.44
536906,22423,REGENCY CAKESTAND 3 TIER,3,2019-11-17 18:24:00,13.66,16594,Portugal,False,False,40.98
536508,22752,SET 7 BABUSHKA NESTING BOXES,2,2019-01-09 15:19:00,7.71,14618,Germany,False,False,15.42
537356,71053,WHITE METAL LANTERN,3,2019-08-18 16:24:00,3.69,13160,United Kingdom,False,False,11.07
536171,85123A,WHITE HANGING HEART T-LIGHT HOLDER,9,2019-07-07 07:46:00,2.72,12364,Spain,False,False,24.48
536952,22752,SET 7 BABUSHKA NESTING BOXES,14,2019-04-03 12:20:00,8.18,16312,Netherlands,False,False,114.52
537661,21730,GLASS STAR FROSTED T-LIGHT HOLDER,19,2019-12-25 02:49:00,4.41,15380,EIRE,False,False,83.79
537621,85123A,WHITE HANGING HEART T-LIGHT HOLDER,2,2019-02-07 00:00:00,2.71,14004,United Kingdom,False,False,5.42
536214,84406B,CREAM CUPID HEARTS COAT HANGER,14,2019-12-06 02:56:00,2.95,13165,Australia,False,False,41.3
536807,22752,SET 7 BABUSHKA NESTING BOXES,2,2019-01-22 10:44:00,7.12,12646,Germany,False,False,14.24
537138,71270,PINK CRYSTAL GUITAR PHONE CHARM,19,2019-12-18 14:35:00,1.25,14717,Germany,False,False,23.75
536029,21755,LOVE BUILDING BLOCK WORD,12,2019-07-09 14:47:00,5.47,13342,Germany,False,False,65.64
536588,22752,SET 7 BABUSHKA NESTING BOXES,4,2019-01-26 06:33:00,6.9,13199,United Kingdom,False,False,27.6
536380,85123A,WHITE HANGING HEART T-LIGHT HOLDER,4,2019-12-25 18:07:00,2.63,13604,United Kingdom,False,False,10.52
536374,21755,LOVE BUILDING BLOCK WORD,6,2019-12-31 12:35:00,5.99,17499,Portugal,False,False,35.94
536409,85123A,WHITE HANGING HEART T-LIGHT HOLDER,8,2019-11-15 00:00:00,2.77,,Portugal,False,True,22.16
536685,85123A,WHITE HANGING HEART T-LIGHT HOLDER,19,2019-02-24 00:00:00,2.63,15562,France,False,False,49.97
537399,71270,PINK CRYSTAL GUITAR PHONE CHARM,11,2019-03-03 10:19:00,1.23,13235,Spain,False,False,13.53
537479,71270,PINK CRYSTAL GUITAR PHONE CHARM,11,2019-04-19 11:05:00,1.23,17999,EIRE,False,False,13.53
536851,84879,ASSORTED COLOUR BIRD ORNAMENT,1,2019-03-07 16:53:00,1.71,13998,Netherlands,False,False,1.71
536025,22960,JAM MAKING SET WITH JARS,15,2019-10-29 12:51:00,4.59,14265,Netherlands,False,False,68.85
536365,22423,REGENCY CAKESTAND 3 TIER,10,2019-04-20 05:24:00,12.29,13635,Spain,False,False,122.9
537352,22960,JAM MAKING SET WITH JARS,4,2019-02-15 23:36:00,4.88,15930,United Kingdom,False,False,19.52
536442,22423,REGENCY CAKESTAND 3 TIER,7,2019-09-11 08:16:00,13.1,13142,EIRE,False,False,91.7
536326,22752,SET 7 BABUSHKA NESTING BOXES,10,2019-05-22 15:51:00,7.72,16938,Spain,False,False,77.2
536886,21755,LOVE BUILDING BLOCK WORD,19,2019-01-16 00:00:00,6.11,14966,United Kingdom,False,False,116.09
536307,85123A,WHITE HANGING HEART T-LIGHT HOLDER,4,2019-08-06 08:21:00,2.34,,Australia,False,True,9.36
537493,85123A,WHITE HANGING HEART T-LIGHT HOLDER,5,2019-10-09 22:16:00,2.77,16404,Spain,False,False,13.85
536402,85123A,WHITE HANGING HEART T-LIGHT HOLDER,13,2019-03-06 00:00:00,2.67,16364,Portugal,False,False,34.71
536929,84879,ASSORTED COLOUR BIRD ORNAMENT,18,2019-07-13 04:26:00,1.82,14205,France,False,False,32.76
536481,22960,JAM MAKING SET WITH JARS,14,2019-05-13 17:22:00,5.0,17522,United Kingdom,False,False,70.0
536237,85123A,WHITE HANGING HEART T-LIGHT HOLDER,15,2019-08-16 00:00:00,2.49,13993,Spain,False,False,37.35
536707,84879,ASSORTED COLOUR BIRD ORNAMENT,8,2019-11-24 14:31:00,1.82,16080,Netherlands,False,False,14.56
537158,22752,SET 7 BABUSHKA NESTING BOXES,8,2019-10-22 09:22:00,7.41,15151,Netherlands,False,False,59.28
537070,71270,PINK CRYSTAL GUITAR PHONE CHARM,1,2019-09-11 17:03:00,1.28,13374,Australia,False,False,1.28
537166,22960,JAM MAKING SET WITH JARS,6,2019-01-16 05:57:00,4.91,14438,Spain,False,False,29.46
536081,21730,GLASS STAR FROSTED T-LIGHT HOLDER,3,2019-01-01 00:00:00,4.6,17784,Belgium,False,False,13.8
536689,84879,ASSORTED COLOUR BIRD ORNAMENT,9,2019-10-09 22:13:00,1.77,17043,EIRE,False,False,15.93
536512,84406B,CREAM CUPID HEARTS COAT HANGER,12,2019-05-25 18:33:00,2.83,16692,EIRE,False,False,33.96
536963,21755,LOVE BUILDING BLOCK WORD,4,2019-04-11 17:16:00,6.5,17872,Netherlands,False,False,26.0
537486,71270,PINK CRYSTAL GUITAR PHONE CHARM,1,2019-06-13 11:49:00,1.24,15681,Switzerland,False,False,1.24
537398,21730,GLASS STAR FROSTED T-LIGHT HOLDER,12,2019-08-19 00:04:00,4.56,12418,Germany,False,False,54.72
537055,71053,WHITE METAL LANTERN,4,2019-03-23 01:37:00,3.35,15872,Belgium,False,False,13.4
536823,21730,GLASS STAR FROSTED T-LIGHT HOLDER,5,2019-03-30 17:57:00,4.56,15709,Switzerland,False,False,22.8
536054,84406B,CREAM CUPID HEARTS COAT HANGER,13,2019-10-05 09:37:00,2.49,16503,Portugal,False,False,32.37
537000,22752,SET 7 BABUSHKA NESTING BOXES,4,2019-07-11 05:39:00,7.28,,Australia,False,True,29.12
537442,21755,LOVE BUILDING BLOCK WORD,4,2019-01-02 12:10:00,6.44,14618,Portugal,False,False,25.76
537299,71270,PINK CRYSTAL GUITAR PHONE CHARM,3,2019-01-02 12:47:00,1.32,16192,United Kingdom,False,False,3.96
537349,21730,GLASS STAR FROSTED T-LIGHT HOLDER,11,2019-12-22 04:26:00,4.04,15900,France,False,False,44.44
C537373,21755,LOVE BUILDING BLOCK WORD,-16,2019-04-17 13:35:00,6.34,17505,France,True,False,-101.44
537341,85123A,WHITE HANGING HEART T-LIGHT HOLDER,8,2019-07-12 09:41:00,2.34,14281,Australia,False,False,18.72
536359,21755,LOVE BUILDING BLOCK WORD,18,2019-01-10 00:00:00,6.1,17570,Switzerland,False,False,109.8
537164,71053,WHITE METAL LANTERN,5,2019-10-14 23:19:00,3.69,14202,Australia,False,False,18.45
537389,71053,WHITE METAL LANTERN,16,2019-01-16 21:16:00,3.31,18093,EIRE,False,False,52.96
536910,21755,LOVE BUILDING BLOCK WORD,6,2019-05-20 13:23:00,5.57,16049,Australia,False,False,33.42
537330,22960,JAM MAKING SET WITH JARS,7,2019-06-03 00:00:00,5.25,17187,France,False,False,36.75
537222,21730,GLASS STAR FROSTED T-LIGHT HOLDER,11,2019-08-04 22:51:00,4.22,14188,United Kingdom,False,False,46.42
537432,22423,REGENCY CAKESTAND 3 TIER,6,2019-08-13 03:46:00,12.25,13938,Portugal,False,False,73.5
536610,71053,WHITE METAL LANTERN,6,2019-08-02 05:04:00,3.34,12833,Portugal,False,False,20.04
536915,21730,GLASS STAR FROSTED T-LIGHT HOLDER,5,2019-07-19 14:37:00,4.59,16983,Switzerland,False,False,22.95
C537100,22423,REGENCY CAKESTAND 3 TIER,-16,2019-07-13 00:00:00,11.48,16714,France,True,False,-183.68
537358,22960,JAM MAKING SET WITH JARS,17,2019-03-02 00:00:00,5.21,15768,Spain,False,False,88.57
537550,71053,WHITE METAL LANTERN,19,2019-11-12 14:01:00,3.69,14059,Belgium,False,False,70.11
537344,84879,ASSORTED COLOUR BIRD ORNAMENT,7,2019-08-20 09:49:00,1.59,17851,Switzerland,False,False,11.13
537482,22752,SET 7 BABUSHKA NESTING BOXES,16,2019-10-27 20:57:00,7.07,14903,United Kingdom,False,False,113.12
536334,22752,SET 7 BABUSHKA NESTING BOXES,4,2019-04-15 00:00:00,7.82,18261,Germany,False,False,31.28
537368,22752,SET 7 BABUSHKA NESTING BOXES,10,2019-09-03 10:28:00,7.93,16576,Germany,False,False,79.3
536925,22423,REGENCY CAKESTAND 3 TIER,17,2019-02-28 00:00:00,11.92,13774,Spain,False,False,202.64
536000,71270,PINK CRYSTAL GUITAR PHONE CHARM,3,2019-07-02 08:53:00,1.24,,Australia,False,True,3.72
536104,85123A,WHITE HANGING HEART T-LIGHT HOLDER,3,2019-05-29 00:00:00,2.61,13529,Portugal,False,False,7.83
537258,22423,REGENCY CAKESTAND 3 TIER,14,2019-08-30 19:53:00,13.02,,France,False,True,182.28
537476,84879,ASSORTED COLOUR BIRD ORNAMENT,10,2019-11-10 05:21:00,1.71,18045,EIRE,False,False,17.1
537327,22960,JAM MAKING SET WITH JARS,12,2019-01-29 19:44:00,5.31,17929,Belgium,False,False,63.72
536569,71053,WHITE METAL LANTERN,5,2019-04-09 09:37:00,3.71,17783,Germany,False,False,18.55
536217,71270,PINK CRYSTAL GUITAR PHONE CHARM,10,2019-02-01 06:30:00,1.32,13149,Spain,False,False,13.2
536836,21730,GLASS STAR FROSTED T-LIGHT HOLDER,18,2019-09-15 00:00:00,4.35,14229,Netherlands,False,False,78.3
536661,22423,REGENCY CAKESTAND 3 TIER,4,2019-01-27 16:30:00,12.4,13593,Netherlands,False,False,49.6
536305,84406B,CREAM CUPID HEARTS COAT HANGER,5,2019-06-24 21:21:00,2.97,13807,Belgium,False,False,14.85
536765,84406B,CREAM CUPID HEARTS COAT HANGER,15,2019-06-25 00:00:00,3.02,16965,Belgium,False,False,45.3
536440,21755,LOVE BUILDING BLOCK WORD,19,2019-12-20 00:00:00,5.72,13414,EIRE,False,False,108.68
537041,22423,REGENCY CAKESTAND 3 TIER,14,2019-02-25 00:00:00,11.68,14759,Portugal,False,False,163.52
537006,22752,SET 7 BABUSHKA NESTING BOXES,18,2019-03-19 00:00:00,8.23,12372,Belgium,False,False,148.14
536857,71270,PINK CRYSTAL GUITAR PHONE CHARM,17,2019-10-26 01:28:00,1.21,14898,Belgium,False,False,20.57
537510,21755,LOVE BUILDING BLOCK WORD,14,2019-02-06 12:12:00,5.73,12353,France,False,False,80.22
537613,21730,GLASS STAR FROSTED T-LIGHT HOLDER,5,2019-10-14 00:00:00,3.86,13709,Netherlands,False,False,19.3
536012,84879,ASSORTED COLOUR BIRD ORNAMENT,9,2019-05-13 19:49:00,1.53,12404,Portugal,False,False,13.77
537093,21755,LOVE BUILDING BLOCK WORD,4,2019-03-06 09:14:00,6.0,17285,Australia,False,False,24.0
537515,85123A,WHITE HANGING HEART T-LIGHT HOLDER,13,2019-07-07 08:41:00,2.37,12931,Netherlands,False,False,30.81
536248,71053,WHITE METAL LANTERN,13,2019-03-21 17:11:00,3.53,15981,Portugal,False,False,45.89
537086,21755,LOVE BUILDING BLOCK WORD,3,2019-08-27 00:06:00,5.51,17215,Belgium,False,False,16.53
537469,71270,PINK CRYSTAL GUITAR PHONE CHARM,4,2019-03-15 23:59:00,1.35,13425,Belgium,False,False,5.4
536180,85123A,WHITE HANGING HEART T-LIGHT HOLDER,17,2019-11-11 21:26:00,2.43,17792,Spain,False,False,41.31
536177,71270,PINK CRYSTAL GUITAR PHONE CHARM,19,2019-01-17 12:06:00,1.36,17091,Netherlands,False,False,25.84
537165,84406B,CREAM CUPID HEARTS COAT HANGER,19,2019-06-24 01:24:00,2.68,13158,Australia,False,False,50.92
537168,22423,REGENCY CAKESTAND 3 TIER,8,2019-06-26 08:48:00,12.22,13880,Portugal,False,False,97.76
537027,84879,ASSORTED COLOUR BIRD ORNAMENT,8,2019-03-10 14:06:00,1.58,17114,Germany,False,False,12.64
537301,71053,WHITE METAL LANTERN,10,2019-12-02 00:00:00,3.07,13893,Switzerland,False,False,30.7
536817,85123A,WHITE HANGING HEART T-LIGHT HOLDER,9,2019-10-15 07:27:00,2.69,,EIRE,False,True,24.21
536700,22960,JAM MAKING SET WITH JARS,18,2019-04-19 04:32:00,5.27,,Switzerland,False,True,94.86
536665,84879,ASSORTED COLOUR BIRD ORNAMENT,13,2019-03-09 13:28:00,1.81,17192,Australia,False,False,23.53
537434,71270,PINK CRYSTAL GUITAR PHONE CHARM,10,2019-07-15 04:48:00,1.36,,Netherlands,False,True,13.6
537151,22423,REGENCY CAKESTAND 3 TIER,14,2019-10-19 12:23:00,13.18,17067,Australia,False,False,184.52
537396,71270,PINK CRYSTAL GUITAR PHONE CHARM,5,2019-12-10 11:04:00,1.26,17701,Portugal,False,False,6.3
536989,71270,PINK CRYSTAL GUITAR PHONE CHARM,14,2019-08-14 12:15:00,1.13,,EIRE,False,True,15.82
536049,21730,GLASS STAR FROSTED T-LIGHT HOLDER,4,2019-08-10 00:00:00,3.85,16450,Spain,False,False,15.4
537110,84406B,CREAM CUPID HEARTS COAT HANGER,13,2019-02-08 00:00:00,2.8,14817,France,False,False,36.4
537424,21755,LOVE BUILDING BLOCK WORD,6,2019-07-04 20:38:00,5.98,15865,Australia,False,False,35.88
537273,21730,GLASS STAR FROSTED T-LIGHT HOLDER,5,2019-06-25 22:28:00,3.97,13278,Germany,False,False,19.85
536120,22960,JAM MAKING SET WITH JARS,12,2019-07-05 19:12:00,4.65,17473,Belgium,False,False,55.8
537198,84879,ASSORTED COLOUR BIRD ORNAMENT,6,2019-02-20 21:43:00,1.73,12828,Spain,False,False,10.38
537323,21730,GLASS STAR FROSTED T-LIGHT HOLDER,18,2019-12-15 15:24:00,4.67,18027,Switzerland,False,False,84.06
537028,84879,ASSORTED COLOUR BIRD ORNAMENT,9,2019-07-19 02:26:00,1.84,16014,Portugal,False,False,16.56
536344,71270,PINK CRYSTAL GUITAR PHONE CHARM,16,2019-08-21 00:00:00,1.35,,Belgium,False,True,21.6
536668,71270,PINK CRYSTAL GUITAR PHONE CHARM,15,2019-04-19 07:56:00,1.3,15773,Belgium,False,False,19.5
537214,85123A,WHITE HANGING HEART T-LIGHT HOLDER,6,2019-01-30 00:00:00,2.8,15836,EIRE,False,False,16.8
536418,21730,GLASS STAR FROSTED T-LIGHT HOLDER,13,2019-10-15 10:26:00,4.34,,EIRE,False,True,56.42
537113,71270,PINK CRYSTAL GUITAR PHONE CHARM,8,2019-11-24 09:40:00,1.19,,EIRE,False,True,9.52
536722,84406B,CREAM CUPID HEARTS COAT HANGER,12,2019-01-31 01:36:00,2.96,12570,EIRE,False,False,35.52
537400,22423,REGENCY CAKESTAND 3 TIER,9,2019-11-27 05:02:00,12.59,17302,Switzerland,False,False,113.31
537193,84406B,CREAM CUPID HEARTS COAT HANGER,12,2019-12-29 00:00:00,2.87,16058,Netherlands,False,False,34.44
C537132,21755,LOVE BUILDING BLOCK WORD,-10,2019-06-07 11:20:00,6.5,13635,Switzerland,True,False,-65.0
536376,84879,ASSORTED COLOUR BIRD ORNAMENT,17,2019-08-04 02:44:00,1.56,13705,EIRE,False,False,26.52
536822,21730,GLASS STAR FROSTED T-LIGHT HOLDER,4,2019-10-24 01:03:00,4.61,,Portugal,False,True,18.44
537273,84879,ASSORTED COLOUR BIRD ORNAMENT,16,2019-09-29 22:43:00,1.56,14081,Portugal,False,False,24.96
537333,22960,JAM MAKING SET WITH JARS,19,2019-04-15 17:58:00,4.79,15465,Spain,False,False,91.01
536023,71270,PINK CRYSTAL GUITAR PHONE CHARM,1,2019-11-21 05:40:00,1.17,13700,France,False,False,1.17
536994,71270,PINK CRYSTAL GUITAR PHONE CHARM,3,2019-11-02 21:17:00,1.28,14630,Belgium,False,False,3.84
536020,84406B,CREAM CUPID HEARTS COAT HANGER,16,2019-06-18 05:35:00,2.91,14331,Netherlands,False,False,46.56
C537584,71270,PINK CRYSTAL GUITAR PHONE CHARM,-1,2019-11-24 02:14:00,1.3,13213,Belgium,True,False,-1.3
536112,22960,JAM MAKING SET WITH JARS,19,2019-11-29 10:11:00,5.06,17900,EIRE,False,False,96.14
536192,21730,GLASS STAR FROSTED T-LIGHT HOLDER,8,2019-10-06 08:27:00,3.98,13224,France,False,False,31.84
537566,85123A,WHITE HANGING HEART T-LIGHT HOLDER,4,2019-03-24 03:34:00,2.33,18002,EIRE,False,False,9.32
537376,22423,REGENCY CAKESTAND 3 TIER,7,2019-07-20 02:53:00,13.43,14008,Belgium,False,False,94.01
536220,85123A,WHITE HANGING HEART T-LIGHT HOLDER,13,2019-01-25 00:00:00,2.73,13399,Spain,False,False,35.49
536499,22960,JAM MAKING SET WITH JARS,19,2019-12-24 13:43:00,5.35,12889,EIRE,False,False,101.65
C536705,84406B,CREAM CUPID HEARTS COAT HANGER,-13,2019-01-09 09:21:00,2.75,12628,Netherlands,True,False,-35.75
537138,22423,REGENCY CAKESTAND 3 TIER,12,2019-12-20 22:21:00,12.89,13509,Spain,False,False,154.68
537276,22752,SET 7 BABUSHKA NESTING BOXES,14,2019-10-15 00:00:00,6.98,,United Kingdom,False,True,97.72
537308,21755,LOVE BUILDING BLOCK WORD,12,2019-05-21 14:27:00,5.47,12772,Australia,False,False,65.64
537073,84879,ASSORTED COLOUR BIRD ORNAMENT,16,2019-07-17 15:36:00,1.58,16666,EIRE,False,False,25.28
537599,22960,JAM MAKING SET WITH JARS,3,2019-03-04 17:46:00,5.06,17564,EIRE,False,False,15.18
536951,85123A,WHITE HANGING HEART T-LIGHT HOLDER,16,2019-02-05 22:43:00,2.58,13765,Switzerland,False,False,41.28
536502,71053,WHITE METAL LANTERN,16,2019-10-15 03:38:00,3.64,16661,Germany,False,False,58.24
537022,21730,GLASS STAR FROSTED T-LIGHT HOLDER,1,2019-09-24 20:51:00,3.95,15309,Germany,False,False,3.95
537267,71270,PINK CRYSTAL GUITAR PHONE CHARM,6,2019-05-17 18:02:00,1.31,13737,France,False,False,7.86
536549,22752,SET 7 BABUSHKA NESTING BOXES,9,2019-12-27 23:59:00,8.11,16928,EIRE,False,False,72.99
537449,85123A,WHITE HANGING HEART T-LIGHT HOLDER,12,2019-04-27 13:05:00,2.79,15216,EIRE,False,False,33.48
536773,71053,WHITE METAL LANTERN,10,2019-08-09 00:00:00,3.12,12761,Netherlands,False,False,31.2
536960,85123A,WHITE HANGING HEART T-LIGHT HOLDER,8,2019-12-23 20:39:00,2.32,16129,United Kingdom,False,False,18.56
537244,85123A,WHITE HANGING HEART T-LIGHT HOLDER,10,2019-10-03 18:42:00,2.32,12652,France,False,False,23.2
536594,84879,ASSORTED COLOUR BIRD ORNAMENT,17,2019-12-22 10:48:00,1.62,14910,Belgium,False,False,27.54
537020,84406B,CREAM CUPID HEARTS COAT HANGER,17,2019-04-29 12:32:00,2.78,15491,Belgium,False,False,47.26
537472,84406B,CREAM CUPID HEARTS COAT HANGER,10,2019-06-10 14:07:00,2.84,14938,Spain,False,False,28.4
537062,21755,LOVE BUILDING BLOCK WORD,8,2019-04-02 00:00:00,5.76,13389,Germany,False,False,46.08
537489,22960,JAM MAKING SET WITH JARS,7,2019-03-08 02:26:00,5.05,16209,United Kingdom,False,False,35.35
537450,85123A,WHITE HANGING HEART T-LIGHT HOLDER,6,2019-03-11 05:54:00,2.61,15837,EIRE,False,False,15.66
537495,22423,REGENCY CAKESTAND 3 TIER,11,2019-02-27 00:00:00,11.81,15661,France,False,False,129.91
537156,71270,PINK CRYSTAL GUITAR PHONE CHARM,4,2019-02-28 18:44:00,1.19,12880,EIRE,False,False,4.76
536602,71270,PINK CRYSTAL GUITAR PHONE CHARM,13,2019-09-25 00:38:00,1.15,13753,EIRE,False,False,14.95
537508,21755,LOVE BUILDING BLOCK WORD,5,2019-02-28 18:45:00,5.99,12752,Spain,False,False,29.95
536003,22752,SET 7 BABUSHKA NESTING BOXES,3,2019-05-01 00:00:00,7.61,,Belgium,False,True,22.83
537596,84406B,CREAM CUPID HEARTS COAT HANGER,11,2019-11-24 06:46:00,2.91,16934,Germany,False,False,32.01
536393,84879,ASSORTED COLOUR BIRD ORNAMENT,7,2019-01-22 12:09:00,1.72,14402,Germany,False,False,12.04
537563,22423,REGENCY CAKESTAND 3 TIER,9,2019-05-30 05:04:00,12.82,12782,Portugal,False,False,115.38
536320,21730,GLASS STAR FROSTED T-LIGHT HOLDER,13,2019-07-07 15:39:00,4.37,12765,Belgium,False,False,56.81
536914,21755,LOVE BUILDING BLOCK WORD,18,2019-06-06 14:35:00,5.83,14903,France,False,False,104.94
536261,85123A,WHITE HANGING HEART T-LIGHT HOLDER,6,2019-06-20 23:54:00,2.38,12764,United Kingdom,False,False,14.28
536203,85123A,WHITE HANGING HEART T-LIGHT HOLDER,12,2019-05-31 10:29:00,2.63,16335,Switzerland,False,False,31.56
536992,21730,GLASS STAR FROSTED T-LIGHT HOLDER,18,2019-05-09 23:39:00,4.05,16706,Portugal,False,False,72.9
536310,71270,PINK CRYSTAL GUITAR PHONE CHARM,14,2019-07-18 22:28:00,1.31,13604,Australia,False,False,18.34
536114,71270,PINK CRYSTAL GUITAR PHONE CHARM,4,2019-03-09 02:19:00,1.21,15388,Australia,False,False,4.84
537269,84406B,CREAM CUPID HEARTS COAT HANGER,5,2019-11-27 00:56:00,2.75,,Australia,False,True,13.75
C536587,71270,PINK CRYSTAL GUITAR PHONE CHARM,-8,2019-01-15 03:00:00,1.23,,EIRE,True,True,-9.84
537437,22423,REGENCY CAKESTAND 3 TIER,16,2019-09-14 01:58:00,12.29,13364,Germany,False,False,196.64
537010,22960,JAM MAKING SET WITH JARS,8,2019-04-18 04:46:00,5.16,16540,Australia,False,False,41.28
537632,84879,ASSORTED COLOUR BIRD ORNAMENT,7,2019-05-10 00:54:00,1.67,14967,Australia,False,False,11.69
536546,71053,WHITE METAL LANTERN,9,2019-02-09 00:00:00,3.29,15488,Australia,False,False,29.61
536852,22752,SET 7 BABUSHKA NESTING BOXES,2,2019-06-19 12:39:00,7.44,17694,Switzerland,False,False,14.88
536663,22752,SET 7 BABUSHKA NESTING BOXES,4,2019-09-05 00:00:00,8.13,15775,Portugal,False,False,32.52
536285,84406B,CREAM CUPID HEARTS COAT HANGER,17,2019-04-10 00:00:00,2.66,12997,Spain,False,False,45.22
536148,85123A,WHITE HANGING HEART T-LIGHT HOLDER,4,2019-10-13 06:15:00,2.7,14852,Germany,False,False,10.8
536441,71270,PINK CRYSTAL GUITAR PHONE CHARM,17,2019-12-10 18:17:00,1.29,18220,Netherlands,False,False,21.93
537177,84406B,CREAM CUPID HEARTS COAT HANGER,17,2019-03-16 17:19:00,2.79,16199,Spain,False,False,47.43
536135,84406B,CREAM CUPID HEARTS COAT HANGER,4,2019-09-24 19:26:00,2.76,16906,United Kingdom,False,False,11.04
536094,84406B,CREAM CUPID HEARTS COAT HANGER,9,2019-03-18 01:14:00,2.71,14536,Belgium,False,False,24.39
536115,71053,WHITE METAL LANTERN,9,2019-03-16 00:00:00,3.08,14540,Australia,False,False,27.72
537474,85123A,WHITE HANGING HEART T-LIGHT HOLDER,7,2019-10-28 17:19:00,2.7,15963,Spain,False,False,18.9
537627,84879,ASSORTED COLOUR BIRD ORNAMENT,16,2019-02-22 04:32:00,1.78,15934,Switzerland,False,False,28.48
536460,71053,WHITE METAL LANTERN,19,2019-09-24 08:14:00,3.6,15172,Portugal,False,False,68.4
537146,84879,ASSORTED COLOUR BIRD ORNAMENT,18,2019-10-11 00:00:00,1.66,12668,Spain,False,False,29.88
537025,21755,LOVE BUILDING BLOCK WORD,13,2019-12-29 07:40:00,5.8,12424,Portugal,False,False,75.4
536619,21755,LOVE BUILDING BLOCK WORD,14,2019-11-18 00:13:00,5.51,14876,Spain,False,False,77.14
537241,22960,JAM MAKING SET WITH JARS,45,2019-11-24 09:58:00,5.29,14664,Portugal,False,False,238.05
536978,84879,ASSORTED COLOUR BIRD ORNAMENT,8,2019-12-28 06:56:00,1.83,13284,Germany,False,False,14.64
536291,22423,REGENCY CAKESTAND 3 TIER,17,2019-05-15 03:05:00,13.03,15741,Portugal,False,False,221.51
536375,21730,GLASS STAR FROSTED T-LIGHT HOLDER,15,2019-10-02 14:08:00,4.1,16968,Netherlands,False,False,61.5
536855,71270,PINK CRYSTAL GUITAR PHONE CHARM,16,2019-02-12 00:00:00,1.37,,France,False,True,21.92
537410,22423,REGENCY CAKESTAND 3 TIER,3,2019-10-14 21:29:00,11.87,17210,Germany,False,False,35.61
537012,84879,ASSORTED COLOUR BIRD ORNAMENT,4,2019-07-19 00:52:00,1.7,15002,Portugal,False,False,6.8
537169,71270,PINK CRYSTAL GUITAR PHONE CHARM,14,2019-02-05 09:23:00,1.31,14424,Belgium,False,False,18.34
537064,84879,ASSORTED COLOUR BIRD ORNAMENT,7,2019-04-11 11:15:00,1.53,16065,Switzerland,False,False,10.71
537138,22423,REGENCY CAKESTAND 3 TIER,15,2019-10-06 13:53:00,12.25,,Australia,False,True,183.75
536650,71053,WHITE METAL LANTERN,5,2019-07-10 18:44:00,3.52,16452,EIRE,False,False,17.6
537456,71053,WHITE METAL LANTERN,12,2019-10-08 11:17:00,3.47,16405,Belgium,False,False,41.64
536149,21755,LOVE BUILDING BLOCK WORD,5,2019-08-26 21:50:00,6.17,13008,France,False,False,30.85
536614,85123A,WHITE HANGING HEART T-LIGHT HOLDER,2,2019-06-05 10:13:00,2.78,14762,EIRE,False,False,5.56
537422,84406B,CREAM CUPID HEARTS COAT HANGER,17,2019-05-14 07:06:00,2.64,14023,EIRE,False,False,44.88
537494,85123A,WHITE HANGING HEART T-LIGHT HOLDER,2,2019-06-02 05:28:00,2.79,17085,Spain,False,False,5.58
537228,85123A,WHITE HANGING HEART T-LIGHT HOLDER,15,2019-10-11 08:21:00,2.55,15703,Switzerland,False,False,38.25
536981,21755,LOVE BUILDING BLOCK WORD,1,2019-12-16 13:52:00,5.99,12409,Belgium,False,False,5.99
536420,71053,WHITE METAL LANTERN,5,2019-03-05 07:35:00,3.15,15646,EIRE,False,False,15.75
536166,84879,ASSORTED COLOUR BIRD ORNAMENT,7,2019-06-01 11:24:00,1.55,16828,Switzerland,False,False,10.85
537544,71053,WHITE METAL LANTERN,2,2019-01-27 07:53:00,3.64,16817,United Kingdom,False,False,7.28
536699,22960,JAM MAKING SET WITH JARS,11,2019-11-15 23:35:00,5.2,17602,Switzerland,False,False,57.2
537556,85123A,WHITE HANGING HEART T-LIGHT HOLDER,6,2019-05-24 23:04:00,2.62,16852,United Kingdom,False,False,15.72
536849,21730,GLASS STAR FROSTED T-LIGHT HOLDER,5,2019-02-11 00:00:00,4.01,,Germany,False,True,20.05
536485,21730,GLASS STAR FROSTED T-LIGHT HOLDER,10,2019-05-23 16:06:00,4.5,17596,France,False,False,45.0
537151,84406B,CREAM CUPID HEARTS COAT HANGER,19,2019-09-05 07:17:00,2.98,12552,Portugal,False,False,56.62
537514,22752,SET 7 BABUSHKA NESTING BOXES,16,2019-03-11 17:39:00,8.1,14413,Switzerland,False,False,129.6
536411,21730,GLASS STAR FROSTED T-LIGHT HOLDER,17,2019-03-31 00:00:00,3.87,16083,Australia,False,False,65.79
537439,71270,PINK CRYSTAL GUITAR PHONE CHARM,18,2019-12-11 08:05:00,1.22,15733,United Kingdom,False,False,21.96
536832,22960,JAM MAKING SET WITH JARS,8,2019-05-22 08:32:00,4.59,18055,Spain,False,False,36.72
536150,85123A,WHITE HANGING HEART T-LIGHT HOLDER,8,2019-12-30 05:20:00,2.34,,Spain,False,True,18.72
536009,21755,LOVE BUILDING BLOCK WORD,6,2019-07-19 04:14:00,6.04,15097,Portugal,False,False,36.24
536526,22423,REGENCY CAKESTAND 3 TIER,5,2019-09-26 20:45:00,12.44,13998,Germany,False,False,62.2
536063,84879,ASSORTED COLOUR BIRD ORNAMENT,14,2019-08-09 01:08:00,1.57,14241,Germany,False,False,21.98
536246,71053,WHITE METAL LANTERN,16,2019-11-29 02:25:00,3.71,16761,Netherlands,False,False,59.36
537630,71053,WHITE METAL LANTERN,3,2019-02-02 23:57:00,3.45,15073,Germany,False,False,10.35
537267,84406B,CREAM CUPID HEARTS COAT HANGER,5,2019-04-17 00:00:00,2.84,,Portugal,False,True,14.2
C537593,21755,LOVE BUILDING BLOCK WORD,-3,2019-05-08 03:18:00,6.35,18142,France,True,False,-19.05
536854,84879,ASSORTED COLOUR BIRD ORNAMENT,1,2019-01-15 18:57:00,1.84,13025,Australia,False,False,1.84
536957,22752,SET 7 BABUSHKA NESTING BOXES,5,2019-11-22 00:00:00,8.01,16411,United Kingdom,False,False,40.05
536397,22960,JAM MAKING SET WITH JARS,1,2019-12-13 00:08:00,4.9,17032,United Kingdom,False,False,4.9
C537651,84879,ASSORTED COLOUR BIRD ORNAMENT,-12,2019-02-01 16:49:00,1.55,17104,Germany,True,False,-18.6
536715,22752,SET 7 BABUSHKA NESTING BOXES,12,2019-04-23 12:49:00,7.44,14131,United Kingdom,False,False,89.28
536910,84406B,CREAM CUPID HEARTS COAT HANGER,11,2019-02-19 17:12:00,2.83,15127,EIRE,False,False,31.13
537133,71053,WHITE METAL LANTERN,4,2019-08-07 00:00:00,3.5,16340,Australia,False,False,14.0
536162,71053,WHITE METAL LANTERN,16,2019-06-09 04:49:00,3.68,15961,Australia,False,False,58.88
536675,84406B,CREAM CUPID HEARTS COAT HANGER,45,2019-10-06 00:00:00,2.49,18003,Portugal,False,False,112.05
537175,71270,PINK CRYSTAL GUITAR PHONE CHARM,17,2019-04-10 18:27:00,1.21,15394,France,False,False,20.57
537271,84406B,CREAM CUPID HEARTS COAT HANGER,6,2019-03-18 11:40:00,2.99,,France,False,True,17.94
537074,22423,REGENCY CAKESTAND 3 TIER,17,2019-10-06 16:59:00,12.63,15201,Portugal,False,False,214.71
536670,84406B,CREAM CUPID HEARTS COAT HANGER,11,2019-11-26 09:26:00,2.86,14630,Switzerland,False,False,31.46
537159,71053,WHITE METAL LANTERN,17,2019-12-09 23:59:00,3.12,15314,Belgium,False,False,53.04
537628,21730,GLASS STAR FROSTED T-LIGHT HOLDER,15,2019-02-18 00:00:00,4.07,14526,Netherlands,False,False,61.05
536760,22960,JAM MAKING SET WITH JARS,12,2019-10-15 20:55:00,5.41,18190,EIRE,False,False,64.92
537104,21730,GLASS STAR FROSTED T-LIGHT HOLDER,9,2019-03-05 01:07:00,4.42,16342,Portugal,False,False,39.78
537036,71053,WHITE METAL LANTERN,3,2019-12-21 17:09:00,3.71,12784,Netherlands,False,False,11.13
536069,71270,PINK CRYSTAL GUITAR PHONE CHARM,8,2019-07-14 17:25:00,1.29,16879,Netherlands,False,False,10.32
536644,71053,WHITE METAL LANTERN,7,2019-01-26 19:45:00,3.21,15497,EIRE,False,False,22.47
C536424,21755,LOVE BUILDING BLOCK WORD,-18,2019-10-26 09:53:00,5.7,12450,Switzerland,True,False,-102.6
536696,84879,ASSORTED COLOUR BIRD ORNAMENT,4,2019-07-01 11:37:00,1.83,14893,EIRE,False,False,7.32
536513,71270,PINK CRYSTAL GUITAR PHONE CHARM,9,2019-04-08 00:05:00,1.14,,Australia,False,True,10.26
537281,22423,REGENCY CAKESTAND 3 TIER,19,2019-03-25 00:00:00,11.57,15529,Portugal,False,False,219.83
536050,84879,ASSORTED COLOUR BIRD ORNAMENT,10,2019-08-26 21:40:00,1.78,15406,Switzerland,False,False,17.8
536436,84406B,CREAM CUPID HEARTS COAT HANGER,3,2019-02-09 07:20:00,2.64,17707,France,False,False,7.92
537283,85123A,WHITE HANGING HEART T-LIGHT HOLDER,16,2019-10-23 23:03:00,2.43,18236,France,False,False,38.88
536317,84406B,CREAM CUPID HEARTS COAT HANGER,1,2019-06-15 15:59:00,2.56,17029,Belgium,False,False,2.56
537224,71053,WHITE METAL LANTERN,15,2019-06-15 21:59:00,3.64,15216,United Kingdom,False,False,54.6
C537643,22960,JAM MAKING SET WITH JARS,-16,2019-03-13 23:04:00,5.36,14258,EIRE,True,False,-85.76
537487,22423,REGENCY CAKESTAND 3 TIER,15,2019-02-25 22:04:00,12.4,,United Kingdom,False,True,186.0
536655,21755,LOVE BUILDING BLOCK WORD,12,2019-09-13 00:00:00,5.4,17675,Spain,False,False,64.8
537241,22960,JAM MAKING SET WITH JARS,16,2019-03-27 02:10:00,4.85,17641,EIRE,False,False,77.6
536774,84879,ASSORTED COLOUR BIRD ORNAMENT,14,2019-03-21 00:00:00,1.55,,EIRE,False,True,21.7
537119,84406B,CREAM CUPID HEARTS COAT HANGER,4,2019-06-24 23:03:00,3.01,17259,Spain,False,False,12.04
536805,71270,PINK CRYSTAL GUITAR PHONE CHARM,2,2019-04-08 23:10:00,1.31,18000,Australia,False,False,2.62
537577,21755,LOVE BUILDING BLOCK WORD,4,2019-09-11 22:21:00,5.59,12610,Belgium,False,False,22.36
536407,84879,ASSORTED COLOUR BIRD ORNAMENT,8,2019-04-28 05:24:00,1.86,18237,France,False,False,14.88
536841,71053,WHITE METAL LANTERN,3,2019-02-12 20:50:00,3.48,14148,Belgium,False,False,10.44
536946,84879,ASSORTED COLOUR BIRD ORNAMENT,16,2019-08-16 21:10:00,1.68,13127,EIRE,False,False,26.88
537350,21755,LOVE BUILDING BLOCK WORD,13,2019-09-15 17:41:00,5.36,17873,Netherlands,False,False,69.68
536804,21730,GLASS STAR FROSTED T-LIGHT HOLDER,4,2019-01-08 00:00:00,4.4,14951,Portugal,False,False,17.6
536417,84879,ASSORTED COLOUR BIRD ORNAMENT,14,2019-03-16 00:00:00,1.66,15982,Netherlands,False,False,23.24
536649,85123A,WHITE HANGING HEART T-LIGHT HOLDER,5,2019-01-17 09:06:00,2.74,12905,France,False,False,13.7
536954,22752,SET 7 BABUSHKA NESTING BOXES,14,2019-05-05 20:05:00,7.72,16097,Australia,False,False,108.08
536353,22960,JAM MAKING SET WITH JARS,15,2019-02-19 11:25:00,5.27,15086,Netherlands,False,False,79.05
537492,22960,JAM MAKING SET WITH JARS,15,2019-02-09 15:05:00,4.46,16753,Belgium,False,False,66.9
536795,85123A,WHITE HANGING HEART T-LIGHT HOLDER,12,2019-04-17 16:11:00,2.44,17672,Belgium,False,False,29.28
537597,22423,REGENCY CAKESTAND 3 TIER,6,2019-12-06 21:34:00,12.26,14210,France,False,False,73.56
536422,84406B,CREAM CUPID HEARTS COAT HANGER,9,2019-08-07 23:37:00,2.75,15991,France,False,False,24.75
536633,85123A,WHITE HANGING HEART T-LIGHT HOLDER,19,2019-01-13 12:18:00,2.8,14826,Netherlands,False,False,53.2
536352,22423,REGENCY CAKESTAND 3 TIER,11,2019-09-29 00:00:00,12.13,16445,United Kingdom,False,False,133.43
537618,85123A,WHITE HANGING HEART T-LIGHT HOLDER,10,2019-11-15 19:12:00,2.34,16793,Belgium,False,False,23.4
536523,22960,JAM MAKING SET WITH JARS,4,2019-03-11 17:59:00,5.1,14854,United Kingdom,False,False,20.4
537624,71270,PINK CRYSTAL GUITAR PHONE CHARM,3,2019-10-19 10:48:00,1.35,14181,Portugal,False,False,4.05
536140,22423,REGENCY CAKESTAND 3 TIER,15,2019-02-28 17:59:00,13.57,16035,France,False,False,203.55
536253,21730,GLASS STAR FROSTED T-LIGHT HOLDER,15,2019-03-06 11:03:00,4.65,14215,Belgium,False,False,69.75
537459,22960,JAM MAKING SET WITH JARS,11,2019-04-23 08:59:00,4.46,17299,Portugal,False,False,49.06
536791,71053,WHITE METAL LANTERN,17,2019-09-01 01:58:00,3.45,13229,Germany,False,False,58.65
536836,84879,ASSORTED COLOUR BIRD ORNAMENT,14,2019-08-28 23:59:00,1.56,15528,Australia,False,False,21.84
536881,84406B,CREAM CUPID HEARTS COAT HANGER,15,2019-05-29 12:13:00,2.7,16921,Spain,False,False,40.5
536113,22960,JAM MAKING SET WITH JARS,13,2019-10-16 00:00:00,4.83,13156,United Kingdom,False,False,62.79
537497,21755,LOVE BUILDING BLOCK WORD,5,2019-11-01 22:05:00,6.4,16078,Portugal,False,False,32.0
536838,84406B,CREAM CUPID HEARTS COAT HANGER,11,2019-02-03 09:30:00,2.98,13962,Australia,False,False,32.78
536946,84879,ASSORTED COLOUR BIRD ORNAMENT,10,2019-05-01 04:48:00,1.83,17017,Germany,False,False,18.3
536294,22960,JAM MAKING SET WITH JARS,5,2019-10-24 03:42:00,5.04,13717,EIRE,False,False,25.2
537453,22423,REGENCY CAKESTAND 3 TIER,2,2019-08-27 00:00:00,12.09,17567,Switzerland,False,False,24.18
537118,22752,SET 7 BABUSHKA NESTING BOXES,9,2019-01-12 23:21:00,7.41,13200,Spain,False,False,66.69
536855,71270,PINK CRYSTAL GUITAR PHONE CHARM,16,2019-09-19 16:42:00,1.18,13754,Portugal,False,False,18.88
536130,71270,PINK CRYSTAL GUITAR PHONE CHARM,10,2019-06-29 00:00:00,1.25,15027,Netherlands,False,False,12.5
C536993,71270,PINK CRYSTAL GUITAR PHONE CHARM,-16,2019-11-02 00:00:00,1.29,,Spain,True,True,-20.64
537664,22423,REGENCY CAKESTAND 3 TIER,14,2019-02-08 21:37:00,12.04,17133,Portugal,False,False,168.56
537236,85123A,WHITE HANGING HEART T-LIGHT HOLDER,12,2019-12-30 12:39:00,2.46,13170,United Kingdom,False,False,29.52
537272,22752,SET 7 BABUSHKA NESTING BOXES,4,2019-06-10 00:00:00,6.91,14428,Germany,False,False,27.64
536032,22752,SET 7 BABUSHKA NESTING BOXES,12,2019-07-18 00:17:00,7.93,12914,Spain,False,False,95.16
536296,71270,PINK CRYSTAL GUITAR PHONE CHARM,14,2019-01-28 21:42:00,1.25,17623,Germany,False,False,17.5
537113,22960,JAM MAKING SET WITH JARS,4,2019-01-21 07:12:00,4.48,14769,Australia,False,False,17.92
536346,22752,SET 7 BABUSHKA NESTING BOXES,18,2019-09-05 10:49:00,6.99,13716,France,False,False,125.82
536911,71053,WHITE METAL LANTERN,13,2019-12-22 11:23:00,3.68,15514,Spain,False,False,47.84
537556,22423,REGENCY CAKESTAND 3 TIER,18,2019-12-26 00:00:00,13.18,12877,Netherlands,False,False,237.24
536478,22423,REGENCY CAKESTAND 3 TIER,12,2019-01-24 21:56:00,13.18,13344,EIRE,False,False,158.16
537052,21755,LOVE BUILDING BLOCK WORD,19,2019-03-26 02:20:00,5.88,15754,Belgium,False,False,111.72
536354,22423,REGENCY CAKESTAND 3 TIER,4,2019-04-11 00:00:00,13.52,14012,Germany,False,False,54.08
536803,22423,REGENCY CAKESTAND 3 TIER,11,2019-08-20 14:39:00,13.54,17050,France,False,False,148.94
536918,22960,JAM MAKING SET WITH JARS,10,2019-03-21 03:16:00,4.85,17391,Belgium,False,False,48.5
536869,22960,JAM MAKING SET WITH JARS,6,2019-10-04 07:08:00,4.94,15477,Australia,False,False,29.64
536782,85123A,WHITE HANGING HEART T-LIGHT HOLDER,10,2019-11-13 00:00:00,2.56,14343,Portugal,False,False,25.6
536223,22960,JAM MAKING SET WITH JARS,16,2019-04-10 03:41:00,5.3,12859,Netherlands,False,False,84.8
536237,21730,GLASS STAR FROSTED T-LIGHT HOLDER,16,2019-07-15 18:11:00,4.1,13971,Australia,False,False,65.6
537529,22960,JAM MAKING SET WITH JARS,3,2019-01-17 09:45:00,4.78,,Switzerland,False,True,14.34
537154,71053,WHITE METAL LANTERN,18,2019-04-16 00:00:00,3.27,13558,Portugal,False,False,58.86
536951,22960,JAM MAKING SET WITH JARS,15,2019-10-09 19:34:00,4.96,14603,Australia,False,False,74.4
536138,21730,GLASS STAR FROSTED T-LIGHT HOLDER,18,2019-04-01 20:21:00,4.55,12776,France,False,False,81.9
536483,84879,ASSORTED COLOUR BIRD ORNAMENT,8,2019-09-08 00:00:00,1.73,16718,Netherlands,False,False,13.84
537478,84879,ASSORTED COLOUR BIRD ORNAMENT,9,2019-07-08 22:07:00,1.74,15633,Switzerland,False,False,15.66
537231,84406B,CREAM CUPID HEARTS COAT HANGER,15,2019-04-13 22:01:00,2.61,17442,United Kingdom,False,False,39.15
536554,22423,REGENCY CAKESTAND 3 TIER,18,2019-09-28 15:51:00,12.27,15801,Australia,False,False,220.86
536801,85123A,WHITE HANGING HEART T-LIGHT HOLDER,4,2019-05-23 22:47:00,2.67,17624,Switzerland,False,False,10.68
536946,84879,ASSORTED COLOUR BIRD ORNAMENT,1,2019-01-16 11:06:00,1.57,,Germany,False,True,1.57
537008,21755,LOVE BUILDING BLOCK WORD,3,2019-11-21 00:00:00,5.86,14755,Belgium,False,False,17.58
537338,21755,LOVE BUILDING BLOCK WORD,10,2019-09-24 14:17:00,5.58,15027,EIRE,False,False,55.8
537536,21730,GLASS STAR FROSTED T-LIGHT HOLDER,11,2019-11-13 20:36:00,4.33,18117,Belgium,False,False,47.63
536839,22752,SET 7 BABUSHKA NESTING BOXES,6,2019-07-12 00:00:00,8.11,16444,Switzerland,False,False,48.66
536571,21730,GLASS STAR FROSTED T-LIGHT HOLDER,5,2019-05-16 02:02:00,4.59,12865,EIRE,False,False,22.95
537477,22960,JAM MAKING SET WITH JARS,19,2019-06-16 09:38:00,4.91,14672,United Kingdom,False,False,93.29
536876,22960,JAM MAKING SET WITH JARS,2,2019-04-03 14:16:00,5.1,15039,Australia,False,False,10.2
536541,22960,JAM MAKING SET WITH JARS,18,2019-04-07 13:54:00,4.78,15513,Portugal,False,False,86.04
536190,85123A,WHITE HANGING HEART T-LIGHT HOLDER,4,2019-03-12 23:19:00,2.44,13325,Switzerland,False,False,9.76
537454,84879,ASSORTED COLOUR BIRD ORNAMENT,14,2019-12-01 15:51:00,1.72,15785,United Kingdom,False,False,24.08
536244,21755,LOVE BUILDING BLOCK WORD,7,2019-11-30 05:52:00,5.46,16246,United Kingdom,False,False,38.22
537060,21730,GLASS STAR FROSTED T-LIGHT HOLDER,9,2019-04-27 22:26:00,4.38,15796,United Kingdom,False,False,39.42
537112,21755,LOVE BUILDING BLOCK WORD,14,2019-02-18 19:17:00,6.23,13415,Netherlands,False,False,87.22
537028,71053,WHITE METAL LANTERN,2,2019-09-19 17:25:00,3.4,,Belgium,False,True,6.8
536726,21730,GLASS STAR FROSTED T-LIGHT HOLDER,4,2019-02-03 00:00:00,3.87,18250,United Kingdom,False,False,15.48
537300,21730,GLASS STAR FROSTED T-LIGHT HOLDER,6,2019-10-24 00:00:00,4.01,,United Kingdom,False,True,24.06
536641,22423,REGENCY CAKESTAND 3 TIER,4,2019-12-28 13:15:00,12.82,,Belgium,False,True,51.28
536133,22423,REGENCY CAKESTAND 3 TIER,18,2019-04-20 16:15:00,11.83,18282,Portugal,False,False,212.94
537511,21730,GLASS STAR FROSTED T-LIGHT HOLDER,6,2019-08-28 11:32:00,4.67,14940,EIRE,False,False,28.02
537435,21755,LOVE BUILDING BLOCK WORD,15,2019-05-28 05:46:00,5.73,14939,France,False,False,85.95
536371,22960,JAM MAKING SET WITH JARS,3,2019-04-23 01:04:00,5.03,16532,Portugal,False,False,15.09
536132,22960,JAM MAKING SET WITH JARS,19,2019-01-22 20:01:00,4.85,12364,Belgium,False,False,92.15
537103,21755,LOVE BUILDING BLOCK WORD,6,2019-03-01 23:07:00,6.45,12657,France,False,False,38.7
536868,22423,REGENCY CAKESTAND 3 TIER,4,2019-01-19 10:10:00,11.95,15771,France,False,False,47.8
536645,71270,PINK CRYSTAL GUITAR PHONE CHARM,10,2019-08-04 00:00:00,1.24,16250,Australia,False,False,12.4
536577,71053,WHITE METAL LANTERN,6,2019-09-13 00:00:00,3.71,14807,Switzerland,False,False,22.26
536331,22423,REGENCY CAKESTAND 3 TIER,10,2019-07-31 01:49:00,11.98,16063,France,False,False,119.8
536562,22423,REGENCY CAKESTAND 3 TIER,2,2019-05-14 14:39:00,11.73,12865,Netherlands,False,False,23.46
536271,85123A,WHITE HANGING HEART T-LIGHT HOLDER,2,2019-04-10 13:34:00,2.45,13504,United Kingdom,False,False,4.9
536006,22423,REGENCY CAKESTAND 3 TIER,6,2019-02-16 13:22:00,13.16,15346,Switzerland,False,False,78.96
536708,85123A,WHITE HANGING HEART T-LIGHT HOLDER,4,2019-01-19 13:21:00,2.76,14501,United Kingdom,False,False,11.04
536486,84879,ASSORTED COLOUR BIRD ORNAMENT,7,2019-08-15 13:11:00,1.74,13719,United Kingdom,False,False,12.18
536297,84406B,CREAM CUPID HEARTS COAT HANGER,19,2019-10-14 20:39:00,2.92,12441,Spain,False,False,55.48
536216,21755,LOVE BUILDING BLOCK WORD,13,2019-10-26 07:05:00,5.5,16701,Australia,False,False,71.5
537429,84406B,CREAM CUPID HEARTS COAT HANGER,5,2019-10-23 20:58:00,2.54,16300,United Kingdom,False,False,12.7
536761,71053,WHITE METAL LANTERN,10,2019-10-01 07:34:00,3.47,17942,Germany,False,False,34.7
537346,22960,JAM MAKING SET WITH JARS,5,2019-05-02 21:47:00,5.33,16896,Australia,False,False,26.65
536345,22960,JAM MAKING SET WITH JARS,8,2019-10-18 00:48:00,4.98,12658,EIRE,False,False,39.84
537083,84879,ASSORTED COLOUR BIRD ORNAMENT,17,2019-05-31 20:09:00,1.64,16336,Netherlands,False,False,27.88
536073,22960,JAM MAKING SET WITH JARS,8,2019-05-08 14:36:00,4.77,15740,Netherlands,False,False,38.16
536518,22752,SET 7 BABUSHKA NESTING BOXES,9,2019-04-11 13:33:00,7.22,12623,Germany,False,False,64.98
536093,84406B,CREAM CUPID HEARTS COAT HANGER,13,2019-09-17 19:58:00,2.54,,Germany,False,True,33.02
537093,71270,PINK CRYSTAL GUITAR PHONE CHARM,11,2019-05-18 00:00:00,1.36,17679,Belgium,False,False,14.96
536044,21755,LOVE BUILDING BLOCK WORD,8,2019-05-02 00:15:00,6.12,16355,France,False,False,48.96
537391,21755,LOVE BUILDING BLOCK WORD,8,2019-12-08 02:25:00,5.45,17826,Belgium,False,False,43.6
537019,22960,JAM MAKING SET WITH JARS,4,2019-04-25 00:00:00,4.53,17109,Australia,False,False,18.12
537554,21755,LOVE BUILDING BLOCK WORD,16,2019-03-09 08:33:00,5.44,13746,Netherlands,False,False,87.04
536672,22752,SET 7 BABUSHKA NESTING BOXES,18,2019-01-14 03:03:00,7.12,,Spain,False,True,128.16
537574,84406B,CREAM CUPID HEARTS COAT HANGER,14,2019-07-11 01:34:00,2.91,16295,Belgium,False,False,40.74
537174,21730,GLASS STAR FROSTED T-LIGHT HOLDER,10,2019-04-25 11:52:00,3.99,14112,Netherlands,False,False,39.9
537376,71270,PINK CRYSTAL GUITAR PHONE CHARM,12,2019-02-01 11:37:00,1.26,12889,Belgium,False,False,15.12
537636,84406B,CREAM CUPID HEARTS COAT HANGER,6,2019-01-22 05:49:00,2.72,13264,Germany,False,False,16.32
536697,21730,GLASS STAR FROSTED T-LIGHT HOLDER,11,2019-11-13 02:52:00,4.66,14168,Switzerland,False,False,51.26
536596,85123A,WHITE HANGING HEART T-LIGHT HOLDER,19,2019-11-28 00:00:00,2.59,13194,Switzerland,False,False,49.21
536000,85123A,WHITE HANGING HEART T-LIGHT HOLDER,15,2019-06-08 20:36:00,2.52,12856,Belgium,False,False,37.8
537589,84879,ASSORTED COLOUR BIRD ORNAMENT,17,2019-12-22 11:52:00,1.69,16561,Australia,False,False,28.73
537477,71053,WHITE METAL LANTERN,6,2019-04-27 00:00:00,3.52,13828,Australia,False,False,21.12
537178,22752,SET 7 BABUSHKA NESTING BOXES,12,2019-01-16 06:01:00,8.38,17401,Switzerland,False,False,100.56
536200,22960,JAM MAKING SET WITH JARS,12,2019-09-10 18:04:00,5.24,15125,Portugal,False,False,62.88
536233,22960,JAM MAKING SET WITH JARS,3,2019-08-22 07:53:00,4.7,15740,Switzerland,False,False,14.1
536695,71270,PINK CRYSTAL GUITAR PHONE CHARM,16,2019-04-22 15:02:00,1.25,16760,Germany,False,False,20.0
537357,21755,LOVE BUILDING BLOCK WORD,14,2019-10-23 11:06:00,6.16,14147,Netherlands,False,False,86.24
537113,21730,GLASS STAR FROSTED T-LIGHT HOLDER,5,2019-06-10 10:03:00,3.9,14742,United Kingdom,False,False,19.5
536613,22752,SET 7 BABUSHKA NESTING BOXES,4,2019-12-15 04:03:00,7.02,17308,Switzerland,False,False,28.08
537168,21755,LOVE BUILDING BLOCK WORD,14,2019-03-21 00:00:00,5.65,17648,EIRE,False,False,79.1
536409,21730,GLASS STAR FROSTED T-LIGHT HOLDER,15,2019-08-03 22:05:00,4.39,12951,Spain,False,False,65.85
536714,84879,ASSORTED COLOUR BIRD ORNAMENT,14,2019-05-08 15:04:00,1.79,16627,Australia,False,False,25.06
537179,84406B,CREAM CUPID HEARTS COAT HANGER,18,2019-12-08 00:00:00,2.5,17097,Switzerland,False,False,45.0
536284,22752,SET 7 BABUSHKA NESTING BOXES,12,2019-09-19 01:22:00,8.09,12730,Portugal,False,False,97.08
536162,71270,PINK CRYSTAL GUITAR PHONE CHARM,1,2019-07-09 22:50:00,1.36,15371,United Kingdom,False,False,1.36
536675,71053,WHITE METAL LANTERN,12,2019-07-23 00:00:00,3.46,16215,France,False,False,41.52
536867,22423,REGENCY CAKESTAND 3 TIER,13,2019-10-03 12:09:00,12.16,16842,United Kingdom,False,False,158.08
536563,22423,REGENCY CAKESTAND 3 TIER,1,2019-08-05 21:50:00,12.98,18048,Belgium,False,False,12.98
536784,21730,GLASS STAR FROSTED T-LIGHT HOLDER,14,2019-08-31 08:12:00,4.37,16510,EIRE,False,False,61.18
C537035,22423,REGENCY CAKESTAND 3 TIER,-6,2019-12-20 00:00:00,12.23,13023,United Kingdom,True,False,-73.38
536911,22960,JAM MAKING SET WITH JARS,14,2019-11-15 09:20:00,4.96,17686,Germany,False,False,69.44
537049,21730,GLASS STAR FROSTED T-LIGHT HOLDER,15,2019-11-14 15:10:00,4.14,16808,Switzerland,False,False,62.1
536692,22960,JAM MAKING SET WITH JARS,8,2019-10-29 21:28:00,5.42,14127,EIRE,False,False,43.36
537189,21730,GLASS STAR FROSTED T-LIGHT HOLDER,12,2019-09-06 21:56:00,4.28,17950,Portugal,False,False,51.36
537289,71053,WHITE METAL LANTERN,7,2019-06-05 02:39:00,3.59,16198,EIRE,False,False,25.13
536663,21755,LOVE BUILDING BLOCK WORD,3,2019-04-13 16:35:00,5.66,,Switzerland,False,True,16.98
536137,71053,WHITE METAL LANTERN,45,2019-01-09 00:00:00,3.14,15396,Spain,False,False,141.3
537150,85123A,WHITE HANGING HEART T-LIGHT HOLDER,12,2019-06-02 02:10:00,2.79,,Switzerland,False,True,33.48
537262,21730,GLASS STAR FROSTED T-LIGHT HOLDER,6,2019-07-25 00:50:00,4.63,13959,Australia,False,False,27.78
537148,84406B,CREAM CUPID HEARTS COAT HANGER,16,2019-10-06 00:00:00,2.86,15776,France,False,False,45.76
536360,21730,GLASS STAR FROSTED T-LIGHT HOLDER,16,2019-12-10 02:26:00,4.61,16189,Australia,False,False,73.76
C536617,22423,REGENCY CAKESTAND 3 TIER,-12,2019-10-23 18:21:00,12.01,14102,Switzerland,True,False,-144.12
536512,71053,WHITE METAL LANTERN,7,2019-11-04 00:00:00,3.24,,United Kingdom,False,True,22.68
536806,71270,PINK CRYSTAL GUITAR PHONE CHARM,11,2019-12-08 00:00:00,1.13,17717,France,False,False,12.43
536012,71270,PINK CRYSTAL GUITAR PHONE CHARM,9,2019-12-15 07:57:00,1.19,15583,Netherlands,False,False,10.71
C537120,71053,WHITE METAL LANTERN,-8,2019-01-17 00:00:00,3.25,17914,Germany,True,False,-26.0
536196,84879,ASSORTED COLOUR BIRD ORNAMENT,10,2019-11-21 23:44:00,1.69,,Germany,False,True,16.9
537232,85123A,WHITE HANGING HEART T-LIGHT HOLDER,10,2019-01-16 18:20:00,2.58,13144,Switzerland,False,False,25.8
537481,84406B,CREAM CUPID HEARTS COAT HANGER,12,2019-03-11 01:37:00,2.64,15075,EIRE,False,False,31.68
536698,84406B,CREAM CUPID HEARTS COAT HANGER,14,2019-06-04 09:49:00,2.94,14654,Spain,False,False,41.16
536219,84879,ASSORTED COLOUR BIRD ORNAMENT,17,2019-09-13 12:30:00,1.73,13444,Spain,False,False,29.41
537314,71053,WHITE METAL LANTERN,2,2019-02-11 13:56:00,3.72,13433,EIRE,False,False,7.44
536006,22423,REGENCY CAKESTAND 3 TIER,13,2019-06-02 19:32:00,12.51,14254,Germany,False,False,162.63
537457,22960,JAM MAKING SET WITH JARS,18,2019-04-04 13:03:00,4.48,14469,France,False,False,80.64
537394,84406B,CREAM CUPID HEARTS COAT HANGER,13,2019-06-01 09:21:00,2.75,15994,Australia,False,False,35.75
537460,22960,JAM MAKING SET WITH JARS,17,2019-11-03 00:00:00,4.85,17078,Portugal,False,False,82.45
537627,84879,ASSORTED COLOUR BIRD ORNAMENT,12,2019-06-06 06:23:00,1.75,14360,Portugal,False,False,21.0
536180,22960,JAM MAKING SET WITH JARS,9,2019-12-21 09:25:00,4.72,,Spain,False,True,42.48
536929,21730,GLASS STAR FROSTED T-LIGHT HOLDER,5,2019-10-26 04:48:00,4.46,12426,United Kingdom,False,False,22.3
537060,71053,WHITE METAL LANTERN,2,2019-05-29 20:54:00,3.14,13171,Belgium,False,False,6.28
536667,84879,ASSORTED COLOUR BIRD ORNAMENT,15,2019-05-31 13:05:00,1.76,13643,Portugal,False,False,26.4
537096,22752,SET 7 BABUSHKA NESTING BOXES,8,2019-06-24 21:17:00,7.56,,United Kingdom,False,True,60.48
536945,71270,PINK CRYSTAL GUITAR PHONE CHARM,9,2019-02-03 01:17:00,1.37,15836,Spain,False,False,12.33
536193,84879,ASSORTED COLOUR BIRD ORNAMENT,1,2019-01-10 09:40:00,1.54,16777,United Kingdom,False,False,1.54
537455,21755,LOVE BUILDING BLOCK WORD,12,2019-07-21 03:26:00,6.0,15929,EIRE,False,False,72.0
537428,84879,ASSORTED COLOUR BIRD ORNAMENT,14,2019-02-22 19:56:00,1.84,12606,EIRE,False,False,25.76
537621,22752,SET 7 BABUSHKA NESTING BOXES,8,2019-11-13 17:00:00,8.31,12826,EIRE,False,False,66.48
536159,84879,ASSORTED COLOUR BIRD ORNAMENT,13,2019-03-13 00:00:00,1.77,18047,Australia,False,False,23.01
536906,22960,JAM MAKING SET WITH JARS,16,2019-08-15 23:53:00,4.71,13747,Netherlands,False,False,75.36
537413,85123A,WHITE HANGING HEART T-LIGHT HOLDER,4,2019-04-13 18:25:00,2.54,12435,Germany,False,False,10.16
536021,84406B,CREAM CUPID HEARTS COAT HANGER,9,2019-04-09 05:40:00,2.61,,Switzerland,False,True,23.49
537541,85123A,WHITE HANGING HEART T-LIGHT HOLDER,2,2019-07-27 00:00:00,2.62,13945,Netherlands,False,False,5.24
536879,84406B,CREAM CUPID HEARTS COAT HANGER,18,2019-02-28 18:27:00,2.49,15789,Australia,False,False,44.82
537071,84406B,CREAM CUPID HEARTS COAT HANGER,1,2019-11-06 18:51:00,2.52,13440,Netherlands,False,False,2.52
537509,22960,JAM MAKING SET WITH JARS,12,2019-07-11 17:23:00,5.28,14479,Australia,False,False,63.36
536373,21730,GLASS STAR FROSTED T-LIGHT HOLDER,17,2019-04-30 18:37:00,4.06,13404,Germany,False,False,69.02
536086,22752,SET 7 BABUSHKA NESTING BOXES,7,2019-06-19 10:33:00,7.51,13881,Germany,False,False,52.57
536235,21755,LOVE BUILDING BLOCK WORD,6,2019-08-11 00:00:00,6.16,17565,Australia,False,False,36.96
537401,84879,ASSORTED COLOUR BIRD ORNAMENT,17,2019-05-15 22:03:00,1.71,,Belgium,False,True,29.07
536146,71053,WHITE METAL LANTERN,3,2019-03-03 21:40:00,3.71,,Australia,False,True,11.13
537470,21755,LOVE BUILDING BLOCK WORD,4,2019-06-12 12:17:00,5.57,17878,EIRE,False,False,22.28
537075,84406B,CREAM CUPID HEARTS COAT HANGER,6,2019-04-24 12:10:00,2.49,13560,France,False,False,14.94
537579,71053,WHITE METAL LANTERN,11,2019-01-04 00:00:00,3.58,,EIRE,False,True,39.38
536308,84406B,CREAM CUPID HEARTS COAT HANGER,6,2019-06-26 00:35:00,2.5,12575,Spain,False,False,15.0
537600,21755,LOVE BUILDING BLOCK WORD,8,2019-03-05 00:04:00,6.29,14261,Portugal,False,False,50.32
536509,85123A,WHITE HANGING HEART T-LIGHT HOLDER,7,2019-08-14 02:02:00,2.6,15412,EIRE,False,False,18.2
537595,84406B,CREAM CUPID HEARTS COAT HANGER,14,2019-04-22 00:00:00,2.99,12693,Switzerland,False,False,41.86
536378,85123A,WHITE HANGING HEART T-LIGHT HOLDER,13,2019-09-14 03:23:00,2.74,12940,EIRE,False,False,35.62
536369,84879,ASSORTED COLOUR BIRD ORNAMENT,16,2019-09-30 13:49:00,1.65,12379,Netherlands,False,False,26.4
536553,21755,LOVE BUILDING BLOCK WORD,12,2019-01-06 01:43:00,5.47,14126,United Kingdom,False,False,65.64
536589,21730,GLASS STAR FROSTED T-LIGHT HOLDER,9,2019-02-03 15:58:00,4.43,16994,France,False,False,39.87
537476,22960,JAM MAKING SET WITH JARS,14,2019-12-13 16:48:00,4.49,16096,EIRE,False,False,62.86
537092,71053,WHITE METAL LANTERN,7,2019-06-02 20:35:00,3.56,15207,EIRE,False,False,24.92
536195,85123A,WHITE HANGING HEART T-LIGHT HOLDER,2,2019-11-21 01:21:00,2.31,15578,Portugal,False,False,4.62
536256,85123A,WHITE HANGING HEART T-LIGHT HOLDER,16,2019-02-05 20:51:00,2.66,12413,Australia,False,False,42.56
536724,71053,WHITE METAL LANTERN,1,2019-02-08 19:01:00,3.07,,Spain,False,True,3.07
536361,84879,ASSORTED COLOUR BIRD ORNAMENT,3,2019-09-07 13:38:00,1.56,12844,France,False,False,4.68
536625,22423,REGENCY CAKESTAND 3 TIER,11,2019-05-13 23:08:00,13.35,16355,Portugal,False,False,146.85
536527,84406B,CREAM CUPID HEARTS COAT HANGER,10,2019-11-05 17:54:00,2.73,17500,EIRE,False,False,27.3
537150,22960,JAM MAKING SET WITH JARS,12,2019-03-24 00:00:00,4.48,15092,EIRE,False,False,53.76
536496,84879,ASSORTED COLOUR BIRD ORNAMENT,11,2019-06-03 00:00:00,1.55,14208,EIRE,False,False,17.05
536646,84879,ASSORTED COLOUR BIRD ORNAMENT,7,2019-10-01 06:06:00,1.84,16372,France,False,False,12.88
536212,22960,JAM MAKING SET WITH JARS,7,2019-07-20 13:02:00,4.75,13786,Spain,False,False,33.25
537442,22752,SET 7 BABUSHKA NESTING BOXES,17,2019-01-04 16:57:00,8.3,17103,Germany,False,False,141.1
537361,84879,ASSORTED COLOUR BIRD ORNAMENT,3,2019-02-18 12:01:00,1.82,14369,Germany,False,False,5.46
536904,21755,LOVE BUILDING BLOCK WORD,16,2019-03-27 10:51:00,5.96,,Spain,False,True,95.36
536427,21755,LOVE BUILDING BLOCK WORD,11,2019-08-24 10:32:00,5.4,13080,France,False,False,59.4
537430,71053,WHITE METAL LANTERN,14,2019-07-20 16:34:00,3.15,15309,Switzerland,False,False,44.1
536560,71053,WHITE METAL LANTERN,15,2019-08-31 19:20:00,3.44,15587,Netherlands,False,False,51.6
536560,84879,ASSORTED COLOUR BIRD ORNAMENT,8,2019-05-24 00:00:00,1.65,12765,Germany,False,False,13.2
536020,71053,WHITE METAL LANTERN,8,2019-02-11 15:38:00,3.34,,Portugal,False,True,26.72
537223,22752,SET 7 BABUSHKA NESTING BOXES,8,2019-11-02 05:24:00,8.29,17488,Netherlands,False,False,66.32
536959,84879,ASSORTED COLOUR BIRD ORNAMENT,17,2019-10-29 06:30:00,1.62,14162,Australia,False,False,27.54
536052,84406B,CREAM CUPID HEARTS COAT HANGER,11,2019-04-08 00:00:00,2.92,14986,Portugal,False,False,32.12
536146,85123A,WHITE HANGING HEART T-LIGHT HOLDER,17,2019-01-22 00:00:00,2.71,18116,Netherlands,False,False,46.07
537117,71053,WHITE METAL LANTERN,15,2019-08-22 05:38:00,3.24,,France,False,True,48.6
537427,84406B,CREAM CUPID HEARTS COAT HANGER,6,2019-10-13 07:55:00,3.0,18102,Switzerland,False,False,18.0
536968,22423,REGENCY CAKESTAND 3 TIER,7,2019-11-20 00:00:00,11.85,15865,France,False,False,82.95
537282,85123A,WHITE HANGING HEART T-LIGHT HOLDER,17,2019-05-08 05:09:00,2.58,14172,Australia,False,False,43.86
537445,85123A,WHITE HANGING HEART T-LIGHT HOLDER,1,2019-02-13 15:44:00,2.44,15203,Spain,False,False,2.44
537397,22423,REGENCY CAKESTAND 3 TIER,9,2019-09-10 23:57:00,11.85,15891,Australia,False,False,106.65
536593,84406B,CREAM CUPID HEARTS COAT HANGER,6,2019-11-17 00:00:00,3.02,17107,Spain,False,False,18.12
537369,84406B,CREAM CUPID HEARTS COAT HANGER,3,2019-04-18 18:08:00,2.49,17478,France,False,False,7.47
537611,22752,SET 7 BABUSHKA NESTING BOXES,16,2019-02-19 20:35:00,8.32,15710,Switzerland,False,False,133.12
536837,21730,GLASS STAR FROSTED T-LIGHT HOLDER,14,2019-10-23 20:08:00,4.18,15004,Germany,False,False,58.52
537652,22423,REGENCY CAKESTAND 3 TIER,6,2019-02-27 23:29:00,12.96,14293,Germany,False,False,77.76
537058,85123A,WHITE HANGING HEART T-LIGHT HOLDER,11,2019-04-01 16:44:00,2.66,14969,Belgium,False,False,29.26
536741,71270,PINK CRYSTAL GUITAR PHONE CHARM,5,2019-12-15 07:39:00,1.2,17522,Germany,False,False,6.0
537573,85123A,WHITE HANGING HEART T-LIGHT HOLDER,7,2019-03-27 09:17:00,2.61,17704,Netherlands,False,False,18.27
536004,84406B,CREAM CUPID HEARTS COAT HANGER,13,2019-10-31 04:47:00,2.55,17127,United Kingdom,False,False,33.15
537444,84879,ASSORTED COLOUR BIRD ORNAMENT,2,2019-04-14 00:00:00,1.56,14908,EIRE,False,False,3.12
C536561,71053,WHITE METAL LANTERN,-1,2019-03-21 19:01:00,3.46,14684,EIRE,True,False,-3.46
536046,85123A,WHITE HANGING HEART T-LIGHT HOLDER,2,2019-11-03 20:14:00,2.42,17420,Belgium,False,False,4.84
537345,22423,REGENCY CAKESTAND 3 TIER,11,2019-12-16 04:47:00,12.41,16846,Australia,False,False,136.51
536651,21755,LOVE BUILDING BLOCK WORD,13,2019-12-07 07:37:00,6.04,14914,France,False,False,78.52
537072,21755,LOVE BUILDING BLOCK WORD,1,2019-05-28 08:42:00,6.28,14644,EIRE,False,False,6.28
C536659,21755,LOVE BUILDING BLOCK WORD,-17,2019-10-26 22:18:00,5.42,14201,Spain,True,False,-92.14
537291,84406B,CREAM CUPID HEARTS COAT HANGER,18,2019-02-27 07:09:00,2.7,17985,Belgium,False,False,48.6
537115,21730,GLASS STAR FROSTED T-LIGHT HOLDER,13,2019-08-10 00:00:00,4.19,18075,Portugal,False,False,54.47
536351,85123A,WHITE HANGING HEART T-LIGHT HOLDER,13,2019-03-11 00:00:00,2.33,,Belgium,False,True,30.29
536816,21730,GLASS STAR FROSTED T-LIGHT HOLDER,45,2019-03-06 16:31:00,4.34,12683,Switzerland,False,False,195.3
537458,22960,JAM MAKING SET WITH JARS,7,2019-04-05 15:34:00,5.09,12369,France,False,False,35.63
537575,85123A,WHITE HANGING HEART T-LIGHT HOLDER,8,2019-09-22 01:12:00,2.71,17340,France,False,False,21.68
537366,85123A,WHITE HANGING HEART T-LIGHT HOLDER,10,2019-01-09 01:43:00,2.8,13779,France,False,False,28.0
536952,84406B,CREAM CUPID HEARTS COAT HANGER,2,2019-08-08 00:00:00,2.96,13378,United Kingdom,False,False,5.92
536393,22752,SET 7 BABUSHKA NESTING BOXES,9,2019-09-30 06:24:00,7.72,18088,Belgium,False,False,69.48
536536,21755,LOVE BUILDING BLOCK WORD,10,2019-08-17 20:06:00,6.44,,Portugal,False,True,64.4
536596,22423,REGENCY CAKESTAND 3 TIER,12,2019-03-05 00:00:00,12.62,14874,Switzerland,False,False,151.44
536528,22752,SET 7 BABUSHKA NESTING BOXES,6,2019-12-19 22:54:00,7.86,14839,Switzerland,False,False,47.16
536036,71053,WHITE METAL LANTERN,3,2019-07-17 17:53:00,3.39,,Belgium,False,True,10.17
537545,85123A,WHITE HANGING HEART T-LIGHT HOLDER,16,2019-10-18 03:00:00,2.62,17083,Portugal,False,False,41.92
537497,84406B,CREAM CUPID HEARTS COAT HANGER,6,2019-03-20 00:00:00,2.5,13330,Belgium,False,False,15.0
537015,84406B,CREAM CUPID HEARTS COAT HANGER,6,2019-08-27 22:19:00,2.92,12385,Belgium,False,False,17.52
537499,71053,WHITE METAL LANTERN,13,2019-04-14 00:00:00,3.45,14528,EIRE,False,False,44.85
536229,22423,REGENCY CAKESTAND 3 TIER,45,2019-07-11 16:10:00,13.26,15715,Netherlands,False,False,596.7
537270,22960,JAM MAKING SET WITH JARS,12,2019-01-06 02:10:00,5.25,14450,Australia,False,False,63.0
537030,84406B,CREAM CUPID HEARTS COAT HANGER,1,2019-01-03 04:07:00,2.77,17044,Belgium,False,False,2.77
536998,22752,SET 7 BABUSHKA NESTING BOXES,4,2019-04-17 02:35:00,7.35,,Germany,False,True,29.4
537384,84406B,CREAM CUPID HEARTS COAT HANGER,1,2019-08-07 00:00:00,2.95,12472,EIRE,False,False,2.95
536217,21755,LOVE BUILDING BLOCK WORD,13,2019-04-21 21:16:00,5.77,17818,Portugal,False,False,75.01
537303,71053,WHITE METAL LANTERN,1,2019-06-02 08:17:00,3.33,14777,United Kingdom,False,False,3.33
536939,84406B,CREAM CUPID HEARTS COAT HANGER,1,2019-04-28 07:39:00,2.58,16991,EIRE,False,False,2.58
C537068,21730,GLASS STAR FROSTED T-LIGHT HOLDER,-4,2019-08-27 01:33:00,4.06,16117,Belgium,True,False,-16.24
536196,71270,PINK CRYSTAL GUITAR PHONE CHARM,16,2019-04-17 11:27:00,1.14,12929,Portugal,False,False,18.24
537124,71270,PINK CRYSTAL GUITAR PHONE CHARM,16,2019-04-03 14:52:00,1.23,16118,Spain,False,False,19.68
536497,21755,LOVE BUILDING BLOCK WORD,11,2019-03-07 23:15:00,6.54,16388,France,False,False,71.94
536298,85123A,WHITE HANGING HEART T-LIGHT HOLDER,15,2019-08-17 09:38:00,2.7,15848,Switzerland,False,False,40.5
537104,71270,PINK CRYSTAL GUITAR PHONE CHARM,8,2019-12-08 16:53:00,1.19,12766,United Kingdom,False,False,9.52
537185,85123A,WHITE HANGING HEART T-LIGHT HOLDER,9,2019-10-07 00:00:00,2.79,16793,EIRE,False,False,25.11
536921,71053,WHITE METAL LANTERN,5,2019-08-28 22:27:00,3.22,15207,United Kingdom,False,False,16.1
536042,21730,GLASS STAR FROSTED T-LIGHT HOLDER,10,2019-01-21 01:43:00,3.92,17505,Portugal,False,False,39.2
536039,71053,WHITE METAL LANTERN,3,2019-09-10 09:41:00,3.4,,Spain,False,True,10.2
536864,21755,LOVE BUILDING BLOCK WORD,11,2019-12-12 12:31:00,5.66,15698,United Kingdom,False,False,62.26
536892,21755,LOVE BUILDING BLOCK WORD,4,2019-07-31 23:32:00,6.02,16869,Netherlands,False,False,24.08
536930,21755,LOVE BUILDING BLOCK WORD,4,2019-04-21 06:00:00,6.21,17145,Australia,False,False,24.84
536171,71053,WHITE METAL LANTERN,19,2019-01-07 03:08:00,3.37,13578,United Kingdom,False,False,64.03
537133,22423,REGENCY CAKESTAND 3 TIER,7,2019-06-10 08:14:00,13.58,15647,Belgium,False,False,95.06
536993,84879,ASSORTED COLOUR BIRD ORNAMENT,4,2019-10-19 09:24:00,1.64,15067,Switzerland,False,False,6.56
537069,71053,WHITE METAL LANTERN,1,2019-11-16 06:30:00,3.16,16115,Germany,False,False,3.16
537663,22960,JAM MAKING SET WITH JARS,14,2019-01-13 00:00:00,4.63,16729,Australia,False,False,64.82
537595,22423,REGENCY CAKESTAND 3 TIER,7,2019-09-27 00:00:00,11.88,13177,Portugal,False,False,83.16
536956,21755,LOVE BUILDING BLOCK WORD,3,2019-09-11 19:09:00,6.37,16950,Portugal,False,False,19.11
536010,71053,WHITE METAL LANTERN,12,2019-08-18 02:01:00,3.49,16846,Spain,False,False,41.88
536685,22423,REGENCY CAKESTAND 3 TIER,6,2019-05-04 07:52:00,13.47,12985,Australia,False,False,80.82
537603,84879,ASSORTED COLOUR BIRD ORNAMENT,14,2019-01-20 16:55:00,1.8,15828,Switzerland,False,False,25.2
536616,22752,SET 7 BABUSHKA NESTING BOXES,8,2019-08-09 23:59:00,7.37,13523,Switzerland,False,False,58.96
537196,71270,PINK CRYSTAL GUITAR PHONE CHARM,3,2019-02-12 03:01:00,1.37,14405,Spain,False,False,4.11
536474,22423,REGENCY CAKESTAND 3 TIER,15,2019-04-02 13:05:00,13.75,12852,Germany,False,False,206.25
537536,84406B,CREAM CUPID HEARTS COAT HANGER,4,2019-01-14 05:10:00,2.98,16382,Germany,False,False,11.92
537440,85123A,WHITE HANGING HEART T-LIGHT HOLDER,18,2019-12-15 13:28:00,2.38,16119,Belgium,False,False,42.84
537555,84406B,CREAM CUPID HEARTS COAT HANGER,12,2019-11-18 22:39:00,2.78,13531,Belgium,False,False,33.36
536606,71053,WHITE METAL LANTERN,14,2019-09-22 03:47:00,3.11,,Germany,False,True,43.54
536494,84879,ASSORTED COLOUR BIRD ORNAMENT,6,2019-02-04 06:25:00,1.61,13701,Netherlands,False,False,9.66
537504,84406B,CREAM CUPID HEARTS COAT HANGER,19,2019-07-13 02:50:00,2.49,12523,Germany,False,False,47.31
536150,22752,SET 7 BABUSHKA NESTING BOXES,12,2019-12-04 03:14:00,7.84,14291,Belgium,False,False,94.08
536478,84406B,CREAM CUPID HEARTS COAT HANGER,14,2019-11-12 18:54:00,2.83,14169,Portugal,False,False,39.62
536460,85123A,WHITE HANGING HEART T-LIGHT HOLDER,6,2019-12-06 00:00:00,2.76,13160,Germany,False,False,16.56
537364,71270,PINK CRYSTAL GUITAR PHONE CHARM,4,2019-05-08 00:00:00,1.2,12441,EIRE,False,False,4.8
537256,21755,LOVE BUILDING BLOCK WORD,7,2019-12-23 07:48:00,6.01,14629,Switzerland,False,False,42.07
536373,21730,GLASS STAR FROSTED T-LIGHT HOLDER,11,2019-08-24 19:53:00,4.03,14863,Australia,False,False,44.33
536108,71270,PINK CRYSTAL GUITAR PHONE CHARM,2,2019-07-02 17:21:00,1.17,18099,EIRE,False,False,2.34
537176,71270,PINK CRYSTAL GUITAR PHONE CHARM,17,2019-11-03 16:24:00,1.13,14146,France,False,False,19.21
C536274,21755,LOVE BUILDING BLOCK WORD,-12,2019-03-28 11:41:00,5.94,12405,Australia,True,False,-71.28
536910,84406B,CREAM CUPID HEARTS COAT HANGER,18,2019-02-21 06:11:00,2.67,16254,Switzerland,False,False,48.06
536152,22423,REGENCY CAKESTAND 3 TIER,15,2019-05-30 00:00:00,11.66,16318,Spain,False,False,174.9
536301,22752,SET 7 BABUSHKA NESTING BOXES,7,2019-11-04 07:41:00,7.13,14035,Australia,False,False,49.91
537129,22752,SET 7 BABUSHKA NESTING BOXES,11,2019-08-09 20:27:00,8.4,13882,Switzerland,False,False,92.4
536096,71270,PINK CRYSTAL GUITAR PHONE CHARM,2,2019-02-01 10:28:00,1.13,17400,Switzerland,False,False,2.26
536837,22423,REGENCY CAKESTAND 3 TIER,19,2019-06-29 00:01:00,13.27,16113,United Kingdom,False,False,252.13
536471,21755,LOVE BUILDING BLOCK WORD,18,2019-02-27 03:11:00,6.31,16997,Switzerland,False,False,113.58
536368,21730,GLASS STAR FROSTED T-LIGHT HOLDER,12,2019-07-18 04:28:00,4.15,15726,Germany,False,False,49.8
536350,71270,PINK CRYSTAL GUITAR PHONE CHARM,9,2019-10-06 16:46:00,1.18,13764,EIRE,False,False,10.62
536893,22752,SET 7 BABUSHKA NESTING BOXES,19,2019-01-08 00:00:00,8.41,12795,Belgium,False,False,159.79
537034,71270,PINK CRYSTAL GUITAR PHONE CHARM,18,2019-11-20 00:00:00,1.13,15754,Germany,False,False,20.34
537325,85123A,WHITE HANGING HEART T-LIGHT HOLDER,3,2019-10-04 20:10:00,2.46,12526,Australia,False,False,7.38
537363,22423,REGENCY CAKESTAND 3 TIER,7,2019-12-30 10:03:00,11.57,16328,Netherlands,False,False,80.99
536458,22423,REGENCY CAKESTAND 3 TIER,19,2019-03-25 00:33:00,12.26,15630,France,False,False,232.94
536740,71053,WHITE METAL LANTERN,14,2019-10-20 15:13:00,3.69,13057,United Kingdom,False,False,51.66
536619,21730,GLASS STAR FROSTED T-LIGHT HOLDER,12,2019-12-07 19:58:00,4.61,15761,Belgium,False,False,55.32
536045,22960,JAM MAKING SET WITH JARS,3,2019-11-04 09:25:00,4.9,,United Kingdom,False,True,14.7
536915,21730,GLASS STAR FROSTED T-LIGHT HOLDER,14,2019-05-02 02:49:00,4.01,14947,Australia,False,False,56.14
536661,71053,WHITE METAL LANTERN,5,2019-01-16 05:09:00,3.21,,Belgium,False,True,16.05
537345,84879,ASSORTED COLOUR BIRD ORNAMENT,14,2019-12-26 02:11:00,1.59,,Germany,False,True,22.26
537620,22423,REGENCY CAKESTAND 3 TIER,1,2019-11-14 00:00:00,11.87,17818,Netherlands,False,False,11.87
536267,71270,PINK CRYSTAL GUITAR PHONE CHARM,18,2019-02-01 00:05:00,1.23,13733,United Kingdom,False,False,22.14
537275,22960,JAM MAKING SET WITH JARS,13,2019-04-21 14:21:00,4.74,17023,Portugal,False,False,61.62
536989,84879,ASSORTED COLOUR BIRD ORNAMENT,16,2019-03-08 01:09:00,1.53,16559,Belgium,False,False,24.48
536284,84879,ASSORTED COLOUR BIRD ORNAMENT,10,2019-10-15 15:48:00,1.56,18272,Germany,False,False,15.6
536177,21730,GLASS STAR FROSTED T-LIGHT HOLDER,2,2019-03-24 04:51:00,3.85,14077,Switzerland,False,False,7.7
536922,21730,GLASS STAR FROSTED T-LIGHT HOLDER,5,2019-05-01 21:33:00,4.12,17649,Spain,False,False,20.6
537218,21730,GLASS STAR FROSTED T-LIGHT HOLDER,7,2019-07-20 09:45:00,4.43,15332,Germany,False,False,31.01
536063,85123A,WHITE HANGING HEART T-LIGHT HOLDER,18,2019-12-07 04:31:00,2.3,17197,United Kingdom,False,False,41.4
537336,22423,REGENCY CAKESTAND 3 TIER,3,2019-02-09 00:00:00,12.25,15613,Portugal,False,False,36.75
536330,22423,REGENCY CAKESTAND 3 TIER,7,2019-06-04 11:57:00,11.71,16289,Germany,False,False,81.97
536480,22960,JAM MAKING SET WITH JARS,7,2019-10-25 00:00:00,5.19,,Portugal,False,True,36.33
537367,22423,REGENCY CAKESTAND 3 TIER,13,2019-07-01 00:00:00,13.9,16115,Belgium,False,False,180.7
536201,22752,SET 7 BABUSHKA NESTING BOXES,8,2019-12-02 11:41:00,7.71,14416,Germany,False,False,61.68
536179,21730,GLASS STAR FROSTED T-LIGHT HOLDER,2,2019-12-24 00:00:00,4.06,,United Kingdom,False,True,8.12
537298,71270,PINK CRYSTAL GUITAR PHONE CHARM,19,2019-01-21 13:58:00,1.14,13949,Spain,False,False,21.66
537351,21755,LOVE BUILDING BLOCK WORD,5,2019-08-24 12:21:00,5.97,13530,Portugal,False,False,29.85
537206,71270,PINK CRYSTAL GUITAR PHONE CHARM,3,2019-02-21 09:40:00,1.13,12702,Switzerland,False,False,3.39
537136,84406B,CREAM CUPID HEARTS COAT HANGER,18,2019-06-17 18:02:00,2.53,15254,France,False,False,45.54
C536532,22423,REGENCY CAKESTAND 3 TIER,-7,2019-05-18 14:25:00,11.82,12741,Switzerland,True,False,-82.74
536514,71270,PINK CRYSTAL GUITAR PHONE CHARM,14,2019-12-21 08:54:00,1.21,18245,Spain,False,False,16.94
536011,71053,WHITE METAL LANTERN,19,2019-06-20 18:47:00,3.38,12731,United Kingdom,False,False,64.22
537143,22960,JAM MAKING SET WITH JARS,10,2019-03-14 16:21:00,4.69,16300,Switzerland,False,False,46.9
536815,21730,GLASS STAR FROSTED T-LIGHT HOLDER,5,2019-08-14 05:40:00,4.59,17297,Germany,False,False,22.95
537654,71053,WHITE METAL LANTERN,8,2019-08-18 04:24:00,3.63,14047,Germany,False,False,29.04
536247,84406B,CREAM CUPID HEARTS COAT HANGER,3,2019-12-08 12:08:00,2.99,14725,Portugal,False,False,8.97
537396,21755,LOVE BUILDING BLOCK WORD,17,2019-02-22 00:00:00,6.26,15712,United Kingdom,False,False,106.42
536893,85123A,WHITE HANGING HEART T-LIGHT HOLDER,4,2019-09-17 00:49:00,2.44,17623,Germany,False,False,9.76
536884,21755,LOVE BUILDING BLOCK WORD,19,2019-08-05 04:54:00,6.27,17190,Germany,False,False,119.13
536301,71270,PINK CRYSTAL GUITAR PHONE CHARM,12,2019-12-01 14:27:00,1.35,15759,Belgium,False,False,16.2
536087,22423,REGENCY CAKESTAND 3 TIER,17,2019-11-30 16:01:00,12.1,13368,Germany,False,False,205.7
536887,71270,PINK CRYSTAL GUITAR PHONE CHARM,13,2019-11-27 11:57:00,1.21,15383,Portugal,False,False,15.73
537467,71053,WHITE METAL LANTERN,14,2019-05-28 00:50:00,3.33,12535,Netherlands,False,False,46.62
536358,21755,LOVE BUILDING BLOCK WORD,1,2019-05-23 00:00:00,5.5,13413,EIRE,False,False,5.5
536651,22960,JAM MAKING SET WITH JARS,14,2019-10-22 13:17:00,4.7,15584,EIRE,False,False,65.8
537148,84406B,CREAM CUPID HEARTS COAT HANGER,8,2019-07-07 17:18:00,3.02,15437,United Kingdom,False,False,24.16
536457,84879,ASSORTED COLOUR BIRD ORNAMENT,5,2019-06-18 20:39:00,1.63,14453,France,False,False,8.15
537533,84879,ASSORTED COLOUR BIRD ORNAMENT,15,2019-01-18 02:26:00,1.66,18015,United Kingdom,False,False,24.9
536790,22423,REGENCY CAKESTAND 3 TIER,19,2019-12-12 23:58:00,12.39,13070,Belgium,False,False,235.41
536612,71270,PINK CRYSTAL GUITAR PHONE CHARM,6,2019-01-30 00:53:00,1.16,16055,Germany,False,False,6.96
537007,84879,ASSORTED COLOUR BIRD ORNAMENT,17,2019-02-21 15:05:00,1.78,16518,Germany,False,False,30.26
536914,84879,ASSORTED COLOUR BIRD ORNAMENT,12,2019-01-08 13:13:00,1.66,13845,Portugal,False,False,19.92
537204,84406B,CREAM CUPID HEARTS COAT HANGER,12,2019-10-17 19:03:00,16.24,12520,Australia,False,False,194.88
537560,22752,SET 7 BABUSHKA NESTING BOXES,10,2019-01-18 21:32:00,7.9,12871,Germany,False,False,79.0
537147,21730,GLASS STAR FROSTED T-LIGHT HOLDER,12,2019-09-27 21:01:00,4.27,16813,EIRE,False,False,51.24
536040,22423,REGENCY CAKESTAND 3 TIER,1,2019-06-24 11:22:00,12.54,13224,France,False,False,12.54
536263,85123A,WHITE HANGING HEART T-LIGHT HOLDER,2,2019-10-13 21:59:00,2.32,15113,EIRE,False,False,4.64
536060,21755,LOVE BUILDING BLOCK WORD,2,2019-01-19 00:00:00,5.4,15745,United Kingdom,False,False,10.8
537051,22960,JAM MAKING SET WITH JARS,14,2019-05-27 18:26:00,5.23,14294,Netherlands,False,False,73.22
537388,71053,WHITE METAL LANTERN,13,2019-06-19 00:00:00,3.13,15442,Belgium,False,False,40.69
537200,84406B,CREAM CUPID HEARTS COAT HANGER,18,2019-10-15 00:00:00,2.96,17243,Belgium,False,False,53.28
537137,84879,ASSORTED COLOUR BIRD ORNAMENT,2,2019-07-18 19:07:00,1.68,15279,France,False,False,3.36
536810,21730,GLASS STAR FROSTED T-LIGHT HOLDER,12,2019-01-24 05:45:00,4.51,13979,France,False,False,54.12
536343,22752,SET 7 BABUSHKA NESTING BOXES,19,2019-01-15 12:27:00,7.12,17132,Spain,False,False,135.28
536037,85123A,WHITE HANGING HEART T-LIGHT HOLDER,6,2019-07-10 23:31:00,2.66,16798,Belgium,False,False,15.96
536332,85123A,WHITE HANGING HEART T-LIGHT HOLDER,19,2019-11-18 23:30:00,2.8,15570,Spain,False,False,53.2
536498,22423,REGENCY CAKESTAND 3 TIER,10,2019-04-02 19:51:00,12.85,15982,EIRE,False,False,128.5
536820,21730,GLASS STAR FROSTED T-LIGHT HOLDER,8,2019-10-02 06:05:00,3.86,14789,Belgium,False,False,30.88
537417,84879,ASSORTED COLOUR BIRD ORNAMENT,19,2019-01-25 19:56:00,1.73,15359,United Kingdom,False,False,32.87
C536243,84879,ASSORTED COLOUR BIRD ORNAMENT,-5,2019-11-17 00:49:00,1.81,13996,Switzerland,True,False,-9.05
536687,85123A,WHITE HANGING HEART T-LIGHT HOLDER,18,2019-06-26 03:42:00,2.38,17038,United Kingdom,False,False,42.84
536931,21755,LOVE BUILDING BLOCK WORD,9,2019-03-18 22:05:00,6.19,17373,Netherlands,False,False,55.71
537570,84406B,CREAM CUPID HEARTS COAT HANGER,19,2019-02-14 07:06:00,2.53,17939,Spain,False,False,48.07
536643,22752,SET 7 BABUSHKA NESTING BOXES,4,2019-04-04 01:21:00,8.21,15700,EIRE,False,False,32.84
536973,71053,WHITE METAL LANTERN,17,2019-12-18 04:46:00,3.62,14551,France,False,False,61.54
537303,22752,SET 7 BABUSHKA NESTING BOXES,17,2019-10-12 12:01:00,7.11,13874,Switzerland,False,False,120.87
536066,22960,JAM MAKING SET WITH JARS,7,2019-11-11 00:42:00,4.53,16717,EIRE,False,False,31.71
537256,85123A,WHITE HANGING HEART T-LIGHT HOLDER,11,2019-10-08 00:00:00,2.66,16512,United Kingdom,False,False,29.26
537087,22752,SET 7 BABUSHKA NESTING BOXES,19,2019-06-15 14:58:00,8.08,12567,Belgium,False,False,153.52
536182,21730,GLASS STAR FROSTED T-LIGHT HOLDER,6,2019-12-10 02:45:00,4.62,14444,Netherlands,False,False,27.72
536033,21730,GLASS STAR FROSTED T-LIGHT HOLDER,19,2019-09-07 06:48:00,4.57,16968,Portugal,False,False,86.83
536964,22960,JAM MAKING SET WITH JARS,7,2019-01-13 15:56:00,4.67,15625,Netherlands,False,False,32.69
536576,22960,JAM MAKING SET WITH JARS,15,2019-08-03 10:04:00,5.24,15100,Netherlands,False,False,78.6
536188,71053,WHITE METAL LANTERN,18,2019-05-09 01:24:00,3.59,16569,Spain,False,False,64.62
536476,71270,PINK CRYSTAL GUITAR PHONE CHARM,16,2019-02-17 00:00:00,1.37,18135,Germany,False,False,21.92
536875,84879,ASSORTED COLOUR BIRD ORNAMENT,15,2019-05-07 14:00:00,1.78,17782,United Kingdom,False,False,26.7
536231,22960,JAM MAKING SET WITH JARS,13,2019-02-07 06:14:00,4.96,15481,Germany,False,False,64.48
536514,71270,PINK CRYSTAL GUITAR PHONE CHARM,8,2019-10-14 10:12:00,1.23,13683,Australia,False,False,9.84
536840,21755,LOVE BUILDING BLOCK WORD,4,2019-08-29 16:00:00,5.95,17019,Germany,False,False,23.8
537241,84406B,CREAM CUPID HEARTS COAT HANGER,2,2019-11-18 00:00:00,2.54,14320,Belgium,False,False,5.08
536639,21755,LOVE BUILDING BLOCK WORD,18,2019-05-08 00:00:00,5.83,12657,Netherlands,False,False,104.94
536371,22960,JAM MAKING SET WITH JARS,13,2019-05-01 00:00:00,5.11,13745,EIRE,False,False,66.43
536249,71053,WHITE METAL LANTERN,6,2019-11-13 13:30:00,3.42,12641,Spain,False,False,20.52
537327,22752,SET 7 BABUSHKA NESTING BOXES,8,2019-03-23 15:15:00,7.14,15614,Spain,False,False,57.12
536984,84879,ASSORTED COLOUR BIRD ORNAMENT,18,2019-01-02 11:40:00,1.86,17918,Switzerland,False,False,33.48
536773,71270,PINK CRYSTAL GUITAR PHONE CHARM,19,2019-06-13 11:26:00,1.37,12646,Germany,False,False,26.03
537382,22752,SET 7 BABUSHKA NESTING BOXES,19,2019-04-25 17:23:00,6.93,12720,Australia,False,False,131.67
536975,21730,GLASS STAR FROSTED T-LIGHT HOLDER,9,2019-02-01 14:44:00,4.38,17707,United Kingdom,False,False,39.42
536234,71270,PINK CRYSTAL GUITAR PHONE CHARM,6,2019-04-03 10:25:00,1.27,12990,Australia,False,False,7.62
536222,84406B,CREAM CUPID HEARTS COAT HANGER,8,2019-04-23 13:58:00,2.73,13691,Netherlands,False,False,21.84
536444,21755,LOVE BUILDING BLOCK WORD,9,2019-08-02 18:22:00,5.76,13902,Switzerland,False,False,51.84
537262,71053,WHITE METAL LANTERN,16,2019-07-24 14:23:00,3.2,17062,Switzerland,False,False,51.2
536126,71270,PINK CRYSTAL GUITAR PHONE CHARM,3,2019-10-20 03:42:00,1.36,14025,Germany,False,False,4.08
536671,85123A,WHITE HANGING HEART T-LIGHT HOLDER,11,2019-11-22 17:01:00,2.45,15717,Portugal,False,False,26.95
536451,22960,JAM MAKING SET WITH JARS,7,2019-09-13 17:27:00,4.64,14124,Spain,False,False,32.48
537284,71053,WHITE METAL LANTERN,7,2019-01-20 22:42:00,3.15,16370,Switzerland,False,False,22.05
536372,22960,JAM MAKING SET WITH JARS,4,2019-08-05 03:58:00,4.6,14492,Belgium,False,False,18.4
C536466,22960,JAM MAKING SET WITH JARS,-18,2019-03-07 13:47:00,4.86,,Spain,True,True,-87.48
536591,22960,JAM MAKING SET WITH JARS,10,2019-01-29 05:38:00,4.79,16996,United Kingdom,False,False,47.9
536877,21730,GLASS STAR FROSTED T-LIGHT HOLDER,18,2019-09-22 23:05:00,4.19,17686,Belgium,False,False,75.42
536479,84406B,CREAM CUPID HEARTS COAT HANGER,15,2019-03-13 02:03:00,2.89,14276,Belgium,False,False,43.35
537355,71270,PINK CRYSTAL GUITAR PHONE CHARM,19,2019-05-17 15:57:00,1.19,17773,Germany,False,False,22.61
536080,21730,GLASS STAR FROSTED T-LIGHT HOLDER,11,2019-05-12 03:09:00,4.19,14483,Germany,False,False,46.09
536316,71270,PINK CRYSTAL GUITAR PHONE CHARM,13,2019-08-24 09:58:00,1.32,,France,False,True,17.16
537225,22752,SET 7 BABUSHKA NESTING BOXES,11,2019-12-28 04:18:00,7.94,17524,Belgium,False,False,87.34
537546,22960,JAM MAKING SET WITH JARS,12,2019-03-27 07:35:00,4.68,14074,Switzerland,False,False,56.16
536151,21755,LOVE BUILDING BLOCK WORD,18,2019-12-17 12:41:00,5.94,16160,Belgium,False,False,106.92
537042,22752,SET 7 BABUSHKA NESTING BOXES,5,2019-06-25 12:13:00,7.96,15219,Switzerland,False,False,39.8
536582,21755,LOVE BUILDING BLOCK WORD,18,2019-10-10 19:07:00,5.97,13254,Portugal,False,False,107.46
536885,22423,REGENCY CAKESTAND 3 TIER,10,2019-08-06 21:47:00,12.6,15496,Netherlands,False,False,126.0
537528,22752,SET 7 BABUSHKA NESTING BOXES,14,2019-10-19 15:44:00,7.3,14202,Switzerland,False,False,102.2
536770,22423,REGENCY CAKESTAND 3 TIER,8,2019-06-24 11:18:00,12.99,17989,EIRE,False,False,103.92
537063,22752,SET 7 BABUSHKA NESTING BOXES,16,2019-10-22 10:16:00,7.75,17238,Switzerland,False,False,124.0
536242,22752,SET 7 BABUSHKA NESTING BOXES,18,2019-08-12 00:00:00,7.75,17528,Germany,False,False,139.5
536724,71053,WHITE METAL LANTERN,1,2019-10-14 12:08:00,3.61,15733,EIRE,False,False,3.61
537348,71053,WHITE METAL LANTERN,14,2019-01-13 06:50:00,3.51,13073,Australia,False,False,49.14
537167,71270,PINK CRYSTAL GUITAR PHONE CHARM,15,2019-09-18 19:06:00,1.36,15746,Spain,False,False,20.4
537106,22960,JAM MAKING SET WITH JARS,11,2019-01-11 07:26:00,5.42,14329,Netherlands,False,False,59.62
536309,84879,ASSORTED COLOUR BIRD ORNAMENT,9,2019-09-19 20:49:00,1.77,13438,Switzerland,False,False,15.93
536274,85123A,WHITE HANGING HEART T-LIGHT HOLDER,2,2019-06-19 08:27:00,2.52,16030,Switzerland,False,False,5.04
537417,84879,ASSORTED COLOUR BIRD ORNAMENT,10,2019-12-13 19:08:00,1.59,16813,Spain,False,False,15.9
537027,21730,GLASS STAR FROSTED T-LIGHT HOLDER,14,2019-02-07 02:05:00,4.08,13905,Spain,False,False,57.12
536763,85123A,WHITE HANGING HEART T-LIGHT HOLDER,7,2019-01-04 16:17:00,2.74,18234,Netherlands,False,False,19.18
536065,22423,REGENCY CAKESTAND 3 TIER,19,2019-09-25 19:30:00,12.4,13228,EIRE,False,False,235.6
537472,22752,SET 7 BABUSHKA NESTING BOXES,8,2019-10-21 17:02:00,7.29,15482,EIRE,False,False,58.32
536920,71053,WHITE METAL LANTERN,8,2019-09-02 03:12:00,3.22,12704,EIRE,False,False,25.76
536557,71270,PINK CRYSTAL GUITAR PHONE CHARM,5,2019-01-10 22:36:00,1.21,17116,Portugal,False,False,6.05
536990,22752,SET 7 BABUSHKA NESTING BOXES,12,2019-06-08 14:12:00,8.16,,Australia,False,True,97.92
536980,21755,LOVE BUILDING BLOCK WORD,9,2019-06-20 01:39:00,5.92,,Germany,False,True,53.28
537223,71270,PINK CRYSTAL GUITAR PHONE CHARM,17,2019-07-28 22:26:00,1.32,15124,Switzerland,False,False,22.44
536566,22752,SET 7 BABUSHKA NESTING BOXES,8,2019-04-18 11:50:00,7.9,17368,EIRE,False,False,63.2
537435,85123A,WHITE HANGING HEART T-LIGHT HOLDER,14,2019-05-27 09:39:00,2.44,12477,Netherlands,False,False,34.16
536859,22960,JAM MAKING SET WITH JARS,11,2019-04-02 17:05:00,5.44,,Portugal,False,True,59.84
536008,22960,JAM MAKING SET WITH JARS,7,2019-05-06 02:49:00,4.54,14359,Australia,False,False,31.78
536238,22752,SET 7 BABUSHKA NESTING BOXES,8,2019-11-04 09:51:00,7.07,16215,Netherlands,False,False,56.56
536571,21755,LOVE BUILDING BLOCK WORD,5,2019-08-07 00:00:00,5.75,13655,Germany,False,False,28.75
537398,22960,JAM MAKING SET WITH JARS,10,2019-06-30 08:14:00,5.01,12389,United Kingdom,False,False,50.1
536454,71053,WHITE METAL LANTERN,4,2019-06-08 00:00:00,3.49,13141,United Kingdom,False,False,13.96
C537596,21755,LOVE BUILDING BLOCK WORD,-13,2019-12-19 00:00:00,6.3,13156,Spain,True,False,-81.9
537365,21730,GLASS STAR FROSTED T-LIGHT HOLDER,19,2019-12-01 20:38:00,4.1,12683,United Kingdom,False,False,77.9
537248,84879,ASSORTED COLOUR BIRD ORNAMENT,17,2019-09-18 20:40:00,1.8,12962,EIRE,False,False,30.6
536844,22960,JAM MAKING SET WITH JARS,3,2019-11-27 00:00:00,4.83,16923,Germany,False,False,14.49
536212,71053,WHITE METAL LANTERN,11,2019-01-18 00:00:00,3.31,14985,Germany,False,False,36.41
536143,22423,REGENCY CAKESTAND 3 TIER,1,2019-12-02 17:05:00,12.04,14248,Netherlands,False,False,12.04
536240,71053,WHITE METAL LANTERN,4,2019-04-25 13:11:00,3.11,14181,EIRE,False,False,12.44
536265,22960,JAM MAKING SET WITH JARS,18,2019-10-25 11:47:00,4.71,17253,Germany,False,False,84.78
537509,22752,SET 7 BABUSHKA NESTING BOXES,13,2019-02-07 05:33:00,7.42,13794,United Kingdom,False,False,96.46
537084,84879,ASSORTED COLOUR BIRD ORNAMENT,19,2019-11-02 05:34:00,1.61,16814,Germany,False,False,30.59
C536872,21755,LOVE BUILDING BLOCK WORD,-5,2019-02-04 09:12:00,6.38,17957,Germany,True,False,-31.9
536089,71270,PINK CRYSTAL GUITAR PHONE CHARM,1,2019-09-13 21:00:00,1.23,18063,Belgium,False,False,1.23
537659,85123A,WHITE HANGING HEART T-LIGHT HOLDER,1,2019-08-24 00:00:00,2.77,17794,Australia,False,False,2.77
537493,71053,WHITE METAL LANTERN,19,2019-03-24 00:00:00,3.33,14687,Australia,False,False,63.27
536519,84406B,CREAM CUPID HEARTS COAT HANGER,9,2019-06-18 00:00:00,2.71,18044,Spain,False,False,24.39
537120,71053,WHITE METAL LANTERN,15,2019-04-07 09:33:00,3.12,12542,Portugal,False,False,46.8
536403,85123A,WHITE HANGING HEART T-LIGHT HOLDER,17,2019-08-25 00:00:00,2.51,16450,Spain,False,False,42.67
536033,21755,LOVE BUILDING BLOCK WORD,16,2019-12-20 11:00:00,5.71,14219,Spain,False,False,91.36
536602,84879,ASSORTED COLOUR BIRD ORNAMENT,4,2019-12-17 07:16:00,1.86,12914,France,False,False,7.44
537420,71053,WHITE METAL LANTERN,8,2019-01-22 12:14:00,3.06,18008,France,False,False,24.48
536093,22423,REGENCY CAKESTAND 3 TIER,3,2019-04-02 06:29:00,13.49,15174,Portugal,False,False,40.47
536206,21755,LOVE BUILDING BLOCK WORD,3,2019-02-28 08:57:00,5.58,17804,Australia,False,False,16.74
536671,85123A,WHITE HANGING HEART T-LIGHT HOLDER,13,2019-03-09 00:00:00,2.41,16083,Switzerland,False,False,31.33
536812,21755,LOVE BUILDING BLOCK WORD,16,2019-03-30 15:57:00,6.3,18191,Portugal,False,False,100.8
536170,71270,PINK CRYSTAL GUITAR PHONE CHARM,3,2019-02-03 23:42:00,1.21,13475,United Kingdom,False,False,3.63
536437,71270,PINK CRYSTAL GUITAR PHONE CHARM,2,2019-02-03 00:00:00,1.33,16238,United Kingdom,False,False,2.66
536874,84406B,CREAM CUPID HEARTS COAT HANGER,19,2019-10-24 21:36:00,2.72,,Portugal,False,True,51.68
537561,71053,WHITE METAL LANTERN,17,2019-11-01 00:00:00,3.68,15146,United Kingdom,False,False,62.56
537426,22960,JAM MAKING SET WITH JARS,2,2019-11-19 00:00:00,5.23,15450,Portugal,False,False,10.46
536624,84406B,CREAM CUPID HEARTS COAT HANGER,15,2019-01-06 21:34:00,2.53,16336,Switzerland,False,False,37.95
C536771,22752,SET 7 BABUSHKA NESTING BOXES,-19,2019-09-24 00:00:00,7.06,13646,Portugal,True,False,-134.14
537399,22960,JAM MAKING SET WITH JARS,15,2019-05-29 00:00:00,4.7,15871,Netherlands,False,False,70.5
536521,22423,REGENCY CAKESTAND 3 TIER,13,2019-12-13 00:00:00,11.76,16584,France,False,False,152.88
536329,84879,ASSORTED COLOUR BIRD ORNAMENT,17,2019-02-11 10:12:00,1.62,14333,Australia,False,False,27.54
536766,21730,GLASS STAR FROSTED T-LIGHT HOLDER,11,2019-04-09 00:00:00,4.03,16736,Spain,False,False,44.33
536558,22423,REGENCY CAKESTAND 3 TIER,5,2019-06-25 23:30:00,13.06,12700,Germany,False,False,65.3
536153,21755,LOVE BUILDING BLOCK WORD,1,2019-12-23 03:42:00,6.03,12973,Australia,False,False,6.03
536701,21730,GLASS STAR FROSTED T-LIGHT HOLDER,13,2019-04-20 02:07:00,4.08,14088,Portugal,False,False,53.04
537026,71053,WHITE METAL LANTERN,17,2019-01-15 11:13:00,3.41,16025,Portugal,False,False,57.97
536961,84406B,CREAM CUPID HEARTS COAT HANGER,2,2019-01-20 02:32:00,2.88,13919,France,False,False,5.76
537538,22752,SET 7 BABUSHKA NESTING BOXES,15,2019-11-08 06:25:00,7.63,14225,United Kingdom,False,False,114.45
537561,21755,LOVE BUILDING BLOCK WORD,15,2019-10-15 10:42:00,5.39,13928,Australia,False,False,80.85
536239,84406B,CREAM CUPID HEARTS COAT HANGER,18,2019-10-01 00:00:00,2.49,17636,Spain,False,False,44.82
536768,71053,WHITE METAL LANTERN,19,2019-01-28 00:00:00,3.27,12377,Belgium,False,False,62.13
536986,84879,ASSORTED COLOUR BIRD ORNAMENT,12,2019-06-24 06:24:00,1.67,15935,Portugal,False,False,20.04
536458,84879,ASSORTED COLOUR BIRD ORNAMENT,4,2019-08-12 02:42:00,1.69,15117,Belgium,False,False,6.76
536928,21755,LOVE BUILDING BLOCK WORD,3,2019-07-07 02:57:00,6.17,16636,United Kingdom,False,False,18.51
536119,84879,ASSORTED COLOUR BIRD ORNAMENT,5,2019-08-31 22:28:00,1.7,17521,Australia,False,False,8.5
537116,85123A,WHITE HANGING HEART T-LIGHT HOLDER,3,2019-02-07 14:38:00,2.49,17725,France,False,False,7.47
536295,71053,WHITE METAL LANTERN,3,2019-06-17 20:43:00,3.63,16188,Netherlands,False,False,10.89
536756,21730,GLASS STAR FROSTED T-LIGHT HOLDER,16,2019-10-01 00:43:00,4.41,17879,EIRE,False,False,70.56
536280,71053,WHITE METAL LANTERN,6,2019-08-03 16:39:00,3.27,14301,Belgium,False,False,19.62
537197,22423,REGENCY CAKESTAND 3 TIER,18,2019-11-10 15:20:00,13.78,,EIRE,False,True,248.04
537581,22752,SET 7 BABUSHKA NESTING BOXES,2,2019-03-17 14:33:00,7.05,12378,Germany,False,False,14.1
536435,22752,SET 7 BABUSHKA NESTING BOXES,2,2019-11-15 02:22:00,7.74,14928,Germany,False,False,15.48
537310,71053,WHITE METAL LANTERN,18,2019-04-12 00:00:00,3.72,13850,Netherlands,False,False,66.96
536175,22752,SET 7 BABUSHKA NESTING BOXES,7,2019-02-10 12:27:00,7.13,,Netherlands,False,True,49.91
536480,84879,ASSORTED COLOUR BIRD ORNAMENT,9,2019-12-11 08:36:00,1.66,17315,Belgium,False,False,14.94
537503,71270,PINK CRYSTAL GUITAR PHONE CHARM,18,2019-06-26 00:00:00,1.16,17907,Netherlands,False,False,20.88
C536552,21730,GLASS STAR FROSTED T-LIGHT HOLDER,-4,2019-08-30 16:15:00,4.42,15962,United Kingdom,True,False,-17.68
536734,71270,PINK CRYSTAL GUITAR PHONE CHARM,17,2019-03-20 18:37:00,1.32,16697,Portugal,False,False,22.44
536253,21755,LOVE BUILDING BLOCK WORD,12,2019-04-21 00:00:00,5.36,15773,Belgium,False,False,64.32
536044,21755,LOVE BUILDING BLOCK WORD,10,2019-09-17 03:58:00,5.55,14827,Portugal,False,False,55.5
537265,84406B,CREAM CUPID HEARTS COAT HANGER,9,2019-09-01 18:59:00,2.92,17847,Belgium,False,False,26.28
537111,84879,ASSORTED COLOUR BIRD ORNAMENT,3,2019-02-21 01:28:00,1.55,17350,United Kingdom,False,False,4.65
537207,22752,SET 7 BABUSHKA NESTING BOXES,17,2019-11-14 06:41:00,8.25,14914,Belgium,False,False,140.25
537446,22423,REGENCY CAKESTAND 3 TIER,12,2019-03-28 00:00:00,12.82,17770,Portugal,False,False,153.84
537018,21755,LOVE BUILDING BLOCK WORD,9,2019-04-25 23:39:00,5.76,17195,Belgium,False,False,51.84
536174,21755,LOVE BUILDING BLOCK WORD,1,2019-07-22 02:58:00,5.94,18005,France,False,False,5.94
536955,71053,WHITE METAL LANTERN,10,2019-11-15 00:00:00,3.34,15995,France,False,False,33.4
536303,22960,JAM MAKING SET WITH JARS,6,2019-02-11 19:34:00,4.48,,Germany,False,True,26.88
537111,22423,REGENCY CAKESTAND 3 TIER,3,2019-01-09 00:00:00,13.69,13588,United Kingdom,False,False,41.07
536167,22752,SET 7 BABUSHKA NESTING BOXES,3,2019-09-09 09:56:00,7.56,15564,Netherlands,False,False,22.68
537171,22423,REGENCY CAKESTAND 3 TIER,10,2019-03-29 00:00:00,12.43,17772,Germany,False,False,124.3
536041,71053,WHITE METAL LANTERN,9,2019-07-12 08:39:00,3.48,18059,Netherlands,False,False,31.32
536311,22752,SET 7 BABUSHKA NESTING BOXES,11,2019-11-26 04:00:00,7.77,16682,Australia,False,False,85.47
536490,84406B,CREAM CUPID HEARTS COAT HANGER,6,2019-06-30 00:00:00,2.6,16577,Australia,False,False,15.6
537239,71270,PINK CRYSTAL GUITAR PHONE CHARM,11,2019-09-15 13:15:00,1.2,15785,Australia,False,False,13.2
536428,71270,PINK CRYSTAL GUITAR PHONE CHARM,2,2019-11-09 05:27:00,1.13,14369,Portugal,False,False,2.26
537488,71053,WHITE METAL LANTERN,14,2019-06-02 01:59:00,3.49,17590,Switzerland,False,False,48.86
537513,85123A,WHITE HANGING HEART T-LIGHT HOLDER,15,2019-06-19 23:19:00,2.66,14440,Spain,False,False,39.9
537557,22960,JAM MAKING SET WITH JARS,18,2019-11-28 01:59:00,4.68,12910,Switzerland,False,False,84.24
536364,22752,SET 7 BABUSHKA NESTING BOXES,14,2019-09-22 21:30:00,7.18,13690,United Kingdom,False,False,100.52
537371,84406B,CREAM CUPID HEARTS COAT HANGER,16,2019-03-18 21:15:00,2.97,,EIRE,False,True,47.52
536394,71053,WHITE METAL LANTERN,7,2019-11-19 21:49:00,3.21,14604,Switzerland,False,False,22.47
536074,21730,GLASS STAR FROSTED T-LIGHT HOLDER,6,2019-12-23 04:27:00,4.0,15190,Netherlands,False,False,24.0
537504,84406B,CREAM CUPID HEARTS COAT HANGER,2,2019-07-21 00:00:00,2.72,17319,Portugal,False,False,5.44
537295,71270,PINK CRYSTAL GUITAR PHONE CHARM,7,2019-08-14 05:27:00,1.25,14655,Netherlands,False,False,8.75
C536808,21730,GLASS STAR FROSTED T-LIGHT HOLDER,-2,2019-03-21 00:00:00,3.92,12381,France,True,False,-7.84
536996,85123A,WHITE HANGING HEART T-LIGHT HOLDER,10,2019-01-09 18:05:00,2.39,16976,France,False,False,23.9
537051,22423,REGENCY CAKESTAND 3 TIER,3,2019-10-29 03:48:00,13.27,18048,Switzerland,False,False,39.81
536457,85123A,WHITE HANGING HEART T-LIGHT HOLDER,17,2019-10-10 21:07:00,2.76,17215,Germany,False,False,46.92
537235,84406B,CREAM CUPID HEARTS COAT HANGER,10,2019-10-22 20:21:00,2.9,12850,United Kingdom,False,False,29.0
536228,21755,LOVE BUILDING BLOCK WORD,4,2019-04-04 16:57:00,5.99,,Netherlands,False,True,23.96
536802,21755,LOVE BUILDING BLOCK WORD,15,2019-12-10 00:00:00,6.19,12433,EIRE,False,False,92.85
536275,22752,SET 7 BABUSHKA NESTING BOXES,12,2019-02-12 22:24:00,6.99,17133,Australia,False,False,83.88
536420,22752,SET 7 BABUSHKA NESTING BOXES,5,2019-08-07 05:30:00,8.41,17158,Portugal,False,False,42.05
537638,84879,ASSORTED COLOUR BIRD ORNAMENT,14,2019-04-22 08:19:00,1.57,14550,Germany,False,False,21.98
537343,71270,PINK CRYSTAL GUITAR PHONE CHARM,6,2019-06-18 00:00:00,1.36,17350,Germany,False,False,8.16
536210,22423,REGENCY CAKESTAND 3 TIER,16,2019-07-16 14:53:00,13.08,16008,Belgium,False,False,209.28
536917,21755,LOVE BUILDING BLOCK WORD,13,2019-09-17 23:24:00,5.7,13741,Netherlands,False,False,74.1
537020,22752,SET 7 BABUSHKA NESTING BOXES,11,2019-07-11 02:03:00,7.52,17513,Germany,False,False,82.72
536435,22752,SET 7 BABUSHKA NESTING BOXES,10,2019-12-08 03:18:00,7.56,12661,United Kingdom,False,False,75.6
537408,71053,WHITE METAL LANTERN,3,2019-02-04 12:45:00,3.06,15691,Portugal,False,False,9.18
536413,84406B,CREAM CUPID HEARTS COAT HANGER,5,2019-01-05 08:53:00,2.48,12464,EIRE,False,False,12.4
537572,85123A,WHITE HANGING HEART T-LIGHT HOLDER,3,2019-10-30 09:36:00,2.35,14798,United Kingdom,False,False,7.05
536486,84406B,CREAM CUPID HEARTS COAT HANGER,8,2019-08-12 06:29:00,2.66,,Netherlands,False,True,21.28
536465,71270,PINK CRYSTAL GUITAR PHONE CHARM,10,2019-05-31 10:14:00,1.28,15979,Switzerland,False,False,12.8
536320,71270,PINK CRYSTAL GUITAR PHONE CHARM,5,2019-07-13 00:00:00,1.2,15354,France,False,False,6.0
537224,84406B,CREAM CUPID HEARTS COAT HANGER,4,2019-12-02 11:04:00,2.93,13197,Netherlands,False,False,11.72
536425,71270,PINK CRYSTAL GUITAR PHONE CHARM,10,2019-05-08 00:00:00,1.33,14858,Belgium,False,False,13.3
C537163,84879,ASSORTED COLOUR BIRD ORNAMENT,-5,2019-05-12 00:00:00,1.65,17905,Germany,True,False,-8.25
536248,71053,WHITE METAL LANTERN,12,2019-09-29 02:23:00,3.24,16612,Belgium,False,False,38.88
536909,21730,GLASS STAR FROSTED T-LIGHT HOLDER,13,2019-12-03 22:21:00,4.38,13052,Australia,False,False,56.94
537219,22423,REGENCY CAKESTAND 3 TIER,15,2019-02-22 07:36:00,12.9,14919,Portugal,False,False,193.5
537381,84406B,CREAM CUPID HEARTS COAT HANGER,1,2019-03-21 10:58:00,2.52,14473,United Kingdom,False,False,2.52
536047,71270,PINK CRYSTAL GUITAR PHONE CHARM,13,2019-10-17 18:18:00,1.29,,United Kingdom,False,True,16.77
536371,21755,LOVE BUILDING BLOCK WORD,8,2019-05-11 07:51:00,5.85,13598,Australia,False,False,46.8
536268,84406B,CREAM CUPID HEARTS COAT HANGER,7,2019-10-26 06:44:00,2.48,12791,EIRE,False,False,17.36
537050,85123A,WHITE HANGING HEART T-LIGHT HOLDER,4,2019-07-29 15:08:00,2.68,14801,Australia,False,False,10.72
536176,22960,JAM MAKING SET WITH JARS,6,2019-12-11 02:35:00,4.49,16857,France,False,False,26.94
537233,21730,GLASS STAR FROSTED T-LIGHT HOLDER,2,2019-08-23 06:47:00,4.4,13467,United Kingdom,False,False,8.8
536066,21730,GLASS STAR FROSTED T-LIGHT HOLDER,15,2019-02-15 00:00:00,4.09,13224,Netherlands,False,False,61.35
536151,85123A,WHITE HANGING HEART T-LIGHT HOLDER,15,2019-07-17 11:58:00,2.54,12836,Belgium,False,False,38.1
536600,84879,ASSORTED COLOUR BIRD ORNAMENT,12,2019-08-12 13:03:00,1.66,12627,United Kingdom,False,False,19.92
537295,22423,REGENCY CAKESTAND 3 TIER,15,2019-10-17 16:46:00,13.27,16341,EIRE,False,False,199.05
537385,85123A,WHITE HANGING HEART T-LIGHT HOLDER,14,2019-01-28 00:00:00,2.53,15210,Belgium,False,False,35.42
536795,22752,SET 7 BABUSHKA NESTING BOXES,10,2019-12-16 22:03:00,7.11,13772,Germany,False,False,71.1
536146,84879,ASSORTED COLOUR BIRD ORNAMENT,7,2019-04-17 00:00:00,1.58,13137,United Kingdom,False,False,11.06
536936,71053,WHITE METAL LANTERN,16,2019-08-01 12:00:00,3.1,14425,Belgium,False,False,49.6
537042,71053,WHITE METAL LANTERN,11,2019-08-15 00:00:00,3.08,18046,Netherlands,False,False,33.88
536976,85123A,WHITE HANGING HEART T-LIGHT HOLDER,2,2019-07-21 14:13:00,2.57,,EIRE,False,True,5.14
536144,21755,LOVE BUILDING BLOCK WORD,1,2019-06-01 22:41:00,5.83,17498,United Kingdom,False,False,5.83
537063,84879,ASSORTED COLOUR BIRD ORNAMENT,9,2019-02-10 02:34:00,1.56,16106,EIRE,False,False,14.04
537025,22423,REGENCY CAKESTAND 3 TIER,13,2019-05-12 21:56:00,12.37,17443,Spain,False,False,160.81
536913,85123A,WHITE HANGING HEART T-LIGHT HOLDER,19,2019-03-07 11:48:00,2.58,14504,Australia,False,False,49.02
537522,71053,WHITE METAL LANTERN,3,2019-12-02 05:42:00,3.31,14824,France,False,False,9.93
537497,22423,REGENCY CAKESTAND 3 TIER,9,2019-11-05 21:58:00,13.4,14321,Netherlands,False,False,120.6
537284,84879,ASSORTED COLOUR BIRD ORNAMENT,9,2019-03-02 07:55:00,1.8,,United Kingdom,False,True,16.2
537054,71053,WHITE METAL LANTERN,4,2019-06-28 22:45:00,3.55,14692,France,False,False,14.2
537302,21755,LOVE BUILDING BLOCK WORD,14,2019-08-01 15:16:00,5.74,15741,Netherlands,False,False,80.36
537406,84406B,CREAM CUPID HEARTS COAT HANGER,9,2019-06-23 16:31:00,3.0,,United Kingdom,False,True,27.0
536328,22752,SET 7 BABUSHKA NESTING BOXES,7,2019-05-28 11:56:00,7.88,17088,United Kingdom,False,False,55.16
536843,21730,GLASS STAR FROSTED T-LIGHT HOLDER,4,2019-04-17 00:15:00,4.08,13043,Australia,False,False,16.32
536706,84879,ASSORTED COLOUR BIRD ORNAMENT,8,2019-02-26 06:47:00,1.53,14650,France,False,False,12.24
537155,71053,WHITE METAL LANTERN,3,2019-05-10 14:40:00,3.14,14600,Portugal,False,False,9.42
537467,21730,GLASS STAR FROSTED T-LIGHT HOLDER,5,2019-04-18 08:23:00,4.34,14026,Belgium,False,False,21.7
536566,85123A,WHITE HANGING HEART T-LIGHT HOLDER,14,2019-02-22 00:00:00,2.59,13524,Netherlands,False,False,36.26
536273,71053,WHITE METAL LANTERN,4,2019-01-12 15:05:00,3.48,13158,Spain,False,False,13.92
537447,22423,REGENCY CAKESTAND 3 TIER,12,2019-04-25 11:17:00,12.18,13617,Spain,False,False,146.16
C536870,85123A,WHITE HANGING HEART T-LIGHT HOLDER,-6,2019-01-01 23:44:00,2.49,14147,Belgium,True,False,-14.94
536350,22960,JAM MAKING SET WITH JARS,4,2019-11-06 02:32:00,5.25,12899,Belgium,False,False,21.0
537159,22423,REGENCY CAKESTAND 3 TIER,9,2019-05-20 00:00:00,12.41,14717,United Kingdom,False,False,111.69
536125,22960,JAM MAKING SET WITH JARS,16,2019-01-17 17:40:00,4.96,15256,Spain,False,False,79.36
536197,85123A,WHITE HANGING HEART T-LIGHT HOLDER,7,2019-04-07 11:05:00,2.56,14888,EIRE,False,False,17.92
537077,21755,LOVE BUILDING BLOCK WORD,19,2019-11-21 15:13:00,5.47,15736,United Kingdom,False,False,103.93
536680,22960,JAM MAKING SET WITH JARS,8,2019-03-13 05:34:00,5.0,14168,France,False,False,40.0
537546,71270,PINK CRYSTAL GUITAR PHONE CHARM,8,2019-12-08 07:25:00,1.31,13791,United Kingdom,False,False,10.48
536054,22960,JAM MAKING SET WITH JARS,13,2019-06-01 20:28:00,4.69,15460,EIRE,False,False,60.97
536469,71270,PINK CRYSTAL GUITAR PHONE CHARM,5,2019-06-28 01:09:00,1.3,13422,Netherlands,False,False,6.5
536627,84406B,CREAM CUPID HEARTS COAT HANGER,4,2019-07-28 18:43:00,2.6,16447,Switzerland,False,False,10.4
536458,21730,GLASS STAR FROSTED T-LIGHT HOLDER,17,2019-01-12 04:02:00,4.13,15177,Spain,False,False,70.21
536346,22960,JAM MAKING SET WITH JARS,10,2019-07-12 20:38:00,4.73,14226,EIRE,False,False,47.3
537476,84406B,CREAM CUPID HEARTS COAT HANGER,19,2019-04-08 14:54:00,2.76,14546,Belgium,False,False,52.44
536204,84879,ASSORTED COLOUR BIRD ORNAMENT,12,2019-05-07 15:46:00,1.72,16037,Switzerland,False,False,20.64
536451,21730,GLASS STAR FROSTED T-LIGHT HOLDER,1,2019-06-16 00:00:00,4.64,,EIRE,False,True,4.64
536982,22752,SET 7 BABUSHKA NESTING BOXES,13,2019-01-07 15:09:00,6.9,16119,EIRE,False,False,89.7
536987,22752,SET 7 BABUSHKA NESTING BOXES,9,2019-10-29 00:00:00,7.62,,Netherlands,False,True,68.58
C536948,21730,GLASS STAR FROSTED T-LIGHT HOLDER,-13,2019-06-19 11:00:00,3.99,14447,Netherlands,True,False,-51.87
536123,22423,REGENCY CAKESTAND 3 TIER,9,2019-02-06 11:40:00,14.01,15391,Spain,False,False,126.09
537473,22752,SET 7 BABUSHKA NESTING BOXES,17,2019-10-07 15:12:00,7.78,13202,Netherlands,False,False,132.26
536139,71270,PINK CRYSTAL GUITAR PHONE CHARM,15,2019-02-14 00:00:00,1.16,13290,Australia,False,False,17.4
536094,71053,WHITE METAL LANTERN,2,2019-02-13 23:26:00,3.54,,EIRE,False,True,7.08
536581,22960,JAM MAKING SET WITH JARS,19,2019-07-28 00:00:00,5.41,14648,Switzerland,False,False,102.79
536290,71270,PINK CRYSTAL GUITAR PHONE CHARM,14,2019-03-21 16:14:00,1.31,14161,Switzerland,False,False,18.34
536985,85123A,WHITE HANGING HEART T-LIGHT HOLDER,14,2019-11-18 11:16:00,2.44,16310,Germany,False,False,34.16
536118,21730,GLASS STAR FROSTED T-LIGHT HOLDER,11,2019-12-19 21:34:00,4.29,,Australia,False,True,47.19
536882,71053,WHITE METAL LANTERN,9,2019-02-22 14:36:00,3.51,13117,Australia,False,False,31.59
536894,21730,GLASS STAR FROSTED T-LIGHT HOLDER,15,2019-06-25 12:27:00,4.59,15738,United Kingdom,False,False,68.85
536104,22423,REGENCY CAKESTAND 3 TIER,15,2019-09-10 12:37:00,13.57,13196,Australia,False,False,203.55
536573,22423,REGENCY CAKESTAND 3 TIER,2,2019-06-25 09:32:00,13.14,12902,Portugal,False,False,26.28
536426,71053,WHITE METAL LANTERN,12,2019-12-13 01:17:00,3.57,14764,Netherlands,False,False,42.84
537004,84406B,CREAM CUPID HEARTS COAT HANGER,7,2019-12-18 00:00:00,2.97,15237,Netherlands,False,False,20.79
536549,84879,ASSORTED COLOUR BIRD ORNAMENT,17,2019-09-04 06:05:00,1.69,,Belgium,False,True,28.73
537132,22423,REGENCY CAKESTAND 3 TIER,13,2019-10-18 00:00:00,12.8,15852,Belgium,False,False,166.4
537574,21730,GLASS STAR FROSTED T-LIGHT HOLDER,16,2019-02-14 21:38:00,3.92,14580,Spain,False,False,62.72
536532,22960,JAM MAKING SET WITH JARS,4,2019-07-09 06:37:00,5.32,13197,Germany,False,False,21.28
536592,21755,LOVE BUILDING BLOCK WORD,13,2019-10-11 19:21:00,5.99,15887,Portugal,False,False,77.87
536489,71270,PINK CRYSTAL GUITAR PHONE CHARM,12,2019-01-08 00:00:00,1.17,18184,France,False,False,14.04
537281,84879,ASSORTED COLOUR BIRD ORNAMENT,6,2019-03-27 00:00:00,1.61,12430,Portugal,False,False,9.66
536533,71053,WHITE METAL LANTERN,4,2019-08-21 23:05:00,3.54,13008,France,False,False,14.16
537559,22752,SET 7 BABUSHKA NESTING BOXES,10,2019-03-05 00:00:00,7.13,13855,Germany,False,False,71.3
536133,22960,JAM MAKING SET WITH JARS,4,2019-03-24 19:29:00,4.63,18163,France,False,False,18.52
537368,22752,SET 7 BABUSHKA NESTING BOXES,19,2019-11-12 14:36:00,7.99,16282,Spain,False,False,151.81
536152,71270,PINK CRYSTAL GUITAR PHONE CHARM,9,2019-06-05 05:12:00,1.17,13201,United Kingdom,False,False,10.53
537380,84879,ASSORTED COLOUR BIRD ORNAMENT,18,2019-08-17 00:00:00,1.54,15893,Switzerland,False,False,27.72
537404,71053,WHITE METAL LANTERN,2,2019-09-30 19:05:00,3.47,17100,EIRE,False,False,6.94
536638,22752,SET 7 BABUSHKA NESTING BOXES,3,2019-10-19 18:31:00,7.57,15146,EIRE,False,False,22.71
536663,21730,GLASS STAR FROSTED T-LIGHT HOLDER,7,2019-06-02 02:30:00,4.04,,Australia,False,True,28.28
537222,22423,REGENCY CAKESTAND 3 TIER,3,2019-02-06 11:02:00,12.03,16180,Germany,False,False,36.09
536125,21755,LOVE BUILDING BLOCK WORD,13,2019-09-15 08:54:00,6.5,15905,Spain,False,False,84.5
536823,22423,REGENCY CAKESTAND 3 TIER,5,2019-12-15 15:30:00,11.79,14904,EIRE,False,False,58.95
536294,85123A,WHITE HANGING HEART T-LIGHT HOLDER,9,2019-08-18 16:55:00,2.38,,Switzerland,False,True,21.42
536927,71270,PINK CRYSTAL GUITAR PHONE CHARM,4,2019-05-09 18:44:00,1.37,,Australia,False,True,5.48
536230,85123A,WHITE HANGING HEART T-LIGHT HOLDER,2,2019-07-04 00:00:00,2.78,12872,Belgium,False,False,5.56
536575,84879,ASSORTED COLOUR BIRD ORNAMENT,19,2019-06-09 17:55:00,1.65,13751,Belgium,False,False,31.35
C536002,22752,SET 7 BABUSHKA NESTING BOXES,-7,2019-01-28 11:16:00,7.45,17073,Germany,True,False,-52.15
536736,71270,PINK CRYSTAL GUITAR PHONE CHARM,13,2019-12-09 04:10:00,1.31,15748,Belgium,False,False,17.03
536862,22960,JAM MAKING SET WITH JARS,7,2019-06-13 00:00:00,5.28,14572,Spain,False,False,36.96
536299,84406B,CREAM CUPID HEARTS COAT HANGER,16,2019-04-06 01:03:00,2.52,15171,Australia,False,False,40.32
536105,21730,GLASS STAR FROSTED T-LIGHT HOLDER,10,2019-04-16 23:18:00,4.24,18028,EIRE,False,False,42.4
536736,71270,PINK CRYSTAL GUITAR PHONE CHARM,2,2019-11-06 09:21:00,1.27,,United Kingdom,False,True,2.54
537445,22752,SET 7 BABUSHKA NESTING BOXES,3,2019-06-26 06:29:00,6.89,16158,Netherlands,False,False,20.67
537048,22423,REGENCY CAKESTAND 3 TIER,4,2019-02-04 14:29:00,11.93,14117,Switzerland,False,False,47.72
536899,21755,LOVE BUILDING BLOCK WORD,4,2019-04-10 22:33:00,5.72,14698,Portugal,False,False,22.88
536169,21755,LOVE BUILDING BLOCK WORD,7,2019-09-27 02:24:00,5.86,12923,Switzerland,False,False,41.02
537656,84879,ASSORTED COLOUR BIRD ORNAMENT,19,2019-04-08 03:25:00,1.74,15571,Belgium,False,False,33.06
537586,84879,ASSORTED COLOUR BIRD ORNAMENT,11,2019-07-19 17:16:00,1.62,,Spain,False,True,17.82
537659,22423,REGENCY CAKESTAND 3 TIER,19,2019-03-01 01:08:00,12.33,18192,Spain,False,False,234.27
536182,22423,REGENCY CAKESTAND 3 TIER,11,2019-03-24 19:38:00,11.91,14148,Netherlands,False,False,131.01
536976,22423,REGENCY CAKESTAND 3 TIER,2,2019-09-24 20:13:00,12.37,17406,Portugal,False,False,24.74
537152,71053,WHITE METAL LANTERN,2,2019-02-16 08:12:00,3.51,16305,Belgium,False,False,7.02
C537029,22960,JAM MAKING SET WITH JARS,-18,2019-09-23 20:58:00,4.69,17299,Netherlands,True,False,-84.42
537416,85123A,WHITE HANGING HEART T-LIGHT HOLDER,12,2019-03-04 04:35:00,2.36,12833,Australia,False,False,28.32
536604,21730,GLASS STAR FROSTED T-LIGHT HOLDER,9,2019-11-24 17:04:00,4.6,14438,United Kingdom,False,False,41.4
536873,84879,ASSORTED COLOUR BIRD ORNAMENT,5,2019-02-18 03:05:00,1.74,,United Kingdom,False,True,8.7
537585,71270,PINK CRYSTAL GUITAR PHONE CHARM,16,2019-11-20 02:14:00,1.25,17297,Germany,False,False,20.0
C537452,84879,ASSORTED COLOUR BIRD ORNAMENT,-4,2019-12-30 06:44:00,1.63,17982,Portugal,True,False,-6.52
537461,84879,ASSORTED COLOUR BIRD ORNAMENT,18,2019-10-29 00:00:00,1.58,16062,EIRE,False,False,28.44
536516,85123A,WHITE HANGING HEART T-LIGHT HOLDER,10,2019-04-24 13:24:00,2.55,15270,Germany,False,False,25.5
537305,71053,WHITE METAL LANTERN,4,2019-04-12 16:38:00,3.59,15739,Australia,False,False,14.36
536041,84879,ASSORTED COLOUR BIRD ORNAMENT,14,2019-02-16 22:06:00,1.82,17397,Netherlands,False,False,25.48
537090,21755,LOVE BUILDING BLOCK WORD,17,2019-07-21 08:25:00,6.34,15028,Belgium,False,False,107.78
536765,21730,GLASS STAR FROSTED T-LIGHT HOLDER,15,2019-08-12 00:00:00,4.39,13041,France,False,False,65.85
537289,22960,JAM MAKING SET WITH JARS,13,2019-03-13 12:35:00,5.34,14688,Netherlands,False,False,69.42
537360,21755,LOVE BUILDING BLOCK WORD,16,2019-03-24 04:49:00,6.13,18049,Belgium,False,False,98.08
536897,85123A,WHITE HANGING HEART T-LIGHT HOLDER,13,2019-07-27 05:58:00,2.45,15390,Spain,False,False,31.85
536533,22752,SET 7 BABUSHKA NESTING BOXES,16,2019-01-08 13:21:00,7.12,15550,Portugal,False,False,113.92
536673,21755,LOVE BUILDING BLOCK WORD,1,2019-07-09 00:00:00,5.64,16119,Australia,False,False,5.64
537126,21730,GLASS STAR FROSTED T-LIGHT HOLDER,15,2019-08-31 04:49:00,4.26,13108,Portugal,False,False,63.9
536723,85123A,WHITE HANGING HEART T-LIGHT HOLDER,15,2019-10-25 18:37:00,2.64,16325,Belgium,False,False,39.6
537663,22423,REGENCY CAKESTAND 3 TIER,5,2019-09-28 16:02:00,13.12,15038,United Kingdom,False,False,65.6
536574,22423,REGENCY CAKESTAND 3 TIER,2,2019-03-23 03:42:00,12.01,12954,Germany,False,False,24.02
536385,22752,SET 7 BABUSHKA NESTING BOXES,4,2019-05-14 00:00:00,7.29,13246,Spain,False,False,29.16
537531,22752,SET 7 BABUSHKA NESTING BOXES,13,2019-12-06 22:16:00,7.58,15169,Australia,False,False,98.54
536772,22423,REGENCY CAKESTAND 3 TIER,18,2019-09-15 00:00:00,13.06,12457,United Kingdom,False,False,235.08
536902,21755,LOVE BUILDING BLOCK WORD,6,2019-08-14 16:34:00,6.13,14199,Netherlands,False,False,36.78
536590,71053,WHITE METAL LANTERN,4,2019-05-22 11:30:00,3.27,16581,Netherlands,False,False,13.08
536386,22960,JAM MAKING SET WITH JARS,7,2019-09-14 00:00:00,4.72,18049,United Kingdom,False,False,33.04
536211,71270,PINK CRYSTAL GUITAR PHONE CHARM,14,2019-01-13 22:59:00,1.13,17747,Netherlands,False,False,15.82
536472,85123A,WHITE HANGING HEART T-LIGHT HOLDER,4,2019-12-13 06:10:00,2.65,15903,Portugal,False,False,10.6
536810,21730,GLASS STAR FROSTED T-LIGHT HOLDER,12,2019-09-14 07:09:00,4.62,13439,EIRE,False,False,55.44
536813,22423,REGENCY CAKESTAND 3 TIER,9,2019-12-22 06:00:00,12.83,18053,Belgium,False,False,115.47
536169,84879,ASSORTED COLOUR BIRD ORNAMENT,11,2019-02-22 00:00:00,1.72,16103,Netherlands,False,False,18.92
536717,22960,JAM MAKING SET WITH JARS,5,2019-04-02 03:42:00,4.62,13452,Switzerland,False,False,23.1
536081,85123A,WHITE HANGING HEART T-LIGHT HOLDER,9,2019-07-12 12:45:00,2.5,16269,Germany,False,False,22.5
536389,22423,REGENCY CAKESTAND 3 TIER,1,2019-01-14 15:50:00,12.19,16374,Germany,False,False,12.19
536471,21755,LOVE BUILDING BLOCK WORD,8,2019-04-17 12:40:00,5.37,13092,Germany,False,False,42.96
537498,22960,JAM MAKING SET WITH JARS,13,2019-04-22 00:38:00,4.78,17433,France,False,False,62.14
537526,71053,WHITE METAL LANTERN,12,2019-09-14 00:00:00,3.19,14962,Belgium,False,False,38.28
537155,71053,WHITE METAL LANTERN,9,2019-02-22 10:42:00,3.61,17298,Spain,False,False,32.49
537662,85123A,WHITE HANGING HEART T-LIGHT HOLDER,7,2019-12-24 19:50:00,2.76,14076,Netherlands,False,False,19.32
536100,85123A,WHITE HANGING HEART T-LIGHT HOLDER,11,2019-05-21 19:53:00,2.58,14550,Switzerland,False,False,28.38
536974,71053,WHITE METAL LANTERN,4,2019-03-11 00:00:00,3.23,15450,Portugal,False,False,12.92
536820,22752,SET 7 BABUSHKA NESTING BOXES,12,2019-11-28 00:00:00,7.21,18262,Belgium,False,False,86.52
536567,85123A,WHITE HANGING HEART T-LIGHT HOLDER,7,2019-09-23 12:02:00,2.35,14709,Germany,False,False,16.45
537591,85123A,WHITE HANGING HEART T-LIGHT HOLDER,1,2019-07-01 14:54:00,2.51,12828,Belgium,False,False,2.51
536913,21755,LOVE BUILDING BLOCK WORD,11,2019-07-08 12:19:00,5.51,15711,Australia,False,False,60.61
536868,22423,REGENCY CAKESTAND 3 TIER,9,2019-12-12 00:25:00,11.69,14379,Switzerland,False,False,105.21
537199,22423,REGENCY CAKESTAND 3 TIER,7,2019-08-29 16:20:00,11.61,16360,Spain,False,False,81.27
537474,71053,WHITE METAL LANTERN,19,2019-10-10 11:44:00,3.43,15918,Australia,False,False,65.17
536287,84406B,CREAM CUPID HEARTS COAT HANGER,7,2019-01-14 16:36:00,2.93,17174,Netherlands,False,False,20.51
537169,22960,JAM MAKING SET WITH JARS,18,2019-03-03 00:00:00,4.76,14559,EIRE,False,False,85.68
536380,22960,JAM MAKING SET WITH JARS,19,2019-01-04 06:34:00,4.7,17551,Portugal,False,False,89.3
537244,71270,PINK CRYSTAL GUITAR PHONE CHARM,9,2019-06-11 07:10:00,1.23,13472,Germany,False,False,11.07
537415,71270,PINK CRYSTAL GUITAR PHONE CHARM,11,2019-05-18 00:00:00,1.31,17119,EIRE,False,False,14.41
537471,84879,ASSORTED COLOUR BIRD ORNAMENT,12,2019-01-16 00:00:00,1.65,13621,United Kingdom,False,False,19.8
537191,21730,GLASS STAR FROSTED T-LIGHT HOLDER,12,2019-06-02 10:13:00,4.57,12725,Portugal,False,False,54.84
536704,21730,GLASS STAR FROSTED T-LIGHT HOLDER,19,2019-07-18 15:44:00,4.58,16522,Netherlands,False,False,87.02
537321,85123A,WHITE HANGING HEART T-LIGHT HOLDER,8,2019-02-14 09:47:00,2.74,17494,Australia,False,False,21.92
537242,85123A,WHITE HANGING HEART T-LIGHT HOLDER,8,2019-09-04 06:12:00,2.62,,Spain,False,True,20.96
537383,71270,PINK CRYSTAL GUITAR PHONE CHARM,7,2019-05-22 20:17:00,1.17,15171,Switzerland,False,False,8.19
536752,22752,SET 7 BABUSHKA NESTING BOXES,8,2019-04-25 11:05:00,8.24,,France,False,True,65.92
537020,22752,SET 7 BABUSHKA NESTING BOXES,13,2019-02-05 12:18:00,7.23,17319,Portugal,False,False,93.99
536132,84879,ASSORTED COLOUR BIRD ORNAMENT,12,2019-06-07 08:16:00,1.84,,Netherlands,False,True,22.08
536309,22423,REGENCY CAKESTAND 3 TIER,19,2019-11-21 20:27:00,13.4,17679,Portugal,False,False,254.6
537634,22960,JAM MAKING SET WITH JARS,17,2019-03-24 05:51:00,4.86,18118,Switzerland,False,False,82.62
536093,71053,WHITE METAL LANTERN,9,2019-03-30 12:01:00,3.43,14099,Belgium,False,False,30.87
537272,85123A,WHITE HANGING HEART T-LIGHT HOLDER,2,2019-12-24 00:00:00,2.64,17527,Portugal,False,False,5.28
537546,71270,PINK CRYSTAL GUITAR PHONE CHARM,4,2019-01-06 20:22:00,1.3,16604,Portugal,False,False,5.2
536245,22960,JAM MAKING SET WITH JARS,6,2019-02-15 07:47:00,4.87,15545,Switzerland,False,False,29.22
537404,21755,LOVE BUILDING BLOCK WORD,4,2019-01-16 00:00:00,5.84,16020,Netherlands,False,False,23.36
536526,85123A,WHITE HANGING HEART T-LIGHT HOLDER,19,2019-02-20 16:36:00,2.37,12405,Netherlands,False,False,45.03
536113,22423,REGENCY CAKESTAND 3 TIER,10,2019-06-08 16:33:00,12.66,,Germany,False,True,126.6
536932,71270,PINK CRYSTAL GUITAR PHONE CHARM,5,2019-01-04 09:47:00,1.21,15814,Germany,False,False,6.05
536153,22423,REGENCY CAKESTAND 3 TIER,4,2019-03-13 07:49:00,13.07,14694,Belgium,False,False,52.28
536299,21755,LOVE BUILDING BLOCK WORD,15,2019-06-12 00:00:00,5.7,12706,EIRE,False,False,85.5
536583,84879,ASSORTED COLOUR BIRD ORNAMENT,14,2019-11-21 20:43:00,1.65,15424,Switzerland,False,False,23.1
536889,71053,WHITE METAL LANTERN,4,2019-10-18 00:00:00,3.12,16364,Switzerland,False,False,12.48
536059,84406B,CREAM CUPID HEARTS COAT HANGER,16,2019-04-08 18:54:00,2.97,15139,Germany,False,False,47.52
537197,84879,ASSORTED COLOUR BIRD ORNAMENT,18,2019-03-20 04:03:00,1.56,15513,Spain,False,False,28.08
536694,22960,JAM MAKING SET WITH JARS,16,2019-04-20 04:36:00,4.93,12874,Belgium,False,False,78.88
537160,22960,JAM MAKING SET WITH JARS,15,2019-06-12 10:18:00,4.96,16330,Australia,False,False,74.4
536355,71270,PINK CRYSTAL GUITAR PHONE CHARM,16,2019-07-05 23:57:00,1.31,15148,Spain,False,False,20.96
536267,84406B,CREAM CUPID HEARTS COAT HANGER,3,2019-08-17 08:26:00,2.53,13381,Switzerland,False,False,7.59
536273,71053,WHITE METAL LANTERN,10,2019-02-21 07:46:00,3.41,18014,Germany,False,False,34.1
536839,84406B,CREAM CUPID HEARTS COAT HANGER,11,2019-01-04 17:14:00,2.57,16002,Switzerland,False,False,28.27
536758,71270,PINK CRYSTAL GUITAR PHONE CHARM,14,2019-05-05 04:50:00,1.31,15490,Spain,False,False,18.34
536068,22423,REGENCY CAKESTAND 3 TIER,16,2019-01-19 14:17:00,11.52,13274,France,False,False,184.32
536350,85123A,WHITE HANGING HEART T-LIGHT HOLDER,15,2019-03-26 00:00:00,2.68,16389,United Kingdom,False,False,40.2
536150,22960,JAM MAKING SET WITH JARS,13,2019-08-11 00:00:00,5.13,16809,Spain,False,False,66.69
536447,22752,SET 7 BABUSHKA NESTING BOXES,17,2019-03-28 10:16:00,8.34,14656,Switzerland,False,False,141.78
536733,71053,WHITE METAL LANTERN,4,2019-09-27 03:04:00,3.24,18122,France,False,False,12.96
536313,22752,SET 7 BABUSHKA NESTING BOXES,5,2019-01-05 22:16:00,7.31,13751,Germany,False,False,36.55
536023,84879,ASSORTED COLOUR BIRD ORNAMENT,7,2019-09-26 00:00:00,1.69,,Portugal,False,True,11.83
537527,21730,GLASS STAR FROSTED T-LIGHT HOLDER,7,2019-10-21 00:00:00,4.38,13854,Netherlands,False,False,30.66
536628,22960,JAM MAKING SET WITH JARS,10,2019-02-09 03:06:00,5.27,13541,France,False,False,52.7
537397,21755,LOVE BUILDING BLOCK WORD,18,2019-02-02 03:02:00,6.54,16875,Belgium,False,False,117.72
536938,21755,LOVE BUILDING BLOCK WORD,2,2019-11-09 13:28:00,5.52,16174,Belgium,False,False,11.04
536423,84879,ASSORTED COLOUR BIRD ORNAMENT,18,2019-07-09 18:48:00,1.66,18208,Spain,False,False,29.88
536441,21755,LOVE BUILDING BLOCK WORD,11,2019-10-02 00:00:00,6.08,15485,EIRE,False,False,66.88
537114,22960,JAM MAKING SET WITH JARS,1,2019-05-15 22:27:00,5.13,16211,Australia,False,False,5.13
536190,21730,GLASS STAR FROSTED T-LIGHT HOLDER,4,2019-06-30 21:18:00,3.9,,Switzerland,False,True,15.6
536039,71053,WHITE METAL LANTERN,3,2019-12-12 06:40:00,3.14,12900,EIRE,False,False,9.42
537181,84879,ASSORTED COLOUR BIRD ORNAMENT,12,2019-12-20 05:27:00,1.71,14123,Spain,False,False,20.52
537201,71053,WHITE METAL LANTERN,18,2019-09-11 09:43:00,3.44,13831,Australia,False,False,61.92
537307,84879,ASSORTED COLOUR BIRD ORNAMENT,5,2019-09-04 00:00:00,1.85,17613,Germany,False,False,9.25
536816,84879,ASSORTED COLOUR BIRD ORNAMENT,1,2019-12-11 01:23:00,1.62,13406,Spain,False,False,1.62
536286,22423,REGENCY CAKESTAND 3 TIER,19,2019-09-30 01:49:00,12.11,13243,Netherlands,False,False,230.09
536673,21755,LOVE BUILDING BLOCK WORD,3,2019-11-22 22:32:00,6.33,,Germany,False,True,18.99
536671,22423,REGENCY CAKESTAND 3 TIER,18,2019-10-08 22:27:00,16.24,12409,Netherlands,False,False,292.32
536098,71053,WHITE METAL LANTERN,4,2019-01-23 09:33:00,3.61,16499,Australia,False,False,14.44
537551,71270,PINK CRYSTAL GUITAR PHONE CHARM,8,2019-03-04 00:00:00,1.35,16970,EIRE,False,False,10.8
536092,84406B,CREAM CUPID HEARTS COAT HANGER,3,2019-08-09 02:46:00,2.9,13031,EIRE,False,False,8.7
536452,84879,ASSORTED COLOUR BIRD ORNAMENT,13,2019-05-15 17:33:00,1.67,13927,United Kingdom,False,False,21.71
536836,22423,REGENCY CAKESTAND 3 TIER,1,2019-05-04 14:58:00,12.75,14488,Belgium,False,False,12.75
537283,84406B,CREAM CUPID HEARTS COAT HANGER,11,2019-07-27 00:00:00,2.97,16579,Germany,False,False,32.67
536333,22960,JAM MAKING SET WITH JARS,14,2019-12-11 20:26:00,4.81,14799,France,False,False,67.34
536738,71270,PINK CRYSTAL GUITAR PHONE CHARM,5,2019-12-20 20:28:00,1.22,14730,Netherlands,False,False,6.1
536619,22423,REGENCY CAKESTAND 3 TIER,2,2019-02-05 00:00:00,12.39,14853,Australia,False,False,24.78
537345,22960,JAM MAKING SET WITH JARS,5,2019-09-12 05:30:00,4.56,15455,Germany,False,False,22.8
536805,21730,GLASS STAR FROSTED T-LIGHT HOLDER,18,2019-07-19 06:41:00,4.57,13693,Australia,False,False,82.26
536404,22752,SET 7 BABUSHKA NESTING BOXES,3,2019-01-13 04:50:00,8.07,14546,Switzerland,False,False,24.21
537620,22752,SET 7 BABUSHKA NESTING BOXES,3,2019-12-25 06:19:00,7.74,12838,France,False,False,23.22
536064,84406B,CREAM CUPID HEARTS COAT HANGER,12,2019-06-30 00:06:00,2.94,14013,Portugal,False,False,35.28
536992,22423,REGENCY CAKESTAND 3 TIER,6,2019-03-22 14:49:00,13.3,17666,Portugal,False,False,79.8
536618,22752,SET 7 BABUSHKA NESTING BOXES,4,2019-09-16 00:00:00,8.23,13589,United Kingdom,False,False,32.92
536165,22423,REGENCY CAKESTAND 3 TIER,17,2019-03-14 20:26:00,12.44,17011,France,False,False,211.48
536624,22423,REGENCY CAKESTAND 3 TIER,7,2019-07-18 15:52:00,12.76,15137,United Kingdom,False,False,89.32
537168,21730,GLASS STAR FROSTED T-LIGHT HOLDER,11,2019-04-12 12:31:00,4.14,17787,Switzerland,False,False,45.54
537339,85123A,WHITE HANGING HEART T-LIGHT HOLDER,2,2019-04-19 02:26:00,2.47,16289,United Kingdom,False,False,4.94
536747,21755,LOVE BUILDING BLOCK WORD,18,2019-06-23 20:46:00,5.99,17433,EIRE,False,False,107.82
536595,21730,GLASS STAR FROSTED T-LIGHT HOLDER,14,2019-03-18 13:24:00,4.34,12826,Switzerland,False,False,60.76
536580,84406B,CREAM CUPID HEARTS COAT HANGER,7,2019-10-12 00:00:00,2.57,14942,EIRE,False,False,17.99
C536389,85123A,WHITE HANGING HEART T-LIGHT HOLDER,3894,2019-09-14 00:00:00,2.36,17032,Portugal,True,False,9189.84
536418,71270,PINK CRYSTAL GUITAR PHONE CHARM,18,2019-07-15 21:05:00,1.33,15125,Belgium,False,False,23.94
537443,21730,GLASS STAR FROSTED T-LIGHT HOLDER,14,2019-12-26 09:14:00,4.01,16895,Australia,False,False,56.14
536918,71270,PINK CRYSTAL GUITAR PHONE CHARM,5,2019-07-10 00:29:00,1.3,18049,Portugal,False,False,6.5
536436,84406B,CREAM CUPID HEARTS COAT HANGER,8,2019-10-05 17:05:00,2.7,15875,Belgium,False,False,21.6
536739,22423,REGENCY CAKESTAND 3 TIER,17,2019-08-09 00:00:00,13.24,14384,Spain,False,False,225.08
536917,21755,LOVE BUILDING BLOCK WORD,7,2019-08-12 13:34:00,6.41,15751,Portugal,False,False,44.87
537604,84879,ASSORTED COLOUR BIRD ORNAMENT,14,2019-06-07 10:18:00,1.56,12583,France,False,False,21.84
536861,71270,PINK CRYSTAL GUITAR PHONE CHARM,12,2019-01-14 07:26:00,1.36,,Switzerland,False,True,16.32
536045,22423,REGENCY CAKESTAND 3 TIER,19,2019-03-15 20:08:00,12.89,17108,Australia,False,False,244.91
536325,71270,PINK CRYSTAL GUITAR PHONE CHARM,11,2019-02-27 12:16:00,1.33,12523,Spain,False,False,14.63
536921,85123A,WHITE HANGING HEART T-LIGHT HOLDER,8,2019-02-13 05:31:00,2.59,15648,France,False,False,20.72
536781,85123A,WHITE HANGING HEART T-LIGHT HOLDER,14,2019-07-17 13:46:00,2.79,17457,France,False,False,39.06
536862,85123A,WHITE HANGING HEART T-LIGHT HOLDER,8,2019-06-20 13:04:00,2.72,12522,Netherlands,False,False,21.76
536728,22752,SET 7 BABUSHKA NESTING BOXES,1,2019-09-01 04:05:00,7.89,,Switzerland,False,True,7.89
536604,84879,ASSORTED COLOUR BIRD ORNAMENT,15,2019-08-13 12:50:00,1.72,15386,Netherlands,False,False,25.8
537264,22752,SET 7 BABUSHKA NESTING BOXES,3,2019-04-15 09:37:00,7.91,16764,Belgium,False,False,23.73
536869,22752,SET 7 BABUSHKA NESTING BOXES,9,2019-04-19 00:05:00,7.82,17236,Belgium,False,False,70.38
537247,71270,PINK CRYSTAL GUITAR PHONE CHARM,9,2019-10-26 02:07:00,1.34,14859,Switzerland,False,False,12.06
537195,22752,SET 7 BABUSHKA NESTING BOXES,7,2019-08-17 00:16:00,7.48,14207,Portugal,False,False,52.36
537178,21730,GLASS STAR FROSTED T-LIGHT HOLDER,10,2019-12-11 15:26:00,3.98,12575,Switzerland,False,False,39.8
536930,71270,PINK CRYSTAL GUITAR PHONE CHARM,16,2019-10-30 00:00:00,1.27,12555,Portugal,False,False,20.32
536753,85123A,WHITE HANGING HEART T-LIGHT HOLDER,6,2019-06-22 06:21:00,2.33,12875,Spain,False,False,13.98
C536251,21755,LOVE BUILDING BLOCK WORD,-19,2019-08-01 07:49:00,5.46,14934,France,True,False,-103.74
536798,84406B,CREAM CUPID HEARTS COAT HANGER,14,2019-12-17 00:00:00,2.51,15404,Portugal,False,False,35.14
536615,22752,SET 7 BABUSHKA NESTING BOXES,1,2019-11-29 06:15:00,7.23,13535,United Kingdom,False,False,7.23
537279,22423,REGENCY CAKESTAND 3 TIER,1,2019-12-26 16:03:00,12.26,,France,False,True,12.26
536278,22960,JAM MAKING SET WITH JARS,10,2019-10-30 19:05:00,5.12,13160,Netherlands,False,False,51.2
536590,21755,LOVE BUILDING BLOCK WORD,16,2019-05-24 19:04:00,6.35,17579,France,False,False,101.6
536997,84879,ASSORTED COLOUR BIRD ORNAMENT,10,2019-10-24 18:35:00,1.63,16624,France,False,False,16.3
536821,22423,REGENCY CAKESTAND 3 TIER,13,2019-05-08 12:26:00,13.04,13340,Netherlands,False,False,169.52
536323,84406B,CREAM CUPID HEARTS COAT HANGER,19,2019-07-31 23:41:00,2.5,12859,Portugal,False,False,47.5
536459,22960,JAM MAKING SET WITH JARS,4,2019-06-11 03:29:00,4.65,16022,Netherlands,False,False,18.6
536181,85123A,WHITE HANGING HEART T-LIGHT HOLDER,15,2019-07-31 20:06:00,2.79,13332,Germany,False,False,41.85
536171,21755,LOVE BUILDING BLOCK WORD,18,2019-10-15 12:05:00,5.67,12618,United Kingdom,False,False,102.06
536120,71053,WHITE METAL LANTERN,4,2019-05-13 21:53:00,3.44,13895,Netherlands,False,False,13.76
537038,71053,WHITE METAL LANTERN,5,2019-04-24 19:06:00,3.32,15923,Germany,False,False,16.6
537208,71053,WHITE METAL LANTERN,12,2019-08-28 18:33:00,3.51,,United Kingdom,False,True,42.12
537148,84406B,CREAM CUPID HEARTS COAT HANGER,9,2019-04-20 03:51:00,2.94,14220,Netherlands,False,False,26.46
536799,84879,ASSORTED COLOUR BIRD ORNAMENT,15,2019-10-02 17:23:00,1.57,15057,United Kingdom,False,False,23.55
536779,22960,JAM MAKING SET WITH JARS,7,2019-03-29 16:27:00,5.17,13352,EIRE,False,False,36.19
536428,21755,LOVE BUILDING BLOCK WORD,12,2019-07-24 07:39:00,6.02,16771,Australia,False,False,72.24
537548,84406B,CREAM CUPID HEARTS COAT HANGER,5,2019-03-08 00:00:00,2.9,18279,Australia,False,False,14.5
537526,85123A,WHITE HANGING HEART T-LIGHT HOLDER,17,2019-05-06 19:37:00,2.6,15959,Spain,False,False,44.2
537313,84406B,CREAM CUPID HEARTS COAT HANGER,6,2019-08-26 09:15:00,3.02,15090,Netherlands,False,False,18.12
536962,22960,JAM MAKING SET WITH JARS,7,2019-10-19 14:08:00,5.14,16188,EIRE,False,False,35.98
536089,21730,GLASS STAR FROSTED T-LIGHT HOLDER,9,2019-11-06 20:29:00,4.62,,EIRE,False,True,41.58
536627,84406B,CREAM CUPID HEARTS COAT HANGER,8,2019-04-04 08:00:00,2.5,16688,Australia,False,False,20.0
536071,84879,ASSORTED COLOUR BIRD ORNAMENT,14,2019-08-24 00:00:00,1.82,14799,Netherlands,False,False,25.48
536005,22960,JAM MAKING SET WITH JARS,1,2019-12-25 05:09:00,4.89,13988,Spain,False,False,4.89
C536945,22752,SET 7 BABUSHKA NESTING BOXES,-12,2019-01-18 07:49:00,7.16,13856,Germany,True,False,-85.92
C536383,21730,GLASS STAR FROSTED T-LIGHT HOLDER,-14,2019-12-09 20:34:00,4.1,17660,France,True,False,-57.4
536940,21755,LOVE BUILDING BLOCK WORD,2,2019-06-20 12:02:00,6.07,16375,United Kingdom,False,False,12.14
536259,21730,GLASS STAR FROSTED T-LIGHT HOLDER,14,2019-01-02 10:49:00,4.38,15169,Belgium,False,False,61.32
537382,71053,WHITE METAL LANTERN,16,2019-10-21 21:14:00,3.39,16708,Switzerland,False,False,54.24
536075,84406B,CREAM CUPID HEARTS COAT HANGER,5,2019-04-25 18:21:00,2.64,14137,Portugal,False,False,13.2
536084,22752,SET 7 BABUSHKA NESTING BOXES,14,2019-04-21 15:50:00,7.59,16256,Netherlands,False,False,106.26
536214,22960,JAM MAKING SET WITH JARS,15,2019-05-16 13:05:00,5.27,13287,Belgium,False,False,79.05
536501,22423,REGENCY CAKESTAND 3 TIER,3,2019-07-07 17:51:00,13.57,16526,Australia,False,False,40.71
537156,71053,WHITE METAL LANTERN,14,2019-06-01 11:29:00,3.18,16450,EIRE,False,False,44.52
C537593,21730,GLASS STAR FROSTED T-LIGHT HOLDER,-13,2019-04-07 16:04:00,4.08,17799,France,True,False,-53.04
537009,71053,WHITE METAL LANTERN,8,2019-09-19 00:00:00,3.54,15837,EIRE,False,False,28.32
537461,71053,WHITE METAL LANTERN,4,2019-12-18 03:30:00,3.21,13246,Switzerland,False,False,12.84
536901,22423,REGENCY CAKESTAND 3 TIER,19,2019-03-06 04:23:00,11.74,15823,Spain,False,False,223.06
537009,22960,JAM MAKING SET WITH JARS,14,2019-12-17 15:09:00,4.62,18185,EIRE,False,False,64.68
537411,84406B,CREAM CUPID HEARTS COAT HANGER,7,2019-01-13 14:43:00,2.77,15760,Netherlands,False,False,19.39
537407,84406B,CREAM CUPID HEARTS COAT HANGER,7,2019-07-18 01:48:00,2.59,13218,Switzerland,False,False,18.13
536895,21755,LOVE BUILDING BLOCK WORD,9,2019-01-16 00:00:00,5.54,13777,France,False,False,49.86
536660,84406B,CREAM CUPID HEARTS COAT HANGER,1,2019-10-17 00:00:00,2.86,12781,Netherlands,False,False,2.86
537462,84879,ASSORTED COLOUR BIRD ORNAMENT,7,2019-06-22 02:41:00,1.66,,United Kingdom,False,True,11.62
536503,21755,LOVE BUILDING BLOCK WORD,11,2019-10-29 00:00:00,5.82,15748,United Kingdom,False,False,64.02
536336,84879,ASSORTED COLOUR BIRD ORNAMENT,9,2019-09-11 03:14:00,1.78,16340,Australia,False,False,16.02
537091,22423,REGENCY CAKESTAND 3 TIER,1,2019-11-27 00:00:00,11.9,12386,Switzerland,False,False,11.9
536954,84879,ASSORTED COLOUR BIRD ORNAMENT,5,2019-01-23 21:33:00,1.54,16341,United Kingdom,False,False,7.7
536818,71053,WHITE METAL LANTERN,8,2019-11-06 21:49:00,3.08,14841,Spain,False,False,24.64
536797,21730,GLASS STAR FROSTED T-LIGHT HOLDER,2,2019-08-31 02:53:00,4.36,12480,Belgium,False,False,8.72
537214,21730,GLASS STAR FROSTED T-LIGHT HOLDER,13,2019-08-19 02:29:00,3.89,18231,France,False,False,50.57
537306,21730,GLASS STAR FROSTED T-LIGHT HOLDER,13,2019-07-15 00:40:00,4.17,12431,Portugal,False,False,54.21
536300,22960,JAM MAKING SET WITH JARS,4,2019-05-11 15:44:00,4.68,14722,EIRE,False,False,18.72
536528,71270,PINK CRYSTAL GUITAR PHONE CHARM,17,2019-02-03 00:00:00,1.35,14328,Spain,False,False,22.95
537592,71053,WHITE METAL LANTERN,13,2019-07-01 02:21:00,3.38,14737,United Kingdom,False,False,43.94
537197,22752,SET 7 BABUSHKA NESTING BOXES,5,2019-01-05 21:00:00,8.07,13441,Australia,False,False,40.35
536720,84406B,CREAM CUPID HEARTS COAT HANGER,7,2019-08-20 00:00:00,2.68,13119,France,False,False,18.76
536937,21730,GLASS STAR FROSTED T-LIGHT HOLDER,5,2019-09-07 00:00:00,3.99,17098,United Kingdom,False,False,19.95
537227,21755,LOVE BUILDING BLOCK WORD,19,2019-05-10 17:52:00,5.94,16882,France,False,False,112.86
C536026,22752,SET 7 BABUSHKA NESTING BOXES,-8,2019-03-27 07:07:00,7.93,,Australia,True,True,-63.44
537538,22423,REGENCY CAKESTAND 3 TIER,15,2019-07-28 19:53:00,12.26,16822,Netherlands,False,False,183.9
536463,84879,ASSORTED COLOUR BIRD ORNAMENT,6,2019-05-06 16:05:00,1.63,14087,Germany,False,False,9.78
537537,22752,SET 7 BABUSHKA NESTING BOXES,13,2019-10-29 21:44:00,8.17,17184,Australia,False,False,106.21
537041,22960,JAM MAKING SET WITH JARS,10,2019-10-11 15:26:00,5.27,13055,Australia,False,False,52.7
536376,21755,LOVE BUILDING BLOCK WORD,2,2019-12-16 18:33:00,5.85,17854,Portugal,False,False,11.7
537287,71053,WHITE METAL LANTERN,17,2019-09-01 05:02:00,3.13,16802,Australia,False,False,53.21
536282,71270,PINK CRYSTAL GUITAR PHONE CHARM,9,2019-11-17 03:19:00,1.19,14704,Belgium,False,False,10.71
536749,84879,ASSORTED COLOUR BIRD ORNAMENT,3,2019-01-15 10:16:00,1.64,17234,Australia,False,False,4.92
537140,21730,GLASS STAR FROSTED T-LIGHT HOLDER,8,2019-11-23 00:05:00,4.09,15744,Belgium,False,False,32.72
536067,71270,PINK CRYSTAL GUITAR PHONE CHARM,19,2019-05-22 03:02:00,1.27,15748,Portugal,False,False,24.13
537467,84879,ASSORTED COLOUR BIRD ORNAMENT,2,2019-01-21 20:12:00,1.69,,Germany,False,True,3.38
536535,71053,WHITE METAL LANTERN,7,2019-09-11 16:04:00,3.41,14801,Switzerland,False,False,23.87
537116,85123A,WHITE HANGING HEART T-LIGHT HOLDER,5,2019-02-09 08:39:00,2.53,13055,Belgium,False,False,12.65
537247,21755,LOVE BUILDING BLOCK WORD,16,2019-03-16 17:48:00,6.5,15295,Switzerland,False,False,104.0
536488,22752,SET 7 BABUSHKA NESTING BOXES,12,2019-04-15 15:30:00,6.93,16469,Switzerland,False,False,83.16
537588,22752,SET 7 BABUSHKA NESTING BOXES,9,2019-02-19 11:15:00,8.13,17739,Australia,False,False,73.17
536147,85123A,WHITE HANGING HEART T-LIGHT HOLDER,3,2019-09-26 13:55:00,2.72,12851,Switzerland,False,False,8.16
537584,71270,PINK CRYSTAL GUITAR PHONE CHARM,12,2019-01-03 04:21:00,1.2,18083,France,False,False,14.4
536311,22960,JAM MAKING SET WITH JARS,5,2019-01-10 20:33:00,4.64,17126,Netherlands,False,False,23.2
536871,84879,ASSORTED COLOUR BIRD ORNAMENT,11,2019-11-30 00:00:00,1.58,16888,Belgium,False,False,17.38
537057,71053,WHITE METAL LANTERN,3,2019-08-22 17:52:00,3.37,12440,France,False,False,10.11
536393,21755,LOVE BUILDING BLOCK WORD,2,2019-09-17 19:18:00,5.76,,France,False,True,11.52
537153,22423,REGENCY CAKESTAND 3 TIER,16,2019-02-09 12:08:00,12.42,13116,Netherlands,False,False,198.72
537519,22752,SET 7 BABUSHKA NESTING BOXES,13,2019-11-15 00:00:00,7.87,17567,United Kingdom,False,False,102.31
537604,71270,PINK CRYSTAL GUITAR PHONE CHARM,7,2019-08-24 00:00:00,1.25,15680,France,False,False,8.75
536302,22423,REGENCY CAKESTAND 3 TIER,13,2019-03-16 02:33:00,11.96,16823,Australia,False,False,155.48
536592,21755,LOVE BUILDING BLOCK WORD,6,2019-12-15 15:23:00,5.41,,Netherlands,False,True,32.46
536807,22752,SET 7 BABUSHKA NESTING BOXES,14,2019-11-26 13:11:00,6.97,14418,EIRE,False,False,97.58
536078,22960,JAM MAKING SET WITH JARS,18,2019-03-27 21:30:00,4.57,16663,Germany,False,False,82.26
536049,71053,WHITE METAL LANTERN,14,2019-09-18 23:33:00,3.48,17115,Belgium,False,False,48.72
536763,21755,LOVE BUILDING BLOCK WORD,9,2019-04-16 05:31:00,5.48,13589,Spain,False,False,49.32
536639,84406B,CREAM CUPID HEARTS COAT HANGER,6,2019-03-17 00:00:00,3.01,15431,Australia,False,False,18.06
536060,21755,LOVE BUILDING BLOCK WORD,10,2019-02-20 00:51:00,5.87,17918,Australia,False,False,58.7
536927,71053,WHITE METAL LANTERN,19,2019-02-25 00:00:00,3.26,,France,False,True,61.94
536803,84879,ASSORTED COLOUR BIRD ORNAMENT,14,2019-11-18 21:28:00,1.57,18248,Germany,False,False,21.98
536589,84879,ASSORTED COLOUR BIRD ORNAMENT,5,2019-05-26 00:00:00,1.86,14035,Australia,False,False,9.3
536092,22752,SET 7 BABUSHKA NESTING BOXES,12,2019-04-16 23:32:00,8.31,16104,United Kingdom,False,False,99.72
537349,22423,REGENCY CAKESTAND 3 TIER,19,2019-08-06 11:32:00,13.47,16710,Netherlands,False,False,255.93
536335,84879,ASSORTED COLOUR BIRD ORNAMENT,5,2019-06-01 07:33:00,1.59,14866,Australia,False,False,7.95
537006,71270,PINK CRYSTAL GUITAR PHONE CHARM,7,2019-01-07 13:21:00,1.14,18111,Australia,False,False,7.98
537098,22960,JAM MAKING SET WITH JARS,9,2019-01-01 03:56:00,5.37,16377,Germany,False,False,48.33
536008,84406B,CREAM CUPID HEARTS COAT HANGER,15,2019-10-15 00:00:00,2.87,16724,France,False,False,43.05
537560,84406B,CREAM CUPID HEARTS COAT HANGER,18,2019-05-24 00:00:00,2.91,16820,Portugal,False,False,52.38
536623,21730,GLASS STAR FROSTED T-LIGHT HOLDER,6,2019-05-25 06:20:00,4.5,17361,United Kingdom,False,False,27.0
536194,71053,WHITE METAL LANTERN,11,2019-10-31 00:00:00,3.39,13267,EIRE,False,False,37.29
537299,21755,LOVE BUILDING BLOCK WORD,11,2019-09-06 15:26:00,5.93,16960,United Kingdom,False,False,65.23
536578,22423,REGENCY CAKESTAND 3 TIER,8,2019-11-07 17:21:00,13.45,,Switzerland,False,True,107.6
537392,22752,SET 7 BABUSHKA NESTING BOXES,13,2019-05-19 03:56:00,7.71,18254,Spain,False,False,100.23
536676,22423,REGENCY CAKESTAND 3 TIER,18,2019-12-06 03:02:00,13.33,16740,Australia,False,False,239.94
536487,71053,WHITE METAL LANTERN,1,2019-06-05 01:02:00,3.22,16047,Portugal,False,False,3.22
536476,21730,GLASS STAR FROSTED T-LIGHT HOLDER,19,2019-08-22 00:00:00,4.41,14732,Germany,False,False,83.79
536821,22960,JAM MAKING SET WITH JARS,7,2019-06-22 02:32:00,4.61,15504,United Kingdom,False,False,32.27
537326,84879,ASSORTED COLOUR BIRD ORNAMENT,6,2019-04-15 22:50:00,1.74,13745,United Kingdom,False,False,10.44
537198,22423,REGENCY CAKESTAND 3 TIER,1,2019-10-08 12:50:00,13.11,14729,Spain,False,False,13.11
537611,21730,GLASS STAR FROSTED T-LIGHT HOLDER,13,2019-03-24 09:29:00,4.27,14769,Portugal,False,False,55.51
536916,71270,PINK CRYSTAL GUITAR PHONE CHARM,7,2019-01-01 00:00:00,1.32,13310,Australia,False,False,9.24
536168,84406B,CREAM CUPID HEARTS COAT HANGER,6,2019-09-08 14:44:00,2.49,14164,EIRE,False,False,14.94
536019,71053,WHITE METAL LANTERN,13,2019-09-22 03:22:00,3.12,16794,Spain,False,False,40.56
536570,71270,PINK CRYSTAL GUITAR PHONE CHARM,4,2019-05-07 00:00:00,1.36,17302,EIRE,False,False,5.44
537401,85123A,WHITE HANGING HEART T-LIGHT HOLDER,17,2019-11-16 21:42:00,2.38,,Belgium,False,True,40.46
536490,21755,LOVE BUILDING BLOCK WORD,17,2019-02-12 00:00:00,5.46,17385,Netherlands,False,False,92.82
537628,71053,WHITE METAL LANTERN,4,2019-06-15 14:18:00,3.64,15565,Netherlands,False,False,14.56
537556,85123A,WHITE HANGING HEART T-LIGHT HOLDER,12,2019-07-16 00:00:00,2.37,17469,Belgium,False,False,28.44
537118,22960,JAM MAKING SET WITH JARS,8,2019-02-14 23:46:00,5.24,,Netherlands,False,True,41.92
537428,84406B,CREAM CUPID HEARTS COAT HANGER,13,2019-11-18 14:12:00,2.58,18278,Germany,False,False,33.54
536484,22960,JAM MAKING SET WITH JARS,13,2019-06-29 12:34:00,5.16,15934,Switzerland,False,False,67.08
537286,22752,SET 7 BABUSHKA NESTING BOXES,7,2019-07-01 00:00:00,7.66,18015,Belgium,False,False,53.62
536246,71053,WHITE METAL LANTERN,3,2019-10-18 12:25:00,3.67,13513,EIRE,False,False,11.01
537458,84879,ASSORTED COLOUR BIRD ORNAMENT,9,2019-01-18 00:00:00,1.85,17812,Netherlands,False,False,16.65
536491,84406B,CREAM CUPID HEARTS COAT HANGER,3,2019-06-13 12:42:00,2.94,18053,United Kingdom,False,False,8.82
536522,22960,JAM MAKING SET WITH JARS,12,2019-01-26 00:50:00,4.48,14687,Switzerland,False,False,53.76
536769,21755,LOVE BUILDING BLOCK WORD,15,2019-12-06 01:34:00,5.82,16154,Switzerland,False,False,87.3
537466,84879,ASSORTED COLOUR BIRD ORNAMENT,1,2019-02-06 03:24:00,1.84,16411,Spain,False,False,1.84
536341,71270,PINK CRYSTAL GUITAR PHONE CHARM,16,2019-02-25 05:15:00,1.17,13536,EIRE,False,False,18.72
536529,21730,GLASS STAR FROSTED T-LIGHT HOLDER,7,2019-02-07 12:11:00,4.63,17306,Spain,False,False,32.41
536965,22423,REGENCY CAKESTAND 3 TIER,17,2019-08-10 18:37:00,13.95,15786,France,False,False,237.15
536336,21755,LOVE BUILDING BLOCK WORD,13,2019-10-24 02:58:00,6.0,12714,EIRE,False,False,78.0
537641,84879,ASSORTED COLOUR BIRD ORNAMENT,4,2019-08-31 15:16:00,1.75,15611,United Kingdom,False,False,7.0
536526,85123A,WHITE HANGING HEART T-LIGHT HOLDER,11,2019-11-18 11:43:00,2.66,16158,Belgium,False,False,29.26
537261,22752,SET 7 BABUSHKA NESTING BOXES,16,2019-08-13 13:28:00,7.65,13720,Netherlands,False,False,122.4
536733,22752,SET 7 BABUSHKA NESTING BOXES,10,2019-05-01 03:15:00,7.8,14125,Spain,False,False,78.0
537484,71053,WHITE METAL LANTERN,5,2019-09-25 20:40:00,3.58,15356,Portugal,False,False,17.9
536115,22752,SET 7 BABUSHKA NESTING BOXES,19,2019-03-16 00:00:00,6.95,15584,EIRE,False,False,132.05
536167,84406B,CREAM CUPID HEARTS COAT HANGER,3,2019-02-18 01:08:00,2.85,15568,France,False,False,8.55
536410,21730,GLASS STAR FROSTED T-LIGHT HOLDER,14,2019-07-13 18:11:00,4.07,17479,Belgium,False,False,56.98
536547,84879,ASSORTED COLOUR BIRD ORNAMENT,13,2019-05-11 10:23:00,1.73,13701,Belgium,False,False,22.49
537602,84879,ASSORTED COLOUR BIRD ORNAMENT,11,2019-12-18 22:54:00,1.82,13497,United Kingdom,False,False,20.02
536277,22960,JAM MAKING SET WITH JARS,1,2019-06-14 08:48:00,4.7,13459,EIRE,False,False,4.7
537498,22960,JAM MAKING SET WITH JARS,19,2019-12-05 22:04:00,5.0,14722,Switzerland,False,False,95.0
537194,21755,LOVE BUILDING BLOCK WORD,19,2019-06-14 05:35:00,5.59,12717,Belgium,False,False,106.21
537489,71053,WHITE METAL LANTERN,2,2019-07-01 03:39:00,3.68,15391,Spain,False,False,7.36
537621,22960,JAM MAKING SET WITH JARS,14,2019-08-14 13:39:00,4.63,14974,Portugal,False,False,64.82
536388,22752,SET 7 BABUSHKA NESTING BOXES,17,2019-12-29 13:46:00,7.05,15023,Germany,False,False,119.85
537558,21755,LOVE BUILDING BLOCK WORD,6,2019-08-24 08:49:00,6.16,17328,Spain,False,False,36.96
C537121,22752,SET 7 BABUSHKA NESTING BOXES,-3,2019-12-20 14:00:00,8.1,12578,Spain,True,False,-24.3
536515,21755,LOVE BUILDING BLOCK WORD,12,2019-01-18 00:00:00,6.08,13627,Germany,False,False,72.96
536932,71270,PINK CRYSTAL GUITAR PHONE CHARM,2,2019-03-23 22:33:00,1.22,14487,Netherlands,False,False,2.44
536475,21730,GLASS STAR FROSTED T-LIGHT HOLDER,16,2019-11-01 01:31:00,3.91,18046,Switzerland,False,False,62.56
C536180,21755,LOVE BUILDING BLOCK WORD,-7,2019-01-19 00:00:00,5.95,15124,France,True,False,-41.65
536497,22423,REGENCY CAKESTAND 3 TIER,14,2019-01-28 18:32:00,12.09,13162,France,False,False,169.26
537586,22423,REGENCY CAKESTAND 3 TIER,14,2019-01-14 23:41:00,13.58,17333,Belgium,False,False,190.12
537340,21730,GLASS STAR FROSTED T-LIGHT HOLDER,15,2019-05-02 07:30:00,4.28,16423,United Kingdom,False,False,64.2
537170,71053,WHITE METAL LANTERN,11,2019-10-01 17:21:00,3.61,15545,Portugal,False,False,39.71
536188,22423,REGENCY CAKESTAND 3 TIER,14,2019-10-20 11:00:00,13.99,12458,United Kingdom,False,False,195.86
536087,84879,ASSORTED COLOUR BIRD ORNAMENT,6,2019-04-13 06:48:00,1.57,14016,Belgium,False,False,9.42
536867,71053,WHITE METAL LANTERN,3,2019-04-26 07:25:00,3.4,15951,Australia,False,False,10.2
536441,84406B,CREAM CUPID HEARTS COAT HANGER,19,2019-04-26 06:17:00,2.61,17298,United Kingdom,False,False,49.59
536127,71053,WHITE METAL LANTERN,14,2019-10-02 08:35:00,3.17,17025,Spain,False,False,44.38
537269,22960,JAM MAKING SET WITH JARS,13,2019-05-15 17:35:00,5.07,12883,France,False,False,65.91
536204,71053,WHITE METAL LANTERN,13,2019-10-19 14:59:00,3.59,17970,Netherlands,False,False,46.67
537492,21730,GLASS STAR FROSTED T-LIGHT HOLDER,15,2019-05-15 00:00:00,4.61,13200,Switzerland,False,False,69.15
537078,84406B,CREAM CUPID HEARTS COAT HANGER,13,2019-03-22 14:35:00,2.72,,Portugal,False,True,35.36
537067,71270,PINK CRYSTAL GUITAR PHONE CHARM,13,2019-04-18 22:16:00,1.18,13659,Australia,False,False,15.34
C536367,21730,GLASS STAR FROSTED T-LIGHT HOLDER,-17,2019-06-29 08:54:00,3.96,16188,United Kingdom,True,False,-67.32
536659,22960,JAM MAKING SET WITH JARS,8,2019-12-03 00:00:00,5.32,,Australia,False,True,42.56
537428,84879,ASSORTED COLOUR BIRD ORNAMENT,17,2019-02-08 12:42:00,1.54,13033,United Kingdom,False,False,26.18
536830,21755,LOVE BUILDING BLOCK WORD,4,2019-11-14 17:20:00,5.99,16322,United Kingdom,False,False,23.96
537545,22423,REGENCY CAKESTAND 3 TIER,14,2019-09-22 00:00:00,13.28,,Netherlands,False,True,185.92
536564,84879,ASSORTED COLOUR BIRD ORNAMENT,9,2019-01-20 12:23:00,1.85,15484,EIRE,False,False,16.65
536539,22960,JAM MAKING SET WITH JARS,19,2019-10-19 09:38:00,5.31,12716,Belgium,False,False,100.89
536010,22960,JAM MAKING SET WITH JARS,2,2019-10-17 04:05:00,5.04,14128,Australia,False,False,10.08
536777,22423,REGENCY CAKESTAND 3 TIER,8,2019-05-17 00:00:00,13.04,13310,Portugal,False,False,104.32
536038,21730,GLASS STAR FROSTED T-LIGHT HOLDER,19,2019-07-18 00:00:00,4.21,13857,Belgium,False,False,79.99
537013,84406B,CREAM CUPID HEARTS COAT HANGER,2,2019-02-11 11:11:00,2.52,17191,Australia,False,False,5.04
537009,84406B,CREAM CUPID HEARTS COAT HANGER,6,2019-10-16 10:54:00,2.48,13533,Spain,False,False,14.88
536273,22960,JAM MAKING SET WITH JARS,13,2019-01-13 06:36:00,4.49,12955,United Kingdom,False,False,58.37
537211,21730,GLASS STAR FROSTED T-LIGHT HOLDER,7,2019-08-01 22:52:00,4.66,17219,Switzerland,False,False,32.62
536449,22752,SET 7 BABUSHKA NESTING BOXES,9,2019-03-19 00:00:00,8.31,14948,EIRE,False,False,74.79
536366,84406B,CREAM CUPID HEARTS COAT HANGER,10,2019-01-18 08:37:00,2.83,15596,Spain,False,False,28.3
536454,71270,PINK CRYSTAL GUITAR PHONE CHARM,15,2019-12-16 22:21:00,1.17,16005,Netherlands,False,False,17.55
536131,21755,LOVE BUILDING BLOCK WORD,11,2019-12-28 02:36:00,6.35,16581,France,False,False,69.85
537021,21755,LOVE BUILDING BLOCK WORD,14,2019-10-15 07:29:00,5.36,16450,Switzerland,False,False,75.04
537001,22423,REGENCY CAKESTAND 3 TIER,6,2019-08-08 00:00:00,12.62,17057,United Kingdom,False,False,75.72
537500,84406B,CREAM CUPID HEARTS COAT HANGER,2,2019-03-24 00:00:00,2.54,13777,Portugal,False,False,5.08
536702,22752,SET 7 BABUSHKA NESTING BOXES,17,2019-11-09 18:18:00,7.87,16211,Switzerland,False,False,133.79
536617,84406B,CREAM CUPID HEARTS COAT HANGER,11,2019-01-08 23:01:00,2.48,16791,Netherlands,False,False,27.28
536507,84879,ASSORTED COLOUR BIRD ORNAMENT,7,2019-09-07 00:00:00,1.77,12649,Germany,False,False,12.39
536072,71270,PINK CRYSTAL GUITAR PHONE CHARM,2,2019-06-07 17:50:00,1.18,15053,United Kingdom,False,False,2.36
537102,84879,ASSORTED COLOUR BIRD ORNAMENT,12,2019-12-26 15:17:00,1.64,17506,Netherlands,False,False,19.68
537038,85123A,WHITE HANGING HEART T-LIGHT HOLDER,16,2019-11-11 03:00:00,2.47,17508,United Kingdom,False,False,39.52
536327,84406B,CREAM CUPID HEARTS COAT HANGER,10,2019-08-10 11:55:00,2.49,12758,France,False,False,24.9
536063,21755,LOVE BUILDING BLOCK WORD,7,2019-06-26 01:09:00,6.46,15285,Spain,False,False,45.22
537283,71270,PINK CRYSTAL GUITAR PHONE CHARM,6,2019-01-23 00:00:00,1.22,,Belgium,False,True,7.32
537405,22752,SET 7 BABUSHKA NESTING BOXES,2,2019-09-01 22:40:00,7.87,16528,Belgium,False,False,15.74
536540,85123A,WHITE HANGING HEART T-LIGHT HOLDER,19,2019-11-28 00:00:00,2.75,12428,Belgium,False,False,52.25
536184,21730,GLASS STAR FROSTED T-LIGHT HOLDER,17,2019-10-09 22:08:00,4.24,17817,United Kingdom,False,False,72.08
537441,85123A,WHITE HANGING HEART T-LIGHT HOLDER,9,2019-04-05 06:36:00,2.5,16865,United Kingdom,False,False,22.5
537557,22423,REGENCY CAKESTAND 3 TIER,10,2019-12-24 00:00:00,11.6,16144,EIRE,False,False,116.0
537118,85123A,WHITE HANGING HEART T-LIGHT HOLDER,17,2019-11-28 05:51:00,2.5,13955,Netherlands,False,False,42.5
536460,22960,JAM MAKING SET WITH JARS,9,2019-03-20 10:18:00,4.7,15028,Belgium,False,False,42.3
536417,85123A,WHITE HANGING HEART T-LIGHT HOLDER,4,2019-10-03 04:43:00,2.67,12727,France,False,False,10.68
536832,22423,REGENCY CAKESTAND 3 TIER,12,2019-08-14 19:58:00,13.92,15365,Portugal,False,False,167.04
537582,84879,ASSORTED COLOUR BIRD ORNAMENT,10,2019-11-10 13:06:00,1.57,14945,Netherlands,False,False,15.7
536967,22960,JAM MAKING SET WITH JARS,4,2019-05-02 15:19:00,4.56,12747,EIRE,False,False,18.24
536973,21730,GLASS STAR FROSTED T-LIGHT HOLDER,6,2019-04-03 12:10:00,4.63,17265,EIRE,False,False,27.78
536134,22960,JAM MAKING SET WITH JARS,1,2019-05-13 00:00:00,5.02,17591,United Kingdom,False,False,5.02
536594,22423,REGENCY CAKESTAND 3 TIER,3,2019-01-10 07:25:00,12.55,15093,Belgium,False,False,37.65
536222,71053,WHITE METAL LANTERN,10,2019-05-23 21:29:00,3.6,15954,United Kingdom,False,False,36.0
537372,22960,JAM MAKING SET WITH JARS,6,2019-03-14 16:39:00,5.21,16887,Australia,False,False,31.26
536471,21755,LOVE BUILDING BLOCK WORD,12,2019-05-15 00:00:00,5.78,18053,France,False,False,69.36
536842,22752,SET 7 BABUSHKA NESTING BOXES,17,2019-05-06 00:00:00,7.44,14945,France,False,False,126.48
537229,22752,SET 7 BABUSHKA NESTING BOXES,19,2019-08-10 04:35:00,8.25,13199,France,False,False,156.75
536462,85123A,WHITE HANGING HEART T-LIGHT HOLDER,11,2019-01-20 00:00:00,2.44,16560,Belgium,False,False,26.84
537286,22423,REGENCY CAKESTAND 3 TIER,18,2019-08-09 05:15:00,13.52,12956,EIRE,False,False,243.36
536740,84879,ASSORTED COLOUR BIRD ORNAMENT,15,2019-04-18 18:48:00,1.53,,Switzerland,False,True,22.95
536686,84879,ASSORTED COLOUR BIRD ORNAMENT,2,2019-03-06 23:52:00,1.84,14044,EIRE,False,False,3.68
536161,84879,ASSORTED COLOUR BIRD ORNAMENT,5,2019-03-01 09:56:00,1.67,12840,Germany,False,False,8.35
537653,84879,ASSORTED COLOUR BIRD ORNAMENT,18,2019-05-21 12:04:00,1.68,,EIRE,False,True,30.24
537333,22960,JAM MAKING SET WITH JARS,13,2019-10-03 05:27:00,4.82,17912,United Kingdom,False,False,62.66
536847,85123A,WHITE HANGING HEART T-LIGHT HOLDER,3,2019-11-02 00:00:00,2.78,15099,Portugal,False,False,8.34
536719,21730,GLASS STAR FROSTED T-LIGHT HOLDER,1,2019-06-18 02:35:00,4.37,12769,Spain,False,False,4.37
C537412,85123A,WHITE HANGING HEART T-LIGHT HOLDER,-5,2019-04-23 20:58:00,2.39,14594,Portugal,True,False,-11.95
537486,21730,GLASS STAR FROSTED T-LIGHT HOLDER,10,2019-01-25 15:06:00,3.94,18161,Portugal,False,False,39.4
536532,22423,REGENCY CAKESTAND 3 TIER,19,2019-06-02 00:00:00,11.99,15611,Belgium,False,False,227.81
536199,84879,ASSORTED COLOUR BIRD ORNAMENT,7,2019-04-22 14:17:00,1.52,13516,Australia,False,False,10.64
536052,84406B,CREAM CUPID HEARTS COAT HANGER,1,2019-12-14 01:10:00,2.68,14538,Germany,False,False,2.68
536757,85123A,WHITE HANGING HEART T-LIGHT HOLDER,11,2019-12-04 15:53:00,2.51,12551,Netherlands,False,False,27.61
536997,22960,JAM MAKING SET WITH JARS,18,2019-01-30 00:00:00,4.77,,France,False,True,85.86
537586,22960,JAM MAKING SET WITH JARS,5,2019-05-04 14:09:00,4.56,14497,Switzerland,False,False,22.8
536853,84406B,CREAM CUPID HEARTS COAT HANGER,6,2019-12-24 01:08:00,2.91,17342,EIRE,False,False,17.46
537589,84879,ASSORTED COLOUR BIRD ORNAMENT,17,2019-12-22 00:00:00,1.69,16561,Australia,False,False,28.73
536942,71270,PINK CRYSTAL GUITAR PHONE CHARM,1,2019-12-21 09:41:00,1.18,,Netherlands,False,True,1.18
536374,84406B,CREAM CUPID HEARTS COAT HANGER,19,2019-01-03 00:00:00,2.53,12442,EIRE,False,False,48.07
537506,21755,LOVE BUILDING BLOCK WORD,17,2019-10-06 23:03:00,6.07,15940,Belgium,False,False,103.19
536075,85123A,WHITE HANGING HEART T-LIGHT HOLDER,19,2019-09-03 11:53:00,2.63,17595,Germany,False,False,49.97
537132,71270,PINK CRYSTAL GUITAR PHONE CHARM,13,2019-07-28 19:06:00,1.16,17229,Spain,False,False,15.08
536827,85123A,WHITE HANGING HEART T-LIGHT HOLDER,2,2019-09-24 00:00:00,2.79,16497,United Kingdom,False,False,5.58
536185,21730,GLASS STAR FROSTED T-LIGHT HOLDER,7,2019-09-27 09:59:00,4.21,14174,Germany,False,False,29.47
536877,84879,ASSORTED COLOUR BIRD ORNAMENT,7,2019-04-01 03:46:00,1.76,18072,EIRE,False,False,12.32
537229,85123A,WHITE HANGING HEART T-LIGHT HOLDER,6,2019-07-28 00:00:00,2.75,12700,Spain,False,False,16.5
536781,84879,ASSORTED COLOUR BIRD ORNAMENT,9,2019-12-21 11:47:00,1.66,15132,Australia,False,False,14.94
537446,21730,GLASS STAR FROSTED T-LIGHT HOLDER,11,2019-11-27 14:43:00,3.94,16230,Australia,False,False,43.34
536890,22960,JAM MAKING SET WITH JARS,10,2019-07-09 19:32:00,5.28,17605,Portugal,False,False,52.8
536235,84879,ASSORTED COLOUR BIRD ORNAMENT,16,2019-02-17 00:00:00,1.77,17458,Spain,False,False,28.32
537416,22960,JAM MAKING SET WITH JARS,13,2019-10-20 06:29:00,5.13,17778,United Kingdom,False,False,66.69
537623,71270,PINK CRYSTAL GUITAR PHONE CHARM,7,2019-02-22 16:21:00,1.34,17909,Belgium,False,False,9.38
537443,21755,LOVE BUILDING BLOCK WORD,6,2019-03-09 20:15:00,6.01,18220,Netherlands,False,False,36.06
537646,84406B,CREAM CUPID HEARTS COAT HANGER,3,2019-01-20 16:48:00,2.61,14438,Netherlands,False,False,7.83
536390,21755,LOVE BUILDING BLOCK WORD,19,2019-01-09 06:51:00,5.77,14012,Spain,False,False,109.63
536485,71270,PINK CRYSTAL GUITAR PHONE CHARM,14,2019-06-24 00:00:00,1.34,13028,Germany,False,False,18.76
537319,71053,WHITE METAL LANTERN,3,2019-10-07 22:45:00,3.65,13020,Belgium,False,False,10.95
537598,22960,JAM MAKING SET WITH JARS,12,2019-01-18 00:00:00,5.01,14607,Spain,False,False,60.12
537354,22960,JAM MAKING SET WITH JARS,12,2019-07-08 19:45:00,4.54,14685,Portugal,False,False,54.48
536108,71270,PINK CRYSTAL GUITAR PHONE CHARM,16,2019-03-08 14:20:00,1.36,12967,Belgium,False,False,21.76
536744,22423,REGENCY CAKESTAND 3 TIER,5,2019-08-05 10:29:00,11.52,14136,Australia,False,False,57.6
536158,71270,PINK CRYSTAL GUITAR PHONE CHARM,12,2019-09-04 10:37:00,1.24,14619,United Kingdom,False,False,14.88
537356,21730,GLASS STAR FROSTED T-LIGHT HOLDER,19,2019-05-15 07:25:00,4.51,17170,Spain,False,False,85.69
536874,84406B,CREAM CUPID HEARTS COAT HANGER,19,2019-12-23 06:04:00,2.83,16482,Spain,False,False,53.77
536878,71270,PINK CRYSTAL GUITAR PHONE CHARM,18,2019-10-25 03:50:00,1.24,17857,Switzerland,False,False,22.32
537472,21730,GLASS STAR FROSTED T-LIGHT HOLDER,5,2019-03-07 08:10:00,4.01,18088,Spain,False,False,20.05
536937,22423,REGENCY CAKESTAND 3 TIER,16,2019-12-08 05:41:00,12.66,17419,Spain,False,False,202.56
536473,71270,PINK CRYSTAL GUITAR PHONE CHARM,4,2019-04-15 00:00:00,1.27,14631,EIRE,False,False,5.08
536793,84879,ASSORTED COLOUR BIRD ORNAMENT,17,2019-04-26 00:00:00,1.64,17809,Germany,False,False,27.88
536762,22960,JAM MAKING SET WITH JARS,10,2019-09-24 00:00:00,5.42,,Australia,False,True,54.2
537280,84879,ASSORTED COLOUR BIRD ORNAMENT,16,2019-12-03 16:03:00,1.68,12736,Portugal,False,False,26.88
536174,85123A,WHITE HANGING HEART T-LIGHT HOLDER,11,2019-01-16 00:00:00,2.4,14895,EIRE,False,False,26.4
536330,71053,WHITE METAL LANTERN,9,2019-08-18 22:53:00,3.15,15749,Germany,False,False,28.35
536610,84406B,CREAM CUPID HEARTS COAT HANGER,1,2019-06-26 00:00:00,2.5,,Australia,False,True,2.5
537414,22423,REGENCY CAKESTAND 3 TIER,1,2019-01-20 21:44:00,13.38,16374,Australia,False,False,13.38
536243,21755,LOVE BUILDING BLOCK WORD,19,2019-11-15 03:51:00,5.36,13063,Belgium,False,False,101.84
C537594,84879,ASSORTED COLOUR BIRD ORNAMENT,-15,2019-12-20 05:58:00,1.7,16460,Switzerland,True,False,-25.5
536851,85123A,WHITE HANGING HEART T-LIGHT HOLDER,14,2019-04-08 00:00:00,2.3,,Belgium,False,True,32.2
536755,22423,REGENCY CAKESTAND 3 TIER,17,2019-06-29 11:28:00,13.81,13419,Switzerland,False,False,234.77
537648,84879,ASSORTED COLOUR BIRD ORNAMENT,6,2019-06-08 02:19:00,1.62,17894,Germany,False,False,9.72
536646,71270,PINK CRYSTAL GUITAR PHONE CHARM,3,2019-04-16 08:20:00,1.13,15045,Netherlands,False,False,3.39
536465,21755,LOVE BUILDING BLOCK WORD,14,2019-03-17 13:38:00,6.49,,France,False,True,90.86
536250,85123A,WHITE HANGING HEART T-LIGHT HOLDER,2,2019-08-28 00:00:00,2.69,15519,Germany,False,False,5.38
537409,22752,SET 7 BABUSHKA NESTING BOXES,9,2019-11-25 18:06:00,8.06,17892,Spain,False,False,72.54
536162,84879,ASSORTED COLOUR BIRD ORNAMENT,15,2019-03-13 21:44:00,1.85,13728,Australia,False,False,27.75
536737,21730,GLASS STAR FROSTED T-LIGHT HOLDER,15,2019-09-07 19:25:00,4.33,13666,Netherlands,False,False,64.95
536338,84406B,CREAM CUPID HEARTS COAT HANGER,3,2019-08-28 06:45:00,2.91,16725,Belgium,False,False,8.73
536702,71053,WHITE METAL LANTERN,7,2019-07-12 18:57:00,3.42,15676,France,False,False,23.94
537585,84406B,CREAM CUPID HEARTS COAT HANGER,17,2019-05-16 15:51:00,2.73,15878,Netherlands,False,False,46.41
536667,85123A,WHITE HANGING HEART T-LIGHT HOLDER,13,2019-03-23 00:00:00,2.48,,France,False,True,32.24
537045,71053,WHITE METAL LANTERN,7,2019-01-11 00:00:00,3.43,15324,Netherlands,False,False,24.01
537122,84406B,CREAM CUPID HEARTS COAT HANGER,13,2019-11-08 05:00:00,2.52,13064,Switzerland,False,False,32.76
537312,71053,WHITE METAL LANTERN,10,2019-08-23 11:15:00,3.42,16929,France,False,False,34.2
536574,84879,ASSORTED COLOUR BIRD ORNAMENT,18,2019-11-12 00:00:00,1.53,15440,Australia,False,False,27.54
536003,22423,REGENCY CAKESTAND 3 TIER,9,2019-08-18 16:48:00,13.6,12923,EIRE,False,False,122.4
536699,71270,PINK CRYSTAL GUITAR PHONE CHARM,9,2019-01-30 16:03:00,1.27,13024,Spain,False,False,11.43
536326,84879,ASSORTED COLOUR BIRD ORNAMENT,17,2019-07-21 09:30:00,1.65,13403,EIRE,False,False,28.05
536258,84406B,CREAM CUPID HEARTS COAT HANGER,2,2019-08-14 00:00:00,2.69,13288,Germany,False,False,5.38
536537,84879,ASSORTED COLOUR BIRD ORNAMENT,5,2019-04-02 00:00:00,1.57,15375,Spain,False,False,7.85
537050,21730,GLASS STAR FROSTED T-LIGHT HOLDER,15,2019-02-24 22:03:00,4.6,17034,Germany,False,False,69.0
536947,84879,ASSORTED COLOUR BIRD ORNAMENT,3,2019-11-04 01:30:00,1.85,17198,United Kingdom,False,False,5.55
536691,22423,REGENCY CAKESTAND 3 TIER,14,2019-12-09 00:00:00,12.48,15764,Spain,False,False,174.72
536036,85123A,WHITE HANGING HEART T-LIGHT HOLDER,17,2019-10-24 00:00:00,2.37,12661,Germany,False,False,40.29
537646,71270,PINK CRYSTAL GUITAR PHONE CHARM,15,2019-11-02 13:39:00,1.27,12501,Portugal,False,False,19.05
537433,85123A,WHITE HANGING HEART T-LIGHT HOLDER,17,2019-03-22 15:41:00,2.33,15588,Germany,False,False,39.61
536163,22423,REGENCY CAKESTAND 3 TIER,12,2019-08-21 13:43:00,12.54,15326,Germany,False,False,150.48
536396,21730,GLASS STAR FROSTED T-LIGHT HOLDER,10,2019-06-25 22:07:00,4.25,17269,Netherlands,False,False,42.5
537213,71270,PINK CRYSTAL GUITAR PHONE CHARM,10,2019-09-11 23:57:00,1.36,,Switzerland,False,True,13.6
537109,22752,SET 7 BABUSHKA NESTING BOXES,1,2019-06-28 04:12:00,8.08,12392,France,False,False,8.08
536493,22960,JAM MAKING SET WITH JARS,16,2019-10-18 20:51:00,5.22,13786,France,False,False,83.52
536857,84406B,CREAM CUPID HEARTS COAT HANGER,10,2019-03-09 07:19:00,2.54,12702,Switzerland,False,False,25.4
536861,22752,SET 7 BABUSHKA NESTING BOXES,15,2019-10-07 00:26:00,8.38,18218,Australia,False,False,125.7
536635,22423,REGENCY CAKESTAND 3 TIER,8,2019-03-03 00:00:00,11.62,15537,Australia,False,False,92.96
537061,84879,ASSORTED COLOUR BIRD ORNAMENT,17,2019-03-03 04:56:00,1.58,16072,Netherlands,False,False,26.86
536432,21755,LOVE BUILDING BLOCK WORD,3,2019-02-13 21:07:00,6.16,12996,Australia,False,False,18.48
536690,85123A,WHITE HANGING HEART T-LIGHT HOLDER,7,2019-12-25 00:00:00,2.42,17966,Australia,False,False,16.94
537128,22960,JAM MAKING SET WITH JARS,2,2019-02-22 23:37:00,5.25,18212,France,False,False,10.5
536023,22960,JAM MAKING SET WITH JARS,11,2019-04-14 01:10:00,4.87,12388,EIRE,False,False,53.57
537139,21730,GLASS STAR FROSTED T-LIGHT HOLDER,12,2019-07-19 00:00:00,4.43,14323,Australia,False,False,53.16
537216,22423,REGENCY CAKESTAND 3 TIER,14,2019-05-12 00:00:00,13.69,,Australia,False,True,191.66
536647,84406B,CREAM CUPID HEARTS COAT HANGER,19,2019-06-10 01:15:00,2.86,13812,United Kingdom,False,False,54.34
536418,84879,ASSORTED COLOUR BIRD ORNAMENT,10,2019-06-28 14:25:00,1.69,18042,Spain,False,False,16.9
537502,22752,SET 7 BABUSHKA NESTING BOXES,5,2019-06-16 00:00:00,8.28,17300,United Kingdom,False,False,41.4
536061,22752,SET 7 BABUSHKA NESTING BOXES,4,2019-06-29 09:27:00,7.35,13715,Spain,False,False,29.4
536274,21730,GLASS STAR FROSTED T-LIGHT HOLDER,15,2019-11-11 11:30:00,4.25,13131,United Kingdom,False,False,63.75
536128,84406B,CREAM CUPID HEARTS COAT HANGER,9,2019-09-20 05:46:00,2.69,17751,Switzerland,False,False,24.21
536573,22423,REGENCY CAKESTAND 3 TIER,1,2019-09-22 16:16:00,12.31,18113,Germany,False,False,12.31
537130,71053,WHITE METAL LANTERN,1,2019-04-11 19:03:00,3.1,15302,EIRE,False,False,3.1
537252,84406B,CREAM CUPID HEARTS COAT HANGER,13,2019-05-12 21:14:00,2.8,,Spain,False,True,36.4
537391,71270,PINK CRYSTAL GUITAR PHONE CHARM,4,2019-10-18 18:51:00,1.17,12649,Australia,False,False,4.68
536156,84406B,CREAM CUPID HEARTS COAT HANGER,19,2019-12-02 21:44:00,3.02,15802,Switzerland,False,False,57.38
C536472,22960,JAM MAKING SET WITH JARS,-7,2019-03-25 12:22:00,5.0,16050,Australia,True,False,-35.0
537013,85123A,WHITE HANGING HEART T-LIGHT HOLDER,1,2019-12-05 00:00:00,2.62,17073,Switzerland,False,False,2.62
536178,21755,LOVE BUILDING BLOCK WORD,6,2019-06-29 02:15:00,6.46,17853,Australia,False,False,38.76
C536748,22752,SET 7 BABUSHKA NESTING BOXES,-12,2019-07-03 06:44:00,8.03,17727,Australia,True,False,-96.36
536113,71270,PINK CRYSTAL GUITAR PHONE CHARM,9,2019-12-06 00:00:00,1.26,15003,Germany,False,False,11.34
536979,71270,PINK CRYSTAL GUITAR PHONE CHARM,6,2019-01-03 20:38:00,1.31,,Germany,False,True,7.86
537292,71053,WHITE METAL LANTERN,3,2019-12-25 02:03:00,3.27,16877,Belgium,False,False,9.81
536665,22960,JAM MAKING SET WITH JARS,8,2019-06-15 22:14:00,5.34,14717,Australia,False,False,42.72
537170,22423,REGENCY CAKESTAND 3 TIER,16,2019-01-01 23:49:00,12.18,16698,Australia,False,False,194.88
536539,22423,REGENCY CAKESTAND 3 TIER,16,2019-06-26 00:00:00,12.56,14857,EIRE,False,False,200.96
537123,84879,ASSORTED COLOUR BIRD ORNAMENT,8,2019-02-17 08:19:00,1.82,17980,Germany,False,False,14.56
537043,84406B,CREAM CUPID HEARTS COAT HANGER,13,2019-01-28 17:07:00,2.56,14968,United Kingdom,False,False,33.28
536972,21730,GLASS STAR FROSTED T-LIGHT HOLDER,9,2019-06-23 10:35:00,4.39,13328,Belgium,False,False,39.51
537533,84406B,CREAM CUPID HEARTS COAT HANGER,10,2019-05-16 21:40:00,2.73,16269,Spain,False,False,27.3
536642,71270,PINK CRYSTAL GUITAR PHONE CHARM,8,2019-01-03 10:26:00,1.29,14548,Switzerland,False,False,10.32
537432,71270,PINK CRYSTAL GUITAR PHONE CHARM,11,2019-10-24 00:00:00,1.26,16657,Australia,False,False,13.86
536239,71053,WHITE METAL LANTERN,6,2019-05-01 12:41:00,3.32,,United Kingdom,False,True,19.92
536361,21730,GLASS STAR FROSTED T-LIGHT HOLDER,2,2019-01-10 20:09:00,4.23,16379,United Kingdom,False,False,8.46
536884,84406B,CREAM CUPID HEARTS COAT HANGER,6,2019-06-22 23:01:00,2.85,12395,Switzerland,False,False,17.1
536934,21755,LOVE BUILDING BLOCK WORD,6,2019-04-25 03:44:00,5.45,17919,United Kingdom,False,False,32.7
536249,84879,ASSORTED COLOUR BIRD ORNAMENT,13,2019-11-08 00:00:00,1.59,16818,United Kingdom,False,False,20.67
537057,71053,WHITE METAL LANTERN,3,2019-03-18 00:00:00,3.49,17841,Netherlands,False,False,10.47
537209,84406B,CREAM CUPID HEARTS COAT HANGER,12,2019-08-21 00:00:00,2.5,14293,Belgium,False,False,30.0
536915,85123A,WHITE HANGING HEART T-LIGHT HOLDER,7,2019-05-05 03:37:00,2.43,16619,Germany,False,False,17.01
536519,22423,REGENCY CAKESTAND 3 TIER,16,2019-06-10 08:26:00,12.05,12919,United Kingdom,False,False,192.8
536360,84879,ASSORTED COLOUR BIRD ORNAMENT,4,2019-04-28 01:24:00,1.71,12452,Switzerland,False,False,6.84
536306,85123A,WHITE HANGING HEART T-LIGHT HOLDER,15,2019-12-28 10:13:00,2.38,16669,Spain,False,False,35.7
537288,71053,WHITE METAL LANTERN,16,2019-08-06 21:08:00,3.09,13679,United Kingdom,False,False,49.44
536617,21755,LOVE BUILDING BLOCK WORD,2,2019-08-16 15:47:00,6.06,14563,Portugal,False,False,12.12
537021,22960,JAM MAKING SET WITH JARS,8,2019-08-18 11:00:00,4.92,14687,France,False,False,39.36
537597,71053,WHITE METAL LANTERN,17,2019-04-26 18:47:00,3.4,13594,Switzerland,False,False,57.8
536282,84406B,CREAM CUPID HEARTS COAT HANGER,19,2019-04-01 17:46:00,2.49,17474,Australia,False,False,47.31
536534,71270,PINK CRYSTAL GUITAR PHONE CHARM,9,2019-07-09 00:00:00,1.36,17875,Germany,False,False,12.24
537318,71053,WHITE METAL LANTERN,15,2019-06-16 12:24:00,3.27,13596,Belgium,False,False,49.05
537422,22960,JAM MAKING SET WITH JARS,1,2019-08-25 23:52:00,4.62,17026,France,False,False,4.62
536757,84879,ASSORTED COLOUR BIRD ORNAMENT,1,2019-07-19 06:23:00,1.55,15898,Portugal,False,False,1.55
536913,21730,GLASS STAR FROSTED T-LIGHT HOLDER,5,2019-11-27 23:06:00,3.98,14171,Belgium,False,False,19.9
537479,22752,SET 7 BABUSHKA NESTING BOXES,7,2019-12-26 05:50:00,16.24,,United Kingdom,False,True,113.68
537301,84879,ASSORTED COLOUR BIRD ORNAMENT,19,2019-03-01 05:00:00,1.59,17547,EIRE,False,False,30.21
537506,22752,SET 7 BABUSHKA NESTING BOXES,9,2019-11-22 05:20:00,7.63,17399,Australia,False,False,68.67
537624,22423,REGENCY CAKESTAND 3 TIER,6,2019-10-29 23:09:00,12.26,16286,Spain,False,False,73.56
537513,21730,GLASS STAR FROSTED T-LIGHT HOLDER,6,2019-07-31 23:14:00,3.84,18234,Switzerland,False,False,23.04
536431,84406B,CREAM CUPID HEARTS COAT HANGER,4,2019-01-07 00:00:00,2.48,18118,Netherlands,False,False,9.92
536729,84406B,CREAM CUPID HEARTS COAT HANGER,6,2019-02-28 09:25:00,2.57,13640,Germany,False,False,15.42
536510,22423,REGENCY CAKESTAND 3 TIER,2,2019-07-05 05:52:00,12.29,18108,United Kingdom,False,False,24.58
536848,22752,SET 7 BABUSHKA NESTING BOXES,2,2019-06-23 06:26:00,8.01,15864,Belgium,False,False,16.02
536462,21755,LOVE BUILDING BLOCK WORD,13,2019-11-21 06:54:00,5.9,18121,United Kingdom,False,False,76.7
537664,22752,SET 7 BABUSHKA NESTING BOXES,18,2019-06-30 03:57:00,8.04,,EIRE,False,True,144.72
536417,22423,REGENCY CAKESTAND 3 TIER,1,2019-08-27 18:34:00,12.6,16428,Belgium,False,False,12.6
536630,71053,WHITE METAL LANTERN,18,2019-02-11 15:36:00,3.71,13122,Australia,False,False,66.78
536189,22752,SET 7 BABUSHKA NESTING BOXES,15,2019-07-11 00:00:00,8.17,12612,United Kingdom,False,False,122.55
537073,22960,JAM MAKING SET WITH JARS,18,2019-01-16 07:44:00,5.3,14880,France,False,False,95.4
536145,22752,SET 7 BABUSHKA NESTING BOXES,14,2019-05-16 17:51:00,7.86,17859,Netherlands,False,False,110.04
536519,22960,JAM MAKING SET WITH JARS,8,2019-02-01 20:06:00,5.12,15293,Netherlands,False,False,40.96
537030,84406B,CREAM CUPID HEARTS COAT HANGER,11,2019-04-06 21:35:00,2.6,,Germany,False,True,28.6
536218,21730,GLASS STAR FROSTED T-LIGHT HOLDER,17,2019-05-09 05:28:00,4.64,15817,Australia,False,False,78.88
536879,84406B,CREAM CUPID HEARTS COAT HANGER,8,2019-12-02 00:00:00,2.52,13200,Portugal,False,False,20.16
536260,22960,JAM MAKING SET WITH JARS,4,2019-10-20 07:57:00,4.78,17044,Spain,False,False,19.12
537163,22960,JAM MAKING SET WITH JARS,16,2019-10-03 10:07:00,5.4,15242,Belgium,False,False,86.4
536952,84879,ASSORTED COLOUR BIRD ORNAMENT,2,2019-04-17 20:02:00,1.76,17874,Germany,False,False,3.52
537225,22960,JAM MAKING SET WITH JARS,19,2019-07-06 14:07:00,5.11,12896,United Kingdom,False,False,97.09
536399,21730,GLASS STAR FROSTED T-LIGHT HOLDER,3,2019-06-15 00:00:00,4.41,17190,United Kingdom,False,False,13.23
536857,22960,JAM MAKING SET WITH JARS,4,2019-05-02 21:22:00,4.64,13473,Portugal,False,False,18.56
537260,21730,GLASS STAR FROSTED T-LIGHT HOLDER,6,2019-03-21 03:28:00,4.31,13984,Switzerland,False,False,25.86
536662,84879,ASSORTED COLOUR BIRD ORNAMENT,6,2019-12-20 00:00:00,1.83,16469,Belgium,False,False,10.98
536281,85123A,WHITE HANGING HEART T-LIGHT HOLDER,6,2019-06-26 22:08:00,2.74,16297,Netherlands,False,False,16.44
536200,84879,ASSORTED COLOUR BIRD ORNAMENT,7,2019-07-16 16:21:00,1.84,,Australia,False,True,12.88
537212,71053,WHITE METAL LANTERN,2,2019-09-21 12:03:00,3.43,15419,United Kingdom,False,False,6.86
537182,21730,GLASS STAR FROSTED T-LIGHT HOLDER,14,2019-07-05 00:00:00,4.59,13835,Switzerland,False,False,64.26
536036,84879,ASSORTED COLOUR BIRD ORNAMENT,14,2019-06-12 00:57:00,1.8,15056,France,False,False,25.2
537432,22752,SET 7 BABUSHKA NESTING BOXES,3,2019-05-09 00:00:00,7.09,13549,Netherlands,False,False,21.27
537317,21755,LOVE BUILDING BLOCK WORD,7,2019-12-24 02:14:00,6.51,15013,Switzerland,False,False,45.57
537425,84406B,CREAM CUPID HEARTS COAT HANGER,6,2019-01-13 20:38:00,2.83,16931,Australia,False,False,16.98
536434,71053,WHITE METAL LANTERN,2,2019-11-25 00:00:00,3.1,17510,France,False,False,6.2
536276,71270,PINK CRYSTAL GUITAR PHONE CHARM,11,2019-06-09 07:00:00,1.28,15230,United Kingdom,False,False,14.08
536050,84406B,CREAM CUPID HEARTS COAT HANGER,19,2019-06-18 20:48:00,2.91,12786,Germany,False,False,55.29
537236,22960,JAM MAKING SET WITH JARS,17,2019-06-06 21:28:00,4.69,15862,EIRE,False,False,79.73
537635,22752,SET 7 BABUSHKA NESTING BOXES,1,2019-01-29 16:57:00,6.96,15896,Australia,False,False,6.96
536866,71270,PINK CRYSTAL GUITAR PHONE CHARM,18,2019-08-22 12:08:00,1.16,18120,Netherlands,False,False,20.88
537463,85123A,WHITE HANGING HEART T-LIGHT HOLDER,12,2019-10-12 05:59:00,2.48,12702,Spain,False,False,29.76
536694,84406B,CREAM CUPID HEARTS COAT HANGER,16,2019-02-04 09:36:00,2.54,14769,Switzerland,False,False,40.64
536691,71053,WHITE METAL LANTERN,9,2019-06-14 16:30:00,3.06,17056,Spain,False,False,27.54
537216,22960,JAM MAKING SET WITH JARS,4,2019-08-11 00:00:00,4.73,15865,Switzerland,False,False,18.92
536132,22960,JAM MAKING SET WITH JARS,6,2019-03-23 04:41:00,4.62,16782,United Kingdom,False,False,27.72
536055,22960,JAM MAKING SET WITH JARS,7,2019-06-05 19:22:00,5.17,,Australia,False,True,36.19
537654,71270,PINK CRYSTAL GUITAR PHONE CHARM,14,2019-09-14 00:00:00,1.31,17732,France,False,False,18.34
536408,21755,LOVE BUILDING BLOCK WORD,10,2019-11-22 04:19:00,5.7,,Portugal,False,True,57.0
536598,84406B,CREAM CUPID HEARTS COAT HANGER,2,2019-12-30 06:15:00,2.7,16154,EIRE,False,False,5.4
536547,22960,JAM MAKING SET WITH JARS,12,2019-04-18 16:47:00,5.34,12534,Netherlands,False,False,64.08
536047,21755,LOVE BUILDING BLOCK WORD,7,2019-11-18 08:07:00,6.0,17879,Portugal,False,False,42.0
536413,84406B,CREAM CUPID HEARTS COAT HANGER,4,2019-01-24 11:40:00,2.56,,France,False,True,10.24
536662,71270,PINK CRYSTAL GUITAR PHONE CHARM,12,2019-09-27 22:23:00,1.19,,Spain,False,True,14.28
537418,21755,LOVE BUILDING BLOCK WORD,15,2019-12-07 00:00:00,5.93,15470,EIRE,False,False,88.95
536741,21755,LOVE BUILDING BLOCK WORD,15,2019-03-14 09:26:00,5.65,,Germany,False,True,84.75
536079,71270,PINK CRYSTAL GUITAR PHONE CHARM,17,2019-07-15 12:44:00,1.21,16623,France,False,False,20.57
536329,84406B,CREAM CUPID HEARTS COAT HANGER,19,2019-09-01 02:32:00,3.0,12693,EIRE,False,False,57.0
537408,22423,REGENCY CAKESTAND 3 TIER,6,2019-03-23 10:32:00,11.98,18246,Portugal,False,False,71.88
536586,84406B,CREAM CUPID HEARTS COAT HANGER,4,2019-07-14 03:59:00,2.54,15319,Belgium,False,False,10.16
536340,22752,SET 7 BABUSHKA NESTING BOXES,11,2019-04-19 12:56:00,8.3,12478,Belgium,False,False,91.3
537387,71053,WHITE METAL LANTERN,13,2019-08-11 00:00:00,3.29,17864,France,False,False,42.77
536288,21755,LOVE BUILDING BLOCK WORD,15,2019-01-26 14:52:00,6.3,14658,EIRE,False,False,94.5
537492,21755,LOVE BUILDING BLOCK WORD,5,2019-01-28 00:00:00,6.54,12352,Spain,False,False,32.7
536783,71053,WHITE METAL LANTERN,13,2019-06-06 12:36:00,3.5,16218,Spain,False,False,45.5
537471,21755,LOVE BUILDING BLOCK WORD,7,2019-08-04 03:15:00,5.59,16372,Switzerland,False,False,39.13
536824,71270,PINK CRYSTAL GUITAR PHONE CHARM,13,2019-06-01 16:37:00,1.32,14300,Australia,False,False,17.16
536565,21755,LOVE BUILDING BLOCK WORD,15,2019-05-08 08:59:00,6.36,17025,EIRE,False,False,95.4
536814,85123A,WHITE HANGING HEART T-LIGHT HOLDER,14,2019-06-16 00:00:00,2.57,13460,Germany,False,False,35.98
536739,22752,SET 7 BABUSHKA NESTING BOXES,45,2019-10-06 00:00:00,7.88,13332,Portugal,False,False,354.6
537023,84879,ASSORTED COLOUR BIRD ORNAMENT,1,2019-09-01 22:57:00,1.84,15718,France,False,False,1.84
537079,84406B,CREAM CUPID HEARTS COAT HANGER,5,2019-12-17 09:19:00,2.94,14693,Germany,False,False,14.7
537406,22423,REGENCY CAKESTAND 3 TIER,13,2019-12-08 00:00:00,11.63,12447,Belgium,False,False,151.19
536527,84406B,CREAM CUPID HEARTS COAT HANGER,8,2019-06-14 10:29:00,2.61,12823,Australia,False,False,20.88
536267,22423,REGENCY CAKESTAND 3 TIER,16,2019-09-03 03:30:00,12.98,17410,Switzerland,False,False,207.68
536408,71053,WHITE METAL LANTERN,14,2019-05-05 00:00:00,3.44,15391,Germany,False,False,48.16
536401,84879,ASSORTED COLOUR BIRD ORNAMENT,10,2019-08-29 00:00:00,1.84,12517,United Kingdom,False,False,18.4
537500,71270,PINK CRYSTAL GUITAR PHONE CHARM,3,2019-08-11 23:42:00,1.32,16954,EIRE,False,False,3.96
537066,21755,LOVE BUILDING BLOCK WORD,17,2019-06-24 13:24:00,5.41,13895,Belgium,False,False,91.97
536908,21730,GLASS STAR FROSTED T-LIGHT HOLDER,6,2019-06-12 00:32:00,4.47,17975,Germany,False,False,26.82
536959,22423,REGENCY CAKESTAND 3 TIER,12,2019-12-18 00:00:00,11.79,16394,EIRE,False,False,141.48
537578,84406B,CREAM CUPID HEARTS COAT HANGER,8,2019-04-30 07:35:00,2.54,14728,Netherlands,False,False,20.32
536133,22752,SET 7 BABUSHKA NESTING BOXES,5,2019-05-05 23:08:00,7.31,15682,France,False,False,36.55
536926,22752,SET 7 BABUSHKA NESTING BOXES,4,2019-01-15 10:37:00,7.44,18088,Belgium,False,False,29.76
537302,21730,GLASS STAR FROSTED T-LIGHT HOLDER,3,2019-09-19 00:00:00,4.57,16723,Australia,False,False,13.71
536422,21730,GLASS STAR FROSTED T-LIGHT HOLDER,6,2019-05-18 07:03:00,4.25,14799,EIRE,False,False,25.5
536268,84879,ASSORTED COLOUR BIRD ORNAMENT,6,2019-01-13 00:00:00,1.8,14061,Belgium,False,False,10.8
536481,84879,ASSORTED COLOUR BIRD ORNAMENT,5,2019-04-28 05:21:00,1.7,14512,United Kingdom,False,False,8.5
536319,21755,LOVE BUILDING BLOCK WORD,14,2019-10-05 19:04:00,5.4,14938,France,False,False,75.6
537453,22752,SET 7 BABUSHKA NESTING BOXES,10,2019-06-20 03:30:00,7.54,14264,Portugal,False,False,75.4
536061,71053,WHITE METAL LANTERN,1,2019-06-01 20:42:00,3.13,13311,United Kingdom,False,False,3.13
537581,21730,GLASS STAR FROSTED T-LIGHT HOLDER,8,2019-06-13 00:33:00,4.32,12907,United Kingdom,False,False,34.56
536695,22752,SET 7 BABUSHKA NESTING BOXES,4,2019-05-02 16:07:00,7.75,17829,EIRE,False,False,31.0
536032,71053,WHITE METAL LANTERN,8,2019-01-02 17:13:00,3.72,17374,Australia,False,False,29.76
536925,21755,LOVE BUILDING BLOCK WORD,9,2019-02-04 09:15:00,5.79,16722,Netherlands,False,False,52.11
537588,84406B,CREAM CUPID HEARTS COAT HANGER,8,2019-04-02 13:10:00,2.86,17302,Switzerland,False,False,22.88
536706,71270,PINK CRYSTAL GUITAR PHONE CHARM,16,2019-01-22 06:43:00,1.24,17141,Portugal,False,False,19.84
537237,22423,REGENCY CAKESTAND 3 TIER,5,2019-11-05 00:00:00,11.83,12795,Switzerland,False,False,59.15
536843,85123A,WHITE HANGING HEART T-LIGHT HOLDER,2,2019-04-30 00:00:00,2.41,12640,Germany,False,False,4.82
536223,71053,WHITE METAL LANTERN,9,2019-09-11 17:53:00,3.61,12737,EIRE,False,False,32.49
536584,84406B,CREAM CUPID HEARTS COAT HANGER,1,2019-07-16 01:46:00,2.77,17801,Australia,False,False,2.77
536982,22423,REGENCY CAKESTAND 3 TIER,13,2019-01-21 16:03:00,11.92,18139,Switzerland,False,False,154.96
536845,22960,JAM MAKING SET WITH JARS,10,2019-10-07 00:12:00,5.37,12861,United Kingdom,False,False,53.7
536947,22752,SET 7 BABUSHKA NESTING BOXES,12,2019-03-21 04:05:00,8.13,16703,Spain,False,False,97.56
536553,22752,SET 7 BABUSHKA NESTING BOXES,3,2019-04-30 00:00:00,7.96,12667,EIRE,False,False,23.88
537540,84879,ASSORTED COLOUR BIRD ORNAMENT,11,2019-10-23 00:00:00,1.57,15462,Portugal,False,False,17.27
536970,71053,WHITE METAL LANTERN,12,2019-05-14 13:59:00,3.17,14719,EIRE,False,False,38.04
537625,22423,REGENCY CAKESTAND 3 TIER,4,2019-02-01 07:59:00,13.14,17467,EIRE,False,False,52.56
537386,21730,GLASS STAR FROSTED T-LIGHT HOLDER,1,2019-10-21 13:25:00,3.94,12841,Spain,False,False,3.94
536459,84879,ASSORTED COLOUR BIRD ORNAMENT,15,2019-06-15 02:25:00,1.72,16302,Netherlands,False,False,25.8
C537032,21730,GLASS STAR FROSTED T-LIGHT HOLDER,-11,2019-05-14 04:30:00,4.15,13835,Netherlands,True,False,-45.65
536928,21755,LOVE BUILDING BLOCK WORD,7,2019-05-09 17:12:00,5.7,12883,United Kingdom,False,False,39.9
537092,22423,REGENCY CAKESTAND 3 TIER,1,2019-07-04 02:30:00,11.64,15273,Portugal,False,False,11.64
536865,22752,SET 7 BABUSHKA NESTING BOXES,13,2019-10-23 00:31:00,7.82,17718,Portugal,False,False,101.66
C537182,84879,ASSORTED COLOUR BIRD ORNAMENT,-15,2019-04-24 01:24:00,1.8,13247,Switzerland,True,False,-27.0
537541,21730,GLASS STAR FROSTED T-LIGHT HOLDER,7,2019-09-14 00:00:00,4.5,13190,Germany,False,False,31.5
537276,22423,REGENCY CAKESTAND 3 TIER,14,2019-06-19 07:50:00,13.02,14197,United Kingdom,False,False,182.28
537554,21730,GLASS STAR FROSTED T-LIGHT HOLDER,3,2019-01-04 16:01:00,3.99,16164,Switzerland,False,False,11.97
536314,22752,SET 7 BABUSHKA NESTING BOXES,13,2019-06-21 19:01:00,8.14,14457,Spain,False,False,105.82
537340,71053,WHITE METAL LANTERN,13,2019-08-25 06:00:00,3.25,17875,Australia,False,False,42.25
537405,84406B,CREAM CUPID HEARTS COAT HANGER,16,2019-08-17 02:08:00,2.96,,Germany,False,True,47.36
536080,71053,WHITE METAL LANTERN,19,2019-11-01 22:52:00,3.38,13217,Germany,False,False,64.22
536596,21730,GLASS STAR FROSTED T-LIGHT HOLDER,17,2019-06-14 04:38:00,4.64,13089,Germany,False,False,78.88
536642,85123A,WHITE HANGING HEART T-LIGHT HOLDER,9,2019-03-13 00:00:00,2.55,16288,Spain,False,False,22.95
536175,84406B,CREAM CUPID HEARTS COAT HANGER,12,2019-06-01 17:07:00,2.87,16416,Australia,False,False,34.44
537633,84879,ASSORTED COLOUR BIRD ORNAMENT,9,2019-05-03 23:54:00,1.85,14807,Netherlands,False,False,16.65
536972,71053,WHITE METAL LANTERN,14,2019-10-23 16:51:00,3.5,16116,Portugal,False,False,49.0
537359,22960,JAM MAKING SET WITH JARS,14,2019-01-23 00:00:00,5.04,12859,EIRE,False,False,70.56
536750,84879,ASSORTED COLOUR BIRD ORNAMENT,14,2019-09-10 00:00:00,1.53,17391,Belgium,False,False,21.42
537371,21730,GLASS STAR FROSTED T-LIGHT HOLDER,5,2019-11-02 03:30:00,4.59,13126,United Kingdom,False,False,22.95
536712,84879,ASSORTED COLOUR BIRD ORNAMENT,7,2019-11-10 17:54:00,1.69,17731,Netherlands,False,False,11.83
537336,22960,JAM MAKING SET WITH JARS,5,2019-09-26 12:27:00,4.76,12488,United Kingdom,False,False,23.8
536143,84406B,CREAM CUPID HEARTS COAT HANGER,7,2019-04-18 15:48:00,2.81,,Portugal,False,True,19.67
537648,21730,GLASS STAR FROSTED T-LIGHT HOLDER,17,2019-01-25 07:06:00,4.42,16860,France,False,False,75.14
536688,22423,REGENCY CAKESTAND 3 TIER,13,2019-08-11 00:00:00,13.93,18162,Germany,False,False,181.09
536775,84406B,CREAM CUPID HEARTS COAT HANGER,15,2019-02-08 05:52:00,2.68,17356,Netherlands,False,False,40.2
537277,21730,GLASS STAR FROSTED T-LIGHT HOLDER,11,2019-06-07 20:13:00,4.05,15151,Belgium,False,False,44.55
C537394,22423,REGENCY CAKESTAND 3 TIER,-14,2019-12-31 20:18:00,13.94,,Portugal,True,True,-195.16
536492,71270,PINK CRYSTAL GUITAR PHONE CHARM,11,2019-08-17 06:20:00,1.19,15660,Netherlands,False,False,13.09
536112,85123A,WHITE HANGING HEART T-LIGHT HOLDER,6,2019-09-24 20:59:00,2.45,12738,United Kingdom,False,False,14.7
536691,84879,ASSORTED COLOUR BIRD ORNAMENT,13,2019-12-09 00:03:00,1.61,12987,EIRE,False,False,20.93
536670,22752,SET 7 BABUSHKA NESTING BOXES,18,2019-09-06 00:00:00,7.21,13735,Australia,False,False,129.78
536084,85123A,WHITE HANGING HEART T-LIGHT HOLDER,9,2019-07-11 08:13:00,2.78,15647,Germany,False,False,25.02
536106,71270,PINK CRYSTAL GUITAR PHONE CHARM,7,2019-06-10 10:21:00,1.23,17102,Belgium,False,False,8.61
536682,85123A,WHITE HANGING HEART T-LIGHT HOLDER,3,2019-11-05 21:41:00,2.77,13235,Netherlands,False,False,8.31
536315,21730,GLASS STAR FROSTED T-LIGHT HOLDER,10,2019-03-13 23:02:00,4.61,15481,Germany,False,False,46.1
536845,22752,SET 7 BABUSHKA NESTING BOXES,8,2019-01-06 11:25:00,7.92,17008,Portugal,False,False,63.36
536361,84406B,CREAM CUPID HEARTS COAT HANGER,1,2019-10-18 12:16:00,2.49,15808,Portugal,False,False,2.49
536397,71053,WHITE METAL LANTERN,9,2019-07-16 15:48:00,3.24,12851,Netherlands,False,False,29.16
536206,21730,GLASS STAR FROSTED T-LIGHT HOLDER,10,2019-12-11 02:32:00,4.02,13687,EIRE,False,False,40.2
536699,21730,GLASS STAR FROSTED T-LIGHT HOLDER,9,2019-06-02 01:27:00,4.42,12366,Netherlands,False,False,39.78
536250,22960,JAM MAKING SET WITH JARS,16,2019-06-20 05:52:00,5.04,14014,Switzerland,False,False,80.64
536983,21730,GLASS STAR FROSTED T-LIGHT HOLDER,10,2019-09-07 03:59:00,4.11,15207,France,False,False,41.1
537299,21755,LOVE BUILDING BLOCK WORD,1,2019-01-24 16:31:00,5.77,15628,Belgium,False,False,5.77
536621,71270,PINK CRYSTAL GUITAR PHONE CHARM,14,2019-11-07 02:43:00,1.33,14455,Belgium,False,False,18.62
536652,21730,GLASS STAR FROSTED T-LIGHT HOLDER,2,2019-05-02 14:29:00,4.41,14948,EIRE,False,False,8.82
537000,85123A,WHITE HANGING HEART T-LIGHT HOLDER,15,2019-09-01 22:55:00,2.53,13831,United Kingdom,False,False,37.95
536860,22752,SET 7 BABUSHKA NESTING BOXES,8,2019-10-05 09:18:00,8.24,12688,Portugal,False,False,65.92
536592,71053,WHITE METAL LANTERN,7,2019-12-06 22:59:00,3.15,15693,Netherlands,False,False,22.05
536192,84406B,CREAM CUPID HEARTS COAT HANGER,12,2019-08-14 23:52:00,2.97,17256,United Kingdom,False,False,35.64
C536555,85123A,WHITE HANGING HEART T-LIGHT HOLDER,-4,2019-01-05 08:49:00,2.73,13802,EIRE,True,False,-10.92
536465,22752,SET 7 BABUSHKA NESTING BOXES,14,2019-08-05 07:47:00,7.47,18006,Switzerland,False,False,104.58
536727,71270,PINK CRYSTAL GUITAR PHONE CHARM,8,2019-12-17 18:18:00,1.25,12793,France,False,False,10.0
536601,84406B,CREAM CUPID HEARTS COAT HANGER,5,2019-02-27 12:34:00,2.58,17059,Germany,False,False,12.9
537459,22752,SET 7 BABUSHKA NESTING BOXES,12,2019-02-07 14:38:00,7.42,16535,France,False,False,89.04
536090,84879,ASSORTED COLOUR BIRD ORNAMENT,5,2019-12-15 22:10:00,1.83,14223,Portugal,False,False,9.15
536056,85123A,WHITE HANGING HEART T-LIGHT HOLDER,45,2019-07-22 00:25:00,2.4,14139,Spain,False,False,108.0
536680,22423,REGENCY CAKESTAND 3 TIER,8,2019-10-15 00:00:00,13.19,15620,Australia,False,False,105.52
537477,85123A,WHITE HANGING HEART T-LIGHT HOLDER,15,2019-05-07 00:00:00,2.38,15124,Australia,False,False,35.7
537377,22423,REGENCY CAKESTAND 3 TIER,16,2019-02-22 07:01:00,13.77,,Germany,False,True,220.32
536605,21755,LOVE BUILDING BLOCK WORD,17,2019-12-06 13:07:00,6.34,13591,United Kingdom,False,False,107.78
537203,84406B,CREAM CUPID HEARTS COAT HANGER,5,2019-02-13 03:00:00,2.83,17262,Germany,False,False,14.15
537218,71053,WHITE METAL LANTERN,12,2019-01-23 23:33:00,3.41,,Switzerland,False,True,40.92
536498,22960,JAM MAKING SET WITH JARS,13,2019-07-28 01:01:00,4.82,14743,EIRE,False,False,62.66
536948,71053,WHITE METAL LANTERN,18,2019-02-19 14:19:00,3.25,12685,France,False,False,58.5
536425,84406B,CREAM CUPID HEARTS COAT HANGER,11,2019-09-04 00:32:00,2.64,17558,Belgium,False,False,29.04
537287,22752,SET 7 BABUSHKA NESTING BOXES,18,2019-06-18 12:23:00,7.41,16703,Spain,False,False,133.38
536595,21755,LOVE BUILDING BLOCK WORD,17,2019-02-23 08:08:00,6.22,14424,Switzerland,False,False,105.74
537005,85123A,WHITE HANGING HEART T-LIGHT HOLDER,3,2019-03-23 16:48:00,2.67,14575,Switzerland,False,False,8.01
537257,71053,WHITE METAL LANTERN,4,2019-06-14 00:00:00,3.41,13153,Belgium,False,False,13.64
537087,71053,WHITE METAL LANTERN,3,2019-08-09 06:45:00,3.31,15289,France,False,False,9.93
537315,71270,PINK CRYSTAL GUITAR PHONE CHARM,1,2019-01-06 11:52:00,1.27,15931,France,False,False,1.27
536723,71053,WHITE METAL LANTERN,3,2019-08-14 18:38:00,3.46,14178,Portugal,False,False,10.38
536767,85123A,WHITE HANGING HEART T-LIGHT HOLDER,1,2019-12-20 00:00:00,2.73,17866,Spain,False,False,2.73
537192,21730,GLASS STAR FROSTED T-LIGHT HOLDER,18,2019-10-18 00:00:00,4.23,13650,Australia,False,False,76.14
537242,71053,WHITE METAL LANTERN,12,2019-08-06 00:44:00,3.32,17908,France,False,False,39.84
536098,22960,JAM MAKING SET WITH JARS,15,2019-10-05 02:03:00,4.57,14349,Germany,False,False,68.55
536356,22423,REGENCY CAKESTAND 3 TIER,1,2019-02-16 00:00:00,12.38,16989,Germany,False,False,12.38
536017,22752,SET 7 BABUSHKA NESTING BOXES,4,2019-01-10 17:10:00,8.12,,Switzerland,False,True,32.48
537563,21730,GLASS STAR FROSTED T-LIGHT HOLDER,10,2019-06-25 06:14:00,4.08,13680,France,False,False,40.8
537507,22752,SET 7 BABUSHKA NESTING BOXES,7,2019-02-12 09:48:00,7.49,15416,Germany,False,False,52.43
537321,71053,WHITE METAL LANTERN,16,2019-08-03 23:13:00,3.34,14010,Australia,False,False,53.44
537374,84406B,CREAM CUPID HEARTS COAT HANGER,14,2019-02-20 23:39:00,2.91,15158,France,False,False,40.74
536668,22752,SET 7 BABUSHKA NESTING BOXES,5,2019-09-20 09:17:00,7.63,17673,Switzerland,False,False,38.15
536100,22752,SET 7 BABUSHKA NESTING BOXES,1,2019-12-06 14:26:00,6.96,14556,Spain,False,False,6.96
536121,21730,GLASS STAR FROSTED T-LIGHT HOLDER,15,2019-06-04 04:23:00,4.28,16008,EIRE,False,False,64.2
536034,85123A,WHITE HANGING HEART T-LIGHT HOLDER,3,2019-01-09 15:58:00,2.8,13157,Belgium,False,False,8.4
537501,22752,SET 7 BABUSHKA NESTING BOXES,18,2019-05-30 15:36:00,7.5,17379,Netherlands,False,False,135.0
537018,21730,GLASS STAR FROSTED T-LIGHT HOLDER,14,2019-02-22 00:00:00,4.26,12705,Switzerland,False,False,59.64
537044,84406B,CREAM CUPID HEARTS COAT HANGER,8,2019-09-05 07:24:00,2.73,15540,Australia,False,False,21.84
537650,22960,JAM MAKING SET WITH JARS,3,2019-09-19 09:16:00,4.93,16430,Australia,False,False,14.79
536962,21730,GLASS STAR FROSTED T-LIGHT HOLDER,6,2019-05-21 03:12:00,4.38,,Portugal,False,True,26.28
537238,71270,PINK CRYSTAL GUITAR PHONE CHARM,3,2019-07-29 10:33:00,1.16,16455,United Kingdom,False,False,3.48
536495,71270,PINK CRYSTAL GUITAR PHONE CHARM,7,2019-11-28 08:19:00,1.29,13765,Spain,False,False,9.03
537005,85123A,WHITE HANGING HEART T-LIGHT HOLDER,2,2019-12-02 16:55:00,2.63,16607,Germany,False,False,5.26
536124,71053,WHITE METAL LANTERN,17,2019-04-21 08:20:00,3.48,14930,Belgium,False,False,59.16
536404,85123A,WHITE HANGING HEART T-LIGHT HOLDER,16,2019-11-12 00:00:00,2.36,,Australia,False,True,37.76
536181,71270,PINK CRYSTAL GUITAR PHONE CHARM,8,2019-12-19 06:09:00,1.33,16323,Australia,False,False,10.64
536450,71053,WHITE METAL LANTERN,11,2019-07-04 08:30:00,3.55,13294,Germany,False,False,39.05
536097,85123A,WHITE HANGING HEART T-LIGHT HOLDER,3,2019-04-08 19:45:00,2.73,15632,Netherlands,False,False,8.19
537117,22752,SET 7 BABUSHKA NESTING BOXES,2,2019-08-05 04:10:00,7.63,14268,Belgium,False,False,15.26
536129,85123A,WHITE HANGING HEART T-LIGHT HOLDER,18,2019-08-18 00:00:00,2.55,12486,Portugal,False,False,45.9
537469,85123A,WHITE HANGING HEART T-LIGHT HOLDER,19,2019-10-27 13:21:00,2.7,17474,Portugal,False,False,51.3
C537065,22960,JAM MAKING SET WITH JARS,-15,2019-03-30 15:41:00,4.72,16821,Germany,True,False,-70.8
536623,71270,PINK CRYSTAL GUITAR PHONE CHARM,10,2019-01-09 00:00:00,1.35,13348,Switzerland,False,False,13.5
537308,22423,REGENCY CAKESTAND 3 TIER,19,2019-05-07 00:00:00,11.52,12997,Germany,False,False,218.88
536082,22423,REGENCY CAKESTAND 3 TIER,7,2019-08-29 14:56:00,13.5,12667,Switzerland,False,False,94.5
536926,22960,JAM MAKING SET WITH JARS,18,2019-04-28 16:13:00,5.0,17412,United Kingdom,False,False,90.0
536721,71053,WHITE METAL LANTERN,4,2019-01-14 13:31:00,3.38,17350,Spain,False,False,13.52
536116,22423,REGENCY CAKESTAND 3 TIER,3,2019-01-02 20:01:00,11.63,17912,Germany,False,False,34.89
537354,21755,LOVE BUILDING BLOCK WORD,9,2019-01-13 04:15:00,5.44,15481,Germany,False,False,48.96
537563,71053,WHITE METAL LANTERN,10,2019-06-17 00:00:00,3.06,12353,EIRE,False,False,30.6
536136,85123A,WHITE HANGING HEART T-LIGHT HOLDER,15,2019-06-01 11:14:00,2.34,,France,False,True,35.1
536668,22960,JAM MAKING SET WITH JARS,4,2019-04-12 00:00:00,4.72,12945,Spain,False,False,18.88
537605,84406B,CREAM CUPID HEARTS COAT HANGER,2,2019-01-05 22:51:00,2.98,17451,Spain,False,False,5.96
536631,71270,PINK CRYSTAL GUITAR PHONE CHARM,18,2019-09-18 00:26:00,1.13,17196,EIRE,False,False,20.34
536394,21755,LOVE BUILDING BLOCK WORD,13,2019-05-07 03:08:00,5.41,14082,Belgium,False,False,70.33
537175,71053,WHITE METAL LANTERN,8,2019-11-06 23:15:00,3.52,13746,Spain,False,False,28.16
536277,84879,ASSORTED COLOUR BIRD ORNAMENT,10,2019-01-25 22:39:00,1.6,15215,France,False,False,16.0
536742,84879,ASSORTED COLOUR BIRD ORNAMENT,9,2019-11-07 08:50:00,1.6,13934,Netherlands,False,False,14.4
536601,22423,REGENCY CAKESTAND 3 TIER,13,2019-07-17 00:00:00,13.01,17507,United Kingdom,False,False,169.13
536230,22752,SET 7 BABUSHKA NESTING BOXES,13,2019-08-12 02:24:00,8.29,15836,EIRE,False,False,107.77
537378,84879,ASSORTED COLOUR BIRD ORNAMENT,8,2019-10-06 09:35:00,1.82,14415,Germany,False,False,14.56
537098,85123A,WHITE HANGING HEART T-LIGHT HOLDER,10,2019-04-04 00:00:00,2.48,18176,Australia,False,False,24.8
537033,85123A,WHITE HANGING HEART T-LIGHT HOLDER,5,2019-11-24 02:15:00,2.49,16621,Netherlands,False,False,12.45
537473,71053,WHITE METAL LANTERN,18,2019-11-09 10:14:00,3.34,13498,Portugal,False,False,60.12
537559,71053,WHITE METAL LANTERN,1,2019-07-14 14:17:00,3.42,14796,Portugal,False,False,3.42
536358,84879,ASSORTED COLOUR BIRD ORNAMENT,9,2019-03-10 23:56:00,1.76,14234,EIRE,False,False,15.84
536943,22960,JAM MAKING SET WITH JARS,7,2019-11-22 12:17:00,4.79,15353,Portugal,False,False,33.53
537099,22423,REGENCY CAKESTAND 3 TIER,17,2019-06-13 00:14:00,13.6,14175,Spain,False,False,231.2
536813,22423,REGENCY CAKESTAND 3 TIER,15,2019-11-10 01:50:00,12.81,16723,France,False,False,192.15
536703,22423,REGENCY CAKESTAND 3 TIER,17,2019-02-16 10:24:00,11.53,16039,Belgium,False,False,196.01
536256,22960,JAM MAKING SET WITH JARS,7,2019-02-01 00:00:00,5.06,16939,France,False,False,35.42
536943,22960,JAM MAKING SET WITH JARS,3,2019-02-05 16:36:00,4.79,15288,United Kingdom,False,False,14.37
537182,71053,WHITE METAL LANTERN,18,2019-04-02 07:50:00,3.16,13540,Spain,False,False,56.88
536648,84406B,CREAM CUPID HEARTS COAT HANGER,8,2019-06-15 16:38:00,3.01,17795,Portugal,False,False,24.08
536184,84879,ASSORTED COLOUR BIRD ORNAMENT,3,2019-08-28 22:44:00,1.84,14391,EIRE,False,False,5.52
536250,21730,GLASS STAR FROSTED T-LIGHT HOLDER,2,2019-04-05 00:00:00,4.46,,Portugal,False,True,8.92
537306,84879,ASSORTED COLOUR BIRD ORNAMENT,13,2019-03-29 04:03:00,1.7,13132,Germany,False,False,22.1
537454,21755,LOVE BUILDING BLOCK WORD,19,2019-07-25 06:30:00,5.43,,Australia,False,True,103.17
536347,71053,WHITE METAL LANTERN,13,2019-09-18 00:27:00,3.22,18222,Spain,False,False,41.86
537330,84406B,CREAM CUPID HEARTS COAT HANGER,2,2019-07-03 07:08:00,2.81,13602,Belgium,False,False,5.62
537583,71053,WHITE METAL LANTERN,11,2019-07-10 22:05:00,3.57,,Netherlands,False,True,39.27
536121,22960,JAM MAKING SET WITH JARS,17,2019-02-16 00:00:00,5.39,13012,United Kingdom,False,False,91.63
537231,22752,SET 7 BABUSHKA NESTING BOXES,9,2019-10-16 19:57:00,7.34,18285,United Kingdom,False,False,66.06
536378,22423,REGENCY CAKESTAND 3 TIER,1,2019-05-31 23:45:00,11.55,16407,Spain,False,False,11.55
537114,85123A,WHITE HANGING HEART T-LIGHT HOLDER,13,2019-08-26 00:00:00,2.62,17560,Netherlands,False,False,34.06
537353,85123A,WHITE HANGING HEART T-LIGHT HOLDER,11,2019-07-24 00:00:00,2.74,,United Kingdom,False,True,30.14
536183,21730,GLASS STAR FROSTED T-LIGHT HOLDER,3,2019-04-06 21:28:00,4.62,13883,Germany,False,False,13.86
537086,21730,GLASS STAR FROSTED T-LIGHT HOLDER,19,2019-04-20 02:35:00,4.22,17552,Switzerland,False,False,80.18
537414,71270,PINK CRYSTAL GUITAR PHONE CHARM,1,2019-12-16 18:15:00,1.26,14826,Australia,False,False,1.26
536540,22752,SET 7 BABUSHKA NESTING BOXES,1,2019-05-13 06:15:00,8.4,16234,Belgium,False,False,8.4
536840,21730,GLASS STAR FROSTED T-LIGHT HOLDER,10,2019-08-27 03:10:00,4.02,12736,Australia,False,False,40.2
537335,22960,JAM MAKING SET WITH JARS,19,2019-04-14 19:14:00,5.44,13803,Australia,False,False,103.36
537542,21755,LOVE BUILDING BLOCK WORD,13,2019-12-24 18:02:00,6.15,13995,EIRE,False,False,79.95
537266,84879,ASSORTED COLOUR BIRD ORNAMENT,18,2019-06-13 03:36:00,1.55,15278,Netherlands,False,False,27.9
537511,22752,SET 7 BABUSHKA NESTING BOXES,13,2019-03-09 22:58:00,7.64,14217,United Kingdom,False,False,99.32
536280,21730,GLASS STAR FROSTED T-LIGHT HOLDER,3,2019-01-01 00:00:00,4.2,15482,United Kingdom,False,False,12.6
536831,22752,SET 7 BABUSHKA NESTING BOXES,6,2019-05-11 23:39:00,6.9,14537,Netherlands,False,False,41.4
536689,21730,GLASS STAR FROSTED T-LIGHT HOLDER,19,2019-11-23 06:24:00,4.44,16276,EIRE,False,False,84.36
537331,85123A,WHITE HANGING HEART T-LIGHT HOLDER,14,2019-06-30 12:52:00,2.53,12911,Belgium,False,False,35.42
C536293,22423,REGENCY CAKESTAND 3 TIER,-12,2019-01-26 13:02:00,11.91,17157,Switzerland,True,False,-142.92
537512,84406B,CREAM CUPID HEARTS COAT HANGER,17,2019-12-28 17:14:00,2.95,18020,Germany,False,False,50.15
536924,22423,REGENCY CAKESTAND 3 TIER,13,2019-06-24 01:02:00,12.43,,Portugal,False,True,161.59
536287,22960,JAM MAKING SET WITH JARS,1,2019-02-28 23:46:00,4.49,16114,Switzerland,False,False,4.49
537203,84406B,CREAM CUPID HEARTS COAT HANGER,12,2019-08-31 16:53:00,2.66,15912,Belgium,False,False,31.92
537184,71270,PINK CRYSTAL GUITAR PHONE CHARM,17,2019-11-10 17:38:00,1.29,18169,United Kingdom,False,False,21.93
C536800,71270,PINK CRYSTAL GUITAR PHONE CHARM,-19,2019-08-25 22:37:00,1.22,13759,Belgium,True,False,-23.18
536686,22423,REGENCY CAKESTAND 3 TIER,18,2019-07-29 16:02:00,12.8,16804,EIRE,False,False,230.4
537616,22960,JAM MAKING SET WITH JARS,13,2019-04-07 18:25:00,5.38,17289,Netherlands,False,False,69.94
536637,21755,LOVE BUILDING BLOCK WORD,14,2019-06-21 01:31:00,5.66,14384,EIRE,False,False,79.24
537293,21730,GLASS STAR FROSTED T-LIGHT HOLDER,13,2019-04-24 10:33:00,4.4,12623,Switzerland,False,False,57.2
537375,71270,PINK CRYSTAL GUITAR PHONE CHARM,9,2019-12-18 00:00:00,1.32,17399,France,False,False,11.88
536357,71053,WHITE METAL LANTERN,2,2019-07-09 00:00:00,3.45,14786,Spain,False,False,6.9
536584,71270,PINK CRYSTAL GUITAR PHONE CHARM,1,2019-10-01 05:50:00,1.3,,Australia,False,True,1.3
536386,84879,ASSORTED COLOUR BIRD ORNAMENT,7,2019-03-04 04:13:00,1.75,18166,France,False,False,12.25
536019,85123A,WHITE HANGING HEART T-LIGHT HOLDER,19,2019-03-08 22:23:00,2.6,16732,Portugal,False,False,49.4
536442,71053,WHITE METAL LANTERN,1,2019-01-14 23:58:00,3.48,15827,France,False,False,3.48
537429,21730,GLASS STAR FROSTED T-LIGHT HOLDER,11,2019-06-16 23:16:00,4.61,13262,Netherlands,False,False,50.71
C536764,71053,WHITE METAL LANTERN,-10,2019-07-30 00:00:00,3.39,14344,United Kingdom,True,False,-33.9
537006,71270,PINK CRYSTAL GUITAR PHONE CHARM,9,2019-03-08 03:01:00,1.37,15366,EIRE,False,False,12.33
536412,22960,JAM MAKING SET WITH JARS,5,2019-08-17 00:00:00,5.43,17920,France,False,False,27.15
536799,71053,WHITE METAL LANTERN,18,2019-12-12 11:50:00,3.48,13593,Spain,False,False,62.64
537524,22423,REGENCY CAKESTAND 3 TIER,1,2019-05-14 11:38:00,13.68,12952,EIRE,False,False,13.68
536843,22960,JAM MAKING SET WITH JARS,18,2019-04-16 10:48:00,4.99,14975,EIRE,False,False,89.82
537474,22752,SET 7 BABUSHKA NESTING BOXES,16,2019-03-17 00:08:00,7.31,14398,United Kingdom,False,False,116.96
537260,84879,ASSORTED COLOUR BIRD ORNAMENT,4,2019-05-24 00:00:00,1.66,16476,United Kingdom,False,False,6.64
536504,85123A,WHITE HANGING HEART T-LIGHT HOLDER,17,2019-04-07 00:00:00,2.41,14510,United Kingdom,False,False,40.97
536732,22752,SET 7 BABUSHKA NESTING BOXES,14,2019-03-27 14:47:00,7.24,12835,Belgium,False,False,101.36
537183,71270,PINK CRYSTAL GUITAR PHONE CHARM,4,2019-02-26 22:28:00,1.2,13609,Netherlands,False,False,4.8
537261,22960,JAM MAKING SET WITH JARS,11,2019-08-26 01:06:00,5.39,13667,Spain,False,False,59.29
536356,71053,WHITE METAL LANTERN,16,2019-02-03 05:04:00,3.64,17556,United Kingdom,False,False,58.24
536731,84406B,CREAM CUPID HEARTS COAT HANGER,12,2019-07-28 22:59:00,2.56,13140,France,False,False,30.72
537297,71270,PINK CRYSTAL GUITAR PHONE CHARM,11,2019-07-08 17:18:00,1.33,17130,Netherlands,False,False,14.63
C536025,22423,REGENCY CAKESTAND 3 TIER,-17,2019-10-14 09:14:00,12.66,16422,Belgium,True,False,-215.22
536172,71270,PINK CRYSTAL GUITAR PHONE CHARM,9,2019-09-24 12:03:00,1.36,18209,Australia,False,False,12.24
536893,71053,WHITE METAL LANTERN,10,2019-01-02 00:25:00,3.57,14642,Netherlands,False,False,35.7
536599,22960,JAM MAKING SET WITH JARS,3,2019-04-03 16:54:00,5.33,16999,Belgium,False,False,15.99
537207,84406B,CREAM CUPID HEARTS COAT HANGER,10,2019-05-29 04:02:00,2.85,14693,Portugal,False,False,28.5
537388,85123A,WHITE HANGING HEART T-LIGHT HOLDER,8,2019-11-17 15:02:00,2.4,13980,Spain,False,False,19.2
536833,85123A,WHITE HANGING HEART T-LIGHT HOLDER,14,2019-07-26 00:00:00,2.66,15135,United Kingdom,False,False,37.24
537624,21730,GLASS STAR FROSTED T-LIGHT HOLDER,2,2019-08-30 05:27:00,4.54,15625,Portugal,False,False,9.08
537631,84879,ASSORTED COLOUR BIRD ORNAMENT,17,2019-12-26 20:48:00,1.72,12971,Germany,False,False,29.24
536064,71053,WHITE METAL LANTERN,3,2019-06-23 00:00:00,3.47,12873,Netherlands,False,False,10.41
536935,84406B,CREAM CUPID HEARTS COAT HANGER,13,2019-04-01 01:28:00,2.89,14204,Australia,False,False,37.57
536346,21730,GLASS STAR FROSTED T-LIGHT HOLDER,9,2019-09-19 00:00:00,4.23,12663,United Kingdom,False,False,38.07
536726,21730,GLASS STAR FROSTED T-LIGHT HOLDER,15,2019-05-21 00:00:00,4.43,16472,United Kingdom,False,False,66.45
536653,84406B,CREAM CUPID HEARTS COAT HANGER,5,2019-05-04 17:47:00,2.87,14194,EIRE,False,False,14.35
537525,22423,REGENCY CAKESTAND 3 TIER,14,2019-04-02 04:56:00,11.8,16156,Netherlands,False,False,165.2
537383,22960,JAM MAKING SET WITH JARS,7,2019-10-01 03:04:00,4.69,16469,Germany,False,False,32.83
536835,22960,JAM MAKING SET WITH JARS,4,2019-10-27 07:29:00,4.74,12722,Australia,False,False,18.96
536434,71053,WHITE METAL LANTERN,19,2019-04-27 09:42:00,3.67,15775,Spain,False,False,69.73
536208,21755,LOVE BUILDING BLOCK WORD,6,2019-08-07 22:34:00,5.42,,Australia,False,True,32.52
537030,22960,JAM MAKING SET WITH JARS,19,2019-05-10 22:11:00,5.34,16998,France,False,False,101.46
536960,22423,REGENCY CAKESTAND 3 TIER,15,2019-07-11 13:51:00,13.01,16923,United Kingdom,False,False,195.15
536366,22960,JAM MAKING SET WITH JARS,4,2019-05-02 03:46:00,5.2,17382,Switzerland,False,False,20.8
537517,22752,SET 7 BABUSHKA NESTING BOXES,2,2019-01-17 03:48:00,6.93,15691,Switzerland,False,False,13.86
536636,22423,REGENCY CAKESTAND 3 TIER,17,2019-05-12 02:47:00,12.95,16558,United Kingdom,False,False,220.15
537450,22960,JAM MAKING SET WITH JARS,18,2019-12-20 17:39:00,5.18,12749,Australia,False,False,93.24
536900,85123A,WHITE HANGING HEART T-LIGHT HOLDER,2,2019-01-31 00:00:00,2.42,13221,United Kingdom,False,False,4.84
537187,22960,JAM MAKING SET WITH JARS,7,2019-09-05 14:00:00,5.06,12938,Spain,False,False,35.42
536636,85123A,WHITE HANGING HEART T-LIGHT HOLDER,1,2019-01-20 07:51:00,2.76,15959,Switzerland,False,False,2.76
536732,71053,WHITE METAL LANTERN,7,2019-07-30 13:25:00,3.56,14582,Netherlands,False,False,24.92
537491,22423,REGENCY CAKESTAND 3 TIER,19,2019-03-06 18:28:00,11.86,13409,Spain,False,False,225.34
536977,22752,SET 7 BABUSHKA NESTING BOXES,1,2019-09-01 10:53:00,6.96,18280,Belgium,False,False,6.96
537647,21755,LOVE BUILDING BLOCK WORD,9,2019-06-05 08:55:00,6.42,16697,EIRE,False,False,57.78
536103,22752,SET 7 BABUSHKA NESTING BOXES,4,2019-07-10 04:13:00,7.53,12808,Germany,False,False,30.12
536470,22423,REGENCY CAKESTAND 3 TIER,9,2019-12-26 00:00:00,11.94,13125,Spain,False,False,107.46
536258,22423,REGENCY CAKESTAND 3 TIER,19,2019-01-20 23:01:00,11.97,16541,Switzerland,False,False,227.43
536161,84879,ASSORTED COLOUR BIRD ORNAMENT,10,2019-09-11 05:53:00,1.72,13405,United Kingdom,False,False,17.2
C537547,21730,GLASS STAR FROSTED T-LIGHT HOLDER,-16,2019-12-15 18:17:00,4.24,14100,Belgium,True,False,-67.84
536122,21755,LOVE BUILDING BLOCK WORD,14,2019-09-19 00:00:00,5.56,,Germany,False,True,77.84
536190,22752,SET 7 BABUSHKA NESTING BOXES,8,2019-11-24 00:00:00,7.17,16531,Switzerland,False,False,57.36
537508,85123A,WHITE HANGING HEART T-LIGHT HOLDER,8,2019-07-15 00:00:00,2.63,14204,EIRE,False,False,21.04
536216,22752,SET 7 BABUSHKA NESTING BOXES,2,2019-12-08 22:37:00,7.51,,Australia,False,True,15.02
536966,71053,WHITE METAL LANTERN,17,2019-11-27 06:17:00,3.14,18164,Australia,False,False,53.38
536147,71053,WHITE METAL LANTERN,3,2019-01-23 23:45:00,3.1,12866,United Kingdom,False,False,9.3
536531,21730,GLASS STAR FROSTED T-LIGHT HOLDER,19,2019-11-04 00:00:00,4.42,16163,France,False,False,83.98
536754,85123A,WHITE HANGING HEART T-LIGHT HOLDER,18,2019-04-11 20:04:00,2.7,14525,Australia,False,False,48.6
536298,21730,GLASS STAR FROSTED T-LIGHT HOLDER,18,2019-12-29 09:22:00,4.51,13023,Spain,False,False,81.18
537291,85123A,WHITE HANGING HEART T-LIGHT HOLDER,14,2019-06-25 08:26:00,2.45,16494,Germany,False,False,34.3
536513,84406B,CREAM CUPID HEARTS COAT HANGER,17,2019-08-22 14:27:00,2.83,16714,Spain,False,False,48.11
536468,71053,WHITE METAL LANTERN,9,2019-12-21 14:32:00,3.62,,United Kingdom,False,True,32.58
537167,22423,REGENCY CAKESTAND 3 TIER,19,2019-03-03 21:27:00,13.09,,Spain,False,True,248.71
536975,85123A,WHITE HANGING HEART T-LIGHT HOLDER,3,2019-02-09 12:29:00,2.51,15907,United Kingdom,False,False,7.53
537626,22423,REGENCY CAKESTAND 3 TIER,8,2019-10-14 05:43:00,13.65,16985,France,False,False,109.2
537263,85123A,WHITE HANGING HEART T-LIGHT HOLDER,7,2019-03-31 00:00:00,2.48,,Germany,False,True,17.36
537656,71053,WHITE METAL LANTERN,15,2019-01-06 02:26:00,3.21,13945,Switzerland,False,False,48.15
C536981,22752,SET 7 BABUSHKA NESTING BOXES,-7,2019-06-27 05:26:00,7.88,15724,United Kingdom,True,False,-55.16
536677,22423,REGENCY CAKESTAND 3 TIER,18,2019-05-31 10:03:00,12.38,16970,Belgium,False,False,222.84
536315,22960,JAM MAKING SET WITH JARS,2,2019-04-13 22:23:00,5.28,14831,France,False,False,10.56
536563,21730,GLASS STAR FROSTED T-LIGHT HOLDER,16,2019-04-14 09:55:00,4.58,17677,France,False,False,73.28
537634,71270,PINK CRYSTAL GUITAR PHONE CHARM,5,2019-11-25 03:39:00,1.17,,Portugal,False,True,5.85
536024,22423,REGENCY CAKESTAND 3 TIER,10,2019-02-04 20:00:00,11.73,12980,United Kingdom,False,False,117.3
537401,22960,JAM MAKING SET WITH JARS,6,2019-12-07 00:00:00,5.44,14486,Australia,False,False,32.64
537059,85123A,WHITE HANGING HEART T-LIGHT HOLDER,10,2019-04-23 09:33:00,2.67,15886,France,False,False,26.7
536331,22423,REGENCY CAKESTAND 3 TIER,2,2019-09-08 11:50:00,11.83,18093,Belgium,False,False,23.66
536254,22960,JAM MAKING SET WITH JARS,18,2019-03-17 21:16:00,4.7,15244,United Kingdom,False,False,84.6
536712,22423,REGENCY CAKESTAND 3 TIER,15,2019-05-03 14:36:00,13.16,14464,Belgium,False,False,197.4
536057,21730,GLASS STAR FROSTED T-LIGHT HOLDER,5,2019-11-22 21:49:00,4.1,14164,Netherlands,False,False,20.5
536688,71270,PINK CRYSTAL GUITAR PHONE CHARM,7,2019-10-01 19:51:00,1.15,14836,Australia,False,False,8.05
536578,85123A,WHITE HANGING HEART T-LIGHT HOLDER,18,2019-08-24 01:37:00,2.58,17540,France,False,False,46.44
537508,71270,PINK CRYSTAL GUITAR PHONE CHARM,4,2019-04-24 02:41:00,1.29,15880,Spain,False,False,5.16
537326,21730,GLASS STAR FROSTED T-LIGHT HOLDER,1,2019-10-04 02:05:00,4.45,14017,Belgium,False,False,4.45
C536837,71053,WHITE METAL LANTERN,-7,2019-09-18 15:16:00,3.37,14297,Spain,True,False,-23.59
536964,21755,LOVE BUILDING BLOCK WORD,7,2019-07-11 19:20:00,6.43,17287,United Kingdom,False,False,45.01
536783,21755,LOVE BUILDING BLOCK WORD,14,2019-10-04 11:45:00,6.08,16593,Germany,False,False,85.12
536591,84879,ASSORTED COLOUR BIRD ORNAMENT,7,2019-10-30 13:43:00,1.61,,United Kingdom,False,True,11.27
537355,84406B,CREAM CUPID HEARTS COAT HANGER,2,2019-11-19 23:01:00,2.96,12986,United Kingdom,False,False,5.92
536279,84879,ASSORTED COLOUR BIRD ORNAMENT,1,2019-03-15 11:53:00,1.63,14125,EIRE,False,False,1.63
536288,84406B,CREAM CUPID HEARTS COAT HANGER,18,2019-01-12 00:29:00,2.97,12814,Switzerland,False,False,53.46
537233,22960,JAM MAKING SET WITH JARS,12,2019-11-05 12:24:00,5.18,13904,United Kingdom,False,False,62.16
537255,22960,JAM MAKING SET WITH JARS,10,2019-11-03 19:52:00,5.09,17355,Portugal,False,False,50.9
536634,85123A,WHITE HANGING HEART T-LIGHT HOLDER,13,2019-04-11 09:40:00,2.51,17540,Portugal,False,False,32.63
536099,71053,WHITE METAL LANTERN,17,2019-12-15 00:00:00,3.71,15046,Germany,False,False,63.07
536123,21755,LOVE BUILDING BLOCK WORD,13,2019-08-07 00:00:00,5.42,12448,Spain,False,False,70.46
536633,22960,JAM MAKING SET WITH JARS,6,2019-07-07 09:42:00,5.15,14739,Netherlands,False,False,30.9
536431,21755,LOVE BUILDING BLOCK WORD,16,2019-09-29 04:11:00,5.41,,United Kingdom,False,True,86.56
536088,85123A,WHITE HANGING HEART T-LIGHT HOLDER,7,2019-07-09 09:35:00,2.79,,Belgium,False,True,19.53
537080,21730,GLASS STAR FROSTED T-LIGHT HOLDER,2,2019-09-17 01:29:00,4.14,14258,EIRE,False,False,8.28
536594,71270,PINK CRYSTAL GUITAR PHONE CHARM,3,2019-04-09 17:04:00,1.18,17118,Germany,False,False,3.54
536343,84879,ASSORTED COLOUR BIRD ORNAMENT,12,2019-12-18 00:00:00,1.81,15443,Spain,False,False,21.72
536173,22423,REGENCY CAKESTAND 3 TIER,19,2019-09-15 07:14:00,11.95,13532,United Kingdom,False,False,227.05
536896,22423,REGENCY CAKESTAND 3 TIER,13,2019-11-04 15:28:00,11.93,15404,Spain,False,False,155.09
536815,71053,WHITE METAL LANTERN,10,2019-06-10 00:00:00,3.48,15902,EIRE,False,False,34.8
C537065,22423,REGENCY CAKESTAND 3 TIER,-12,2019-06-28 17:02:00,12.33,17443,Switzerland,True,False,-147.96
536638,84406B,CREAM CUPID HEARTS COAT HANGER,16,2019-03-04 03:25:00,2.9,14942,Netherlands,False,False,46.4
537487,22960,JAM MAKING SET WITH JARS,5,2019-09-10 17:58:00,4.68,,France,False,True,23.4
537248,84879,ASSORTED COLOUR BIRD ORNAMENT,7,2019-03-22 00:00:00,1.71,14988,Belgium,False,False,11.97
536536,71053,WHITE METAL LANTERN,10,2019-11-15 20:30:00,3.26,13800,Netherlands,False,False,32.6
536968,84879,ASSORTED COLOUR BIRD ORNAMENT,15,2019-08-28 11:53:00,1.64,17936,Belgium,False,False,24.6
537072,22752,SET 7 BABUSHKA NESTING BOXES,3,2019-07-15 21:38:00,7.15,13508,Germany,False,False,21.45
536131,71053,WHITE METAL LANTERN,17,2019-02-16 09:38:00,3.26,16795,France,False,False,55.42
536031,85123A,WHITE HANGING HEART T-LIGHT HOLDER,18,2019-09-27 09:11:00,2.52,13105,Switzerland,False,False,45.36
537319,21730,GLASS STAR FROSTED T-LIGHT HOLDER,14,2019-08-05 19:11:00,3.92,12686,EIRE,False,False,54.88
537249,84879,ASSORTED COLOUR BIRD ORNAMENT,10,2019-08-28 21:50:00,1.81,12442,Germany,False,False,18.1
536595,22960,JAM MAKING SET WITH JARS,9,2019-04-01 00:00:00,5.16,14726,United Kingdom,False,False,46.44
536661,21755,LOVE BUILDING BLOCK WORD,2,2019-04-05 14:56:00,5.56,12651,EIRE,False,False,11.12
536645,84406B,CREAM CUPID HEARTS COAT HANGER,15,2019-01-02 12:59:00,2.8,,Belgium,False,True,42.0
537364,22752,SET 7 BABUSHKA NESTING BOXES,8,2019-05-19 08:51:00,7.31,13971,Belgium,False,False,58.48
537002,22960,JAM MAKING SET WITH JARS,13,2019-09-30 21:42:00,5.06,13643,Spain,False,False,65.78
536918,71270,PINK CRYSTAL GUITAR PHONE CHARM,9,2019-09-06 00:00:00,1.36,17107,Switzerland,False,False,12.24
536957,21755,LOVE BUILDING BLOCK WORD,1,2019-05-27 16:40:00,5.56,17373,EIRE,False,False,5.56
536254,84879,ASSORTED COLOUR BIRD ORNAMENT,13,2019-08-10 14:45:00,1.79,17484,Spain,False,False,23.27
537579,85123A,WHITE HANGING HEART T-LIGHT HOLDER,9,2019-07-24 00:00:00,2.3,15195,EIRE,False,False,20.7
537069,22752,SET 7 BABUSHKA NESTING BOXES,18,2019-09-30 12:01:00,7.33,13742,Australia,False,False,131.94
536983,22752,SET 7 BABUSHKA NESTING BOXES,15,2019-10-29 16:51:00,7.51,17822,Switzerland,False,False,112.65
537083,84406B,CREAM CUPID HEARTS COAT HANGER,8,2019-12-02 18:52:00,2.86,14183,Spain,False,False,22.88
536293,21755,LOVE BUILDING BLOCK WORD,10,2019-09-05 02:36:00,5.87,17885,Germany,False,False,58.7
536477,22423,REGENCY CAKESTAND 3 TIER,16,2019-10-09 15:36:00,13.72,18264,EIRE,False,False,219.52
537445,21730,GLASS STAR FROSTED T-LIGHT HOLDER,11,2019-11-20 05:29:00,4.14,13473,Netherlands,False,False,45.54
537012,71053,WHITE METAL LANTERN,16,2019-08-23 16:56:00,3.41,,Germany,False,True,54.56
536037,71270,PINK CRYSTAL GUITAR PHONE CHARM,2,2019-01-02 01:00:00,1.28,13647,Portugal,False,False,2.56
536788,21730,GLASS STAR FROSTED T-LIGHT HOLDER,17,2019-02-10 06:34:00,3.85,13454,Germany,False,False,65.45
536440,22423,REGENCY CAKESTAND 3 TIER,4,2019-03-07 18:50:00,11.76,15954,Netherlands,False,False,47.04
536404,85123A,WHITE HANGING HEART T-LIGHT HOLDER,16,2019-11-12 02:04:00,2.36,,Australia,False,True,37.76
536858,21730,GLASS STAR FROSTED T-LIGHT HOLDER,17,2019-02-19 12:11:00,4.34,14878,Germany,False,False,73.78
536315,22423,REGENCY CAKESTAND 3 TIER,7,2019-01-05 05:19:00,13.26,16424,EIRE,False,False,92.82
537441,71270,PINK CRYSTAL GUITAR PHONE CHARM,19,2019-09-20 00:14:00,1.18,13573,Australia,False,False,22.42
536529,71270,PINK CRYSTAL GUITAR PHONE CHARM,10,2019-11-29 18:32:00,1.3,,Australia,False,True,13.0
536392,22752,SET 7 BABUSHKA NESTING BOXES,4,2019-06-21 19:02:00,7.42,15093,France,False,False,29.68
536880,22960,JAM MAKING SET WITH JARS,12,2019-11-03 00:00:00,4.88,16637,Portugal,False,False,58.56
537204,22752,SET 7 BABUSHKA NESTING BOXES,2,2019-05-27 17:58:00,7.76,15576,France,False,False,15.52
536864,85123A,WHITE HANGING HEART T-LIGHT HOLDER,10,2019-08-22 05:38:00,2.8,,United Kingdom,False,True,28.0
536210,21730,GLASS STAR FROSTED T-LIGHT HOLDER,4,2019-10-22 08:50:00,4.3,16929,Belgium,False,False,17.2
537259,22423,REGENCY CAKESTAND 3 TIER,19,2019-07-14 00:00:00,13.8,17538,Netherlands,False,False,262.2
537628,84879,ASSORTED COLOUR BIRD ORNAMENT,1,2019-03-15 17:41:00,1.76,15733,Netherlands,False,False,1.76
537091,22423,REGENCY CAKESTAND 3 TIER,10,2019-07-11 09:21:00,13.42,15077,Netherlands,False,False,134.2
536894,21730,GLASS STAR FROSTED T-LIGHT HOLDER,14,2019-07-15 06:11:00,4.66,15183,Spain,False,False,65.24
536538,21755,LOVE BUILDING BLOCK WORD,9,2019-10-23 00:00:00,6.22,12889,Switzerland,False,False,55.98
537125,22423,REGENCY CAKESTAND 3 TIER,16,2019-08-27 13:35:00,12.26,17834,France,False,False,196.16
C537612,84879,ASSORTED COLOUR BIRD ORNAMENT,-14,2019-04-02 23:54:00,1.59,12432,United Kingdom,True,False,-22.26
536718,22960,JAM MAKING SET WITH JARS,7,2019-11-08 07:15:00,4.5,,Australia,False,True,31.5
536580,71270,PINK CRYSTAL GUITAR PHONE CHARM,12,2019-09-26 00:00:00,1.27,,EIRE,False,True,15.24
537189,71270,PINK CRYSTAL GUITAR PHONE CHARM,17,2019-03-16 09:41:00,1.37,,Switzerland,False,True,23.29
537160,21755,LOVE BUILDING BLOCK WORD,13,2019-12-15 09:33:00,5.97,15610,EIRE,False,False,77.61
536625,21755,LOVE BUILDING BLOCK WORD,12,2019-02-17 14:28:00,6.05,16513,Netherlands,False,False,72.6
537490,22960,JAM MAKING SET WITH JARS,8,2019-06-27 19:16:00,4.93,15569,Switzerland,False,False,39.44
536696,71053,WHITE METAL LANTERN,13,2019-06-01 21:29:00,3.13,12490,Germany,False,False,40.69
537496,71053,WHITE METAL LANTERN,10,2019-05-15 09:28:00,3.68,14738,Australia,False,False,36.8
536720,22752,SET 7 BABUSHKA NESTING BOXES,9,2019-04-20 07:44:00,7.87,15928,Australia,False,False,70.83
537232,71270,PINK CRYSTAL GUITAR PHONE CHARM,17,2019-06-15 00:00:00,1.34,16284,Belgium,False,False,22.78
536641,71270,PINK CRYSTAL GUITAR PHONE CHARM,8,2019-05-24 05:56:00,1.18,14126,Netherlands,False,False,9.44
536095,71053,WHITE METAL LANTERN,10,2019-04-08 03:27:00,3.66,15731,Portugal,False,False,36.6
537317,22752,SET 7 BABUSHKA NESTING BOXES,2,2019-12-16 15:43:00,7.19,12595,Belgium,False,False,14.38
537456,71270,PINK CRYSTAL GUITAR PHONE CHARM,8,2019-10-25 00:00:00,1.14,13572,Belgium,False,False,9.12
537464,21755,LOVE BUILDING BLOCK WORD,3,2019-12-07 11:16:00,6.15,,Germany,False,True,18.45
536789,21755,LOVE BUILDING BLOCK WORD,11,2019-08-21 07:42:00,6.25,18204,Switzerland,False,False,68.75
537230,21755,LOVE BUILDING BLOCK WORD,4,2019-09-16 06:39:00,5.74,17885,Switzerland,False,False,22.96
537080,71053,WHITE METAL LANTERN,3,2019-03-28 19:00:00,3.47,13385,Switzerland,False,False,10.41
536369,84879,ASSORTED COLOUR BIRD ORNAMENT,16,2019-04-23 07:06:00,1.6,14405,EIRE,False,False,25.6
536408,85123A,WHITE HANGING HEART T-LIGHT HOLDER,5,2019-08-16 21:19:00,2.55,16586,Switzerland,False,False,12.75
537666,22423,REGENCY CAKESTAND 3 TIER,13,2019-07-28 20:38:00,12.0,15229,Portugal,False,False,156.0
537123,85123A,WHITE HANGING HEART T-LIGHT HOLDER,9,2019-07-09 18:08:00,2.63,,Australia,False,True,23.67
C537209,71053,WHITE METAL LANTERN,-13,2019-12-28 13:15:00,3.48,13126,Belgium,True,False,-45.24
536175,22960,JAM MAKING SET WITH JARS,15,2019-04-19 19:21:00,4.58,17731,Australia,False,False,68.7
537133,22423,REGENCY CAKESTAND 3 TIER,12,2019-12-20 10:08:00,11.61,13543,France,False,False,139.32
537473,22960,JAM MAKING SET WITH JARS,12,2019-06-17 06:17:00,4.9,15699,France,False,False,58.8
537015,71270,PINK CRYSTAL GUITAR PHONE CHARM,12,2019-02-21 00:17:00,1.22,15269,Germany,False,False,14.64
536168,21730,GLASS STAR FROSTED T-LIGHT HOLDER,9,2019-10-07 19:26:00,4.16,12380,EIRE,False,False,37.44
537642,84879,ASSORTED COLOUR BIRD ORNAMENT,7,2019-02-27 08:30:00,1.8,15057,United Kingdom,False,False,12.6
536687,22752,SET 7 BABUSHKA NESTING BOXES,8,2019-07-09 00:00:00,6.97,13116,Germany,False,False,55.76
536407,22752,SET 7 BABUSHKA NESTING BOXES,9,2019-09-05 16:36:00,7.3,13537,Spain,False,False,65.7
536814,22752,SET 7 BABUSHKA NESTING BOXES,3,2019-10-26 16:38:00,7.89,14233,Portugal,False,False,23.67
537463,21755,LOVE BUILDING BLOCK WORD,2,2019-02-03 21:06:00,6.32,15513,Belgium,False,False,12.64
537328,21755,LOVE BUILDING BLOCK WORD,5,2019-09-11 00:16:00,5.6,17183,France,False,False,28.0
536565,84406B,CREAM CUPID HEARTS COAT HANGER,8,2019-07-31 14:48:00,2.69,14088,United Kingdom,False,False,21.52
536542,22423,REGENCY CAKESTAND 3 TIER,15,2019-11-25 22:37:00,11.58,13833,United Kingdom,False,False,173.7
536421,85123A,WHITE HANGING HEART T-LIGHT HOLDER,11,2019-12-24 14:27:00,2.58,15365,United Kingdom,False,False,28.38
537482,71270,PINK CRYSTAL GUITAR PHONE CHARM,6,2019-10-21 00:00:00,1.16,16179,Netherlands,False,False,6.96
536292,22960,JAM MAKING SET WITH JARS,13,2019-07-09 23:01:00,4.73,15926,Switzerland,False,False,61.49
C537161,22752,SET 7 BABUSHKA NESTING BOXES,-17,2019-08-06 16:37:00,7.39,17768,Portugal,True,False,-125.63
536919,21730,GLASS STAR FROSTED T-LIGHT HOLDER,10,2019-03-26 09:03:00,4.62,14892,France,False,False,46.2
536004,21755,LOVE BUILDING BLOCK WORD,15,2019-06-22 16:55:00,6.15,13992,Switzerland,False,False,92.25
536160,21755,LOVE BUILDING BLOCK WORD,5,2019-02-08 08:27:00,5.41,15209,Switzerland,False,False,27.05
537056,22960,JAM MAKING SET WITH JARS,19,2019-12-23 00:00:00,4.77,18060,Germany,False,False,90.63
537407,22423,REGENCY CAKESTAND 3 TIER,2,2019-10-23 03:44:00,13.48,17796,EIRE,False,False,26.96
537035,22423,REGENCY CAKESTAND 3 TIER,5,2019-11-24 00:00:00,11.55,,Portugal,False,True,57.75
536808,84879,ASSORTED COLOUR BIRD ORNAMENT,9,2019-01-25 03:40:00,1.66,14214,France,False,False,14.94
537082,71053,WHITE METAL LANTERN,12,2019-09-30 11:22:00,3.2,16357,Spain,False,False,38.4
537507,22752,SET 7 BABUSHKA NESTING BOXES,8,2019-11-20 18:06:00,7.45,13872,Belgium,False,False,59.6
537539,71270,PINK CRYSTAL GUITAR PHONE CHARM,17,2019-10-01 10:36:00,1.23,14714,Switzerland,False,False,20.91
536285,22960,JAM MAKING SET WITH JARS,18,2019-09-23 13:30:00,5.27,13412,Netherlands,False,False,94.86
536850,22960,JAM MAKING SET WITH JARS,14,2019-01-15 12:16:00,5.02,14854,France,False,False,70.28
536015,85123A,WHITE HANGING HEART T-LIGHT HOLDER,15,2019-05-30 08:58:00,2.63,17611,United Kingdom,False,False,39.45
536771,21730,GLASS STAR FROSTED T-LIGHT HOLDER,11,2019-04-09 00:00:00,4.59,15940,Spain,False,False,50.49
C537162,84879,ASSORTED COLOUR BIRD ORNAMENT,-19,2019-03-20 00:00:00,1.67,13446,Switzerland,True,False,-31.73
536795,71053,WHITE METAL LANTERN,19,2019-04-12 00:00:00,3.7,,Netherlands,False,True,70.3
536299,71270,PINK CRYSTAL GUITAR PHONE CHARM,17,2019-04-24 22:49:00,1.35,,Spain,False,True,22.95
536340,71053,WHITE METAL LANTERN,2,2019-06-24 00:00:00,3.17,16776,Switzerland,False,False,6.34
536077,21730,GLASS STAR FROSTED T-LIGHT HOLDER,12,2019-09-28 00:00:00,4.45,17383,EIRE,False,False,53.4
536313,84879,ASSORTED COLOUR BIRD ORNAMENT,2,2019-11-01 12:18:00,1.79,13668,EIRE,False,False,3.58
537565,22752,SET 7 BABUSHKA NESTING BOXES,12,2019-07-22 04:16:00,8.35,16525,United Kingdom,False,False,100.2
537587,84879,ASSORTED COLOUR BIRD ORNAMENT,12,2019-06-24 00:00:00,1.75,17377,Netherlands,False,False,21.0
537635,22423,REGENCY CAKESTAND 3 TIER,13,2019-08-27 19:43:00,13.3,14283,Germany,False,False,172.9
537523,84406B,CREAM CUPID HEARTS COAT HANGER,7,2019-10-16 04:14:00,2.87,15292,France,False,False,20.09
536996,71270,PINK CRYSTAL GUITAR PHONE CHARM,15,2019-03-13 18:22:00,1.16,14912,France,False,False,17.4
537127,21730,GLASS STAR FROSTED T-LIGHT HOLDER,4,2019-02-08 00:00:00,4.6,,Spain,False,True,18.4
536740,71053,WHITE METAL LANTERN,10,2019-09-16 00:00:00,3.15,13923,Netherlands,False,False,31.5
536388,84406B,CREAM CUPID HEARTS COAT HANGER,14,2019-05-29 10:54:00,2.98,13316,United Kingdom,False,False,41.72
536068,85123A,WHITE HANGING HEART T-LIGHT HOLDER,17,2019-03-02 14:55:00,2.57,13429,France,False,False,43.69
537377,22960,JAM MAKING SET WITH JARS,10,2019-12-08 00:00:00,4.96,,United Kingdom,False,True,49.6
537246,71053,WHITE METAL LANTERN,9,2019-12-12 00:00:00,3.27,,EIRE,False,True,29.43
537491,84879,ASSORTED COLOUR BIRD ORNAMENT,10,2019-05-19 23:14:00,1.69,15596,Germany,False,False,16.9
536387,21755,LOVE BUILDING BLOCK WORD,6,2019-03-15 20:15:00,5.91,15616,Portugal,False,False,35.46
537557,84406B,CREAM CUPID HEARTS COAT HANGER,13,2019-07-05 00:00:00,2.73,15859,Portugal,False,False,35.49
536909,84879,ASSORTED COLOUR BIRD ORNAMENT,9,2019-10-15 00:00:00,1.73,12954,United Kingdom,False,False,15.57
536533,84879,ASSORTED COLOUR BIRD ORNAMENT,4,2019-02-08 00:03:00,1.59,12835,Netherlands,False,False,6.36
536028,22752,SET 7 BABUSHKA NESTING BOXES,15,2019-12-06 22:42:00,8.1,12881,France,False,False,121.5
536623,85123A,WHITE HANGING HEART T-LIGHT HOLDER,10,2019-05-10 10:11:00,2.44,14520,Australia,False,False,24.4
536935,71270,PINK CRYSTAL GUITAR PHONE CHARM,8,2019-11-01 01:50:00,1.29,16913,Spain,False,False,10.32
537311,85123A,WHITE HANGING HEART T-LIGHT HOLDER,4,2019-12-18 20:05:00,2.65,17821,Switzerland,False,False,10.6
537594,22752,SET 7 BABUSHKA NESTING BOXES,17,2019-08-24 00:00:00,8.16,17237,Belgium,False,False,138.72
536207,85123A,WHITE HANGING HEART T-LIGHT HOLDER,16,2019-11-02 18:32:00,2.49,17107,Portugal,False,False,39.84
537185,84879,ASSORTED COLOUR BIRD ORNAMENT,15,2019-10-27 22:06:00,1.64,15932,France,False,False,24.6
536951,22423,REGENCY CAKESTAND 3 TIER,14,2019-07-17 15:37:00,11.74,17857,Germany,False,False,164.36
537166,85123A,WHITE HANGING HEART T-LIGHT HOLDER,11,2019-12-31 09:09:00,2.48,16702,France,False,False,27.28
536121,22752,SET 7 BABUSHKA NESTING BOXES,5,2019-08-15 00:00:00,7.55,17392,EIRE,False,False,37.75
537329,22960,JAM MAKING SET WITH JARS,11,2019-03-17 10:12:00,4.68,13112,Portugal,False,False,51.48
536430,84406B,CREAM CUPID HEARTS COAT HANGER,3,2019-08-22 17:11:00,2.66,,Belgium,False,True,7.98
537001,21755,LOVE BUILDING BLOCK WORD,17,2019-07-02 09:23:00,5.43,15028,United Kingdom,False,False,92.31
536990,84406B,CREAM CUPID HEARTS COAT HANGER,16,2019-04-05 11:40:00,2.48,13108,Germany,False,False,39.68
537233,21755,LOVE BUILDING BLOCK WORD,10,2019-03-03 19:43:00,5.5,18222,Belgium,False,False,55.0
C537064,84406B,CREAM CUPID HEARTS COAT HANGER,-12,2019-07-23 13:12:00,2.55,13175,France,True,False,-30.6
536345,71270,PINK CRYSTAL GUITAR PHONE CHARM,10,2019-01-22 00:44:00,1.19,12933,Belgium,False,False,11.9
537505,71053,WHITE METAL LANTERN,14,2019-04-04 04:15:00,3.54,17702,Netherlands,False,False,49.56
536551,22752,SET 7 BABUSHKA NESTING BOXES,10,2019-03-08 00:00:00,7.06,16641,Germany,False,False,70.6
536950,21730,GLASS STAR FROSTED T-LIGHT HOLDER,10,2019-01-16 03:43:00,3.98,13526,United Kingdom,False,False,39.8
537023,22960,JAM MAKING SET WITH JARS,12,2019-04-17 13:08:00,4.65,13225,Switzerland,False,False,55.8
537358,22960,JAM MAKING SET WITH JARS,4,2019-11-23 10:28:00,5.15,12792,Spain,False,False,20.6
536975,22423,REGENCY CAKESTAND 3 TIER,8,2019-10-13 04:56:00,13.47,18064,Netherlands,False,False,107.76
536962,22752,SET 7 BABUSHKA NESTING BOXES,11,2019-12-09 00:00:00,7.06,16149,Spain,False,False,77.66
536073,21730,GLASS STAR FROSTED T-LIGHT HOLDER,8,2019-07-30 00:00:00,4.34,,Spain,False,True,34.72
536800,84879,ASSORTED COLOUR BIRD ORNAMENT,4,2019-06-11 12:09:00,1.84,13267,Netherlands,False,False,7.36
537356,85123A,WHITE HANGING HEART T-LIGHT HOLDER,2,2019-03-02 06:33:00,2.63,,Germany,False,True,5.26
537309,71053,WHITE METAL LANTERN,2,2019-01-15 11:36:00,3.61,15990,Belgium,False,False,7.22
537016,71270,PINK CRYSTAL GUITAR PHONE CHARM,17,2019-05-06 15:04:00,1.31,15268,Australia,False,False,22.27
536997,22752,SET 7 BABUSHKA NESTING BOXES,5,2019-12-12 17:17:00,7.05,17699,France,False,False,35.25
536669,21730,GLASS STAR FROSTED T-LIGHT HOLDER,19,2019-01-07 14:11:00,4.33,16450,EIRE,False,False,82.27
536721,21730,GLASS STAR FROSTED T-LIGHT HOLDER,6,2019-12-04 23:48:00,4.06,14385,Australia,False,False,24.36
536013,71053,WHITE METAL LANTERN,6,2019-09-24 17:26:00,3.5,17923,Switzerland,False,False,21.0
536397,21755,LOVE BUILDING BLOCK WORD,5,2019-01-17 15:27:00,6.2,13889,EIRE,False,False,31.0
536947,22752,SET 7 BABUSHKA NESTING BOXES,12,2019-06-28 00:00:00,8.3,13474,Portugal,False,False,99.6
536187,85123A,WHITE HANGING HEART T-LIGHT HOLDER,8,2019-04-07 00:00:00,2.59,14124,Netherlands,False,False,20.72
537177,21730,GLASS STAR FROSTED T-LIGHT HOLDER,18,2019-05-04 20:45:00,4.07,13014,Australia,False,False,73.26
536846,84406B,CREAM CUPID HEARTS COAT HANGER,1,2019-06-11 00:00:00,2.66,12883,EIRE,False,False,2.66
537363,22752,SET 7 BABUSHKA NESTING BOXES,15,2019-04-23 00:00:00,7.41,18094,Australia,False,False,111.15
537255,21730,GLASS STAR FROSTED T-LIGHT HOLDER,6,2019-09-08 13:04:00,4.65,17128,Germany,False,False,27.9
537200,84406B,CREAM CUPID HEARTS COAT HANGER,3,2019-10-29 21:33:00,2.63,14424,Switzerland,False,False,7.89
536174,21730,GLASS STAR FROSTED T-LIGHT HOLDER,14,2019-08-27 08:40:00,4.22,12946,Portugal,False,False,59.08
537352,71270,PINK CRYSTAL GUITAR PHONE CHARM,9,2019-02-28 00:00:00,1.23,,Portugal,False,True,11.07
537554,21730,GLASS STAR FROSTED T-LIGHT HOLDER,16,2019-12-01 21:10:00,4.02,,Belgium,False,True,64.32
537341,85123A,WHITE HANGING HEART T-LIGHT HOLDER,4,2019-06-27 22:47:00,2.31,15842,EIRE,False,False,9.24
536741,85123A,WHITE HANGING HEART T-LIGHT HOLDER,4,2019-03-06 18:48:00,2.75,16486,EIRE,False,False,11.0
536753,71270,PINK CRYSTAL GUITAR PHONE CHARM,18,2019-11-16 08:39:00,1.27,14097,United Kingdom,False,False,22.86
537172,84406B,CREAM CUPID HEARTS COAT HANGER,13,2019-06-18 17:15:00,2.88,,Belgium,False,True,37.44
536980,22960,JAM MAKING SET WITH JARS,1,2019-09-26 09:02:00,4.68,13546,Netherlands,False,False,4.68
537294,21730,GLASS STAR FROSTED T-LIGHT HOLDER,10,2019-03-03 22:53:00,4.07,13055,Australia,False,False,40.7
537613,84406B,CREAM CUPID HEARTS COAT HANGER,2,2019-02-14 05:52:00,2.95,15068,Portugal,False,False,5.9
536885,21730,GLASS STAR FROSTED T-LIGHT HOLDER,17,2019-08-15 03:57:00,4.34,18057,France,False,False,73.78
537307,84406B,CREAM CUPID HEARTS COAT HANGER,3,2019-12-24 22:43:00,2.63,17241,EIRE,False,False,7.89
537085,71270,PINK CRYSTAL GUITAR PHONE CHARM,3,2019-07-07 08:48:00,1.14,13123,Spain,False,False,3.42
536842,84879,ASSORTED COLOUR BIRD ORNAMENT,13,2019-10-08 07:50:00,1.62,13370,Australia,False,False,21.06
537144,21730,GLASS STAR FROSTED T-LIGHT HOLDER,9,2019-05-21 20:00:00,4.47,12883,Portugal,False,False,40.23
536192,84879,ASSORTED COLOUR BIRD ORNAMENT,9,2019-10-15 00:00:00,1.63,15674,Spain,False,False,14.67
536550,71270,PINK CRYSTAL GUITAR PHONE CHARM,1,2019-12-31 06:31:00,1.15,14597,Germany,False,False,1.15
537149,84406B,CREAM CUPID HEARTS COAT HANGER,1,2019-08-20 04:08:00,2.69,14213,Belgium,False,False,2.69
536653,22423,REGENCY CAKESTAND 3 TIER,17,2019-09-19 01:40:00,12.16,15057,Netherlands,False,False,206.72
537582,21730,GLASS STAR FROSTED T-LIGHT HOLDER,12,2019-12-24 09:54:00,4.51,16913,Portugal,False,False,54.12
536183,84406B,CREAM CUPID HEARTS COAT HANGER,7,2019-05-02 00:00:00,2.8,15262,Spain,False,False,19.6
536545,84406B,CREAM CUPID HEARTS COAT HANGER,17,2019-02-26 22:09:00,2.61,16605,Netherlands,False,False,44.37
536424,85123A,WHITE HANGING HEART T-LIGHT HOLDER,14,2019-08-10 19:52:00,2.62,18133,Portugal,False,False,36.68
536605,21755,LOVE BUILDING BLOCK WORD,11,2019-12-20 07:41:00,5.42,14289,Belgium,False,False,59.62
536251,21730,GLASS STAR FROSTED T-LIGHT HOLDER,8,2019-08-05 11:22:00,4.46,13015,Netherlands,False,False,35.68
C537270,22752,SET 7 BABUSHKA NESTING BOXES,-17,2019-01-23 19:24:00,8.36,17555,France,True,False,-142.12
C536878,71053,WHITE METAL LANTERN,-14,2019-01-26 12:26:00,3.58,14739,Australia,True,False,-50.12
536442,22423,REGENCY CAKESTAND 3 TIER,4,2019-05-19 00:00:00,12.19,18256,France,False,False,48.76
536213,22423,REGENCY CAKESTAND 3 TIER,1,2019-04-04 11:07:00,12.14,17531,United Kingdom,False,False,12.14
537437,85123A,WHITE HANGING HEART T-LIGHT HOLDER,19,2019-03-13 16:40:00,2.4,17147,Spain,False,False,45.6
536014,22423,REGENCY CAKESTAND 3 TIER,5,2019-03-07 00:00:00,13.86,15513,United Kingdom,False,False,69.3
536002,71270,PINK CRYSTAL GUITAR PHONE CHARM,3,2019-12-03 17:52:00,1.3,14524,Australia,False,False,3.9
536160,84879,ASSORTED COLOUR BIRD ORNAMENT,10,2019-12-03 11:27:00,1.62,16930,EIRE,False,False,16.2
537549,22423,REGENCY CAKESTAND 3 TIER,9,2019-06-26 01:30:00,12.07,13882,United Kingdom,False,False,108.63
536157,84879,ASSORTED COLOUR BIRD ORNAMENT,7,2019-07-12 03:03:00,1.63,14901,Germany,False,False,11.41
536140,22752,SET 7 BABUSHKA NESTING BOXES,3,2019-04-23 12:04:00,7.25,16340,Netherlands,False,False,21.75
537272,22423,REGENCY CAKESTAND 3 TIER,1,2019-12-23 07:38:00,11.74,14906,Switzerland,False,False,11.74
537230,22960,JAM MAKING SET WITH JARS,4,2019-10-13 01:49:00,5.25,18053,Spain,False,False,21.0
537459,84406B,CREAM CUPID HEARTS COAT HANGER,15,2019-11-27 00:00:00,2.53,14929,France,False,False,37.95
536218,84406B,CREAM CUPID HEARTS COAT HANGER,4,2019-07-23 19:45:00,2.95,17775,Australia,False,False,11.8
537010,84879,ASSORTED COLOUR BIRD ORNAMENT,2,2019-01-12 12:23:00,1.82,12803,Germany,False,False,3.64
537512,71270,PINK CRYSTAL GUITAR PHONE CHARM,16,2019-04-16 19:21:00,1.19,18033,Portugal,False,False,19.04
537212,84406B,CREAM CUPID HEARTS COAT HANGER,2,2019-10-20 07:03:00,2.49,16749,United Kingdom,False,False,4.98
536154,84879,ASSORTED COLOUR BIRD ORNAMENT,5,2019-05-08 06:00:00,1.62,,France,False,True,8.1
537415,22752,SET 7 BABUSHKA NESTING BOXES,12,2019-03-23 02:37:00,7.63,18217,Spain,False,False,91.56
536563,22960,JAM MAKING SET WITH JARS,7,2019-01-09 19:58:00,5.09,14482,Spain,False,False,35.63
536344,85123A,WHITE HANGING HEART T-LIGHT HOLDER,9,2019-02-22 12:13:00,2.56,14388,United Kingdom,False,False,23.04
536232,71270,PINK CRYSTAL GUITAR PHONE CHARM,18,2019-07-16 20:03:00,1.22,16561,United Kingdom,False,False,21.96
536743,22752,SET 7 BABUSHKA NESTING BOXES,8,2019-04-11 00:10:00,8.03,12782,EIRE,False,False,64.24
537663,71270,PINK CRYSTAL GUITAR PHONE CHARM,2,2019-01-26 00:44:00,1.18,,Portugal,False,True,2.36
537193,71053,WHITE METAL LANTERN,11,2019-10-02 20:43:00,3.52,,EIRE,False,True,38.72
536021,21730,GLASS STAR FROSTED T-LIGHT HOLDER,3,2019-04-27 07:26:00,4.53,17831,Germany,False,False,13.59
537125,22752,SET 7 BABUSHKA NESTING BOXES,6,2019-06-08 08:50:00,8.14,16941,EIRE,False,False,48.84
537543,22960,JAM MAKING SET WITH JARS,8,2019-02-23 22:10:00,4.54,16717,Germany,False,False,36.32
536826,22752,SET 7 BABUSHKA NESTING BOXES,4,2019-07-21 14:16:00,7.7,16611,United Kingdom,False,False,30.8
536477,22752,SET 7 BABUSHKA NESTING BOXES,18,2019-02-25 06:36:00,7.34,15872,Portugal,False,False,132.12
537222,71053,WHITE METAL LANTERN,1,2019-04-05 00:00:00,3.38,17965,Portugal,False,False,3.38
537157,71270,PINK CRYSTAL GUITAR PHONE CHARM,10,2019-07-27 00:00:00,1.27,15375,Portugal,False,False,12.7
537376,71270,PINK CRYSTAL GUITAR PHONE CHARM,17,2019-03-27 19:32:00,1.17,18038,United Kingdom,False,False,19.89
536697,71270,PINK CRYSTAL GUITAR PHONE CHARM,7,2019-05-02 00:00:00,1.15,14817,Netherlands,False,False,8.05
537271,84879,ASSORTED COLOUR BIRD ORNAMENT,17,2019-09-02 03:50:00,1.6,13512,United Kingdom,False,False,27.2
536331,21730,GLASS STAR FROSTED T-LIGHT HOLDER,2,2019-01-20 13:56:00,4.2,13593,France,False,False,8.4
536790,22960,JAM MAKING SET WITH JARS,15,2019-12-23 15:26:00,4.7,12836,Netherlands,False,False,70.5
537589,22960,JAM MAKING SET WITH JARS,9,2019-10-27 01:44:00,5.18,,EIRE,False,True,46.62
537490,22960,JAM MAKING SET WITH JARS,17,2019-09-19 03:22:00,4.83,14971,Spain,False,False,82.11
537587,22752,SET 7 BABUSHKA NESTING BOXES,6,2019-06-07 13:50:00,8.17,12573,France,False,False,49.02
536593,21755,LOVE BUILDING BLOCK WORD,8,2019-04-17 00:00:00,5.36,15770,Portugal,False,False,42.88
537320,85123A,WHITE HANGING HEART T-LIGHT HOLDER,19,2019-09-08 08:23:00,2.78,17944,France,False,False,52.82
536703,84406B,CREAM CUPID HEARTS COAT HANGER,8,2019-05-30 22:30:00,2.91,13454,Germany,False,False,23.28
536985,85123A,WHITE HANGING HEART T-LIGHT HOLDER,15,2019-03-29 18:49:00,2.46,14702,Belgium,False,False,36.9
537141,71053,WHITE METAL LANTERN,3,2019-12-23 04:34:00,3.2,13123,EIRE,False,False,9.6
536043,21755,LOVE BUILDING BLOCK WORD,6,2019-11-26 00:21:00,6.24,14940,Portugal,False,False,37.44
537526,22752,SET 7 BABUSHKA NESTING BOXES,1,2019-10-09 08:24:00,8.37,17536,United Kingdom,False,False,8.37
537146,71270,PINK CRYSTAL GUITAR PHONE CHARM,17,2019-07-14 06:53:00,1.15,13323,Portugal,False,False,19.55
536283,84879,ASSORTED COLOUR BIRD ORNAMENT,2,2019-01-28 16:36:00,1.56,15186,Belgium,False,False,3.12
537555,71053,WHITE METAL LANTERN,11,2019-04-15 00:00:00,3.12,,Belgium,False,True,34.32
537103,22960,JAM MAKING SET WITH JARS,3,2019-04-12 05:39:00,5.12,14626,Germany,False,False,15.36
537228,22960,JAM MAKING SET WITH JARS,18,2019-10-02 08:35:00,5.26,14585,Spain,False,False,94.68
537071,22423,REGENCY CAKESTAND 3 TIER,3,2019-12-19 22:22:00,12.1,13920,Belgium,False,False,36.3
536761,22960,JAM MAKING SET WITH JARS,9,2019-09-14 05:28:00,5.39,12657,Belgium,False,False,48.51
537327,22752,SET 7 BABUSHKA NESTING BOXES,2,2019-03-31 07:32:00,8.35,16091,United Kingdom,False,False,16.7
537022,22423,REGENCY CAKESTAND 3 TIER,6,2019-05-09 17:39:00,11.83,,Spain,False,True,70.98
537081,84879,ASSORTED COLOUR BIRD ORNAMENT,13,2019-02-28 03:35:00,1.69,13051,Portugal,False,False,21.97
536025,84406B,CREAM CUPID HEARTS COAT HANGER,6,2019-06-08 11:28:00,2.55,13326,Spain,False,False,15.3
537608,22960,JAM MAKING SET WITH JARS,19,2019-02-27 05:01:00,4.76,15754,Germany,False,False,90.44
536640,22960,JAM MAKING SET WITH JARS,8,2019-01-17 00:45:00,4.82,12839,Spain,False,False,38.56
537329,22752,SET 7 BABUSHKA NESTING BOXES,5,2019-03-14 13:40:00,8.05,12686,Germany,False,False,40.25
537285,22752,SET 7 BABUSHKA NESTING BOXES,10,2019-02-05 21:07:00,7.49,14803,Switzerland,False,False,74.9
536856,22960,JAM MAKING SET WITH JARS,13,2019-10-14 10:30:00,5.29,16539,Australia,False,False,68.77
537617,85123A,WHITE HANGING HEART T-LIGHT HOLDER,9,2019-05-27 06:11:00,2.56,15857,Belgium,False,False,23.04
536700,84879,ASSORTED COLOUR BIRD ORNAMENT,17,2019-12-14 16:27:00,1.75,13183,Netherlands,False,False,29.75
537154,21730,GLASS STAR FROSTED T-LIGHT HOLDER,17,2019-10-31 11:48:00,4.03,15811,Spain,False,False,68.51
537564,22423,REGENCY CAKESTAND 3 TIER,3,2019-04-18 00:00:00,12.17,16288,EIRE,False,False,36.51
537247,21730,GLASS STAR FROSTED T-LIGHT HOLDER,11,2019-12-23 18:33:00,4.45,13233,EIRE,False,False,48.95
537607,84879,ASSORTED COLOUR BIRD ORNAMENT,6,2019-03-21 00:53:00,1.57,17192,Portugal,False,False,9.42
536493,21730,GLASS STAR FROSTED T-LIGHT HOLDER,11,2019-07-02 00:00:00,3.97,16680,Portugal,False,False,43.67
537403,22423,REGENCY CAKESTAND 3 TIER,10,2019-08-25 00:00:00,12.5,14783,Portugal,False,False,125.0
C536127,84879,ASSORTED COLOUR BIRD ORNAMENT,-3,2019-04-01 07:23:00,1.61,14618,Germany,True,False,-4.83
537229,22960,JAM MAKING SET WITH JARS,7,2019-05-03 22:15:00,5.33,15387,Portugal,False,False,37.31
537485,22960,JAM MAKING SET WITH JARS,13,2019-07-24 09:44:00,4.65,15101,Portugal,False,False,60.45
537516,22752,SET 7 BABUSHKA NESTING BOXES,16,2019-10-31 07:25:00,7.35,,Germany,False,True,117.6
537622,21730,GLASS STAR FROSTED T-LIGHT HOLDER,2,2019-06-04 00:00:00,4.65,15313,Australia,False,False,9.3
537465,71270,PINK CRYSTAL GUITAR PHONE CHARM,11,2019-07-26 17:10:00,1.16,,Spain,False,True,12.76
536186,22752,SET 7 BABUSHKA NESTING BOXES,2,2019-11-21 17:57:00,8.34,14735,Portugal,False,False,16.68
536278,71053,WHITE METAL LANTERN,7,2019-05-17 03:46:00,3.61,13486,Germany,False,False,25.27
536009,85123A,WHITE HANGING HEART T-LIGHT HOLDER,15,2019-08-31 10:22:00,2.66,14179,Belgium,False,False,39.9
536154,22423,REGENCY CAKESTAND 3 TIER,10,2019-06-29 20:23:00,13.4,14484,Australia,False,False,134.0
537190,22423,REGENCY CAKESTAND 3 TIER,11,2019-05-28 13:21:00,11.87,14472,Germany,False,False,130.57
536305,21730,GLASS STAR FROSTED T-LIGHT HOLDER,5,2019-05-04 05:04:00,4.18,14331,Germany,False,False,20.9
536608,84406B,CREAM CUPID HEARTS COAT HANGER,9,2019-02-11 00:00:00,2.84,17854,Spain,False,False,25.56
536433,22960,JAM MAKING SET WITH JARS,9,2019-10-01 18:04:00,4.8,13585,Netherlands,False,False,43.2
537225,22960,JAM MAKING SET WITH JARS,4,2019-10-20 00:00:00,4.48,15026,EIRE,False,False,17.92
537341,84879,ASSORTED COLOUR BIRD ORNAMENT,14,2019-01-26 07:22:00,1.68,12407,EIRE,False,False,23.52
537437,71053,WHITE METAL LANTERN,7,2019-09-18 15:13:00,3.6,13388,Portugal,False,False,25.2
537434,22960,JAM MAKING SET WITH JARS,7,2019-12-13 01:59:00,5.27,14238,Spain,False,False,36.89
536172,71053,WHITE METAL LANTERN,6,2019-11-11 09:21:00,3.63,14301,Netherlands,False,False,21.78
537024,71270,PINK CRYSTAL GUITAR PHONE CHARM,5,2019-03-01 15:43:00,1.28,14789,Switzerland,False,False,6.4
536998,22960,JAM MAKING SET WITH JARS,10,2019-08-06 00:00:00,4.69,12621,Germany,False,False,46.9
536624,22752,SET 7 BABUSHKA NESTING BOXES,4,2019-03-10 22:43:00,6.92,14992,Australia,False,False,27.68
537250,84406B,CREAM CUPID HEARTS COAT HANGER,7,2019-02-09 07:14:00,2.53,15929,Portugal,False,False,17.71
536198,22423,REGENCY CAKESTAND 3 TIER,17,2019-06-09 03:36:00,12.08,15736,United Kingdom,False,False,205.36
536156,22423,REGENCY CAKESTAND 3 TIER,6,2019-08-21 13:08:00,12.29,,Netherlands,False,True,73.74
537535,85123A,WHITE HANGING HEART T-LIGHT HOLDER,13,2019-09-18 22:29:00,2.34,15973,Australia,False,False,30.42
537254,84406B,CREAM CUPID HEARTS COAT HANGER,13,2019-06-08 00:00:00,3.01,13589,Portugal,False,False,39.13
537268,22752,SET 7 BABUSHKA NESTING BOXES,11,2019-09-09 00:00:00,7.37,16795,Switzerland,False,False,81.07
536805,22960,JAM MAKING SET WITH JARS,7,2019-08-04 06:20:00,5.21,14766,Portugal,False,False,36.47
536764,22752,SET 7 BABUSHKA NESTING BOXES,1,2019-05-27 21:39:00,7.13,18065,Australia,False,False,7.13
537001,21730,GLASS STAR FROSTED T-LIGHT HOLDER,19,2019-07-08 14:02:00,4.6,17892,France,False,False,87.4
536518,22960,JAM MAKING SET WITH JARS,11,2019-05-18 04:41:00,5.14,15553,Spain,False,False,56.54
536032,22752,SET 7 BABUSHKA NESTING BOXES,3,2019-11-17 15:17:00,8.19,13075,Germany,False,False,24.57
537268,84879,ASSORTED COLOUR BIRD ORNAMENT,9,2019-07-18 00:00:00,1.78,16101,Netherlands,False,False,16.02
537310,21730,GLASS STAR FROSTED T-LIGHT HOLDER,18,2019-10-07 00:00:00,4.02,15435,Belgium,False,False,72.36
536737,21755,LOVE BUILDING BLOCK WORD,16,2019-04-10 00:00:00,6.52,13487,Germany,False,False,104.32
536809,84406B,CREAM CUPID HEARTS COAT HANGER,6,2019-08-10 20:18:00,2.52,12861,United Kingdom,False,False,15.12
536748,21755,LOVE BUILDING BLOCK WORD,11,2019-04-29 15:19:00,6.03,17949,Portugal,False,False,66.33
537370,22960,JAM MAKING SET WITH JARS,4,2019-12-19 10:49:00,5.09,,Germany,False,True,20.36
536692,21755,LOVE BUILDING BLOCK WORD,15,2019-06-15 00:00:00,5.5,14835,Belgium,False,False,82.5
536149,22960,JAM MAKING SET WITH JARS,17,2019-11-18 18:21:00,4.53,13572,EIRE,False,False,77.01
537640,22752,SET 7 BABUSHKA NESTING BOXES,4,2019-06-23 13:39:00,8.24,,France,False,True,32.96
536577,22423,REGENCY CAKESTAND 3 TIER,11,2019-09-08 15:27:00,13.25,12619,Switzerland,False,False,145.75
536632,21755,LOVE BUILDING BLOCK WORD,12,2019-01-15 00:00:00,5.88,16050,Australia,False,False,70.56
536339,84879,ASSORTED COLOUR BIRD ORNAMENT,18,2019-10-08 00:00:00,1.58,14740,Belgium,False,False,28.44
536956,84879,ASSORTED COLOUR BIRD ORNAMENT,1,2019-04-04 01:17:00,1.55,14607,United Kingdom,False,False,1.55
536004,71270,PINK CRYSTAL GUITAR PHONE CHARM,9,2019-01-14 00:00:00,1.27,,Germany,False,True,11.43
537325,84406B,CREAM CUPID HEARTS COAT HANGER,8,2019-11-13 00:00:00,2.71,16378,Belgium,False,False,21.68
537619,22960,JAM MAKING SET WITH JARS,8,2019-04-02 08:07:00,5.42,12995,Australia,False,False,43.36
536405,84879,ASSORTED COLOUR BIRD ORNAMENT,10,2019-04-14 00:00:00,1.82,17908,Switzerland,False,False,18.2
537568,22423,REGENCY CAKESTAND 3 TIER,4,2019-10-27 14:06:00,12.88,17385,Spain,False,False,51.52
537206,21755,LOVE BUILDING BLOCK WORD,15,2019-03-19 20:28:00,6.16,16509,France,False,False,92.4
536710,22752,SET 7 BABUSHKA NESTING BOXES,12,2019-09-26 23:13:00,7.44,15263,Spain,False,False,89.28
537538,85123A,WHITE HANGING HEART T-LIGHT HOLDER,6,2019-06-16 00:00:00,2.49,12797,Spain,False,False,14.94
536923,84879,ASSORTED COLOUR BIRD ORNAMENT,2,2019-01-08 00:00:00,1.7,16381,Switzerland,False,False,3.4
537427,22752,SET 7 BABUSHKA NESTING BOXES,8,2019-03-04 00:00:00,7.02,13573,Germany,False,False,56.16
537094,71053,WHITE METAL LANTERN,7,2019-03-08 02:47:00,3.4,15869,Australia,False,False,23.8
537167,84406B,CREAM CUPID HEARTS COAT HANGER,1,2019-06-01 00:00:00,2.93,16216,Australia,False,False,2.93
536095,22423,REGENCY CAKESTAND 3 TIER,8,2019-03-27 17:58:00,12.29,16590,Portugal,False,False,98.32
537334,22423,REGENCY CAKESTAND 3 TIER,11,2019-09-13 08:27:00,13.3,14881,Spain,False,False,146.3
536770,21730,GLASS STAR FROSTED T-LIGHT HOLDER,12,2019-03-25 05:48:00,4.53,12409,EIRE,False,False,54.36
537069,21730,GLASS STAR FROSTED T-LIGHT HOLDER,15,2019-06-22 08:58:00,3.94,16735,Netherlands,False,False,59.1
536259,71053,WHITE METAL LANTERN,4,2019-10-24 06:29:00,3.51,18272,France,False,False,14.04
537558,21730,GLASS STAR FROSTED T-LIGHT HOLDER,11,2019-11-24 22:41:00,4.42,14999,France,False,False,48.62
537574,21730,GLASS STAR FROSTED T-LIGHT HOLDER,15,2019-11-23 23:45:00,4.59,14301,Netherlands,False,False,68.85
536684,84879,ASSORTED COLOUR BIRD ORNAMENT,13,2019-09-16 10:17:00,1.85,13153,Australia,False,False,24.05
536142,22960,JAM MAKING SET WITH JARS,19,2019-10-12 07:13:00,5.33,13828,Switzerland,False,False,101.27
537101,22960,JAM MAKING SET WITH JARS,11,2019-05-21 00:00:00,5.12,13713,France,False,False,56.32
537386,71053,WHITE METAL LANTERN,19,2019-05-17 03:31:00,3.6,13741,Spain,False,False,68.4
536489,71053,WHITE METAL LANTERN,3,2019-08-10 15:17:00,3.18,15660,France,False,False,9.54
537505,71053,WHITE METAL LANTERN,15,2019-11-13 20:46:00,3.06,17344,EIRE,False,False,45.9
537600,21755,LOVE BUILDING BLOCK WORD,6,2019-09-20 18:13:00,6.5,12866,France,False,False,39.0
537515,84406B,CREAM CUPID HEARTS COAT HANGER,8,2019-12-10 12:09:00,2.64,12425,Portugal,False,False,21.12
537601,21730,GLASS STAR FROSTED T-LIGHT HOLDER,18,2019-09-14 23:28:00,4.42,,EIRE,False,True,79.56
536116,21755,LOVE BUILDING BLOCK WORD,9,2019-03-04 23:15:00,5.43,14061,EIRE,False,False,48.87
536055,71053,WHITE METAL LANTERN,6,2019-11-13 04:30:00,3.65,16381,United Kingdom,False,False,21.9
537501,85123A,WHITE HANGING HEART T-LIGHT HOLDER,9,2019-10-16 01:36:00,2.33,17646,Netherlands,False,False,20.97
536220,21755,LOVE BUILDING BLOCK WORD,14,2019-12-29 00:00:00,6.26,14050,Portugal,False,False,87.64
536765,22752,SET 7 BABUSHKA NESTING BOXES,9,2019-08-12 09:37:00,7.04,16736,Australia,False,False,63.36
536446,22960,JAM MAKING SET WITH JARS,12,2019-08-26 00:00:00,4.87,14052,Portugal,False,False,58.44
536982,85123A,WHITE HANGING HEART T-LIGHT HOLDER,15,2019-06-15 17:11:00,2.39,18258,Belgium,False,False,35.85
537092,21730,GLASS STAR FROSTED T-LIGHT HOLDER,16,2019-10-01 09:58:00,3.93,14418,United Kingdom,False,False,62.88
536872,85123A,WHITE HANGING HEART T-LIGHT HOLDER,15,2019-04-11 09:32:00,2.72,,United Kingdom,False,True,40.8
536735,22423,REGENCY CAKESTAND 3 TIER,17,2019-01-18 00:00:00,13.71,15447,Australia,False,False,233.07
536127,21755,LOVE BUILDING BLOCK WORD,11,2019-02-24 01:40:00,6.19,14857,Spain,False,False,68.09
537036,21755,LOVE BUILDING BLOCK WORD,17,2019-06-18 10:21:00,6.12,17097,France,False,False,104.04
536738,85123A,WHITE HANGING HEART T-LIGHT HOLDER,2,2019-05-26 02:10:00,2.54,17335,Spain,False,False,5.08
536729,84879,ASSORTED COLOUR BIRD ORNAMENT,15,2019-04-30 03:17:00,1.8,17564,France,False,False,27.0
C536155,22960,JAM MAKING SET WITH JARS,-12,2019-01-04 00:00:00,5.44,12995,Netherlands,True,False,-65.28
537324,71053,WHITE METAL LANTERN,4,2019-01-28 01:15:00,3.17,14046,Spain,False,False,12.68
536377,84879,ASSORTED COLOUR BIRD ORNAMENT,5,2019-09-04 00:00:00,1.71,16145,EIRE,False,False,8.55
536099,22960,JAM MAKING SET WITH JARS,5,2019-12-12 06:56:00,5.1,13842,Switzerland,False,False,25.5
536815,22752,SET 7 BABUSHKA NESTING BOXES,4,2019-05-16 15:51:00,7.68,16651,France,False,False,30.72
536538,22423,REGENCY CAKESTAND 3 TIER,5,2019-05-02 17:09:00,13.36,16523,France,False,False,66.8
537261,22960,JAM MAKING SET WITH JARS,2,2019-01-03 18:07:00,4.7,14662,Spain,False,False,9.4
537334,21755,LOVE BUILDING BLOCK WORD,1,2019-09-07 00:00:00,6.18,14476,Australia,False,False,6.18
537306,71270,PINK CRYSTAL GUITAR PHONE CHARM,16,2019-06-06 17:55:00,1.13,17308,Switzerland,False,False,18.08
536772,22752,SET 7 BABUSHKA NESTING BOXES,18,2019-04-02 01:32:00,8.22,16655,Switzerland,False,False,147.96
537480,22752,SET 7 BABUSHKA NESTING BOXES,12,2019-05-26 22:23:00,7.66,15931,Spain,False,False,91.92
537095,21730,GLASS STAR FROSTED T-LIGHT HOLDER,14,2019-11-08 04:24:00,3.83,16415,Switzerland,False,False,53.62
536645,85123A,WHITE HANGING HEART T-LIGHT HOLDER,6,2019-06-12 20:33:00,2.71,17074,France,False,False,16.26
537606,22960,JAM MAKING SET WITH JARS,9,2019-12-16 00:00:00,4.91,12380,France,False,False,44.19
537658,21755,LOVE BUILDING BLOCK WORD,11,2019-06-30 00:00:00,6.53,18176,France,False,False,71.83
537012,22423,REGENCY CAKESTAND 3 TIER,8,2019-02-08 09:48:00,11.62,16607,Switzerland,False,False,92.96
536349,22423,REGENCY CAKESTAND 3 TIER,11,2019-11-26 06:42:00,13.61,18238,Netherlands,False,False,149.71
537483,21730,GLASS STAR FROSTED T-LIGHT HOLDER,12,2019-08-15 10:13:00,4.53,15609,Switzerland,False,False,54.36
537379,84879,ASSORTED COLOUR BIRD ORNAMENT,5,2019-07-25 05:30:00,1.68,14206,Belgium,False,False,8.4
536509,22752,SET 7 BABUSHKA NESTING BOXES,5,2019-07-23 09:52:00,8.34,12784,Switzerland,False,False,41.7
536017,22423,REGENCY CAKESTAND 3 TIER,3,2019-12-05 16:39:00,12.77,16897,Netherlands,False,False,38.31
536282,71270,PINK CRYSTAL GUITAR PHONE CHARM,4,2019-12-19 13:10:00,1.3,17923,Australia,False,False,5.2
536083,21755,LOVE BUILDING BLOCK WORD,13,2019-02-25 22:07:00,5.82,16193,EIRE,False,False,75.66
537011,21755,LOVE BUILDING BLOCK WORD,10,2019-01-05 00:00:00,6.25,16444,Switzerland,False,False,62.5
536342,71270,PINK CRYSTAL GUITAR PHONE CHARM,18,2019-04-25 07:43:00,1.25,16017,Portugal,False,False,22.5
536556,22960,JAM MAKING SET WITH JARS,10,2019-08-23 16:23:00,4.89,12604,Germany,False,False,48.9
536268,71053,WHITE METAL LANTERN,3,2019-12-25 00:00:00,3.6,15113,Germany,False,False,10.8
536517,22423,REGENCY CAKESTAND 3 TIER,1,2019-07-09 00:46:00,13.63,15255,Switzerland,False,False,13.63
536010,21755,LOVE BUILDING BLOCK WORD,1,2019-03-10 00:00:00,5.94,16270,Germany,False,False,5.94
536238,22423,REGENCY CAKESTAND 3 TIER,8,2019-03-20 07:37:00,12.81,,Germany,False,True,102.48
C537362,21730,GLASS STAR FROSTED T-LIGHT HOLDER,-12,2019-03-22 10:23:00,3.86,14459,Portugal,True,False,-46.32
537019,21730,GLASS STAR FROSTED T-LIGHT HOLDER,13,2019-12-11 23:16:00,4.03,13001,Switzerland,False,False,52.39
537589,85123A,WHITE HANGING HEART T-LIGHT HOLDER,18,2019-10-10 03:45:00,2.8,14140,United Kingdom,False,False,50.4
537607,22752,SET 7 BABUSHKA NESTING BOXES,12,2019-07-08 03:48:00,6.96,17385,France,False,False,83.52
C537558,22752,SET 7 BABUSHKA NESTING BOXES,-2,2019-02-14 00:00:00,7.54,,France,True,True,-15.08
537384,21730,GLASS STAR FROSTED T-LIGHT HOLDER,12,2019-04-27 14:56:00,4.57,13124,Switzerland,False,False,54.84
537431,21755,LOVE BUILDING BLOCK WORD,14,2019-01-20 20:07:00,5.73,17337,United Kingdom,False,False,80.22
537076,22423,REGENCY CAKESTAND 3 TIER,6,2019-09-03 03:40:00,13.84,13567,Australia,False,False,83.04
536348,21730,GLASS STAR FROSTED T-LIGHT HOLDER,12,2019-12-07 15:41:00,4.66,16382,Portugal,False,False,55.92
536775,71270,PINK CRYSTAL GUITAR PHONE CHARM,7,2019-10-05 05:26:00,1.29,16332,Netherlands,False,False,9.03
536673,22960,JAM MAKING SET WITH JARS,4,2019-04-24 01:50:00,5.06,,Netherlands,False,True,20.24
536586,71053,WHITE METAL LANTERN,2,2019-04-06 21:17:00,3.55,13659,Australia,False,False,7.1
536714,22960,JAM MAKING SET WITH JARS,1,2019-04-13 00:00:00,4.71,12398,Germany,False,False,4.71
536829,71053,WHITE METAL LANTERN,15,2019-01-25 10:42:00,3.14,13059,EIRE,False,False,47.1
536785,84406B,CREAM CUPID HEARTS COAT HANGER,12,2019-07-19 03:18:00,2.9,13787,Spain,False,False,34.8
537058,84406B,CREAM CUPID HEARTS COAT HANGER,14,2019-11-24 18:32:00,2.89,17818,Netherlands,False,False,40.46
537485,85123A,WHITE HANGING HEART T-LIGHT HOLDER,10,2019-08-09 16:25:00,2.5,12709,Germany,False,False,25.0
537171,21730,GLASS STAR FROSTED T-LIGHT HOLDER,3,2019-05-24 18:05:00,4.0,,EIRE,False,True,12.0
536110,84406B,CREAM CUPID HEARTS COAT HANGER,10,2019-06-15 00:07:00,2.73,15719,Switzerland,False,False,27.3
537532,71270,PINK CRYSTAL GUITAR PHONE CHARM,16,2019-01-28 02:21:00,1.33,14759,France,False,False,21.28
537507,85123A,WHITE HANGING HEART T-LIGHT HOLDER,19,2019-04-16 05:24:00,2.38,14244,Portugal,False,False,45.22
536546,85123A,WHITE HANGING HEART T-LIGHT HOLDER,16,2019-10-21 03:50:00,2.34,13170,EIRE,False,False,37.44
536505,21755,LOVE BUILDING BLOCK WORD,13,2019-04-13 03:42:00,5.83,17837,Spain,False,False,75.79
536287,71053,WHITE METAL LANTERN,17,2019-01-08 00:00:00,3.28,16500,Switzerland,False,False,55.76
C537501,84406B,CREAM CUPID HEARTS COAT HANGER,-17,2019-06-07 04:47:00,2.93,17957,Belgium,True,False,-49.81
537498,21730,GLASS STAR FROSTED T-LIGHT HOLDER,12,2019-05-15 20:59:00,4.66,15371,Germany,False,False,55.92
536399,21755,LOVE BUILDING BLOCK WORD,6,2019-07-03 07:34:00,6.49,13731,Germany,False,False,38.94
536370,71270,PINK CRYSTAL GUITAR PHONE CHARM,3,2019-09-07 09:09:00,1.24,15282,Spain,False,False,3.72
536109,22423,REGENCY CAKESTAND 3 TIER,1,2019-11-06 09:25:00,13.89,12963,Australia,False,False,13.89
536362,22960,JAM MAKING SET WITH JARS,13,2019-06-29 21:25:00,4.51,13769,Belgium,False,False,58.63
537313,71270,PINK CRYSTAL GUITAR PHONE CHARM,8,2019-06-05 00:08:00,1.2,15266,Portugal,False,False,9.6
536838,21755,LOVE BUILDING BLOCK WORD,17,2019-12-14 19:30:00,5.93,15043,United Kingdom,False,False,100.81
536001,21755,LOVE BUILDING BLOCK WORD,13,2019-07-19 10:38:00,6.33,15022,France,False,False,82.29
536880,22423,REGENCY CAKESTAND 3 TIER,7,2019-06-18 13:39:00,13.86,15393,Netherlands,False,False,97.02
537517,71270,PINK CRYSTAL GUITAR PHONE CHARM,4,2019-06-18 21:20:00,1.18,13145,Portugal,False,False,4.72
536496,84879,ASSORTED COLOUR BIRD ORNAMENT,1,2019-12-26 11:56:00,1.57,13286,EIRE,False,False,1.57
536819,71270,PINK CRYSTAL GUITAR PHONE CHARM,4,2019-01-28 20:24:00,1.24,15377,Australia,False,False,4.96
537551,71053,WHITE METAL LANTERN,4,2019-03-19 00:22:00,3.6,16645,Netherlands,False,False,14.4
536183,85123A,WHITE HANGING HEART T-LIGHT HOLDER,2,2019-04-18 06:12:00,2.56,12760,Belgium,False,False,5.12
536185,71270,PINK CRYSTAL GUITAR PHONE CHARM,18,2019-06-24 16:55:00,1.19,,United Kingdom,False,True,21.42
536734,84406B,CREAM CUPID HEARTS COAT HANGER,18,2019-12-30 19:45:00,2.96,14624,Australia,False,False,53.28
536863,21755,LOVE BUILDING BLOCK WORD,10,2019-02-15 16:10:00,6.14,17670,Switzerland,False,False,61.4
C536495,84406B,CREAM CUPID HEARTS COAT HANGER,-14,2019-10-19 03:32:00,2.8,14574,Portugal,True,False,-39.2
537275,21730,GLASS STAR FROSTED T-LIGHT HOLDER,3,2019-08-04 19:25:00,4.0,16406,France,False,False,12.0
536088,22423,REGENCY CAKESTAND 3 TIER,18,2019-12-17 13:00:00,11.99,15589,Switzerland,False,False,215.82
536490,21730,GLASS STAR FROSTED T-LIGHT HOLDER,10,2019-05-22 00:00:00,3.86,15190,Germany,False,False,38.6
536411,21755,LOVE BUILDING BLOCK WORD,7,2019-12-25 00:00:00,6.22,15479,Germany,False,False,43.54
536384,71270,PINK CRYSTAL GUITAR PHONE CHARM,3,2019-07-23 00:00:00,1.26,16169,Netherlands,False,False,3.78
536467,71270,PINK CRYSTAL GUITAR PHONE CHARM,11,2019-01-25 01:22:00,1.26,15172,Netherlands,False,False,13.86
537074,22752,SET 7 BABUSHKA NESTING BOXES,6,2019-02-21 18:58:00,7.78,,EIRE,False,True,46.68
536306,21755,LOVE BUILDING BLOCK WORD,6,2019-12-04 18:58:00,5.77,17004,Portugal,False,False,34.62
537579,21730,GLASS STAR FROSTED T-LIGHT HOLDER,18,2019-11-08 16:14:00,3.86,12750,Switzerland,False,False,69.48
536354,84879,ASSORTED COLOUR BIRD ORNAMENT,1,2019-07-03 22:56:00,1.68,17853,France,False,False,1.68
536782,84406B,CREAM CUPID HEARTS COAT HANGER,11,2019-03-05 00:00:00,2.59,13550,Belgium,False,False,28.49
536994,71270,PINK CRYSTAL GUITAR PHONE CHARM,14,2019-05-30 18:55:00,1.33,14042,Netherlands,False,False,18.62
537290,21730,GLASS STAR FROSTED T-LIGHT HOLDER,2,2019-01-13 14:04:00,4.01,18105,Germany,False,False,8.02
536867,85123A,WHITE HANGING HEART T-LIGHT HOLDER,4,2019-02-04 18:46:00,2.4,15281,Belgium,False,False,9.6
536504,21730,GLASS STAR FROSTED T-LIGHT HOLDER,6,2019-09-19 00:00:00,4.25,13239,Netherlands,False,False,25.5
536607,71053,WHITE METAL LANTERN,18,2019-05-08 19:08:00,3.67,17927,Germany,False,False,66.06
536155,21730,GLASS STAR FROSTED T-LIGHT HOLDER,11,2019-03-24 00:00:00,4.53,17922,Spain,False,False,49.83
536114,71270,PINK CRYSTAL GUITAR PHONE CHARM,13,2019-11-19 15:13:00,1.34,14483,Spain,False,False,17.42
537647,22752,SET 7 BABUSHKA NESTING BOXES,15,2019-05-03 04:07:00,6.9,14495,United Kingdom,False,False,103.5
536497,21730,GLASS STAR FROSTED T-LIGHT HOLDER,12,2019-04-19 09:15:00,4.5,14654,United Kingdom,False,False,54.0
537412,71270,PINK CRYSTAL GUITAR PHONE CHARM,18,2019-08-15 21:52:00,1.34,14287,EIRE,False,False,24.12
537333,21755,LOVE BUILDING BLOCK WORD,2,2019-10-26 18:55:00,6.5,15186,France,False,False,13.0
536472,21730,GLASS STAR FROSTED T-LIGHT HOLDER,13,2019-12-20 14:45:00,4.53,15806,Portugal,False,False,58.89
536202,84879,ASSORTED COLOUR BIRD ORNAMENT,13,2019-01-22 19:52:00,1.78,17644,Switzerland,False,False,23.14
537121,71053,WHITE METAL LANTERN,8,2019-04-28 00:00:00,3.41,17189,Netherlands,False,False,27.28
536482,21730,GLASS STAR FROSTED T-LIGHT HOLDER,3,2019-11-24 18:31:00,3.92,12952,Belgium,False,False,11.76
537305,84406B,CREAM CUPID HEARTS COAT HANGER,19,2019-05-05 00:00:00,2.8,13800,Belgium,False,False,53.2
537484,85123A,WHITE HANGING HEART T-LIGHT HOLDER,12,2019-11-18 10:42:00,2.42,17041,EIRE,False,False,29.04
536629,22960,JAM MAKING SET WITH JARS,6,2019-08-20 16:23:00,4.67,17551,Australia,False,False,28.02
537271,22752,SET 7 BABUSHKA NESTING BOXES,14,2019-04-12 04:44:00,7.17,17294,Germany,False,False,100.38
536569,84406B,CREAM CUPID HEARTS COAT HANGER,2,2019-05-08 23:36:00,2.82,17642,Portugal,False,False,5.64
537108,71053,WHITE METAL LANTERN,12,2019-01-03 22:38:00,3.19,17640,Germany,False,False,38.28
536829,85123A,WHITE HANGING HEART T-LIGHT HOLDER,13,2019-12-21 00:06:00,2.57,15775,Australia,False,False,33.41
536674,22752,SET 7 BABUSHKA NESTING BOXES,2,2019-05-08 10:51:00,7.69,13683,Australia,False,False,15.38
537180,84879,ASSORTED COLOUR BIRD ORNAMENT,2,2019-11-27 13:15:00,1.65,15927,Switzerland,False,False,3.3
536007,21730,GLASS STAR FROSTED T-LIGHT HOLDER,1,2019-10-09 00:00:00,3.9,16485,Spain,False,False,3.9
C537515,85123A,WHITE HANGING HEART T-LIGHT HOLDER,-11,2019-12-13 22:22:00,2.72,17916,Germany,True,False,-29.92
537378,21730,GLASS STAR FROSTED T-LIGHT HOLDER,18,2019-06-28 07:21:00,4.25,,Spain,False,True,76.5
536359,22752,SET 7 BABUSHKA NESTING BOXES,18,2019-01-08 20:29:00,8.09,16832,EIRE,False,False,145.62
536809,85123A,WHITE HANGING HEART T-LIGHT HOLDER,17,2019-09-05 00:02:00,2.7,16215,Spain,False,False,45.9
537141,85123A,WHITE HANGING HEART T-LIGHT HOLDER,17,2019-07-31 02:17:00,2.45,15914,Netherlands,False,False,41.65
537660,22423,REGENCY CAKESTAND 3 TIER,12,2019-08-14 23:53:00,13.94,13825,Netherlands,False,False,167.28
536801,84879,ASSORTED COLOUR BIRD ORNAMENT,13,2019-04-16 01:14:00,1.6,13249,Spain,False,False,20.8
537121,84406B,CREAM CUPID HEARTS COAT HANGER,2,2019-06-05 00:00:00,2.75,16465,France,False,False,5.5
537184,22423,REGENCY CAKESTAND 3 TIER,2,2019-08-16 07:46:00,12.16,14087,EIRE,False,False,24.32
537158,22423,REGENCY CAKESTAND 3 TIER,2,2019-11-20 09:52:00,13.86,15557,Spain,False,False,27.72
536845,84879,ASSORTED COLOUR BIRD ORNAMENT,1,2019-09-07 07:43:00,1.8,17607,Germany,False,False,1.8
536759,21730,GLASS STAR FROSTED T-LIGHT HOLDER,16,2019-09-06 23:37:00,4.15,12416,EIRE,False,False,66.4
536349,71053,WHITE METAL LANTERN,2,2019-03-28 00:00:00,3.39,14793,Switzerland,False,False,6.78
537632,22423,REGENCY CAKESTAND 3 TIER,6,2019-12-03 13:19:00,12.21,17812,Portugal,False,False,73.26
536778,22752,SET 7 BABUSHKA NESTING BOXES,8,2019-01-01 00:00:00,7.72,16183,EIRE,False,False,61.76
537226,21730,GLASS STAR FROSTED T-LIGHT HOLDER,18,2019-03-05 15:49:00,3.98,16680,United Kingdom,False,False,71.64
536659,85123A,WHITE HANGING HEART T-LIGHT HOLDER,10,2019-12-11 00:00:00,2.48,13258,Germany,False,False,24.8
537387,84406B,CREAM CUPID HEARTS COAT HANGER,16,2019-11-11 02:06:00,2.74,16409,Switzerland,False,False,43.84
536270,22960,JAM MAKING SET WITH JARS,18,2019-09-18 22:03:00,5.01,17019,France,False,False,90.18
537657,71053,WHITE METAL LANTERN,7,2019-11-16 07:24:00,3.12,16856,Belgium,False,False,21.84
536826,21730,GLASS STAR FROSTED T-LIGHT HOLDER,11,2019-05-09 02:35:00,4.18,17019,Portugal,False,False,45.98
537645,85123A,WHITE HANGING HEART T-LIGHT HOLDER,6,2019-06-19 00:00:00,2.68,18197,Switzerland,False,False,16.08
537423,22423,REGENCY CAKESTAND 3 TIER,2,2019-09-18 19:48:00,13.49,12645,France,False,False,26.98
537662,71053,WHITE METAL LANTERN,10,2019-06-14 00:00:00,3.72,12964,Australia,False,False,37.2
536456,22960,JAM MAKING SET WITH JARS,18,2019-11-30 16:23:00,4.66,12684,Germany,False,False,83.88
536889,84879,ASSORTED COLOUR BIRD ORNAMENT,6,2019-06-13 22:46:00,1.78,13463,Netherlands,False,False,10.68
537530,21730,GLASS STAR FROSTED T-LIGHT HOLDER,1,2019-02-24 16:06:00,4.12,13881,France,False,False,4.12
536506,85123A,WHITE HANGING HEART T-LIGHT HOLDER,4,2019-02-12 13:44:00,16.24,16274,United Kingdom,False,False,64.96
537573,21755,LOVE BUILDING BLOCK WORD,7,2019-07-08 13:54:00,6.21,16048,Germany,False,False,43.47
536312,85123A,WHITE HANGING HEART T-LIGHT HOLDER,2,2019-03-16 06:00:00,2.66,17461,Portugal,False,False,5.32
536401,21730,GLASS STAR FROSTED T-LIGHT HOLDER,14,2019-06-22 00:00:00,4.06,14577,Switzerland,False,False,56.84
536400,22752,SET 7 BABUSHKA NESTING BOXES,9,2019-03-07 00:00:00,7.77,13569,Belgium,False,False,69.93
C537047,21730,GLASS STAR FROSTED T-LIGHT HOLDER,-19,2019-01-17 16:18:00,4.22,16592,Australia,True,False,-80.18
537056,21730,GLASS STAR FROSTED T-LIGHT HOLDER,3,2019-12-29 07:23:00,4.34,,Germany,False,True,13.02
537264,22423,REGENCY CAKESTAND 3 TIER,6,2019-02-10 13:29:00,11.58,13570,France,False,False,69.48
536043,21755,LOVE BUILDING BLOCK WORD,17,2019-09-16 03:41:00,5.8,13768,Belgium,False,False,98.6
536173,71270,PINK CRYSTAL GUITAR PHONE CHARM,13,2019-07-04 08:31:00,1.19,14725,EIRE,False,False,15.47
536318,22960,JAM MAKING SET WITH JARS,15,2019-02-09 12:55:00,5.08,15657,United Kingdom,False,False,76.2
536304,22423,REGENCY CAKESTAND 3 TIER,6,2019-10-06 00:00:00,11.99,17529,United Kingdom,False,False,71.94
536286,22423,REGENCY CAKESTAND 3 TIER,7,2019-06-10 00:10:00,12.3,,Netherlands,False,True,86.1
536677,85123A,WHITE HANGING HEART T-LIGHT HOLDER,16,2019-10-22 00:00:00,2.72,12739,Spain,False,False,43.52
536550,84879,ASSORTED COLOUR BIRD ORNAMENT,14,2019-08-11 20:47:00,1.56,12998,France,False,False,21.84
536438,22423,REGENCY CAKESTAND 3 TIER,13,2019-05-27 03:43:00,12.97,17542,Portugal,False,False,168.61
536799,84406B,CREAM CUPID HEARTS COAT HANGER,4,2019-09-07 17:27:00,2.67,15610,Netherlands,False,False,10.68
536986,84879,ASSORTED COLOUR BIRD ORNAMENT,10,2019-02-02 15:14:00,1.83,16940,United Kingdom,False,False,18.3
536725,22752,SET 7 BABUSHKA NESTING BOXES,6,2019-07-01 00:00:00,7.73,,EIRE,False,True,46.38
C536603,22423,REGENCY CAKESTAND 3 TIER,-7,2019-10-28 11:34:00,13.07,14571,Portugal,True,False,-91.49
536777,71270,PINK CRYSTAL GUITAR PHONE CHARM,1,2019-01-18 14:58:00,1.28,14934,United Kingdom,False,False,1.28
537410,71053,WHITE METAL LANTERN,4,2019-04-16 19:37:00,3.52,,Switzerland,False,True,14.08
537008,71053,WHITE METAL LANTERN,12,2019-01-26 00:00:00,3.49,12544,Germany,False,False,41.88
536207,71053,WHITE METAL LANTERN,45,2019-12-07 21:12:00,3.68,16200,Netherlands,False,False,165.6
536229,71270,PINK CRYSTAL GUITAR PHONE CHARM,16,2019-07-27 21:10:00,1.15,14756,Switzerland,False,False,18.4
537303,84406B,CREAM CUPID HEARTS COAT HANGER,14,2019-01-11 10:19:00,2.61,13182,EIRE,False,False,36.54
536455,84406B,CREAM CUPID HEARTS COAT HANGER,2,2019-02-22 19:06:00,2.92,15098,Germany,False,False,5.84
537014,85123A,WHITE HANGING HEART T-LIGHT HOLDER,6,2019-03-09 22:48:00,2.58,17794,EIRE,False,False,15.48
537274,71270,PINK CRYSTAL GUITAR PHONE CHARM,14,2019-01-21 00:00:00,1.25,,Germany,False,True,17.5
537310,85123A,WHITE HANGING HEART T-LIGHT HOLDER,17,2019-02-18 00:00:00,2.3,17949,Switzerland,False,False,39.1
536203,21730,GLASS STAR FROSTED T-LIGHT HOLDER,19,2019-01-03 04:51:00,3.96,16451,Netherlands,False,False,75.24
536835,71270,PINK CRYSTAL GUITAR PHONE CHARM,5,2019-03-04 22:12:00,1.16,13397,Germany,False,False,5.8
537494,21730,GLASS STAR FROSTED T-LIGHT HOLDER,3,2019-08-16 00:00:00,4.37,15988,Switzerland,False,False,13.11
537137,85123A,WHITE HANGING HEART T-LIGHT HOLDER,5,2019-12-01 14:57:00,2.7,16852,Switzerland,False,False,13.5
536154,21730,GLASS STAR FROSTED T-LIGHT HOLDER,8,2019-02-25 05:32:00,4.47,13831,Australia,False,False,35.76
536524,84879,ASSORTED COLOUR BIRD ORNAMENT,18,2019-08-23 03:09:00,1.86,13019,Switzerland,False,False,33.48
536850,22423,REGENCY CAKESTAND 3 TIER,5,2019-10-04 00:13:00,12.39,15274,Spain,False,False,61.95
536102,22752,SET 7 BABUSHKA NESTING BOXES,4,2019-01-10 05:08:00,7.92,17647,United Kingdom,False,False,31.68
536707,21730,GLASS STAR FROSTED T-LIGHT HOLDER,15,2019-07-07 22:36:00,4.54,16919,United Kingdom,False,False,68.1
536803,84879,ASSORTED COLOUR BIRD ORNAMENT,17,2019-07-05 10:17:00,1.69,12519,Netherlands,False,False,28.73
536193,84406B,CREAM CUPID HEARTS COAT HANGER,4,2019-10-28 11:54:00,2.9,16002,Australia,False,False,11.6
536035,84406B,CREAM CUPID HEARTS COAT HANGER,13,2019-01-02 00:07:00,2.49,13274,United Kingdom,False,False,32.37
536568,21730,GLASS STAR FROSTED T-LIGHT HOLDER,13,2019-04-28 11:45:00,4.62,15096,United Kingdom,False,False,60.06
536333,22960,JAM MAKING SET WITH JARS,2,2019-09-20 08:09:00,4.9,13130,Germany,False,False,9.8
537060,84879,ASSORTED COLOUR BIRD ORNAMENT,6,2019-09-11 00:00:00,1.55,17131,Australia,False,False,9.3
536851,22752,SET 7 BABUSHKA NESTING BOXES,16,2019-08-13 00:00:00,7.98,17265,Switzerland,False,False,127.68
536337,21755,LOVE BUILDING BLOCK WORD,10,2019-08-30 05:47:00,5.66,14376,France,False,False,56.6
537187,84406B,CREAM CUPID HEARTS COAT HANGER,1,2019-02-06 17:43:00,2.72,12680,France,False,False,2.72
536998,71053,WHITE METAL LANTERN,2,2019-10-16 06:00:00,3.37,16153,Portugal,False,False,6.74
537078,21730,GLASS STAR FROSTED T-LIGHT HOLDER,7,2019-06-09 18:19:00,4.1,17261,EIRE,False,False,28.7
536344,71053,WHITE METAL LANTERN,10,2019-10-04 17:01:00,3.63,13368,Switzerland,False,False,36.3
537609,84406B,CREAM CUPID HEARTS COAT HANGER,12,2019-12-31 00:00:00,2.85,16155,Portugal,False,False,34.2
537134,84879,ASSORTED COLOUR BIRD ORNAMENT,2,2019-06-13 00:12:00,1.86,18140,Switzerland,False,False,3.72
536445,84879,ASSORTED COLOUR BIRD ORNAMENT,6,2019-09-12 17:21:00,1.54,16809,Switzerland,False,False,9.24
537615,71053,WHITE METAL LANTERN,1,2019-09-27 15:50:00,3.66,16424,Spain,False,False,3.66
536793,22423,REGENCY CAKESTAND 3 TIER,2,2019-02-07 12:12:00,12.94,12566,United Kingdom,False,False,25.88
537527,85123A,WHITE HANGING HEART T-LIGHT HOLDER,7,2019-06-09 06:14:00,2.79,16117,Spain,False,False,19.53
536953,22752,SET 7 BABUSHKA NESTING BOXES,7,2019-04-18 18:07:00,7.25,17589,Portugal,False,False,50.75
536745,84879,ASSORTED COLOUR BIRD ORNAMENT,15,2019-12-11 01:16:00,1.76,17720,Switzerland,False,False,26.4
537316,22960,JAM MAKING SET WITH JARS,14,2019-04-04 10:17:00,5.01,,Australia,False,True,70.14
536698,22960,JAM MAKING SET WITH JARS,10,2019-04-08 02:35:00,5.02,17336,EIRE,False,False,50.2
536290,84406B,CREAM CUPID HEARTS COAT HANGER,9,2019-01-30 20:07:00,2.86,17715,Netherlands,False,False,25.74
537622,22960,JAM MAKING SET WITH JARS,9,2019-08-30 00:00:00,4.53,14134,Portugal,False,False,40.77
537016,71270,PINK CRYSTAL GUITAR PHONE CHARM,3,2019-07-26 12:53:00,1.19,16109,Switzerland,False,False,3.57
537637,21755,LOVE BUILDING BLOCK WORD,11,2019-03-01 12:08:00,6.44,16282,Belgium,False,False,70.84
537544,71053,WHITE METAL LANTERN,6,2019-09-16 15:58:00,3.6,12501,France,False,False,21.6
537101,21755,LOVE BUILDING BLOCK WORD,10,2019-03-06 19:53:00,5.82,13631,Germany,False,False,58.2
537297,84879,ASSORTED COLOUR BIRD ORNAMENT,6,2019-07-04 12:12:00,1.78,14947,EIRE,False,False,10.68
536325,71053,WHITE METAL LANTERN,8,2019-02-05 19:30:00,3.5,15072,Portugal,False,False,28.0
536989,84879,ASSORTED COLOUR BIRD ORNAMENT,4,2019-12-09 00:55:00,1.59,13674,Belgium,False,False,6.36
536569,21755,LOVE BUILDING BLOCK WORD,12,2019-10-01 11:51:00,6.24,15807,Belgium,False,False,74.88
537240,21755,LOVE BUILDING BLOCK WORD,15,2019-01-08 13:29:00,6.18,13962,Portugal,False,False,92.7
536606,21730,GLASS STAR FROSTED T-LIGHT HOLDER,1,2019-11-05 17:02:00,4.03,13723,Switzerland,False,False,4.03
536970,21730,GLASS STAR FROSTED T-LIGHT HOLDER,14,2019-02-05 00:00:00,3.89,13492,Belgium,False,False,54.46
536391,22752,SET 7 BABUSHKA NESTING BOXES,14,2019-06-06 00:00:00,8.19,14619,Belgium,False,False,114.66
536446,22752,SET 7 BABUSHKA NESTING BOXES,13,2019-11-06 03:24:00,7.0,17073,Australia,False,False,91.0
537248,84406B,CREAM CUPID HEARTS COAT HANGER,1,2019-04-30 22:17:00,2.87,16802,Belgium,False,False,2.87
537227,85123A,WHITE HANGING HEART T-LIGHT HOLDER,4,2019-11-24 12:46:00,2.67,,Germany,False,True,10.68
537468,85123A,WHITE HANGING HEART T-LIGHT HOLDER,18,2019-10-05 00:00:00,2.42,12691,France,False,False,43.56
536503,22752,SET 7 BABUSHKA NESTING BOXES,18,2019-09-28 05:16:00,7.32,17238,Spain,False,False,131.76
536643,85123A,WHITE HANGING HEART T-LIGHT HOLDER,11,2019-10-02 18:27:00,2.72,15061,Spain,False,False,29.92
536068,21755,LOVE BUILDING BLOCK WORD,1,2019-02-18 07:04:00,6.06,14386,Belgium,False,False,6.06
537389,21755,LOVE BUILDING BLOCK WORD,3,2019-12-16 12:24:00,5.79,13879,Australia,False,False,17.37
536117,22960,JAM MAKING SET WITH JARS,17,2019-08-17 03:02:00,5.39,,Switzerland,False,True,91.63
537027,71270,PINK CRYSTAL GUITAR PHONE CHARM,5,2019-08-27 06:27:00,1.27,14062,Belgium,False,False,6.35
C537518,22423,REGENCY CAKESTAND 3 TIER,-13,2019-09-22 03:24:00,13.46,15839,Portugal,True,False,-174.98
536243,22960,JAM MAKING SET WITH JARS,2,2019-04-04 16:24:00,5.04,14792,Netherlands,False,False,10.08
536481,21730,GLASS STAR FROSTED T-LIGHT HOLDER,19,2019-03-08 11:09:00,4.67,13120,Portugal,False,False,88.73
536234,21755,LOVE BUILDING BLOCK WORD,4,2019-01-08 00:00:00,5.55,13540,Portugal,False,False,22.2
536908,22423,REGENCY CAKESTAND 3 TIER,5,2019-09-27 16:15:00,11.64,15962,United Kingdom,False,False,58.2
537548,84406B,CREAM CUPID HEARTS COAT HANGER,8,2019-02-25 01:29:00,2.64,15992,United Kingdom,False,False,21.12
536887,21730,GLASS STAR FROSTED T-LIGHT HOLDER,6,2019-07-06 00:00:00,4.02,14301,Spain,False,False,24.12
536053,21755,LOVE BUILDING BLOCK WORD,15,2019-05-20 01:10:00,6.31,17739,France,False,False,94.65
537571,22960,JAM MAKING SET WITH JARS,11,2019-10-24 05:45:00,5.41,15488,Portugal,False,False,59.51
537203,84879,ASSORTED COLOUR BIRD ORNAMENT,3,2019-11-26 08:55:00,1.76,17855,Switzerland,False,False,5.28
537066,84406B,CREAM CUPID HEARTS COAT HANGER,18,2019-07-13 02:28:00,2.84,15939,Germany,False,False,51.12
537163,21730,GLASS STAR FROSTED T-LIGHT HOLDER,18,2019-08-09 21:01:00,4.0,14567,Spain,False,False,72.0
536461,85123A,WHITE HANGING HEART T-LIGHT HOLDER,19,2019-01-06 14:21:00,2.58,14929,Netherlands,False,False,49.02
537444,71053,WHITE METAL LANTERN,18,2019-06-23 00:00:00,3.48,17083,Germany,False,False,62.64
536167,71053,WHITE METAL LANTERN,3,2019-09-09 11:44:00,3.65,,Germany,False,True,10.95
537458,84406B,CREAM CUPID HEARTS COAT HANGER,18,2019-04-05 02:34:00,2.91,12721,France,False,False,52.38
537665,22423,REGENCY CAKESTAND 3 TIER,4,2019-09-04 16:28:00,12.8,,Netherlands,False,True,51.2
536701,22960,JAM MAKING SET WITH JARS,18,2019-03-07 08:00:00,5.3,12687,United Kingdom,False,False,95.4
537090,85123A,WHITE HANGING HEART T-LIGHT HOLDER,10,2019-06-13 08:33:00,2.67,12735,Germany,False,False,26.7
536744,85123A,WHITE HANGING HEART T-LIGHT HOLDER,3,2019-08-17 19:25:00,2.79,15133,Australia,False,False,8.37
537397,21730,GLASS STAR FROSTED T-LIGHT HOLDER,19,2019-05-13 11:48:00,3.95,12744,Portugal,False,False,75.05
537206,71270,PINK CRYSTAL GUITAR PHONE CHARM,9,2019-11-05 01:08:00,1.33,16416,Spain,False,False,11.97
536888,22960,JAM MAKING SET WITH JARS,3,2019-07-21 00:00:00,5.15,13633,Switzerland,False,False,15.45
536335,22960,JAM MAKING SET WITH JARS,10,2019-05-23 12:15:00,5.35,13415,EIRE,False,False,53.5
537343,71053,WHITE METAL LANTERN,12,2019-11-13 21:12:00,3.59,13108,EIRE,False,False,43.08
537583,85123A,WHITE HANGING HEART T-LIGHT HOLDER,10,2019-02-06 15:44:00,2.53,,Belgium,False,True,25.3
536723,22752,SET 7 BABUSHKA NESTING BOXES,5,2019-05-28 18:44:00,7.08,16927,France,False,False,35.4
536630,84879,ASSORTED COLOUR BIRD ORNAMENT,18,2019-02-15 02:53:00,1.62,12661,Spain,False,False,29.16
536429,71270,PINK CRYSTAL GUITAR PHONE CHARM,17,2019-01-19 15:48:00,1.19,13212,United Kingdom,False,False,20.23
C536122,84879,ASSORTED COLOUR BIRD ORNAMENT,-3,2019-07-13 12:28:00,1.69,12533,Netherlands,True,False,-5.07
537072,71053,WHITE METAL LANTERN,12,2019-02-02 06:21:00,3.65,16670,Belgium,False,False,43.8
537096,22752,SET 7 BABUSHKA NESTING BOXES,8,2019-04-14 21:49:00,7.89,14771,Portugal,False,False,63.12
536439,71270,PINK CRYSTAL GUITAR PHONE CHARM,16,2019-05-31 09:09:00,1.34,18196,Switzerland,False,False,21.44
536164,71053,WHITE METAL LANTERN,14,2019-12-21 04:11:00,3.3,14585,France,False,False,46.2
536654,71053,WHITE METAL LANTERN,12,2019-01-15 06:16:00,3.38,,Switzerland,False,True,40.56
537614,85123A,WHITE HANGING HEART T-LIGHT HOLDER,8,2019-08-13 15:18:00,2.78,13907,Switzerland,False,False,22.24
537576,71053,WHITE METAL LANTERN,18,2019-06-09 21:45:00,3.11,16401,Germany,False,False,55.98
536111,84406B,CREAM CUPID HEARTS COAT HANGER,11,2019-01-28 23:07:00,3.01,17050,Portugal,False,False,33.11
536491,84406B,CREAM CUPID HEARTS COAT HANGER,16,2019-09-14 00:00:00,2.49,16992,Switzerland,False,False,39.84
536226,21730,GLASS STAR FROSTED T-LIGHT HOLDER,10,2019-05-28 00:00:00,4.67,14857,Netherlands,False,False,46.7
536945,84406B,CREAM CUPID HEARTS COAT HANGER,14,2019-01-25 17:39:00,2.76,13249,United Kingdom,False,False,38.64
536379,84406B,CREAM CUPID HEARTS COAT HANGER,1,2019-05-06 06:00:00,2.85,13262,Switzerland,False,False,2.85
536407,21755,LOVE BUILDING BLOCK WORD,17,2019-10-30 02:37:00,6.36,12988,Belgium,False,False,108.12
537282,22960,JAM MAKING SET WITH JARS,3,2019-01-02 05:21:00,5.03,14413,France,False,False,15.09
C536966,21730,GLASS STAR FROSTED T-LIGHT HOLDER,-18,2019-08-18 10:00:00,4.4,17701,France,True,False,-79.2
537383,84879,ASSORTED COLOUR BIRD ORNAMENT,12,2019-03-10 23:02:00,1.56,,France,False,True,18.72
537502,21755,LOVE BUILDING BLOCK WORD,11,2019-09-30 06:32:00,6.15,16441,Australia,False,False,67.65
536022,22752,SET 7 BABUSHKA NESTING BOXES,3,2019-09-16 01:19:00,6.92,13503,Germany,False,False,20.76
537109,21755,LOVE BUILDING BLOCK WORD,7,2019-06-06 18:14:00,5.75,15993,United Kingdom,False,False,40.25
537278,22423,REGENCY CAKESTAND 3 TIER,10,2019-02-05 10:10:00,13.92,12870,Spain,False,False,139.2
536627,21755,LOVE BUILDING BLOCK WORD,8,2019-09-13 00:00:00,5.56,16894,United Kingdom,False,False,44.48
536159,22752,SET 7 BABUSHKA NESTING BOXES,16,2019-02-16 00:15:00,8.25,15602,Germany,False,False,132.0
537518,84406B,CREAM CUPID HEARTS COAT HANGER,13,2019-06-14 09:08:00,2.57,15360,France,False,False,33.41
537631,84406B,CREAM CUPID HEARTS COAT HANGER,15,2019-02-21 01:26:00,2.82,16926,France,False,False,42.3
536794,71270,PINK CRYSTAL GUITAR PHONE CHARM,16,2019-05-23 12:59:00,1.19,12350,Belgium,False,False,19.04
536390,22752,SET 7 BABUSHKA NESTING BOXES,17,2019-01-02 11:19:00,8.0,16680,France,False,False,136.0
537601,71053,WHITE METAL LANTERN,19,2019-07-21 12:33:00,3.39,12655,Australia,False,False,64.41
536786,22423,REGENCY CAKESTAND 3 TIER,6,2019-04-10 00:00:00,13.4,15631,Germany,False,False,80.4
536141,84879,ASSORTED COLOUR BIRD ORNAMENT,18,2019-05-24 08:26:00,1.85,14458,Belgium,False,False,33.3
536751,71270,PINK CRYSTAL GUITAR PHONE CHARM,6,2019-08-11 21:48:00,1.37,14922,Spain,False,False,8.22
536444,84406B,CREAM CUPID HEARTS COAT HANGER,5,2019-05-28 08:35:00,2.56,14009,Switzerland,False,False,12.8
536066,21730,GLASS STAR FROSTED T-LIGHT HOLDER,1,2019-08-29 17:24:00,3.97,17367,Switzerland,False,False,3.97
536785,84406B,CREAM CUPID HEARTS COAT HANGER,14,2019-04-09 11:54:00,2.93,16590,France,False,False,41.02
537201,21755,LOVE BUILDING BLOCK WORD,17,2019-08-25 09:55:00,6.24,15267,France,False,False,106.08
536646,71053,WHITE METAL LANTERN,18,2019-12-03 10:11:00,3.63,,Australia,False,True,65.34
C537496,22423,REGENCY CAKESTAND 3 TIER,-2,2019-08-14 23:46:00,12.59,12934,France,True,False,-25.18
536047,21730,GLASS STAR FROSTED T-LIGHT HOLDER,10,2019-09-09 00:00:00,4.48,14543,Netherlands,False,False,44.8
537638,22752,SET 7 BABUSHKA NESTING BOXES,4,2019-06-27 00:00:00,7.36,15592,EIRE,False,False,29.44
536083,84406B,CREAM CUPID HEARTS COAT HANGER,13,2019-07-21 23:50:00,2.48,14013,France,False,False,32.24
537639,22752,SET 7 BABUSHKA NESTING BOXES,18,2019-11-10 17:26:00,7.22,15993,Germany,False,False,129.96
536484,84406B,CREAM CUPID HEARTS COAT HANGER,6,2019-05-02 08:25:00,2.59,14212,Spain,False,False,15.54
537334,22960,JAM MAKING SET WITH JARS,14,2019-01-18 12:37:00,4.68,16319,France,False,False,65.52
536139,71270,PINK CRYSTAL GUITAR PHONE CHARM,1,2019-07-17 00:00:00,1.34,12933,Belgium,False,False,1.34
536303,22752,SET 7 BABUSHKA NESTING BOXES,1,2019-04-12 08:24:00,8.04,13752,EIRE,False,False,8.04
537537,71270,PINK CRYSTAL GUITAR PHONE CHARM,16,2019-03-13 11:45:00,1.14,18062,United Kingdom,False,False,18.24
536865,22752,SET 7 BABUSHKA NESTING BOXES,15,2019-02-09 15:14:00,7.36,,Belgium,False,True,110.4
537235,21730,GLASS STAR FROSTED T-LIGHT HOLDER,9,2019-11-24 10:11:00,4.58,16917,Netherlands,False,False,41.22
537171,22752,SET 7 BABUSHKA NESTING BOXES,19,2019-02-15 09:31:00,8.16,,United Kingdom,False,True,155.04
536769,21730,GLASS STAR FROSTED T-LIGHT HOLDER,7,2019-02-10 18:54:00,4.41,16258,Australia,False,False,30.87
536704,84406B,CREAM CUPID HEARTS COAT HANGER,3,2019-12-27 22:36:00,2.91,,United Kingdom,False,True,8.73
537561,22752,SET 7 BABUSHKA NESTING BOXES,5,2019-03-02 07:43:00,7.94,14678,United Kingdom,False,False,39.7
537332,21730,GLASS STAR FROSTED T-LIGHT HOLDER,3,2019-08-18 11:33:00,4.33,17886,Netherlands,False,False,12.99
537058,22752,SET 7 BABUSHKA NESTING BOXES,8,2019-01-26 00:00:00,8.15,,Germany,False,True,65.2
536898,84879,ASSORTED COLOUR BIRD ORNAMENT,9,2019-08-07 06:13:00,1.73,18242,France,False,False,15.57
536429,22423,REGENCY CAKESTAND 3 TIER,10,2019-02-07 01:30:00,12.03,14451,United Kingdom,False,False,120.3
536551,71270,PINK CRYSTAL GUITAR PHONE CHARM,16,2019-04-01 00:04:00,1.19,12429,Spain,False,False,19.04
536304,84406B,CREAM CUPID HEARTS COAT HANGER,5,2019-10-06 07:08:00,2.95,17947,France,False,False,14.75
537164,85123A,WHITE HANGING HEART T-LIGHT HOLDER,5,2019-10-28 19:40:00,2.7,12971,France,False,False,13.5
536710,21730,GLASS STAR FROSTED T-LIGHT HOLDER,3,2019-01-14 00:00:00,4.53,13814,Belgium,False,False,13.59
536255,84406B,CREAM CUPID HEARTS COAT HANGER,12,2019-02-20 05:52:00,2.72,13323,Portugal,False,False,32.64
537609,21755,LOVE BUILDING BLOCK WORD,10,2019-09-24 14:31:00,5.54,16213,EIRE,False,False,55.4
536048,22423,REGENCY CAKESTAND 3 TIER,18,2019-05-23 00:00:00,13.08,12396,EIRE,False,False,235.44
536377,22960,JAM MAKING SET WITH JARS,13,2019-07-03 12:04:00,4.93,13025,United Kingdom,False,False,64.09
536885,22423,REGENCY CAKESTAND 3 TIER,10,2019-09-10 05:41:00,13.22,,United Kingdom,False,True,132.2
536131,71053,WHITE METAL LANTERN,16,2019-10-09 23:52:00,3.63,16314,Portugal,False,False,58.08
537219,84879,ASSORTED COLOUR BIRD ORNAMENT,16,2019-11-30 03:54:00,1.8,15581,Belgium,False,False,28.8
536015,84879,ASSORTED COLOUR BIRD ORNAMENT,17,2019-02-12 12:27:00,1.82,15135,EIRE,False,False,30.94
537089,85123A,WHITE HANGING HEART T-LIGHT HOLDER,10,2019-12-06 17:20:00,2.69,17814,Australia,False,False,26.9
537156,22752,SET 7 BABUSHKA NESTING BOXES,17,2019-05-08 00:00:00,8.26,12977,France,False,False,140.42
537304,71270,PINK CRYSTAL GUITAR PHONE CHARM,5,2019-11-16 16:19:00,1.32,15496,Switzerland,False,False,6.6
536107,21730,GLASS STAR FROSTED T-LIGHT HOLDER,18,2019-09-24 09:23:00,4.62,16938,EIRE,False,False,83.16
536719,22960,JAM MAKING SET WITH JARS,5,2019-01-05 12:53:00,4.84,13421,United Kingdom,False,False,24.2
537534,22960,JAM MAKING SET WITH JARS,19,2019-07-29 00:22:00,4.47,13509,Netherlands,False,False,84.93
536652,22752,SET 7 BABUSHKA NESTING BOXES,16,2019-02-27 23:12:00,7.17,15003,Belgium,False,False,114.72
537173,22423,REGENCY CAKESTAND 3 TIER,6,2019-09-18 10:17:00,12.38,14629,Netherlands,False,False,74.28
536809,22960,JAM MAKING SET WITH JARS,16,2019-07-31 00:00:00,5.06,15322,Spain,False,False,80.96
537402,71053,WHITE METAL LANTERN,15,2019-06-10 06:35:00,3.49,14176,Belgium,False,False,52.35
536728,21755,LOVE BUILDING BLOCK WORD,11,2019-01-14 00:00:00,5.75,17009,Belgium,False,False,63.25
537481,71270,PINK CRYSTAL GUITAR PHONE CHARM,13,2019-11-15 19:13:00,1.18,12869,France,False,False,15.34
536900,22752,SET 7 BABUSHKA NESTING BOXES,11,2019-01-09 06:58:00,7.78,14386,France,False,False,85.58
537534,84879,ASSORTED COLOUR BIRD ORNAMENT,2,2019-09-15 19:16:00,1.73,14472,Belgium,False,False,3.46
536690,71270,PINK CRYSTAL GUITAR PHONE CHARM,3,2019-02-22 00:00:00,1.17,14657,Australia,False,False,3.51
536455,22423,REGENCY CAKESTAND 3 TIER,10,2019-05-16 15:10:00,11.72,16180,United Kingdom,False,False,117.2
537031,85123A,WHITE HANGING HEART T-LIGHT HOLDER,15,2019-01-13 18:36:00,2.51,18226,EIRE,False,False,37.65
536788,71270,PINK CRYSTAL GUITAR PHONE CHARM,4,2019-10-10 14:04:00,1.17,14614,Australia,False,False,4.68
536310,71053,WHITE METAL LANTERN,13,2019-09-04 00:00:00,3.4,13229,Spain,False,False,44.2
536756,22960,JAM MAKING SET WITH JARS,13,2019-03-12 17:47:00,5.13,15711,Germany,False,False,66.69
536991,71270,PINK CRYSTAL GUITAR PHONE CHARM,2,2019-05-04 10:58:00,1.23,14127,France,False,False,2.46
537102,85123A,WHITE HANGING HEART T-LIGHT HOLDER,4,2019-10-04 00:00:00,2.67,16649,Netherlands,False,False,10.68
537339,21730,GLASS STAR FROSTED T-LIGHT HOLDER,6,2019-07-24 00:58:00,3.85,17310,Spain,False,False,23.1
537047,22960,JAM MAKING SET WITH JARS,7,2019-01-18 10:05:00,4.65,16992,EIRE,False,False,32.55
536648,85123A,WHITE HANGING HEART T-LIGHT HOLDER,15,2019-06-01 12:07:00,2.45,17788,France,False,False,36.75
537421,21755,LOVE BUILDING BLOCK WORD,14,2019-08-16 11:33:00,5.7,13755,France,False,False,79.8
536860,21730,GLASS STAR FROSTED T-LIGHT HOLDER,5,2019-09-18 00:00:00,3.83,14658,Germany,False,False,19.15
536145,21755,LOVE BUILDING BLOCK WORD,5,2019-05-29 00:39:00,5.63,14368,Australia,False,False,28.15
536202,71053,WHITE METAL LANTERN,18,2019-02-08 01:38:00,3.54,12676,Belgium,False,False,63.72
536024,84406B,CREAM CUPID HEARTS COAT HANGER,19,2019-07-31 18:42:00,2.92,16075,Belgium,False,False,55.48
536588,21730,GLASS STAR FROSTED T-LIGHT HOLDER,17,2019-12-11 14:00:00,3.94,14168,Spain,False,False,66.98
537323,71270,PINK CRYSTAL GUITAR PHONE CHARM,13,2019-06-27 22:21:00,1.28,15269,United Kingdom,False,False,16.64
537079,71270,PINK CRYSTAL GUITAR PHONE CHARM,5,2019-03-22 00:00:00,1.26,17190,EIRE,False,False,6.3
536440,84879,ASSORTED COLOUR BIRD ORNAMENT,6,2019-09-28 07:58:00,1.73,16110,Spain,False,False,10.38
536525,21730,GLASS STAR FROSTED T-LIGHT HOLDER,14,2019-01-29 16:38:00,3.9,15002,Portugal,False,False,54.6
537269,22423,REGENCY CAKESTAND 3 TIER,3,2019-06-06 15:43:00,13.44,16714,Portugal,False,False,40.32
536037,22752,SET 7 BABUSHKA NESTING BOXES,14,2019-05-16 02:12:00,7.15,16922,Germany,False,False,100.1
536328,84879,ASSORTED COLOUR BIRD ORNAMENT,4,2019-04-28 00:00:00,1.82,16763,United Kingdom,False,False,7.28
537532,85123A,WHITE HANGING HEART T-LIGHT HOLDER,5,2019-10-13 08:25:00,2.76,18037,Portugal,False,False,13.8
536249,22423,REGENCY CAKESTAND 3 TIER,4,2019-08-09 18:58:00,13.03,17859,Portugal,False,False,52.12
536621,84406B,CREAM CUPID HEARTS COAT HANGER,8,2019-09-25 00:00:00,2.81,14030,Netherlands,False,False,22.48
536074,21730,GLASS STAR FROSTED T-LIGHT HOLDER,4,2019-01-18 08:08:00,4.41,12486,Australia,False,False,17.64
536855,84879,ASSORTED COLOUR BIRD ORNAMENT,6,2019-02-07 11:21:00,1.66,13726,France,False,False,9.96
536449,84879,ASSORTED COLOUR BIRD ORNAMENT,19,2019-02-13 10:24:00,1.68,16011,Spain,False,False,31.92
536500,21730,GLASS STAR FROSTED T-LIGHT HOLDER,15,2019-05-22 00:00:00,4.55,18112,Switzerland,False,False,68.25
537514,22960,JAM MAKING SET WITH JARS,18,2019-02-25 09:06:00,5.36,14944,United Kingdom,False,False,96.48
536555,22752,SET 7 BABUSHKA NESTING BOXES,7,2019-04-30 03:15:00,8.24,17249,Portugal,False,False,57.68
537337,71053,WHITE METAL LANTERN,18,2019-04-13 17:14:00,3.57,14309,Spain,False,False,64.26
537430,21755,LOVE BUILDING BLOCK WORD,14,2019-08-06 02:48:00,6.19,16891,France,False,False,86.66
537055,84406B,CREAM CUPID HEARTS COAT HANGER,8,2019-10-16 06:34:00,2.97,15397,Australia,False,False,23.76
536011,84406B,CREAM CUPID HEARTS COAT HANGER,10,2019-06-11 22:30:00,2.74,13302,Netherlands,False,False,27.4
536276,21730,GLASS STAR FROSTED T-LIGHT HOLDER,1,2019-10-19 00:00:00,4.19,13188,Portugal,False,False,4.19
537626,84879,ASSORTED COLOUR BIRD ORNAMENT,1,2019-09-05 23:29:00,1.57,16312,Spain,False,False,1.57
537644,22423,REGENCY CAKESTAND 3 TIER,1,2019-07-19 14:47:00,13.35,,France,False,True,13.35
536587,85123A,WHITE HANGING HEART T-LIGHT HOLDER,19,2019-02-26 09:09:00,2.79,14291,EIRE,False,False,53.01
536954,21755,LOVE BUILDING BLOCK WORD,7,2019-08-16 00:00:00,5.46,,United Kingdom,False,True,38.22
536115,71270,PINK CRYSTAL GUITAR PHONE CHARM,18,2019-04-24 00:00:00,1.14,16871,Portugal,False,False,20.52
536055,22960,JAM MAKING SET WITH JARS,6,2019-07-14 03:17:00,4.86,13055,Netherlands,False,False,29.16
537567,21730,GLASS STAR FROSTED T-LIGHT HOLDER,9,2019-11-30 19:31:00,4.29,13835,United Kingdom,False,False,38.61
536038,22752,SET 7 BABUSHKA NESTING BOXES,11,2019-04-04 15:34:00,7.96,14975,Australia,False,False,87.56
536176,21730,GLASS STAR FROSTED T-LIGHT HOLDER,6,2019-05-09 06:42:00,3.85,13967,Germany,False,False,23.1
536464,71053,WHITE METAL LANTERN,19,2019-03-26 20:24:00,3.51,16639,Switzerland,False,False,66.69
536863,22752,SET 7 BABUSHKA NESTING BOXES,16,2019-11-08 04:38:00,7.71,16978,Belgium,False,False,123.36
536789,71053,WHITE METAL LANTERN,1,2019-12-01 08:45:00,3.11,14059,Australia,False,False,3.11
536342,84879,ASSORTED COLOUR BIRD ORNAMENT,15,2019-05-04 00:00:00,1.69,14236,France,False,False,25.35
536547,71270,PINK CRYSTAL GUITAR PHONE CHARM,9,2019-09-20 13:48:00,1.3,16878,Netherlands,False,False,11.7
536840,71053,WHITE METAL LANTERN,13,2019-07-19 00:00:00,3.6,17658,Portugal,False,False,46.8
537344,85123A,WHITE HANGING HEART T-LIGHT HOLDER,17,2019-04-14 04:08:00,2.4,14188,Australia,False,False,40.8
537017,84406B,CREAM CUPID HEARTS COAT HANGER,10,2019-01-14 09:52:00,2.82,12404,EIRE,False,False,28.2
537280,85123A,WHITE HANGING HEART T-LIGHT HOLDER,13,2019-09-24 19:23:00,2.75,16503,Netherlands,False,False,35.75
C537438,85123A,WHITE HANGING HEART T-LIGHT HOLDER,-10,2019-11-26 00:00:00,2.46,13793,Belgium,True,False,-24.6
537471,71270,PINK CRYSTAL GUITAR PHONE CHARM,2,2019-02-20 04:50:00,1.34,15032,Switzerland,False,False,2.68
537529,71053,WHITE METAL LANTERN,11,2019-11-28 07:39:00,3.36,,United Kingdom,False,True,36.96
537413,22752,SET 7 BABUSHKA NESTING BOXES,18,2019-09-17 07:29:00,7.93,15006,Portugal,False,False,142.74
537651,71270,PINK CRYSTAL GUITAR PHONE CHARM,6,2019-06-13 18:37:00,1.22,17482,Australia,False,False,7.32
537068,84879,ASSORTED COLOUR BIRD ORNAMENT,19,2019-10-08 07:02:00,1.81,17814,Netherlands,False,False,34.39
537424,71053,WHITE METAL LANTERN,14,2019-02-18 20:51:00,3.12,12990,Switzerland,False,False,43.68
536593,71270,PINK CRYSTAL GUITAR PHONE CHARM,8,2019-11-20 05:31:00,1.3,14089,Belgium,False,False,10.4
536341,22752,SET 7 BABUSHKA NESTING BOXES,6,2019-06-10 00:00:00,7.89,15143,EIRE,False,False,47.34
537430,22960,JAM MAKING SET WITH JARS,16,2019-02-23 10:15:00,5.08,12663,United Kingdom,False,False,81.28
537277,22423,REGENCY CAKESTAND 3 TIER,18,2019-12-30 06:36:00,12.28,17244,Germany,False,False,221.04
536027,22423,REGENCY CAKESTAND 3 TIER,17,2019-03-15 19:18:00,13.14,15631,Netherlands,False,False,223.38
537186,21730,GLASS STAR FROSTED T-LIGHT HOLDER,2,2019-08-05 19:40:00,3.88,17932,France,False,False,7.76
536676,21730,GLASS STAR FROSTED T-LIGHT HOLDER,8,2019-12-06 17:03:00,4.32,17605,Germany,False,False,34.56
537262,22752,SET 7 BABUSHKA NESTING BOXES,7,2019-02-22 22:49:00,7.05,14696,Australia,False,False,49.35
537270,21730,GLASS STAR FROSTED T-LIGHT HOLDER,12,2019-03-28 18:06:00,3.93,,Germany,False,True,47.16
536492,84879,ASSORTED COLOUR BIRD ORNAMENT,9,2019-07-23 15:15:00,1.82,13157,Belgium,False,False,16.38
536905,22752,SET 7 BABUSHKA NESTING BOXES,11,2019-03-20 00:47:00,7.29,12903,United Kingdom,False,False,80.19
537398,84406B,CREAM CUPID HEARTS COAT HANGER,13,2019-08-11 12:24:00,2.71,16885,United Kingdom,False,False,35.23
537174,21730,GLASS STAR FROSTED T-LIGHT HOLDER,18,2019-07-22 00:44:00,4.38,16044,EIRE,False,False,78.84
537591,84879,ASSORTED COLOUR BIRD ORNAMENT,2,2019-02-09 04:22:00,1.76,,Spain,False,True,3.52
536891,85123A,WHITE HANGING HEART T-LIGHT HOLDER,2,2019-01-30 18:38:00,2.41,16032,Germany,False,False,4.82
536492,71270,PINK CRYSTAL GUITAR PHONE CHARM,6,2019-09-20 23:04:00,1.16,15716,Germany,False,False,6.96
537371,71270,PINK CRYSTAL GUITAR PHONE CHARM,4,2019-11-02 02:19:00,1.24,17392,Switzerland,False,False,4.96
536827,22752,SET 7 BABUSHKA NESTING BOXES,10,2019-03-31 21:03:00,7.2,13015,France,False,False,72.0
536854,21755,LOVE BUILDING BLOCK WORD,18,2019-06-01 16:35:00,5.73,13385,EIRE,False,False,103.14
537134,22423,REGENCY CAKESTAND 3 TIER,8,2019-11-21 22:04:00,12.24,,Spain,False,True,97.92
537639,22960,JAM MAKING SET WITH JARS,12,2019-03-18 14:55:00,5.04,13256,France,False,False,60.48
536719,84406B,CREAM CUPID HEARTS COAT HANGER,8,2019-03-27 12:12:00,2.95,14326,Netherlands,False,False,23.6
536628,22752,SET 7 BABUSHKA NESTING BOXES,11,2019-06-22 12:46:00,7.35,13956,United Kingdom,False,False,80.85
536652,71270,PINK CRYSTAL GUITAR PHONE CHARM,19,2019-12-03 18:57:00,1.18,14960,Germany,False,False,22.42
536543,22960,JAM MAKING SET WITH JARS,14,2019-10-04 05:03:00,5.1,14368,EIRE,False,False,71.4
536899,22423,REGENCY CAKESTAND 3 TIER,10,2019-02-22 03:31:00,13.95,14543,Netherlands,False,False,139.5
537353,21730,GLASS STAR FROSTED T-LIGHT HOLDER,16,2019-02-22 02:39:00,4.25,18155,Australia,False,False,68.0
536013,21730,GLASS STAR FROSTED T-LIGHT HOLDER,3,2019-12-22 00:00:00,4.6,13750,United Kingdom,False,False,13.8
536568,21755,LOVE BUILDING BLOCK WORD,45,2019-02-15 00:00:00,5.58,12494,Australia,False,False,251.1
536897,71053,WHITE METAL LANTERN,9,2019-09-23 03:35:00,3.45,,EIRE,False,True,31.05
537578,84406B,CREAM CUPID HEARTS COAT HANGER,8,2019-12-16 16:22:00,2.93,15805,France,False,False,23.44
537100,85123A,WHITE HANGING HEART T-LIGHT HOLDER,11,2019-01-23 17:26:00,2.76,17113,EIRE,False,False,30.36
537466,85123A,WHITE HANGING HEART T-LIGHT HOLDER,3,2019-10-01 21:51:00,2.58,13474,EIRE,False,False,7.74
537057,84406B,CREAM CUPID HEARTS COAT HANGER,18,2019-09-10 00:00:00,2.64,12757,Portugal,False,False,47.52
537045,21730,GLASS STAR FROSTED T-LIGHT HOLDER,9,2019-06-12 20:20:00,4.47,13635,Germany,False,False,40.23
536103,71270,PINK CRYSTAL GUITAR PHONE CHARM,7,2019-12-06 14:39:00,1.19,14833,France,False,False,8.33
536543,71053,WHITE METAL LANTERN,7,2019-03-10 07:15:00,3.73,13957,United Kingdom,False,False,26.11
537220,84879,ASSORTED COLOUR BIRD ORNAMENT,13,2019-06-17 15:39:00,1.76,14919,Switzerland,False,False,22.88
536689,22960,JAM MAKING SET WITH JARS,14,2019-11-11 11:42:00,4.8,14644,Germany,False,False,67.2
536475,22960,JAM MAKING SET WITH JARS,11,2019-10-22 21:41:00,4.87,15001,Portugal,False,False,53.57
536667,22752,SET 7 BABUSHKA NESTING BOXES,16,2019-04-24 23:10:00,7.78,15654,Switzerland,False,False,124.48
536119,71270,PINK CRYSTAL GUITAR PHONE CHARM,15,2019-03-12 22:20:00,1.24,17307,Belgium,False,False,18.6
536802,22960,JAM MAKING SET WITH JARS,5,2019-05-01 15:28:00,4.77,14220,United Kingdom,False,False,23.85
536376,22960,JAM MAKING SET WITH JARS,9,2019-08-14 18:18:00,4.75,,France,False,True,42.75
537207,84879,ASSORTED COLOUR BIRD ORNAMENT,6,2019-12-26 18:22:00,1.55,12588,Switzerland,False,False,9.3
536779,22423,REGENCY CAKESTAND 3 TIER,14,2019-01-24 18:38:00,11.53,14890,Netherlands,False,False,161.42
536609,21755,LOVE BUILDING BLOCK WORD,3,2019-03-26 09:17:00,5.82,,France,False,True,17.46
C536813,71270,PINK CRYSTAL GUITAR PHONE CHARM,-17,2019-01-08 17:40:00,1.13,,France,True,True,-19.21
536042,84879,ASSORTED COLOUR BIRD ORNAMENT,2,2019-07-26 08:01:00,1.62,,Germany,False,True,3.24
536336,22960,JAM MAKING SET WITH JARS,6,2019-07-14 09:05:00,5.29,12593,Portugal,False,False,31.74
536604,84406B,CREAM CUPID HEARTS COAT HANGER,17,2019-09-02 12:54:00,2.81,15978,United Kingdom,False,False,47.77
537235,84879,ASSORTED COLOUR BIRD ORNAMENT,1,2019-07-28 09:07:00,1.72,14590,Australia,False,False,1.72
536219,85123A,WHITE HANGING HEART T-LIGHT HOLDER,6,2019-12-29 01:58:00,2.42,15843,Spain,False,False,14.52
536415,84406B,CREAM CUPID HEARTS COAT HANGER,6,2019-08-08 15:11:00,2.66,15636,Germany,False,False,15.96
537616,71270,PINK CRYSTAL GUITAR PHONE CHARM,8,2019-01-29 00:00:00,1.15,14180,Spain,False,False,9.2
536923,71053,WHITE METAL LANTERN,6,2019-03-05 00:00:00,3.73,15326,Netherlands,False,False,22.38
536067,84406B,CREAM CUPID HEARTS COAT HANGER,3,2019-09-02 00:00:00,2.55,12703,Germany,False,False,7.65
537114,84879,ASSORTED COLOUR BIRD ORNAMENT,4,2019-03-11 19:02:00,1.77,,Portugal,False,True,7.08
537630,85123A,WHITE HANGING HEART T-LIGHT HOLDER,19,2019-10-11 00:00:00,2.74,17631,Switzerland,False,False,52.06
536473,84879,ASSORTED COLOUR BIRD ORNAMENT,8,2019-10-04 01:40:00,1.53,16162,Germany,False,False,12.24
536605,21730,GLASS STAR FROSTED T-LIGHT HOLDER,18,2019-04-08 00:00:00,4.13,15861,Australia,False,False,74.34
536318,22423,REGENCY CAKESTAND 3 TIER,9,2019-02-23 16:27:00,12.19,17101,Portugal,False,False,109.71
537016,71270,PINK CRYSTAL GUITAR PHONE CHARM,2,2019-05-30 00:00:00,1.22,14026,Germany,False,False,2.44
536806,71270,PINK CRYSTAL GUITAR PHONE CHARM,18,2019-01-27 00:00:00,1.26,,Germany,False,True,22.68
537254,22423,REGENCY CAKESTAND 3 TIER,10,2019-01-27 20:36:00,12.91,16728,Portugal,False,False,129.1
536787,22752,SET 7 BABUSHKA NESTING BOXES,14,2019-02-22 13:01:00,7.32,16383,Netherlands,False,False,102.48
537119,22960,JAM MAKING SET WITH JARS,7,2019-04-20 07:50:00,4.75,16364,Germany,False,False,33.25
536332,85123A,WHITE HANGING HEART T-LIGHT HOLDER,8,2019-06-08 05:16:00,2.33,13143,Spain,False,False,18.64
536197,22960,JAM MAKING SET WITH JARS,6,2019-11-12 08:45:00,4.7,12587,Germany,False,False,28.2
536323,21730,GLASS STAR FROSTED T-LIGHT HOLDER,14,2019-06-20 17:06:00,4.6,17567,Spain,False,False,64.4
536067,21755,LOVE BUILDING BLOCK WORD,10,2019-04-07 00:05:00,6.54,17836,United Kingdom,False,False,65.4
537535,71053,WHITE METAL LANTERN,18,2019-04-26 16:31:00,3.07,14496,EIRE,False,False,55.26
536658,22752,SET 7 BABUSHKA NESTING BOXES,12,2019-10-07 23:00:00,7.0,17466,EIRE,False,False,84.0
537361,84406B,CREAM CUPID HEARTS COAT HANGER,18,2019-11-24 00:00:00,2.9,,EIRE,False,True,52.2
537626,84879,ASSORTED COLOUR BIRD ORNAMENT,4,2019-05-10 00:39:00,1.85,14969,Spain,False,False,7.4
537106,22960,JAM MAKING SET WITH JARS,17,2019-03-22 14:52:00,4.67,17492,Australia,False,False,79.39
537564,84879,ASSORTED COLOUR BIRD ORNAMENT,13,2019-06-22 11:24:00,1.82,17560,Spain,False,False,23.66
537239,22752,SET 7 BABUSHKA NESTING BOXES,17,2019-03-19 10:02:00,7.77,12622,Belgium,False,False,132.09
536660,71270,PINK CRYSTAL GUITAR PHONE CHARM,13,2019-11-08 19:31:00,1.22,17944,Netherlands,False,False,15.86
536793,84879,ASSORTED COLOUR BIRD ORNAMENT,18,2019-11-09 00:00:00,1.73,17201,Netherlands,False,False,31.14
536828,22752,SET 7 BABUSHKA NESTING BOXES,6,2019-10-01 19:39:00,6.94,16217,France,False,False,41.64
536791,21755,LOVE BUILDING BLOCK WORD,2,2019-10-08 23:26:00,5.48,14805,France,False,False,10.96
537608,71270,PINK CRYSTAL GUITAR PHONE CHARM,14,2019-06-10 20:42:00,1.35,17682,Australia,False,False,18.9
537604,71053,WHITE METAL LANTERN,11,2019-07-28 04:50:00,3.32,17405,United Kingdom,False,False,36.52
537032,21755,LOVE BUILDING BLOCK WORD,15,2019-08-05 08:33:00,6.25,14445,Netherlands,False,False,93.75
C537633,21730,GLASS STAR FROSTED T-LIGHT HOLDER,-9,2019-10-31 13:34:00,4.04,13577,Spain,True,False,-36.36
537029,22752,SET 7 BABUSHKA NESTING BOXES,18,2019-12-02 22:07:00,7.25,14143,Australia,False,False,130.5
537488,21755,LOVE BUILDING BLOCK WORD,18,2019-08-19 06:58:00,6.07,,Germany,False,True,109.26
536395,21730,GLASS STAR FROSTED T-LIGHT HOLDER,17,2019-12-02 04:43:00,3.92,13821,Netherlands,False,False,66.64
536776,22752,SET 7 BABUSHKA NESTING BOXES,17,2019-12-13 00:00:00,7.4,13104,United Kingdom,False,False,125.8
536780,22423,REGENCY CAKESTAND 3 TIER,15,2019-03-17 21:19:00,13.44,,United Kingdom,False,True,201.6
536117,21755,LOVE BUILDING BLOCK WORD,4,2019-03-14 23:08:00,5.7,13533,United Kingdom,False,False,22.8
537134,84406B,CREAM CUPID HEARTS COAT HANGER,12,2019-12-25 20:54:00,2.86,13428,Germany,False,False,34.32
C536585,71270,PINK CRYSTAL GUITAR PHONE CHARM,-19,2019-10-22 00:00:00,1.37,17848,Spain,True,False,-26.03
536531,71270,PINK CRYSTAL GUITAR PHONE CHARM,14,2019-05-14 15:48:00,1.34,14913,Switzerland,False,False,18.76
536014,22423,REGENCY CAKESTAND 3 TIER,7,2019-08-20 06:58:00,13.9,16040,Netherlands,False,False,97.3
537592,22752,SET 7 BABUSHKA NESTING BOXES,16,2019-06-20 02:53:00,7.2,12478,EIRE,False,False,115.2
536716,22423,REGENCY CAKESTAND 3 TIER,13,2019-08-29 10:14:00,13.13,12709,Spain,False,False,170.69
537115,22423,REGENCY CAKESTAND 3 TIER,10,2019-09-23 19:02:00,14.01,13431,Portugal,False,False,140.1
537522,21730,GLASS STAR FROSTED T-LIGHT HOLDER,4,2019-03-20 01:50:00,4.4,13961,Australia,False,False,17.6
536831,71270,PINK CRYSTAL GUITAR PHONE CHARM,14,2019-01-24 02:31:00,1.34,17044,Germany,False,False,18.76
537232,71270,PINK CRYSTAL GUITAR PHONE CHARM,3,2019-06-22 20:43:00,1.23,12542,Portugal,False,False,3.69
536424,84879,ASSORTED COLOUR BIRD ORNAMENT,7,2019-02-12 23:52:00,1.64,12480,Netherlands,False,False,11.48
536727,71053,WHITE METAL LANTERN,3,2019-02-10 00:00:00,3.3,12470,Netherlands,False,False,9.9
536191,85123A,WHITE HANGING HEART T-LIGHT HOLDER,14,2019-11-25 00:06:00,2.32,18022,Switzerland,False,False,32.48
536640,21730,GLASS STAR FROSTED T-LIGHT HOLDER,19,2019-07-25 10:50:00,4.39,15465,Portugal,False,False,83.41
536974,22423,REGENCY CAKESTAND 3 TIER,14,2019-05-30 00:00:00,12.83,14142,Portugal,False,False,179.62
537559,22752,SET 7 BABUSHKA NESTING BOXES,17,2019-06-14 11:50:00,8.11,15298,Spain,False,False,137.87
536285,21730,GLASS STAR FROSTED T-LIGHT HOLDER,3,2019-09-05 02:04:00,4.27,,Portugal,False,True,12.81
536725,21730,GLASS STAR FROSTED T-LIGHT HOLDER,10,2019-08-01 03:05:00,4.18,15702,United Kingdom,False,False,41.8
537176,71270,PINK CRYSTAL GUITAR PHONE CHARM,10,2019-02-10 09:40:00,1.18,12894,United Kingdom,False,False,11.8
536931,71053,WHITE METAL LANTERN,5,2019-06-26 14:51:00,3.06,,Portugal,False,True,15.3
536682,22752,SET 7 BABUSHKA NESTING BOXES,12,2019-03-11 16:02:00,8.11,18186,Portugal,False,False,97.32
536602,21755,LOVE BUILDING BLOCK WORD,4,2019-10-07 14:32:00,5.8,15824,Switzerland,False,False,23.2
536873,71053,WHITE METAL LANTERN,19,2019-05-26 00:00:00,3.09,17363,Belgium,False,False,58.71
537532,22752,SET 7 BABUSHKA NESTING BOXES,12,2019-08-13 22:49:00,7.3,14227,EIRE,False,False,87.6
536632,22423,REGENCY CAKESTAND 3 TIER,16,2019-03-21 14:47:00,13.54,17968,Portugal,False,False,216.64
536615,71270,PINK CRYSTAL GUITAR PHONE CHARM,3,2019-06-02 00:00:00,1.32,,Germany,False,True,3.96
537503,22423,REGENCY CAKESTAND 3 TIER,2,2019-08-30 13:34:00,13.84,14510,France,False,False,27.68
C536291,22423,REGENCY CAKESTAND 3 TIER,-8,2019-05-21 00:00:00,12.93,15976,Belgium,True,False,-103.44
536034,22960,JAM MAKING SET WITH JARS,2,2019-11-12 00:41:00,5.34,13806,France,False,False,10.68
537373,21730,GLASS STAR FROSTED T-LIGHT HOLDER,16,2019-01-08 17:47:00,4.23,14363,EIRE,False,False,67.68
536819,22960,JAM MAKING SET WITH JARS,14,2019-01-10 20:23:00,5.16,,United Kingdom,False,True,72.24
537369,85123A,WHITE HANGING HEART T-LIGHT HOLDER,9,2019-12-31 00:00:00,2.76,,EIRE,False,True,24.84
537075,21755,LOVE BUILDING BLOCK WORD,3,2019-04-09 18:21:00,6.41,16080,Switzerland,False,False,19.23
537136,85123A,WHITE HANGING HEART T-LIGHT HOLDER,1,2019-04-21 20:31:00,2.43,15367,Germany,False,False,2.43
536201,21730,GLASS STAR FROSTED T-LIGHT HOLDER,5,2019-02-20 00:00:00,4.27,17400,Australia,False,False,21.35
536329,22960,JAM MAKING SET WITH JARS,18,2019-02-10 01:39:00,5.16,12622,Netherlands,False,False,92.88
536411,22960,JAM MAKING SET WITH JARS,15,2019-06-26 15:08:00,4.7,16183,Germany,False,False,70.5
536022,22423,REGENCY CAKESTAND 3 TIER,18,2019-02-26 06:49:00,11.9,15776,Germany,False,False,214.2
536477,71053,WHITE METAL LANTERN,13,2019-10-01 03:44:00,3.66,15250,Australia,False,False,47.58
536128,84406B,CREAM CUPID HEARTS COAT HANGER,15,2019-02-09 00:00:00,2.89,13570,Spain,False,False,43.35
536297,84406B,CREAM CUPID HEARTS COAT HANGER,6,2019-04-13 07:44:00,2.72,15899,EIRE,False,False,16.32
536018,71270,PINK CRYSTAL GUITAR PHONE CHARM,6,2019-07-02 00:35:00,1.36,15892,Netherlands,False,False,8.16
536237,21755,LOVE BUILDING BLOCK WORD,4,2019-11-20 05:34:00,6.05,15835,United Kingdom,False,False,24.2
536790,71053,WHITE METAL LANTERN,19,2019-08-08 00:00:00,3.66,14890,Australia,False,False,69.54
536708,22752,SET 7 BABUSHKA NESTING BOXES,13,2019-04-16 13:39:00,7.31,15916,France,False,False,95.03
536862,84406B,CREAM CUPID HEARTS COAT HANGER,11,2019-03-26 11:19:00,2.88,15576,Belgium,False,False,31.68
536118,22752,SET 7 BABUSHKA NESTING BOXES,14,2019-06-16 10:57:00,7.62,17470,EIRE,False,False,106.68
536614,22752,SET 7 BABUSHKA NESTING BOXES,18,2019-07-01 07:09:00,8.3,12606,Portugal,False,False,149.4
536802,84406B,CREAM CUPID HEARTS COAT HANGER,19,2019-12-25 00:00:00,2.84,16796,Australia,False,False,53.96
536339,22960,JAM MAKING SET WITH JARS,8,2019-02-05 00:41:00,4.63,17183,Spain,False,False,37.04
536438,22423,REGENCY CAKESTAND 3 TIER,12,2019-10-29 10:14:00,12.55,15433,Germany,False,False,150.6
537098,71053,WHITE METAL LANTERN,12,2019-08-23 04:26:00,3.23,16857,United Kingdom,False,False,38.76
536987,84406B,CREAM CUPID HEARTS COAT HANGER,7,2019-03-10 05:44:00,2.97,15136,EIRE,False,False,20.79
536102,84879,ASSORTED COLOUR BIRD ORNAMENT,18,2019-05-05 05:09:00,1.54,15162,Netherlands,False,False,27.72
537153,71270,PINK CRYSTAL GUITAR PHONE CHARM,15,2019-05-22 18:16:00,1.15,18011,France,False,False,17.25
536271,22752,SET 7 BABUSHKA NESTING BOXES,6,2019-09-04 00:53:00,7.63,13985,Portugal,False,False,45.78
536013,71053,WHITE METAL LANTERN,11,2019-04-24 19:54:00,3.3,15079,Portugal,False,False,36.3
C537208,84406B,CREAM CUPID HEARTS COAT HANGER,-19,2019-07-02 11:20:00,2.61,12644,Australia,True,False,-49.59
536468,22960,JAM MAKING SET WITH JARS,9,2019-07-18 15:23:00,4.76,,Belgium,False,True,42.84
537213,22752,SET 7 BABUSHKA NESTING BOXES,14,2019-01-11 15:58:00,7.69,13632,Germany,False,False,107.66
536560,21730,GLASS STAR FROSTED T-LIGHT HOLDER,9,2019-04-27 00:00:00,4.16,13833,France,False,False,37.44
536294,21730,GLASS STAR FROSTED T-LIGHT HOLDER,16,2019-06-26 01:10:00,4.24,18161,United Kingdom,False,False,67.84
537221,71270,PINK CRYSTAL GUITAR PHONE CHARM,13,2019-08-31 00:00:00,1.24,13472,Netherlands,False,False,16.12
536232,22752,SET 7 BABUSHKA NESTING BOXES,15,2019-10-22 20:19:00,8.4,12831,Netherlands,False,False,126.0
537300,22423,REGENCY CAKESTAND 3 TIER,5,2019-07-21 00:00:00,12.91,16215,Spain,False,False,64.55
537349,21755,LOVE BUILDING BLOCK WORD,19,2019-02-26 06:36:00,5.56,,United Kingdom,False,True,105.64
536683,22423,REGENCY CAKESTAND 3 TIER,6,2019-09-19 09:32:00,12.42,16335,EIRE,False,False,74.52
537307,84879,ASSORTED COLOUR BIRD ORNAMENT,5,2019-09-04 02:03:00,1.85,17613,Germany,False,False,9.25
536071,85123A,WHITE HANGING HEART T-LIGHT HOLDER,15,2019-07-14 18:47:00,2.67,17988,Netherlands,False,False,40.05
537008,22960,JAM MAKING SET WITH JARS,8,2019-02-20 20:46:00,4.57,15089,Belgium,False,False,36.56
536715,71270,PINK CRYSTAL GUITAR PHONE CHARM,17,2019-06-26 03:21:00,1.22,13751,Spain,False,False,20.74
536774,22423,REGENCY CAKESTAND 3 TIER,8,2019-12-08 09:43:00,11.68,12970,Portugal,False,False,93.44
537213,21755,LOVE BUILDING BLOCK WORD,1,2019-06-10 03:30:00,6.35,16298,EIRE,False,False,6.35
536827,84406B,CREAM CUPID HEARTS COAT HANGER,16,2019-10-01 01:48:00,2.75,17090,Belgium,False,False,44.0
536456,21755,LOVE BUILDING BLOCK WORD,1,2019-05-25 08:24:00,5.36,17892,EIRE,False,False,5.36
536522,21755,LOVE BUILDING BLOCK WORD,9,2019-03-09 01:47:00,6.35,13277,Portugal,False,False,57.15
536730,71053,WHITE METAL LANTERN,11,2019-12-14 02:28:00,3.1,,Australia,False,True,34.1
537106,84406B,CREAM CUPID HEARTS COAT HANGER,6,2019-06-14 23:56:00,2.48,14102,France,False,False,14.88
536377,84879,ASSORTED COLOUR BIRD ORNAMENT,5,2019-09-04 18:29:00,1.71,16145,EIRE,False,False,8.55
537665,22752,SET 7 BABUSHKA NESTING BOXES,11,2019-03-07 12:51:00,7.55,14977,United Kingdom,False,False,83.05
537510,21755,LOVE BUILDING BLOCK WORD,19,2019-06-21 13:29:00,5.99,13729,United Kingdom,False,False,113.81
536505,84879,ASSORTED COLOUR BIRD ORNAMENT,7,2019-04-23 11:40:00,1.82,17063,France,False,False,12.74
536916,71270,PINK CRYSTAL GUITAR PHONE CHARM,11,2019-06-01 20:19:00,1.17,12579,Portugal,False,False,12.87
536834,85123A,WHITE HANGING HEART T-LIGHT HOLDER,1,2019-05-08 22:26:00,2.38,17729,Germany,False,False,2.38
537014,22752,SET 7 BABUSHKA NESTING BOXES,9,2019-10-12 07:58:00,8.24,15598,EIRE,False,False,74.16
536588,21730,GLASS STAR FROSTED T-LIGHT HOLDER,8,2019-11-19 17:16:00,4.51,15448,Australia,False,False,36.08
536728,84879,ASSORTED COLOUR BIRD ORNAMENT,11,2019-09-12 16:39:00,1.66,16977,Portugal,False,False,18.26
537623,22960,JAM MAKING SET WITH JARS,14,2019-01-06 05:53:00,4.95,17099,Spain,False,False,69.3
537102,21755,LOVE BUILDING BLOCK WORD,13,2019-04-27 17:58:00,6.13,17774,France,False,False,79.69
537347,71270,PINK CRYSTAL GUITAR PHONE CHARM,8,2019-03-19 21:57:00,1.14,17744,Switzerland,False,False,9.12
536345,21755,LOVE BUILDING BLOCK WORD,9,2019-12-26 05:59:00,5.85,15263,Netherlands,False,False,52.65
536812,22752,SET 7 BABUSHKA NESTING BOXES,16,2019-03-29 22:57:00,7.09,17783,Portugal,False,False,113.44
536999,71270,PINK CRYSTAL GUITAR PHONE CHARM,2,2019-05-23 19:39:00,1.23,14585,Belgium,False,False,2.46
536503,22752,SET 7 BABUSHKA NESTING BOXES,9,2019-10-02 00:00:00,6.89,17224,Australia,False,False,62.01
536137,71053,WHITE METAL LANTERN,4,2019-03-28 06:56:00,3.37,13488,Switzerland,False,False,13.48
537495,84406B,CREAM CUPID HEARTS COAT HANGER,14,2019-02-20 08:11:00,2.93,12652,Netherlands,False,False,41.02
537439,85123A,WHITE HANGING HEART T-LIGHT HOLDER,15,2019-03-18 00:14:00,2.67,,Spain,False,True,40.05
536433,21730,GLASS STAR FROSTED T-LIGHT HOLDER,4,2019-12-25 01:15:00,3.84,14329,Australia,False,False,15.36
537086,84879,ASSORTED COLOUR BIRD ORNAMENT,18,2019-11-03 00:00:00,1.73,16179,Australia,False,False,31.14
536432,21730,GLASS STAR FROSTED T-LIGHT HOLDER,2,2019-05-01 00:32:00,4.56,16675,Netherlands,False,False,9.12
537205,84879,ASSORTED COLOUR BIRD ORNAMENT,13,2019-12-29 15:46:00,1.73,14724,France,False,False,22.49
537105,22960,JAM MAKING SET WITH JARS,4,2019-11-12 00:00:00,4.96,16835,Spain,False,False,19.84
537158,22960,JAM MAKING SET WITH JARS,7,2019-07-24 15:32:00,5.14,15575,Netherlands,False,False,35.98
536259,22752,SET 7 BABUSHKA NESTING BOXES,4,2019-04-13 07:14:00,8.32,16392,France,False,False,33.28
537374,71270,PINK CRYSTAL GUITAR PHONE CHARM,10,2019-06-10 00:00:00,1.22,16882,United Kingdom,False,False,12.2
537463,21755,LOVE BUILDING BLOCK WORD,17,2019-09-13 00:03:00,6.41,13551,Belgium,False,False,108.97
536849,21730,GLASS STAR FROSTED T-LIGHT HOLDER,2,2019-12-30 15:05:00,4.41,12646,Portugal,False,False,8.82
537636,71053,WHITE METAL LANTERN,9,2019-05-25 18:21:00,3.16,14246,Portugal,False,False,28.44
536252,21730,GLASS STAR FROSTED T-LIGHT HOLDER,5,2019-02-24 23:38:00,4.02,13111,Switzerland,False,False,20.1
536789,22423,REGENCY CAKESTAND 3 TIER,11,2019-07-29 16:05:00,12.05,,United Kingdom,False,True,132.55
536825,22960,JAM MAKING SET WITH JARS,12,2019-01-09 13:08:00,5.16,18285,Switzerland,False,False,61.92
537216,22960,JAM MAKING SET WITH JARS,15,2019-04-05 03:16:00,5.36,12815,Belgium,False,False,80.4
536439,71053,WHITE METAL LANTERN,18,2019-06-22 00:00:00,3.38,16251,Portugal,False,False,60.84
537061,22960,JAM MAKING SET WITH JARS,6,2019-05-31 08:14:00,5.39,16706,Switzerland,False,False,32.34
536024,22752,SET 7 BABUSHKA NESTING BOXES,18,2019-11-02 20:14:00,7.04,17102,Australia,False,False,126.72
536008,21730,GLASS STAR FROSTED T-LIGHT HOLDER,18,2019-06-16 06:22:00,4.42,16886,Australia,False,False,79.56
537214,22423,REGENCY CAKESTAND 3 TIER,5,2019-02-23 00:00:00,12.06,,France,False,True,60.3
536375,85123A,WHITE HANGING HEART T-LIGHT HOLDER,3,2019-10-17 00:00:00,2.5,17456,Germany,False,False,7.5
537192,84879,ASSORTED COLOUR BIRD ORNAMENT,9,2019-09-04 00:00:00,1.65,16490,Germany,False,False,14.85
536379,84879,ASSORTED COLOUR BIRD ORNAMENT,15,2019-05-25 00:35:00,1.77,14529,Switzerland,False,False,26.55
536168,21730,GLASS STAR FROSTED T-LIGHT HOLDER,13,2019-05-31 00:19:00,3.92,15032,France,False,False,50.96
536520,22423,REGENCY CAKESTAND 3 TIER,13,2019-06-05 00:00:00,11.93,13340,Switzerland,False,False,155.09
537657,22423,REGENCY CAKESTAND 3 TIER,16,2019-12-15 17:03:00,12.68,14821,Portugal,False,False,202.88
537475,85123A,WHITE HANGING HEART T-LIGHT HOLDER,15,2019-05-05 00:00:00,2.79,16231,United Kingdom,False,False,41.85
537623,22960,JAM MAKING SET WITH JARS,15,2019-08-01 23:52:00,4.54,13533,Portugal,False,False,68.1
537655,71053,WHITE METAL LANTERN,18,2019-04-10 09:20:00,3.44,14737,Netherlands,False,False,61.92
C537176,84879,ASSORTED COLOUR BIRD ORNAMENT,-10,2019-04-07 09:36:00,1.62,14400,Netherlands,True,False,-16.2
537461,84406B,CREAM CUPID HEARTS COAT HANGER,14,2019-07-31 12:53:00,2.58,12908,Switzerland,False,False,36.12
536373,22752,SET 7 BABUSHKA NESTING BOXES,9,2019-11-14 18:58:00,7.86,,France,False,True,70.74
536370,84406B,CREAM CUPID HEARTS COAT HANGER,11,2019-02-17 20:12:00,2.49,15730,Australia,False,False,27.39
536195,85123A,WHITE HANGING HEART T-LIGHT HOLDER,14,2019-12-28 20:42:00,2.33,16549,Portugal,False,False,32.62
536200,21730,GLASS STAR FROSTED T-LIGHT HOLDER,16,2019-07-12 00:00:00,4.04,16779,France,False,False,64.64
536203,21730,GLASS STAR FROSTED T-LIGHT HOLDER,10,2019-01-22 00:00:00,4.31,15209,Spain,False,False,43.1
537062,84879,ASSORTED COLOUR BIRD ORNAMENT,17,2019-09-11 20:25:00,1.55,18182,EIRE,False,False,26.35
536824,85123A,WHITE HANGING HEART T-LIGHT HOLDER,1,2019-05-06 00:00:00,2.75,17893,Portugal,False,False,2.75
536898,22423,REGENCY CAKESTAND 3 TIER,19,2019-09-19 00:00:00,13.69,12753,Germany,False,False,260.11
536363,84879,ASSORTED COLOUR BIRD ORNAMENT,19,2019-09-13 00:00:00,1.63,16071,Switzerland,False,False,30.97
536912,22752,SET 7 BABUSHKA NESTING BOXES,9,2019-01-14 09:12:00,7.21,,Australia,False,True,64.89
536511,22960,JAM MAKING SET WITH JARS,4,2019-10-13 02:18:00,4.61,15105,Belgium,False,False,18.44
536469,22423,REGENCY CAKESTAND 3 TIER,8,2019-11-09 02:43:00,11.66,14835,Belgium,False,False,93.28
C536871,21730,GLASS STAR FROSTED T-LIGHT HOLDER,-16,2019-02-08 08:55:00,3.99,15675,Switzerland,True,False,-63.84
536295,21730,GLASS STAR FROSTED T-LIGHT HOLDER,17,2019-07-17 21:15:00,4.29,15000,France,False,False,72.93
537654,84406B,CREAM CUPID HEARTS COAT HANGER,14,2019-08-21 15:15:00,2.87,12848,Portugal,False,False,40.18
537522,84406B,CREAM CUPID HEARTS COAT HANGER,9,2019-10-10 00:00:00,2.87,16700,Spain,False,False,25.83
536260,22960,JAM MAKING SET WITH JARS,14,2019-02-15 10:14:00,5.39,13736,Australia,False,False,75.46
537565,85123A,WHITE HANGING HEART T-LIGHT HOLDER,19,2019-01-27 11:46:00,2.73,15769,Australia,False,False,51.87
537350,21755,LOVE BUILDING BLOCK WORD,11,2019-07-15 22:49:00,5.99,14585,EIRE,False,False,65.89
536209,21730,GLASS STAR FROSTED T-LIGHT HOLDER,3,2019-11-30 00:00:00,4.02,18256,France,False,False,12.06
537384,21730,GLASS STAR FROSTED T-LIGHT HOLDER,3,2019-12-31 08:36:00,4.39,13985,Portugal,False,False,13.17
537629,21755,LOVE BUILDING BLOCK WORD,11,2019-11-07 17:46:00,5.45,13526,United Kingdom,False,False,59.95
536849,22960,JAM MAKING SET WITH JARS,6,2019-10-15 00:00:00,4.92,14456,Australia,False,False,29.52
537259,84879,ASSORTED COLOUR BIRD ORNAMENT,9,2019-10-31 04:57:00,1.81,17044,EIRE,False,False,16.29
536819,84879,ASSORTED COLOUR BIRD ORNAMENT,9,2019-04-09 19:03:00,1.7,13490,France,False,False,15.3
536136,71270,PINK CRYSTAL GUITAR PHONE CHARM,13,2019-02-19 00:00:00,1.3,13325,Spain,False,False,16.9
537130,84406B,CREAM CUPID HEARTS COAT HANGER,13,2019-05-12 10:07:00,2.88,12958,Germany,False,False,37.44
536054,21755,LOVE BUILDING BLOCK WORD,17,2019-09-17 14:10:00,5.71,15013,EIRE,False,False,97.07
537088,84406B,CREAM CUPID HEARTS COAT HANGER,6,2019-04-05 14:11:00,2.99,,Australia,False,True,17.94
537562,21730,GLASS STAR FROSTED T-LIGHT HOLDER,18,2019-12-03 02:21:00,3.84,12396,Belgium,False,False,69.12
536778,21755,LOVE BUILDING BLOCK WORD,12,2019-01-01 09:35:00,6.04,14152,Portugal,False,False,72.48
536679,22960,JAM MAKING SET WITH JARS,11,2019-03-24 14:58:00,5.33,14226,Australia,False,False,58.63
536656,85123A,WHITE HANGING HEART T-LIGHT HOLDER,13,2019-01-14 23:17:00,2.69,15510,Australia,False,False,34.97
537169,84406B,CREAM CUPID HEARTS COAT HANGER,5,2019-09-28 00:00:00,2.74,16028,Belgium,False,False,13.7
537190,22423,REGENCY CAKESTAND 3 TIER,9,2019-09-12 00:00:00,11.93,13569,Belgium,False,False,107.37
536549,21755,LOVE BUILDING BLOCK WORD,5,2019-05-28 02:14:00,5.67,12829,EIRE,False,False,28.35
537308,21730,GLASS STAR FROSTED T-LIGHT HOLDER,18,2019-10-21 07:16:00,4.62,13718,Portugal,False,False,83.16
536808,71270,PINK CRYSTAL GUITAR PHONE CHARM,6,2019-06-04 18:07:00,1.16,15838,Australia,False,False,6.96
536362,21755,LOVE BUILDING BLOCK WORD,10,2019-07-23 00:00:00,6.35,18285,United Kingdom,False,False,63.5
537637,21730,GLASS STAR FROSTED T-LIGHT HOLDER,1,2019-03-22 21:00:00,4.4,15873,EIRE,False,False,4.4
537402,22423,REGENCY CAKESTAND 3 TIER,1,2019-07-30 17:06:00,12.88,15397,United Kingdom,False,False,12.88
537046,22423,REGENCY CAKESTAND 3 TIER,2,2019-09-12 14:32:00,12.24,15153,France,False,False,24.48
537605,21730,GLASS STAR FROSTED T-LIGHT HOLDER,12,2019-06-14 00:00:00,3.85,16172,United Kingdom,False,False,46.2
537355,22423,REGENCY CAKESTAND 3 TIER,16,2019-08-23 23:28:00,13.62,13589,Australia,False,False,217.92
536584,71270,PINK CRYSTAL GUITAR PHONE CHARM,8,2019-07-11 00:38:00,1.13,12552,Netherlands,False,False,9.04
536098,21755,LOVE BUILDING BLOCK WORD,9,2019-05-31 00:00:00,5.79,,France,False,True,52.11
537348,22423,REGENCY CAKESTAND 3 TIER,1,2019-07-10 14:17:00,11.83,16160,Switzerland,False,False,11.83
536321,85123A,WHITE HANGING HEART T-LIGHT HOLDER,9,2019-11-20 16:13:00,2.31,12393,EIRE,False,False,20.79
536607,21730,GLASS STAR FROSTED T-LIGHT HOLDER,11,2019-03-10 08:50:00,3.98,13561,France,False,False,43.78
536636,22960,JAM MAKING SET WITH JARS,10,2019-07-21 13:44:00,5.39,,EIRE,False,True,53.9
536971,84879,ASSORTED COLOUR BIRD ORNAMENT,7,2019-08-31 03:29:00,1.74,14693,Australia,False,False,12.18
536953,21730,GLASS STAR FROSTED T-LIGHT HOLDER,7,2019-08-02 06:25:00,4.06,16703,United Kingdom,False,False,28.42
537419,22423,REGENCY CAKESTAND 3 TIER,11,2019-05-24 08:24:00,12.86,15039,Switzerland,False,False,141.46
536787,22960,JAM MAKING SET WITH JARS,16,2019-02-04 12:46:00,5.12,12741,Germany,False,False,81.92
536176,21755,LOVE BUILDING BLOCK WORD,4,2019-05-07 00:20:00,6.08,12782,Australia,False,False,24.32
537067,71270,PINK CRYSTAL GUITAR PHONE CHARM,19,2019-07-24 00:00:00,1.2,12811,Belgium,False,False,22.8
537075,85123A,WHITE HANGING HEART T-LIGHT HOLDER,5,2019-06-28 00:00:00,2.66,15704,Australia,False,False,13.3
536656,22423,REGENCY CAKESTAND 3 TIER,5,2019-06-18 00:00:00,11.69,18015,Germany,False,False,58.45
536745,21730,GLASS STAR FROSTED T-LIGHT HOLDER,9,2019-03-26 00:00:00,3.96,12380,Netherlands,False,False,35.64
536009,85123A,WHITE HANGING HEART T-LIGHT HOLDER,2,2019-02-16 00:00:00,2.76,16528,France,False,False,5.52
536557,71053,WHITE METAL LANTERN,17,2019-05-15 10:57:00,3.61,12496,France,False,False,61.37
536091,84406B,CREAM CUPID HEARTS COAT HANGER,5,2019-04-17 20:39:00,2.92,15738,Germany,False,False,14.6
536357,71270,PINK CRYSTAL GUITAR PHONE CHARM,19,2019-03-13 02:01:00,1.28,13885,United Kingdom,False,False,24.32
536358,84406B,CREAM CUPID HEARTS COAT HANGER,9,2019-12-31 12:47:00,2.8,,Belgium,False,True,25.2
537297,21755,LOVE BUILDING BLOCK WORD,7,2019-09-02 00:00:00,5.36,17181,Australia,False,False,37.52
537366,22960,JAM MAKING SET WITH JARS,18,2019-12-02 19:36:00,4.73,13107,Netherlands,False,False,85.14
537325,22960,JAM MAKING SET WITH JARS,16,2019-11-20 13:37:00,4.46,12566,Germany,False,False,71.36
537493,84879,ASSORTED COLOUR BIRD ORNAMENT,10,2019-02-03 00:00:00,1.65,12370,EIRE,False,False,16.5
536767,84406B,CREAM CUPID HEARTS COAT HANGER,5,2019-01-04 22:41:00,2.88,16949,EIRE,False,False,14.4
537127,71053,WHITE METAL LANTERN,12,2019-02-06 18:51:00,3.46,15074,United Kingdom,False,False,41.52
537657,21755,LOVE BUILDING BLOCK WORD,6,2019-03-25 13:04:00,5.53,16054,Switzerland,False,False,33.18
536430,22423,REGENCY CAKESTAND 3 TIER,19,2019-07-02 03:00:00,13.87,17502,Spain,False,False,263.53
537234,71270,PINK CRYSTAL GUITAR PHONE CHARM,15,2019-04-07 12:30:00,1.36,13598,EIRE,False,False,20.4
536195,21730,GLASS STAR FROSTED T-LIGHT HOLDER,4,2019-07-08 17:28:00,3.88,17980,France,False,False,15.52
536279,84879,ASSORTED COLOUR BIRD ORNAMENT,15,2019-11-21 00:47:00,1.65,15467,Germany,False,False,24.75
536236,71053,WHITE METAL LANTERN,15,2019-07-18 10:31:00,3.34,16853,France,False,False,50.1
537456,21755,LOVE BUILDING BLOCK WORD,15,2019-12-23 13:26:00,6.09,15493,Belgium,False,False,91.35
536871,22423,REGENCY CAKESTAND 3 TIER,19,2019-02-20 00:23:00,13.16,15589,Switzerland,False,False,250.04
536416,21730,GLASS STAR FROSTED T-LIGHT HOLDER,5,2019-04-06 18:24:00,4.39,16141,Germany,False,False,21.95
537425,22423,REGENCY CAKESTAND 3 TIER,2,2019-09-26 20:58:00,12.76,15810,United Kingdom,False,False,25.52
536988,22752,SET 7 BABUSHKA NESTING BOXES,19,2019-01-07 20:05:00,8.41,17685,Portugal,False,False,159.79
536479,22752,SET 7 BABUSHKA NESTING BOXES,19,2019-03-26 00:52:00,8.37,16848,EIRE,False,False,159.03
537539,84406B,CREAM CUPID HEARTS COAT HANGER,17,2019-04-02 15:10:00,2.76,14925,France,False,False,46.92
536517,21730,GLASS STAR FROSTED T-LIGHT HOLDER,8,2019-11-26 05:56:00,4.33,13986,Germany,False,False,34.64
536272,84879,ASSORTED COLOUR BIRD ORNAMENT,7,2019-07-02 00:00:00,1.6,18159,Switzerland,False,False,11.2
536414,71053,WHITE METAL LANTERN,7,2019-12-02 00:00:00,3.64,14782,Spain,False,False,25.48
537335,21755,LOVE BUILDING BLOCK WORD,12,2019-02-22 00:00:00,5.95,14598,Portugal,False,False,71.4
536319,84879,ASSORTED COLOUR BIRD ORNAMENT,18,2019-08-13 00:00:00,1.73,14859,Belgium,False,False,31.14
536100,22960,JAM MAKING SET WITH JARS,5,2019-04-05 00:00:00,4.87,12962,Portugal,False,False,24.35
536873,22752,SET 7 BABUSHKA NESTING BOXES,10,2019-09-30 04:43:00,7.55,17640,Portugal,False,False,75.5
537575,21730,GLASS STAR FROSTED T-LIGHT HOLDER,14,2019-11-10 06:57:00,4.04,18187,Portugal,False,False,56.56
537358,84879,ASSORTED COLOUR BIRD ORNAMENT,4,2019-03-30 05:22:00,1.85,,Spain,False,True,7.4
536892,22752,SET 7 BABUSHKA NESTING BOXES,10,2019-05-05 14:45:00,7.15,16465,France,False,False,71.5
537186,71270,PINK CRYSTAL GUITAR PHONE CHARM,18,2019-05-14 15:14:00,1.27,18021,United Kingdom,False,False,22.86
536828,22960,JAM MAKING SET WITH JARS,18,2019-08-03 18:52:00,4.68,14161,Netherlands,False,False,84.24
537651,71053,WHITE METAL LANTERN,18,2019-08-25 00:00:00,3.17,15088,Portugal,False,False,57.06
537257,22960,JAM MAKING SET WITH JARS,7,2019-11-02 03:31:00,5.28,14721,Switzerland,False,False,36.96
536354,71053,WHITE METAL LANTERN,4,2019-01-06 20:18:00,3.41,16361,United Kingdom,False,False,13.64
536290,21755,LOVE BUILDING BLOCK WORD,4,2019-04-18 14:07:00,5.95,18243,United Kingdom,False,False,23.8
537647,71270,PINK CRYSTAL GUITAR PHONE CHARM,10,2019-02-22 00:14:00,1.28,,Germany,False,True,12.8
536939,21755,LOVE BUILDING BLOCK WORD,3,2019-03-26 09:46:00,5.51,17471,EIRE,False,False,16.53
537360,71053,WHITE METAL LANTERN,3,2019-02-06 14:00:00,3.39,14923,Belgium,False,False,10.17
536317,22960,JAM MAKING SET WITH JARS,18,2019-12-08 13:37:00,5.25,17339,Germany,False,False,94.5
536053,22423,REGENCY CAKESTAND 3 TIER,13,2019-08-28 18:34:00,13.29,12394,Portugal,False,False,172.77
536302,22752,SET 7 BABUSHKA NESTING BOXES,13,2019-10-11 00:00:00,7.74,13577,Belgium,False,False,100.62
536307,22960,JAM MAKING SET WITH JARS,2,2019-03-28 18:02:00,4.99,18232,Spain,False,False,9.98
536923,71053,WHITE METAL LANTERN,13,2019-09-14 04:38:00,3.52,16133,Switzerland,False,False,45.76
536019,22752,SET 7 BABUSHKA NESTING BOXES,9,2019-11-06 00:25:00,8.09,16288,Germany,False,False,72.81
536974,21730,GLASS STAR FROSTED T-LIGHT HOLDER,12,2019-09-04 04:51:00,4.38,12606,Switzerland,False,False,52.56
537551,21730,GLASS STAR FROSTED T-LIGHT HOLDER,1,2019-12-21 12:36:00,4.32,14073,Portugal,False,False,4.32
537602,84406B,CREAM CUPID HEARTS COAT HANGER,6,2019-02-19 01:09:00,2.79,15087,EIRE,False,False,16.74
536658,21730,GLASS STAR FROSTED T-LIGHT HOLDER,7,2019-10-18 22:41:00,4.36,14677,Belgium,False,False,30.52
536007,22752,SET 7 BABUSHKA NESTING BOXES,9,2019-03-29 07:14:00,7.47,,Belgium,False,True,67.23
537357,21730,GLASS STAR FROSTED T-LIGHT HOLDER,1,2019-07-09 08:09:00,4.25,16656,France,False,False,4.25
536875,71053,WHITE METAL LANTERN,7,2019-11-29 04:06:00,3.09,,Belgium,False,True,21.63
536227,71053,WHITE METAL LANTERN,11,2019-07-21 00:00:00,3.28,15871,Spain,False,False,36.08
537245,85123A,WHITE HANGING HEART T-LIGHT HOLDER,11,2019-02-03 00:00:00,2.76,17020,Germany,False,False,30.36
537021,84879,ASSORTED COLOUR BIRD ORNAMENT,15,2019-03-21 01:15:00,1.53,14826,Australia,False,False,22.95
536798,22960,JAM MAKING SET WITH JARS,3,2019-06-15 02:52:00,5.13,15967,United Kingdom,False,False,15.39
537452,21730,GLASS STAR FROSTED T-LIGHT HOLDER,12,2019-06-29 04:22:00,4.09,16680,Germany,False,False,49.08
537238,22960,JAM MAKING SET WITH JARS,5,2019-03-04 00:00:00,5.14,,Germany,False,True,25.7
537201,85123A,WHITE HANGING HEART T-LIGHT HOLDER,2,2019-12-28 02:00:00,2.69,18271,Netherlands,False,False,5.38
536713,84879,ASSORTED COLOUR BIRD ORNAMENT,6,2019-12-15 00:00:00,1.6,13375,France,False,False,9.6
536685,84406B,CREAM CUPID HEARTS COAT HANGER,6,2019-10-22 16:45:00,2.55,13276,Germany,False,False,15.3
536900,71270,PINK CRYSTAL GUITAR PHONE CHARM,5,2019-08-30 09:19:00,1.36,14928,Netherlands,False,False,6.8
536076,21755,LOVE BUILDING BLOCK WORD,18,2019-08-13 23:34:00,6.53,14454,Australia,False,False,117.54
536163,71053,WHITE METAL LANTERN,11,2019-01-25 20:23:00,3.1,12704,Belgium,False,False,34.1
536412,84879,ASSORTED COLOUR BIRD ORNAMENT,13,2019-07-31 00:00:00,1.75,14036,Switzerland,False,False,22.75
537237,84879,ASSORTED COLOUR BIRD ORNAMENT,14,2019-06-07 20:30:00,1.61,15958,Belgium,False,False,22.54
536276,71053,WHITE METAL LANTERN,15,2019-02-05 02:03:00,3.12,17048,EIRE,False,False,46.8
537448,84879,ASSORTED COLOUR BIRD ORNAMENT,18,2019-09-17 17:40:00,1.79,12433,Spain,False,False,32.22
536128,22752,SET 7 BABUSHKA NESTING BOXES,16,2019-05-04 00:00:00,7.25,13425,Germany,False,False,116.0
537540,71270,PINK CRYSTAL GUITAR PHONE CHARM,13,2019-07-14 10:48:00,1.22,15218,Belgium,False,False,15.86
536832,22960,JAM MAKING SET WITH JARS,7,2019-05-25 07:00:00,4.79,15263,EIRE,False,False,33.53
536761,85123A,WHITE HANGING HEART T-LIGHT HOLDER,8,2019-01-13 00:37:00,2.59,14787,Belgium,False,False,20.72
536005,22752,SET 7 BABUSHKA NESTING BOXES,13,2019-11-09 13:33:00,7.61,12816,Switzerland,False,False,98.93
537322,22423,REGENCY CAKESTAND 3 TIER,13,2019-05-31 11:29:00,11.72,15399,United Kingdom,False,False,152.36
537054,85123A,WHITE HANGING HEART T-LIGHT HOLDER,4,2019-03-15 03:12:00,2.51,16209,Switzerland,False,False,10.04
537630,84406B,CREAM CUPID HEARTS COAT HANGER,2,2019-08-14 00:09:00,2.91,13748,Spain,False,False,5.82
536462,21730,GLASS STAR FROSTED T-LIGHT HOLDER,7,2019-03-25 00:00:00,3.97,14036,Portugal,False,False,27.79
537510,21755,LOVE BUILDING BLOCK WORD,10,2019-07-18 07:13:00,5.96,13644,France,False,False,59.6
536529,71053,WHITE METAL LANTERN,15,2019-10-13 06:33:00,3.34,17595,Spain,False,False,50.1
537116,71270,PINK CRYSTAL GUITAR PHONE CHARM,15,2019-02-06 01:33:00,1.15,,Australia,False,True,17.25
537609,71053,WHITE METAL LANTERN,15,2019-01-19 00:00:00,3.48,14526,Germany,False,False,52.2
536583,85123A,WHITE HANGING HEART T-LIGHT HOLDER,17,2019-11-02 00:00:00,2.53,13053,United Kingdom,False,False,43.01
537091,71053,WHITE METAL LANTERN,2,2019-07-14 18:45:00,3.17,13623,EIRE,False,False,6.34
536383,22752,SET 7 BABUSHKA NESTING BOXES,12,2019-08-23 23:40:00,8.3,14526,Belgium,False,False,99.6
537142,21755,LOVE BUILDING BLOCK WORD,3,2019-05-16 00:00:00,6.27,15651,Spain,False,False,18.81
536434,84406B,CREAM CUPID HEARTS COAT HANGER,8,2019-05-03 07:01:00,2.5,12763,Germany,False,False,20.0
536410,22960,JAM MAKING SET WITH JARS,10,2019-11-06 05:11:00,4.79,16245,Spain,False,False,47.9
536914,21755,LOVE BUILDING BLOCK WORD,9,2019-06-11 12:45:00,5.62,17739,Netherlands,False,False,50.58
536597,22752,SET 7 BABUSHKA NESTING BOXES,11,2019-03-07 12:05:00,6.92,13893,Netherlands,False,False,76.12
537553,22960,JAM MAKING SET WITH JARS,16,2019-01-21 13:58:00,5.26,16831,Australia,False,False,84.16
537185,21730,GLASS STAR FROSTED T-LIGHT HOLDER,9,2019-04-03 20:26:00,4.1,13727,Australia,False,False,36.9
536423,21730,GLASS STAR FROSTED T-LIGHT HOLDER,10,2019-02-08 08:23:00,3.95,17777,Switzerland,False,False,39.5
537053,22960,JAM MAKING SET WITH JARS,11,2019-07-21 07:46:00,4.97,15940,France,False,False,54.67
537162,22423,REGENCY CAKESTAND 3 TIER,18,2019-10-31 23:22:00,13.6,14486,Belgium,False,False,244.8
536321,22423,REGENCY CAKESTAND 3 TIER,7,2019-06-11 14:29:00,12.47,13909,France,False,False,87.29
537051,71053,WHITE METAL LANTERN,11,2019-05-20 06:36:00,3.37,15411,Australia,False,False,37.07
536165,22960,JAM MAKING SET WITH JARS,19,2019-06-14 02:07:00,4.6,16331,Belgium,False,False,87.4
536117,22960,JAM MAKING SET WITH JARS,17,2019-07-17 19:55:00,5.16,13100,Australia,False,False,87.72
536612,71270,PINK CRYSTAL GUITAR PHONE CHARM,19,2019-02-12 11:44:00,1.27,17640,EIRE,False,False,24.13
537332,22423,REGENCY CAKESTAND 3 TIER,2,2019-12-13 05:00:00,12.65,16620,Australia,False,False,25.3
536830,84406B,CREAM CUPID HEARTS COAT HANGER,9,2019-07-23 03:26:00,2.72,13017,Australia,False,False,24.48
536000,84406B,CREAM CUPID HEARTS COAT HANGER,2,2019-09-26 00:00:00,3.01,16608,Switzerland,False,False,6.02
536095,21755,LOVE BUILDING BLOCK WORD,7,2019-09-06 19:58:00,6.29,17729,Portugal,False,False,44.03
537616,22752,SET 7 BABUSHKA NESTING BOXES,9,2019-09-04 09:53:00,7.58,12360,Switzerland,False,False,68.22
536548,21730,GLASS STAR FROSTED T-LIGHT HOLDER,10,2019-07-26 00:05:00,4.04,12529,Australia,False,False,40.4
536261,71270,PINK CRYSTAL GUITAR PHONE CHARM,2,2019-04-11 00:00:00,1.14,15352,Switzerland,False,False,2.28
536969,84406B,CREAM CUPID HEARTS COAT HANGER,5,2019-01-12 11:41:00,2.55,16717,Netherlands,False,False,12.75
537352,71270,PINK CRYSTAL GUITAR PHONE CHARM,5,2019-12-11 00:00:00,1.35,,Portugal,False,True,6.75
537581,22960,JAM MAKING SET WITH JARS,3,2019-10-12 02:55:00,5.31,13222,Switzerland,False,False,15.93
536798,22423,REGENCY CAKESTAND 3 TIER,16,2019-01-05 07:49:00,13.65,13530,Netherlands,False,False,218.4
536022,84879,ASSORTED COLOUR BIRD ORNAMENT,2,2019-07-08 16:20:00,1.72,17117,EIRE,False,False,3.44
536134,22960,JAM MAKING SET WITH JARS,15,2019-09-27 20:02:00,4.83,17342,France,False,False,72.45
537144,22960,JAM MAKING SET WITH JARS,10,2019-05-12 22:41:00,4.82,12505,Belgium,False,False,48.2
536934,21755,LOVE BUILDING BLOCK WORD,16,2019-04-02 14:47:00,5.51,17223,Switzerland,False,False,88.16
536265,71053,WHITE METAL LANTERN,3,2019-04-17 04:40:00,3.25,15956,United Kingdom,False,False,9.75
C537032,21730,GLASS STAR FROSTED T-LIGHT HOLDER,-15,2019-06-29 01:43:00,3.87,13484,EIRE,True,False,-58.05
537506,84406B,CREAM CUPID HEARTS COAT HANGER,7,2019-06-12 10:51:00,2.69,13242,Portugal,False,False,18.83
536674,71053,WHITE METAL LANTERN,6,2019-06-10 01:04:00,3.72,12416,Portugal,False,False,22.32
536059,22960,JAM MAKING SET WITH JARS,9,2019-12-13 23:52:00,4.93,15845,Belgium,False,False,44.37
536317,84879,ASSORTED COLOUR BIRD ORNAMENT,11,2019-09-20 10:20:00,1.54,,EIRE,False,True,16.94
C537142,21730,GLASS STAR FROSTED T-LIGHT HOLDER,-19,2019-03-10 15:34:00,4.15,13949,Germany,True,False,-78.85
536713,21730,GLASS STAR FROSTED T-LIGHT HOLDER,13,2019-06-22 00:00:00,4.45,17752,Portugal,False,False,57.85
536400,71270,PINK CRYSTAL GUITAR PHONE CHARM,9,2019-06-07 01:06:00,1.18,14225,Spain,False,False,10.62
537451,71053,WHITE METAL LANTERN,11,2019-12-12 07:34:00,3.48,16774,United Kingdom,False,False,38.28
536971,84879,ASSORTED COLOUR BIRD ORNAMENT,15,2019-01-19 00:00:00,1.66,,EIRE,False,True,24.9
537640,84879,ASSORTED COLOUR BIRD ORNAMENT,3,2019-04-15 15:20:00,1.67,16971,Australia,False,False,5.01
536766,22752,SET 7 BABUSHKA NESTING BOXES,4,2019-09-30 10:43:00,8.36,14169,EIRE,False,False,33.44
536585,71270,PINK CRYSTAL GUITAR PHONE CHARM,2,2019-04-10 14:23:00,1.26,12820,France,False,False,2.52
537162,85123A,WHITE HANGING HEART T-LIGHT HOLDER,2,2019-10-16 19:23:00,2.7,16558,United Kingdom,False,False,5.4
536868,22423,REGENCY CAKESTAND 3 TIER,12,2019-06-19 00:00:00,12.71,15948,Switzerland,False,False,152.52
536525,85123A,WHITE HANGING HEART T-LIGHT HOLDER,7,2019-11-10 03:45:00,2.66,14270,Portugal,False,False,18.62
536906,85123A,WHITE HANGING HEART T-LIGHT HOLDER,5,2019-03-14 08:02:00,2.55,13064,Switzerland,False,False,12.75
536747,22960,JAM MAKING SET WITH JARS,8,2019-12-09 12:07:00,4.62,14823,EIRE,False,False,36.96
536642,21755,LOVE BUILDING BLOCK WORD,9,2019-03-19 06:34:00,5.64,16864,United Kingdom,False,False,50.76
536924,84406B,CREAM CUPID HEARTS COAT HANGER,1,2019-07-12 03:45:00,2.84,17802,Spain,False,False,2.84
536502,71270,PINK CRYSTAL GUITAR PHONE CHARM,18,2019-06-04 08:50:00,1.17,12633,Spain,False,False,21.06
536499,71270,PINK CRYSTAL GUITAR PHONE CHARM,19,2019-08-24 00:00:00,1.25,15211,Belgium,False,False,23.75
537359,71270,PINK CRYSTAL GUITAR PHONE CHARM,18,2019-06-03 01:58:00,1.37,15268,Australia,False,False,24.66
536764,22423,REGENCY CAKESTAND 3 TIER,4,2019-04-12 04:06:00,12.25,14574,Belgium,False,False,49.0
C536831,84879,ASSORTED COLOUR BIRD ORNAMENT,-19,2019-08-30 15:25:00,1.63,17865,Germany,True,False,-30.97
536776,71053,WHITE METAL LANTERN,15,2019-06-08 00:00:00,3.24,14309,Belgium,False,False,48.6
536179,22960,JAM MAKING SET WITH JARS,15,2019-10-21 14:27:00,5.25,15431,Portugal,False,False,78.75
536443,22752,SET 7 BABUSHKA NESTING BOXES,2,2019-11-07 00:00:00,7.86,14430,United Kingdom,False,False,15.72
536767,21755,LOVE BUILDING BLOCK WORD,3,2019-02-10 00:09:00,5.48,17073,Switzerland,False,False,16.44
536833,85123A,WHITE HANGING HEART T-LIGHT HOLDER,6,2019-03-01 08:57:00,2.38,14465,Spain,False,False,14.28
536537,85123A,WHITE HANGING HEART T-LIGHT HOLDER,13,2019-02-11 07:05:00,2.68,12670,France,False,False,34.84
536496,71270,PINK CRYSTAL GUITAR PHONE CHARM,9,2019-07-12 10:19:00,1.14,13598,Belgium,False,False,10.26
536672,22423,REGENCY CAKESTAND 3 TIER,5,2019-10-19 23:37:00,12.62,12919,Spain,False,False,63.1
536581,21755,LOVE BUILDING BLOCK WORD,16,2019-10-04 18:51:00,5.59,12362,Switzerland,False,False,89.44
537660,22960,JAM MAKING SET WITH JARS,2,2019-10-28 19:57:00,5.32,15237,Netherlands,False,False,10.64
537562,21730,GLASS STAR FROSTED T-LIGHT HOLDER,3,2019-11-02 08:05:00,4.13,13303,Portugal,False,False,12.39
537658,71053,WHITE METAL LANTERN,13,2019-08-12 01:26:00,3.41,15939,France,False,False,44.33
536040,71053,WHITE METAL LANTERN,8,2019-12-13 14:07:00,3.2,15919,EIRE,False,False,25.6
537400,71270,PINK CRYSTAL GUITAR PHONE CHARM,13,2019-08-02 22:18:00,1.22,12705,Australia,False,False,15.86
537642,71053,WHITE METAL LANTERN,12,2019-04-19 02:59:00,3.21,,France,False,True,38.52
536316,85123A,WHITE HANGING HEART T-LIGHT HOLDER,1,2019-02-06 13:29:00,2.37,13052,Belgium,False,False,2.37
536170,22423,REGENCY CAKESTAND 3 TIER,6,2019-07-03 15:10:00,13.48,13947,Australia,False,False,80.88
536464,22960,JAM MAKING SET WITH JARS,10,2019-11-06 07:49:00,5.31,12372,Germany,False,False,53.1
536502,84406B,CREAM CUPID HEARTS COAT HANGER,3,2019-11-30 23:51:00,2.49,14530,Portugal,False,False,7.47
537320,71270,PINK CRYSTAL GUITAR PHONE CHARM,18,2019-09-02 07:30:00,1.21,13038,Germany,False,False,21.78
537453,84879,ASSORTED COLOUR BIRD ORNAMENT,16,2019-05-04 08:19:00,1.66,14476,France,False,False,26.56
536443,21730,GLASS STAR FROSTED T-LIGHT HOLDER,3,2019-12-03 14:27:00,3.95,13849,Australia,False,False,11.85
536436,21755,LOVE BUILDING BLOCK WORD,4,2019-09-15 10:30:00,16.24,16132,Netherlands,False,False,64.96
537314,22423,REGENCY CAKESTAND 3 TIER,9,2019-08-22 23:00:00,13.31,,United Kingdom,False,True,119.79
537571,71053,WHITE METAL LANTERN,13,2019-09-28 00:00:00,3.53,13244,Spain,False,False,45.89
536991,21730,GLASS STAR FROSTED T-LIGHT HOLDER,12,2019-12-24 00:00:00,4.5,16435,Germany,False,False,54.0
537266,84406B,CREAM CUPID HEARTS COAT HANGER,2,2019-11-03 14:59:00,2.68,16280,Switzerland,False,False,5.36
537431,71270,PINK CRYSTAL GUITAR PHONE CHARM,7,2019-10-23 08:57:00,1.19,16600,EIRE,False,False,8.33
537318,22960,JAM MAKING SET WITH JARS,7,2019-07-03 10:25:00,5.06,18026,Portugal,False,False,35.42
537541,84406B,CREAM CUPID HEARTS COAT HANGER,1,2019-08-07 07:52:00,2.98,12813,Belgium,False,False,2.98
536643,21755,LOVE BUILDING BLOCK WORD,17,2019-11-26 02:49:00,5.82,14560,France,False,False,98.94
536937,71270,PINK CRYSTAL GUITAR PHONE CHARM,5,2019-07-29 11:06:00,1.26,12876,Switzerland,False,False,6.3
536846,84406B,CREAM CUPID HEARTS COAT HANGER,10,2019-06-02 07:37:00,2.91,17731,Switzerland,False,False,29.1
536889,71053,WHITE METAL LANTERN,10,2019-08-09 02:19:00,3.56,15313,Spain,False,False,35.6
537386,21755,LOVE BUILDING BLOCK WORD,9,2019-03-27 11:53:00,5.79,13006,Belgium,False,False,52.11
537296,22960,JAM MAKING SET WITH JARS,2,2019-01-19 14:41:00,5.35,14963,Australia,False,False,10.7
537239,84406B,CREAM CUPID HEARTS COAT HANGER,18,2019-03-10 02:23:00,2.74,16341,Switzerland,False,False,49.32
537249,71270,PINK CRYSTAL GUITAR PHONE CHARM,4,2019-03-18 18:29:00,1.21,12577,Portugal,False,False,4.84
536372,22423,REGENCY CAKESTAND 3 TIER,19,2019-02-04 00:00:00,12.08,17830,France,False,False,229.52
537082,22752,SET 7 BABUSHKA NESTING BOXES,8,2019-03-03 19:15:00,7.18,14860,EIRE,False,False,57.44
537505,84879,ASSORTED COLOUR BIRD ORNAMENT,18,2019-11-23 17:09:00,1.61,16302,Australia,False,False,28.98
536221,84406B,CREAM CUPID HEARTS COAT HANGER,16,2019-01-25 10:52:00,2.88,17758,Australia,False,False,46.08
536940,22423,REGENCY CAKESTAND 3 TIER,9,2019-04-18 20:02:00,12.06,13987,EIRE,False,False,108.54
536191,71270,PINK CRYSTAL GUITAR PHONE CHARM,12,2019-08-10 07:10:00,1.2,16469,United Kingdom,False,False,14.4
537217,22752,SET 7 BABUSHKA NESTING BOXES,14,2019-10-15 00:16:00,8.38,14368,EIRE,False,False,117.32
536232,21730,GLASS STAR FROSTED T-LIGHT HOLDER,5,2019-03-29 16:29:00,4.41,16584,Netherlands,False,False,22.05
537462,71270,PINK CRYSTAL GUITAR PHONE CHARM,11,2019-05-23 09:19:00,1.17,15029,Germany,False,False,12.87
537569,71270,PINK CRYSTAL GUITAR PHONE CHARM,16,2019-01-29 00:00:00,1.26,15786,Switzerland,False,False,20.16
537056,22752,SET 7 BABUSHKA NESTING BOXES,2,2019-10-28 05:35:00,7.89,15450,Netherlands,False,False,15.78
537369,22752,SET 7 BABUSHKA NESTING BOXES,16,2019-06-03 04:02:00,8.27,13196,Switzerland,False,False,132.32
536357,85123A,WHITE HANGING HEART T-LIGHT HOLDER,18,2019-11-26 00:00:00,2.37,,France,False,True,42.66
537363,71270,PINK CRYSTAL GUITAR PHONE CHARM,4,2019-05-11 00:00:00,1.2,13910,Spain,False,False,4.8
536729,85123A,WHITE HANGING HEART T-LIGHT HOLDER,15,2019-07-09 17:20:00,2.57,15050,Spain,False,False,38.55
537372,71270,PINK CRYSTAL GUITAR PHONE CHARM,5,2019-10-20 12:18:00,1.36,17558,Switzerland,False,False,6.8
536681,84879,ASSORTED COLOUR BIRD ORNAMENT,5,2019-11-21 12:13:00,1.78,,United Kingdom,False,True,8.9
536094,21755,LOVE BUILDING BLOCK WORD,13,2019-01-09 23:59:00,6.54,12534,Netherlands,False,False,85.02
536086,71270,PINK CRYSTAL GUITAR PHONE CHARM,10,2019-05-01 10:03:00,1.35,13471,Belgium,False,False,13.5
536888,84879,ASSORTED COLOUR BIRD ORNAMENT,14,2019-09-21 10:56:00,1.78,,Spain,False,True,24.92
536603,85123A,WHITE HANGING HEART T-LIGHT HOLDER,9,2019-02-21 00:00:00,2.8,,Germany,False,True,25.2
536599,21730,GLASS STAR FROSTED T-LIGHT HOLDER,4,2019-05-08 00:00:00,4.39,15174,France,False,False,17.56
536199,22423,REGENCY CAKESTAND 3 TIER,5,2019-07-03 02:58:00,11.96,14668,Netherlands,False,False,59.8
537077,21730,GLASS STAR FROSTED T-LIGHT HOLDER,9,2019-02-25 23:48:00,4.46,12920,France,False,False,40.14
536241,71053,WHITE METAL LANTERN,8,2019-04-23 00:00:00,3.68,14885,Australia,False,False,29.44
536545,22960,JAM MAKING SET WITH JARS,5,2019-12-18 00:51:00,5.29,12653,Netherlands,False,False,26.45
536972,71053,WHITE METAL LANTERN,10,2019-06-23 00:07:00,3.58,15352,France,False,False,35.8
536225,21730,GLASS STAR FROSTED T-LIGHT HOLDER,4,2019-10-20 23:19:00,4.37,12783,France,False,False,17.48
536443,71270,PINK CRYSTAL GUITAR PHONE CHARM,1,2019-01-14 00:00:00,1.35,16884,EIRE,False,False,1.35
536384,21755,LOVE BUILDING BLOCK WORD,3,2019-02-25 20:44:00,6.51,14905,EIRE,False,False,19.53
536448,84406B,CREAM CUPID HEARTS COAT HANGER,5,2019-08-30 02:03:00,2.9,13523,Germany,False,False,14.5
536018,22423,REGENCY CAKESTAND 3 TIER,6,2019-07-05 15:54:00,12.72,,Australia,False,True,76.32
537365,71053,WHITE METAL LANTERN,13,2019-12-10 20:15:00,3.38,12582,Australia,False,False,43.94
536275,71053,WHITE METAL LANTERN,18,2019-06-12 06:08:00,3.27,17517,Australia,False,False,58.86
536470,84406B,CREAM CUPID HEARTS COAT HANGER,12,2019-10-08 13:55:00,2.6,17241,United Kingdom,False,False,31.2
537112,21755,LOVE BUILDING BLOCK WORD,3,2019-08-18 19:52:00,6.36,14118,Switzerland,False,False,19.08
536738,84406B,CREAM CUPID HEARTS COAT HANGER,17,2019-12-18 06:04:00,3.0,14251,France,False,False,51.0
536028,21755,LOVE BUILDING BLOCK WORD,3,2019-03-03 19:13:00,6.5,14762,Netherlands,False,False,19.5
536973,22423,REGENCY CAKESTAND 3 TIER,8,2019-01-06 20:49:00,12.63,17479,Australia,False,False,101.04
536453,84406B,CREAM CUPID HEARTS COAT HANGER,19,2019-03-30 19:50:00,2.62,14740,EIRE,False,False,49.78
536978,85123A,WHITE HANGING HEART T-LIGHT HOLDER,12,2019-10-29 23:50:00,2.51,14735,France,False,False,30.12
536296,84406B,CREAM CUPID HEARTS COAT HANGER,7,2019-04-13 07:01:00,2.76,12580,Switzerland,False,False,19.32
C536984,84406B,CREAM CUPID HEARTS COAT HANGER,-13,2019-11-29 01:07:00,2.61,18062,Spain,True,False,-33.93
536562,21755,LOVE BUILDING BLOCK WORD,9,2019-03-10 00:00:00,6.18,14940,France,False,False,55.62
536606,85123A,WHITE HANGING HEART T-LIGHT HOLDER,8,2019-07-15 14:41:00,2.63,15175,Switzerland,False,False,21.04
537234,22960,JAM MAKING SET WITH JARS,17,2019-03-13 02:19:00,4.47,14789,Spain,False,False,75.99
536657,84406B,CREAM CUPID HEARTS COAT HANGER,14,2019-01-29 12:51:00,2.84,15070,Australia,False,False,39.76
536848,21730,GLASS STAR FROSTED T-LIGHT HOLDER,1,2019-09-10 13:54:00,3.9,18215,EIRE,False,False,3.9
536238,22752,SET 7 BABUSHKA NESTING BOXES,13,2019-03-14 17:56:00,7.55,12385,Spain,False,False,98.15
537598,21730,GLASS STAR FROSTED T-LIGHT HOLDER,17,2019-05-12 23:49:00,4.4,17788,Switzerland,False,False,74.8
536352,84879,ASSORTED COLOUR BIRD ORNAMENT,5,2019-09-18 14:28:00,1.82,17621,Germany,False,False,9.1
536762,71270,PINK CRYSTAL GUITAR PHONE CHARM,1,2019-06-18 00:00:00,1.3,13956,Spain,False,False,1.3
537576,84406B,CREAM CUPID HEARTS COAT HANGER,7,2019-09-23 00:31:00,2.85,18140,Spain,False,False,19.95
536735,71270,PINK CRYSTAL GUITAR PHONE CHARM,4,2019-01-06 01:32:00,1.36,16274,Netherlands,False,False,5.44
537301,71053,WHITE METAL LANTERN,10,2019-12-02 14:39:00,3.07,13893,Switzerland,False,False,30.7
537372,21755,LOVE BUILDING BLOCK WORD,7,2019-10-21 09:04:00,5.68,17900,Switzerland,False,False,39.76
537602,71270,PINK CRYSTAL GUITAR PHONE CHARM,15,2019-12-30 17:09:00,1.15,12637,Switzerland,False,False,17.25
536949,21755,LOVE BUILDING BLOCK WORD,14,2019-10-27 20:54:00,5.86,15458,Belgium,False,False,82.04
536205,22423,REGENCY CAKESTAND 3 TIER,12,2019-09-23 10:42:00,12.34,17320,Portugal,False,False,148.08
537217,22960,JAM MAKING SET WITH JARS,7,2019-06-09 19:37:00,4.74,14527,United Kingdom,False,False,33.18
537481,71270,PINK CRYSTAL GUITAR PHONE CHARM,5,2019-10-21 06:23:00,1.35,13307,Australia,False,False,6.75
536041,71270,PINK CRYSTAL GUITAR PHONE CHARM,13,2019-03-31 00:00:00,1.2,14381,Netherlands,False,False,15.6
537614,84879,ASSORTED COLOUR BIRD ORNAMENT,17,2019-04-17 14:29:00,1.73,15281,Australia,False,False,29.41
536680,84879,ASSORTED COLOUR BIRD ORNAMENT,4,2019-11-01 23:09:00,1.65,16520,Belgium,False,False,6.6
536111,84879,ASSORTED COLOUR BIRD ORNAMENT,4,2019-12-18 21:04:00,1.72,15789,EIRE,False,False,6.88
537553,71053,WHITE METAL LANTERN,12,2019-03-10 08:00:00,3.32,17288,Portugal,False,False,39.84
536454,21755,LOVE BUILDING BLOCK WORD,11,2019-01-24 00:08:00,5.89,12578,Netherlands,False,False,64.79
536101,71053,WHITE METAL LANTERN,6,2019-08-22 16:14:00,3.43,17361,United Kingdom,False,False,20.58
536924,71270,PINK CRYSTAL GUITAR PHONE CHARM,17,2019-09-02 13:15:00,1.27,17571,France,False,False,21.59
536326,22752,SET 7 BABUSHKA NESTING BOXES,5,2019-03-05 08:18:00,8.21,13961,Australia,False,False,41.05
537245,84406B,CREAM CUPID HEARTS COAT HANGER,16,2019-04-02 00:18:00,2.72,15028,Spain,False,False,43.52
536469,85123A,WHITE HANGING HEART T-LIGHT HOLDER,2,2019-03-28 10:06:00,2.45,16654,Germany,False,False,4.9
537055,84406B,CREAM CUPID HEARTS COAT HANGER,19,2019-08-27 13:23:00,2.65,13027,Switzerland,False,False,50.35
536988,21755,LOVE BUILDING BLOCK WORD,7,2019-10-31 08:26:00,6.04,16757,Switzerland,False,False,42.28
537640,22423,REGENCY CAKESTAND 3 TIER,8,2019-02-08 00:00:00,11.65,,Spain,False,True,93.2
536058,84879,ASSORTED COLOUR BIRD ORNAMENT,5,2019-03-06 03:43:00,1.63,14407,Portugal,False,False,8.15
536193,84406B,CREAM CUPID HEARTS COAT HANGER,5,2019-05-01 05:00:00,3.02,13072,Germany,False,False,15.1
537331,71270,PINK CRYSTAL GUITAR PHONE CHARM,1,2019-03-29 00:00:00,1.18,14317,United Kingdom,False,False,1.18
536538,85123A,WHITE HANGING HEART T-LIGHT HOLDER,11,2019-05-11 05:59:00,2.73,,Switzerland,False,True,30.03
537483,21730,GLASS STAR FROSTED T-LIGHT HOLDER,4,2019-02-10 04:10:00,4.67,18257,Portugal,False,False,18.68
537566,84879,ASSORTED COLOUR BIRD ORNAMENT,4,2019-03-23 00:00:00,1.64,17988,EIRE,False,False,6.56
536398,22752,SET 7 BABUSHKA NESTING BOXES,9,2019-10-03 00:00:00,7.01,16926,Belgium,False,False,63.09
536958,84879,ASSORTED COLOUR BIRD ORNAMENT,17,2019-04-21 11:41:00,1.62,15268,United Kingdom,False,False,27.54
537634,85123A,WHITE HANGING HEART T-LIGHT HOLDER,10,2019-09-03 07:47:00,2.47,14570,France,False,False,24.7
537416,71053,WHITE METAL LANTERN,18,2019-08-09 00:00:00,3.56,15252,Netherlands,False,False,64.08
537081,85123A,WHITE HANGING HEART T-LIGHT HOLDER,16,2019-10-20 00:49:00,2.73,17487,United Kingdom,False,False,43.68
536608,22960,JAM MAKING SET WITH JARS,14,2019-08-14 00:00:00,4.53,14716,Belgium,False,False,63.42
536626,85123A,WHITE HANGING HEART T-LIGHT HOLDER,17,2019-11-29 08:42:00,2.64,16041,United Kingdom,False,False,44.88
536660,85123A,WHITE HANGING HEART T-LIGHT HOLDER,17,2019-04-15 00:00:00,2.39,16645,Spain,False,False,40.63
536620,21755,LOVE BUILDING BLOCK WORD,1,2019-10-04 00:00:00,6.13,14536,EIRE,False,False,6.13
536450,71270,PINK CRYSTAL GUITAR PHONE CHARM,13,2019-08-17 09:13:00,1.18,16718,Germany,False,False,15.34
537191,22752,SET 7 BABUSHKA NESTING BOXES,19,2019-05-03 15:01:00,7.89,15817,France,False,False,149.91
537202,22423,REGENCY CAKESTAND 3 TIER,5,2019-09-16 02:36:00,12.6,15194,Germany,False,False,63.0
537590,84406B,CREAM CUPID HEARTS COAT HANGER,6,2019-12-22 20:18:00,2.72,,Netherlands,False,True,16.32
536991,21730,GLASS STAR FROSTED T-LIGHT HOLDER,7,2019-11-23 09:11:00,4.04,17188,Australia,False,False,28.28
C536136,22960,JAM MAKING SET WITH JARS,-8,2019-01-27 05:54:00,5.37,18245,Switzerland,True,False,-42.96
536225,84879,ASSORTED COLOUR BIRD ORNAMENT,14,2019-01-10 09:18:00,1.7,16686,Portugal,False,False,23.8
536099,84879,ASSORTED COLOUR BIRD ORNAMENT,3,2019-03-07 10:46:00,1.74,17799,EIRE,False,False,5.22
536308,21755,LOVE BUILDING BLOCK WORD,17,2019-06-03 00:00:00,5.65,18210,Belgium,False,False,96.05
536007,21755,LOVE BUILDING BLOCK WORD,4,2019-12-09 03:39:00,5.95,15300,Belgium,False,False,23.8
537653,71053,WHITE METAL LANTERN,19,2019-09-08 20:23:00,3.29,13638,Belgium,False,False,62.51
537360,84406B,CREAM CUPID HEARTS COAT HANGER,3,2019-01-27 06:12:00,2.53,17101,Belgium,False,False,7.59
536242,71270,PINK CRYSTAL GUITAR PHONE CHARM,11,2019-02-13 10:56:00,1.29,14308,Germany,False,False,14.19
537223,84879,ASSORTED COLOUR BIRD ORNAMENT,11,2019-12-25 03:03:00,1.76,17458,Belgium,False,False,19.36
537406,85123A,WHITE HANGING HEART T-LIGHT HOLDER,5,2019-10-02 14:49:00,2.31,,France,False,True,11.55
C536435,21730,GLASS STAR FROSTED T-LIGHT HOLDER,-4,2019-12-22 19:12:00,4.03,12456,Australia,True,False,-16.12
536980,71053,WHITE METAL LANTERN,18,2019-06-11 14:09:00,3.1,,Switzerland,False,True,55.8
536223,22960,JAM MAKING SET WITH JARS,6,2019-05-12 05:43:00,5.19,,Belgium,False,True,31.14
536557,21730,GLASS STAR FROSTED T-LIGHT HOLDER,11,2019-08-03 10:49:00,4.23,16939,United Kingdom,False,False,46.53
536399,22423,REGENCY CAKESTAND 3 TIER,4,2019-09-05 00:00:00,12.7,15661,Switzerland,False,False,50.8
536743,21755,LOVE BUILDING BLOCK WORD,11,2019-03-13 20:49:00,5.62,17699,Switzerland,False,False,61.82
537265,22960,JAM MAKING SET WITH JARS,5,2019-03-30 01:40:00,4.63,14058,EIRE,False,False,23.15
537655,71270,PINK CRYSTAL GUITAR PHONE CHARM,17,2019-11-15 20:43:00,1.25,,France,False,True,21.25
536097,71270,PINK CRYSTAL GUITAR PHONE CHARM,5,2019-03-15 12:06:00,1.31,15546,Switzerland,False,False,6.55
536749,71053,WHITE METAL LANTERN,16,2019-02-09 23:21:00,3.37,17040,Belgium,False,False,53.92
536896,22960,JAM MAKING SET WITH JARS,4,2019-05-21 05:09:00,5.13,17786,Portugal,False,False,20.52
536042,21755,LOVE BUILDING BLOCK WORD,10,2019-03-31 07:32:00,6.31,15431,Portugal,False,False,63.1
536859,21730,GLASS STAR FROSTED T-LIGHT HOLDER,7,2019-05-26 23:22:00,4.26,13403,Spain,False,False,29.82
537159,21755,LOVE BUILDING BLOCK WORD,2,2019-07-20 07:57:00,6.02,12355,Australia,False,False,12.04
536749,85123A,WHITE HANGING HEART T-LIGHT HOLDER,1,2019-02-28 21:10:00,2.49,17777,Germany,False,False,2.49
537181,85123A,WHITE HANGING HEART T-LIGHT HOLDER,10,2019-05-30 00:00:00,2.72,17173,EIRE,False,False,27.2
537520,22752,SET 7 BABUSHKA NESTING BOXES,9,2019-03-21 00:00:00,6.95,17190,Spain,False,False,62.55
537354,71270,PINK CRYSTAL GUITAR PHONE CHARM,8,2019-11-30 04:09:00,1.33,16859,Switzerland,False,False,10.64
536230,85123A,WHITE HANGING HEART T-LIGHT HOLDER,16,2019-04-14 03:52:00,2.8,14125,Switzerland,False,False,44.8
536228,84879,ASSORTED COLOUR BIRD ORNAMENT,7,2019-03-06 00:00:00,1.79,16946,Germany,False,False,12.53
536272,21730,GLASS STAR FROSTED T-LIGHT HOLDER,19,2019-12-09 23:01:00,3.94,14203,Netherlands,False,False,74.86
536072,22752,SET 7 BABUSHKA NESTING BOXES,2,2019-09-13 20:46:00,8.27,17462,Switzerland,False,False,16.54
537279,22423,REGENCY CAKESTAND 3 TIER,17,2019-02-02 02:18:00,13.35,17058,Spain,False,False,226.95
537108,84879,ASSORTED COLOUR BIRD ORNAMENT,13,2019-11-23 23:11:00,1.82,12886,Portugal,False,False,23.66
536050,71270,PINK CRYSTAL GUITAR PHONE CHARM,14,2019-08-26 13:16:00,1.24,18058,Belgium,False,False,17.36
536235,22423,REGENCY CAKESTAND 3 TIER,19,2019-01-21 00:00:00,13.36,13802,France,False,False,253.84
536664,84879,ASSORTED COLOUR BIRD ORNAMENT,2,2019-05-21 15:17:00,1.54,13584,Germany,False,False,3.08
537296,22960,JAM MAKING SET WITH JARS,17,2019-03-15 01:20:00,4.7,16356,Australia,False,False,79.9
537544,85123A,WHITE HANGING HEART T-LIGHT HOLDER,13,2019-01-09 23:11:00,2.31,13048,Australia,False,False,30.03
537606,21730,GLASS STAR FROSTED T-LIGHT HOLDER,15,2019-07-07 04:25:00,16.24,15861,United Kingdom,False,False,243.6
536669,71053,WHITE METAL LANTERN,11,2019-06-16 00:01:00,3.27,16527,Portugal,False,False,35.97
536159,71270,PINK CRYSTAL GUITAR PHONE CHARM,18,2019-09-06 03:36:00,1.26,17677,France,False,False,22.68
536427,21755,LOVE BUILDING BLOCK WORD,18,2019-03-07 07:11:00,6.52,17871,Germany,False,False,117.36
536534,85123A,WHITE HANGING HEART T-LIGHT HOLDER,9,2019-02-13 21:04:00,2.4,15995,Belgium,False,False,21.6
C537373,84406B,CREAM CUPID HEARTS COAT HANGER,-19,2019-05-11 00:00:00,3.0,15377,Australia,True,False,-57.0
536555,22423,REGENCY CAKESTAND 3 TIER,5,2019-10-16 19:20:00,13.3,18004,Spain,False,False,66.5
537494,85123A,WHITE HANGING HEART T-LIGHT HOLDER,13,2019-03-12 09:54:00,2.68,14378,Spain,False,False,34.84
537066,71053,WHITE METAL LANTERN,10,2019-11-18 00:00:00,3.05,13941,Belgium,False,False,30.5
536270,22960,JAM MAKING SET WITH JARS,17,2019-02-14 23:18:00,4.92,15386,Netherlands,False,False,83.64
537112,84406B,CREAM CUPID HEARTS COAT HANGER,12,2019-04-09 00:00:00,2.87,,Portugal,False,True,34.44
537200,22960,JAM MAKING SET WITH JARS,8,2019-01-20 08:21:00,5.15,13186,United Kingdom,False,False,41.2
536083,84879,ASSORTED COLOUR BIRD ORNAMENT,2,2019-10-19 03:05:00,1.68,14924,Germany,False,False,3.36
536281,84879,ASSORTED COLOUR BIRD ORNAMENT,17,2019-05-13 12:10:00,1.58,16657,Spain,False,False,26.86
536708,22423,REGENCY CAKESTAND 3 TIER,1,2019-10-17 03:53:00,13.46,17580,Netherlands,False,False,13.46
537104,71270,PINK CRYSTAL GUITAR PHONE CHARM,17,2019-04-01 18:16:00,1.16,15682,United Kingdom,False,False,19.72
537018,22960,JAM MAKING SET WITH JARS,2,2019-06-23 00:18:00,4.68,16634,Netherlands,False,False,9.36
536791,22752,SET 7 BABUSHKA NESTING BOXES,14,2019-08-01 15:08:00,7.86,13637,France,False,False,110.04
536677,84406B,CREAM CUPID HEARTS COAT HANGER,12,2019-12-05 15:35:00,2.72,17841,Australia,False,False,32.64
536322,71053,WHITE METAL LANTERN,12,2019-02-21 08:53:00,3.37,17353,France,False,False,40.44
537516,71053,WHITE METAL LANTERN,1,2019-12-19 20:07:00,3.1,17846,Germany,False,False,3.1
536026,22960,JAM MAKING SET WITH JARS,18,2019-10-09 07:52:00,4.93,15081,Netherlands,False,False,88.74
536324,84879,ASSORTED COLOUR BIRD ORNAMENT,18,2019-07-06 03:25:00,1.61,17353,Belgium,False,False,28.98
536632,22752,SET 7 BABUSHKA NESTING BOXES,11,2019-01-10 00:00:00,7.46,15912,Australia,False,False,82.06
536745,22960,JAM MAKING SET WITH JARS,3,2019-04-21 00:00:00,4.57,13915,Switzerland,False,False,13.71
536082,84879,ASSORTED COLOUR BIRD ORNAMENT,3,2019-09-06 08:11:00,1.83,15667,United Kingdom,False,False,5.49
536901,22960,JAM MAKING SET WITH JARS,15,2019-02-13 06:21:00,5.17,16533,EIRE,False,False,77.55
536734,21730,GLASS STAR FROSTED T-LIGHT HOLDER,12,2019-08-05 22:46:00,4.64,14442,EIRE,False,False,55.68
537653,84406B,CREAM CUPID HEARTS COAT HANGER,6,2019-02-07 00:00:00,3.02,12536,Netherlands,False,False,18.12
537393,21730,GLASS STAR FROSTED T-LIGHT HOLDER,5,2019-10-04 00:00:00,4.38,14015,Germany,False,False,21.9
537569,85123A,WHITE HANGING HEART T-LIGHT HOLDER,2,2019-05-03 01:16:00,2.56,17060,Netherlands,False,False,5.12
537124,84406B,CREAM CUPID HEARTS COAT HANGER,5,2019-06-16 02:17:00,2.71,17578,Switzerland,False,False,13.55
537379,21755,LOVE BUILDING BLOCK WORD,5,2019-10-14 00:00:00,5.99,16047,United Kingdom,False,False,29.95
536777,22423,REGENCY CAKESTAND 3 TIER,9,2019-06-20 12:29:00,12.83,18040,United Kingdom,False,False,115.47
537470,85123A,WHITE HANGING HEART T-LIGHT HOLDER,9,2019-01-22 01:16:00,2.7,16842,Switzerland,False,False,24.3
537392,22423,REGENCY CAKESTAND 3 TIER,9,2019-12-19 02:39:00,12.87,15420,Germany,False,False,115.83
537465,85123A,WHITE HANGING HEART T-LIGHT HOLDER,4,2019-11-10 09:41:00,2.79,12371,EIRE,False,False,11.16
536501,22752,SET 7 BABUSHKA NESTING BOXES,19,2019-09-25 00:00:00,8.25,16169,Portugal,False,False,156.75
536983,71270,PINK CRYSTAL GUITAR PHONE CHARM,13,2019-09-16 14:39:00,1.29,12957,Netherlands,False,False,16.77
536448,84406B,CREAM CUPID HEARTS COAT HANGER,5,2019-11-26 18:48:00,2.86,18009,Germany,False,False,14.3
537105,71053,WHITE METAL LANTERN,9,2019-09-14 07:13:00,3.58,15908,Belgium,False,False,32.22
536197,71053,WHITE METAL LANTERN,13,2019-10-06 06:19:00,3.52,17261,Spain,False,False,45.76
536325,22752,SET 7 BABUSHKA NESTING BOXES,3,2019-10-04 16:55:00,8.12,13743,Netherlands,False,False,24.36
537421,71270,PINK CRYSTAL GUITAR PHONE CHARM,16,2019-09-01 09:40:00,1.36,16545,Spain,False,False,21.76
536548,21730,GLASS STAR FROSTED T-LIGHT HOLDER,16,2019-08-11 00:00:00,4.34,13770,Germany,False,False,69.44
C536169,84879,ASSORTED COLOUR BIRD ORNAMENT,-18,2019-12-24 00:00:00,1.53,13814,Switzerland,True,False,-27.54
536040,85123A,WHITE HANGING HEART T-LIGHT HOLDER,11,2019-08-04 00:00:00,2.58,15595,Belgium,False,False,28.38
537592,21755,LOVE BUILDING BLOCK WORD,2,2019-06-10 15:52:00,5.5,17520,Netherlands,False,False,11.0
537040,22752,SET 7 BABUSHKA NESTING BOXES,17,2019-10-28 02:01:00,7.87,16856,Portugal,False,False,133.79
536511,84406B,CREAM CUPID HEARTS COAT HANGER,19,2019-11-13 04:23:00,2.58,13309,Spain,False,False,49.02
537117,22752,SET 7 BABUSHKA NESTING BOXES,3,2019-12-05 19:17:00,7.19,14199,France,False,False,21.57
537511,84406B,CREAM CUPID HEARTS COAT HANGER,4,2019-09-07 23:11:00,2.67,16250,Germany,False,False,10.68
536570,21755,LOVE BUILDING BLOCK WORD,14,2019-02-04 17:20:00,6.53,13179,EIRE,False,False,91.42
537495,71053,WHITE METAL LANTERN,5,2019-07-19 23:09:00,3.65,16841,Switzerland,False,False,18.25
536700,22752,SET 7 BABUSHKA NESTING BOXES,10,2019-09-05 14:07:00,7.14,15436,Portugal,False,False,71.4
536289,84879,ASSORTED COLOUR BIRD ORNAMENT,16,2019-03-05 22:22:00,1.83,14093,Netherlands,False,False,29.28
537513,21755,LOVE BUILDING BLOCK WORD,15,2019-06-29 23:43:00,6.24,16095,Switzerland,False,False,93.6
536343,21755,LOVE BUILDING BLOCK WORD,19,2019-08-06 21:17:00,6.3,14749,EIRE,False,False,119.7
537154,22960,JAM MAKING SET WITH JARS,6,2019-07-11 04:27:00,4.81,12412,Netherlands,False,False,28.86
536898,21755,LOVE BUILDING BLOCK WORD,17,2019-05-25 17:51:00,5.92,13566,Spain,False,False,100.64
536252,71053,WHITE METAL LANTERN,6,2019-05-23 00:00:00,3.15,17394,Portugal,False,False,18.9
536666,84406B,CREAM CUPID HEARTS COAT HANGER,2,2019-07-11 01:19:00,2.95,13055,EIRE,False,False,5.9
537249,71053,WHITE METAL LANTERN,12,2019-12-05 00:00:00,3.13,16748,Portugal,False,False,37.56
537196,22960,JAM MAKING SET WITH JARS,4,2019-03-15 23:13:00,4.6,14583,Netherlands,False,False,18.4
536385,71270,PINK CRYSTAL GUITAR PHONE CHARM,3,2019-04-12 00:00:00,1.28,17514,EIRE,False,False,3.84
537052,21730,GLASS STAR FROSTED T-LIGHT HOLDER,18,2019-06-14 00:00:00,4.32,,France,False,True,77.76
536705,85123A,WHITE HANGING HEART T-LIGHT HOLDER,18,2019-07-22 15:48:00,2.63,14453,Portugal,False,False,47.34
536327,85123A,WHITE HANGING HEART T-LIGHT HOLDER,3,2019-08-27 12:45:00,2.76,17044,Netherlands,False,False,8.28
536110,85123A,WHITE HANGING HEART T-LIGHT HOLDER,6,2019-06-08 18:35:00,2.38,13235,Spain,False,False,14.28
536530,21730,GLASS STAR FROSTED T-LIGHT HOLDER,11,2019-06-17 21:08:00,4.42,,United Kingdom,False,True,48.62
536794,22752,SET 7 BABUSHKA NESTING BOXES,17,2019-03-30 16:58:00,7.25,13599,United Kingdom,False,False,123.25
536986,22960,JAM MAKING SET WITH JARS,18,2019-12-07 15:14:00,16.24,16085,Netherlands,False,False,292.32
536525,84879,ASSORTED COLOUR BIRD ORNAMENT,4,2019-11-05 00:00:00,1.69,15933,Germany,False,False,6.76
537570,85123A,WHITE HANGING HEART T-LIGHT HOLDER,14,2019-12-13 10:00:00,2.51,12806,Germany,False,False,35.14
536020,21755,LOVE BUILDING BLOCK WORD,12,2019-10-02 14:28:00,6.39,,Spain,False,True,76.68
536157,71270,PINK CRYSTAL GUITAR PHONE CHARM,17,2019-01-21 00:00:00,1.24,12968,Switzerland,False,False,21.08
536300,22752,SET 7 BABUSHKA NESTING BOXES,18,2019-07-02 03:26:00,6.89,13813,France,False,False,124.02
537151,21755,LOVE BUILDING BLOCK WORD,10,2019-11-15 06:18:00,6.35,12404,Portugal,False,False,63.5
536288,84406B,CREAM CUPID HEARTS COAT HANGER,9,2019-05-08 00:09:00,2.91,14642,France,False,False,26.19
537194,84879,ASSORTED COLOUR BIRD ORNAMENT,2,2019-11-04 01:32:00,1.53,14933,Germany,False,False,3.06
537590,85123A,WHITE HANGING HEART T-LIGHT HOLDER,16,2019-05-16 14:22:00,2.47,15208,Netherlands,False,False,39.52
537204,22960,JAM MAKING SET WITH JARS,6,2019-11-27 00:00:00,4.72,14233,EIRE,False,False,28.32
537617,85123A,WHITE HANGING HEART T-LIGHT HOLDER,12,2019-08-21 00:00:00,2.74,14417,Germany,False,False,32.88
537129,85123A,WHITE HANGING HEART T-LIGHT HOLDER,2,2019-11-03 22:15:00,2.79,17478,Germany,False,False,5.58
536726,22752,SET 7 BABUSHKA NESTING BOXES,16,2019-11-03 00:00:00,7.64,14087,Switzerland,False,False,122.24
537093,84879,ASSORTED COLOUR BIRD ORNAMENT,18,2019-11-09 00:00:00,1.59,17448,Belgium,False,False,28.62
537385,21730,GLASS STAR FROSTED T-LIGHT HOLDER,1,2019-08-31 06:17:00,4.42,16603,Netherlands,False,False,4.42
536542,21755,LOVE BUILDING BLOCK WORD,4,2019-03-16 03:35:00,6.25,12426,Spain,False,False,25.0
536812,21730,GLASS STAR FROSTED T-LIGHT HOLDER,7,2019-11-24 00:00:00,3.84,,Spain,False,True,26.88
536383,84879,ASSORTED COLOUR BIRD ORNAMENT,9,2019-12-01 07:57:00,1.58,,EIRE,False,True,14.22
536386,71270,PINK CRYSTAL GUITAR PHONE CHARM,4,2019-01-06 00:00:00,1.13,14924,United Kingdom,False,False,4.52
536085,21755,LOVE BUILDING BLOCK WORD,13,2019-05-12 22:44:00,5.71,16590,EIRE,False,False,74.23
536866,71270,PINK CRYSTAL GUITAR PHONE CHARM,11,2019-09-04 15:31:00,1.27,15865,Spain,False,False,13.97
537504,84406B,CREAM CUPID HEARTS COAT HANGER,12,2019-08-05 22:17:00,2.76,17431,France,False,False,33.12
536368,84406B,CREAM CUPID HEARTS COAT HANGER,6,2019-07-07 14:43:00,2.57,,France,False,True,15.42
C537395,21755,LOVE BUILDING BLOCK WORD,-2,2019-12-11 00:00:00,6.05,13733,Australia,True,False,-12.1
537135,85123A,WHITE HANGING HEART T-LIGHT HOLDER,17,2019-12-24 03:56:00,2.53,13854,Portugal,False,False,43.01
C536185,71270,PINK CRYSTAL GUITAR PHONE CHARM,-1,2019-02-07 00:00:00,1.29,15841,Belgium,True,False,-1.29
536616,22423,REGENCY CAKESTAND 3 TIER,11,2019-03-03 07:42:00,12.12,16781,Netherlands,False,False,133.32
536696,21755,LOVE BUILDING BLOCK WORD,16,2019-07-11 00:00:00,5.59,16157,Switzerland,False,False,89.44
536966,22423,REGENCY CAKESTAND 3 TIER,8,2019-10-01 17:07:00,12.69,16901,United Kingdom,False,False,101.52
537073,22752,SET 7 BABUSHKA NESTING BOXES,2,2019-04-22 07:38:00,7.94,15092,Portugal,False,False,15.88
536087,21730,GLASS STAR FROSTED T-LIGHT HOLDER,1,2019-10-21 04:44:00,4.1,13310,Switzerland,False,False,4.1
537454,21730,GLASS STAR FROSTED T-LIGHT HOLDER,11,2019-09-16 00:00:00,4.12,12979,United Kingdom,False,False,45.32
C536209,85123A,WHITE HANGING HEART T-LIGHT HOLDER,-11,2019-11-18 00:00:00,2.62,16401,Spain,True,False,-28.82
536629,85123A,WHITE HANGING HEART T-LIGHT HOLDER,6,2019-08-14 20:30:00,2.46,13878,Portugal,False,False,14.76
537014,22960,JAM MAKING SET WITH JARS,6,2019-03-05 12:26:00,5.06,16914,Portugal,False,False,30.36
536692,21730,GLASS STAR FROSTED T-LIGHT HOLDER,1,2019-12-27 04:54:00,4.09,15362,Netherlands,False,False,4.09
537195,71053,WHITE METAL LANTERN,12,2019-08-04 10:22:00,3.26,13207,EIRE,False,False,39.12
536535,84406B,CREAM CUPID HEARTS COAT HANGER,2,2019-04-14 02:44:00,2.49,13723,EIRE,False,False,4.98
536340,71053,WHITE METAL LANTERN,8,2019-04-18 17:30:00,3.24,12980,EIRE,False,False,25.92
C536202,84879,ASSORTED COLOUR BIRD ORNAMENT,-12,2019-12-03 16:44:00,1.63,,Australia,True,True,-19.56
536467,21755,LOVE BUILDING BLOCK WORD,6,2019-06-09 15:03:00,6.13,17523,France,False,False,36.78
537084,84879,ASSORTED COLOUR BIRD ORNAMENT,14,2019-08-21 00:00:00,1.67,14709,France,False,False,23.38
536698,71270,PINK CRYSTAL GUITAR PHONE CHARM,4,2019-02-18 00:00:00,1.22,14197,Netherlands,False,False,4.88
536069,84406B,CREAM CUPID HEARTS COAT HANGER,15,2019-02-24 00:00:00,3.02,17836,Netherlands,False,False,45.3
537266,21755,LOVE BUILDING BLOCK WORD,7,2019-07-11 00:00:00,5.72,17271,Switzerland,False,False,40.04
537179,71270,PINK CRYSTAL GUITAR PHONE CHARM,15,2019-06-04 17:44:00,1.34,18163,Australia,False,False,20.1
536051,22752,SET 7 BABUSHKA NESTING BOXES,19,2019-02-26 06:55:00,8.39,17226,Switzerland,False,False,159.41
536530,71270,PINK CRYSTAL GUITAR PHONE CHARM,7,2019-12-02 12:28:00,1.28,14912,Germany,False,False,8.96
536814,21730,GLASS STAR FROSTED T-LIGHT HOLDER,14,2019-11-14 00:00:00,3.9,15707,Switzerland,False,False,54.6
536382,85123A,WHITE HANGING HEART T-LIGHT HOLDER,13,2019-11-07 00:00:00,2.75,17524,Spain,False,False,35.75
537142,22423,REGENCY CAKESTAND 3 TIER,18,2019-09-30 04:49:00,11.88,,Belgium,False,True,213.84
536655,84879,ASSORTED COLOUR BIRD ORNAMENT,12,2019-11-10 00:48:00,1.76,18234,United Kingdom,False,False,21.12
537068,71270,PINK CRYSTAL GUITAR PHONE CHARM,13,2019-06-10 20:55:00,1.33,18016,Germany,False,False,17.29
536811,21755,LOVE BUILDING BLOCK WORD,19,2019-01-02 00:00:00,5.56,16129,Netherlands,False,False,105.64
536544,21730,GLASS STAR FROSTED T-LIGHT HOLDER,14,2019-07-02 10:46:00,3.87,15362,Germany,False,False,54.18
537097,85123A,WHITE HANGING HEART T-LIGHT HOLDER,9,2019-10-15 23:49:00,2.41,12680,Germany,False,False,21.69
536199,21730,GLASS STAR FROSTED T-LIGHT HOLDER,15,2019-11-07 14:12:00,3.89,14385,Switzerland,False,False,58.35
537045,22752,SET 7 BABUSHKA NESTING BOXES,2,2019-05-14 12:49:00,7.48,12833,EIRE,False,False,14.96
536552,22960,JAM MAKING SET WITH JARS,1,2019-12-28 15:24:00,5.36,15445,Netherlands,False,False,5.36
537440,71053,WHITE METAL LANTERN,2,2019-01-27 23:24:00,3.68,17508,United Kingdom,False,False,7.36
537099,22960,JAM MAKING SET WITH JARS,2,2019-10-18 00:00:00,5.2,13749,Australia,False,False,10.4
536521,85123A,WHITE HANGING HEART T-LIGHT HOLDER,17,2019-08-29 01:18:00,2.37,15022,Switzerland,False,False,40.29
536506,22752,SET 7 BABUSHKA NESTING BOXES,1,2019-02-07 19:27:00,7.16,13074,Netherlands,False,False,7.16
537411,22752,SET 7 BABUSHKA NESTING BOXES,17,2019-07-17 00:00:00,7.79,14390,Australia,False,False,132.43
536075,85123A,WHITE HANGING HEART T-LIGHT HOLDER,9,2019-02-16 01:05:00,2.43,12396,Spain,False,False,21.87
536839,71053,WHITE METAL LANTERN,5,2019-08-23 00:00:00,3.12,15659,Australia,False,False,15.6
537408,21730,GLASS STAR FROSTED T-LIGHT HOLDER,16,2019-02-20 00:00:00,4.67,17645,Spain,False,False,74.72
536797,21730,GLASS STAR FROSTED T-LIGHT HOLDER,8,2019-09-29 01:15:00,4.44,12875,Netherlands,False,False,35.52
536586,71053,WHITE METAL LANTERN,13,2019-05-28 02:02:00,3.18,15060,France,False,False,41.34
536453,85123A,WHITE HANGING HEART T-LIGHT HOLDER,3,2019-02-28 00:00:00,2.71,12357,Switzerland,False,False,8.13
537101,84879,ASSORTED COLOUR BIRD ORNAMENT,18,2019-05-12 14:40:00,1.72,15965,Netherlands,False,False,30.96
536774,21755,LOVE BUILDING BLOCK WORD,2,2019-02-17 15:39:00,6.47,15370,United Kingdom,False,False,12.94
537186,21730,GLASS STAR FROSTED T-LIGHT HOLDER,16,2019-04-15 04:43:00,4.0,,Spain,False,True,64.0
537594,22960,JAM MAKING SET WITH JARS,5,2019-10-04 09:52:00,5.15,16005,Portugal,False,False,25.75
536611,22752,SET 7 BABUSHKA NESTING BOXES,7,2019-07-25 09:20:00,7.89,17876,Australia,False,False,55.23
537220,84406B,CREAM CUPID HEARTS COAT HANGER,3,2019-01-28 06:51:00,2.98,14380,Portugal,False,False,8.94
536669,21755,LOVE BUILDING BLOCK WORD,9,2019-12-10 02:00:00,5.94,13616,Portugal,False,False,53.46
537219,71053,WHITE METAL LANTERN,14,2019-08-21 05:05:00,3.37,17163,United Kingdom,False,False,47.18
537285,85123A,WHITE HANGING HEART T-LIGHT HOLDER,1,2019-03-29 00:00:00,2.7,17959,Belgium,False,False,2.7
536231,84406B,CREAM CUPID HEARTS COAT HANGER,17,2019-03-22 18:05:00,2.5,15924,EIRE,False,False,42.5
537520,21755,LOVE BUILDING BLOCK WORD,18,2019-09-09 06:17:00,5.7,16579,Germany,False,False,102.6
536870,84406B,CREAM CUPID HEARTS COAT HANGER,1,2019-07-13 11:25:00,2.63,16437,Portugal,False,False,2.63
536395,71270,PINK CRYSTAL GUITAR PHONE CHARM,2,2019-07-11 10:38:00,1.13,15806,Belgium,False,False,2.26
536456,22423,REGENCY CAKESTAND 3 TIER,4,2019-07-11 13:45:00,12.62,16260,Australia,False,False,50.48
536635,22423,REGENCY CAKESTAND 3 TIER,1,2019-06-30 12:12:00,13.61,15732,Switzerland,False,False,13.61
537362,22960,JAM MAKING SET WITH JARS,6,2019-08-29 17:04:00,5.34,15514,Spain,False,False,32.04
536825,71270,PINK CRYSTAL GUITAR PHONE CHARM,7,2019-05-15 02:35:00,1.34,15805,Belgium,False,False,9.38
536005,71270,PINK CRYSTAL GUITAR PHONE CHARM,13,2019-02-03 13:25:00,1.26,17068,EIRE,False,False,16.38
536838,22960,JAM MAKING SET WITH JARS,1,2019-10-05 17:39:00,4.84,15155,Australia,False,False,4.84
537548,84406B,CREAM CUPID HEARTS COAT HANGER,13,2019-08-09 00:00:00,2.52,14725,EIRE,False,False,32.76
536735,85123A,WHITE HANGING HEART T-LIGHT HOLDER,8,2019-10-04 15:21:00,2.5,16819,Switzerland,False,False,20.0
537198,22423,REGENCY CAKESTAND 3 TIER,11,2019-10-03 16:58:00,12.55,15397,Germany,False,False,138.05
536495,84879,ASSORTED COLOUR BIRD ORNAMENT,1,2019-03-03 01:22:00,1.61,15542,Belgium,False,False,1.61
536558,21730,GLASS STAR FROSTED T-LIGHT HOLDER,9,2019-06-09 00:00:00,4.25,14925,Netherlands,False,False,38.25
C536784,85123A,WHITE HANGING HEART T-LIGHT HOLDER,-5,2019-06-30 20:38:00,2.79,16968,Netherlands,True,False,-13.95
536218,22423,REGENCY CAKESTAND 3 TIER,11,2019-09-18 13:26:00,12.55,14398,EIRE,False,False,138.05
536523,22423,REGENCY CAKESTAND 3 TIER,16,2019-10-12 12:06:00,12.9,13598,Australia,False,False,206.4
536579,22423,REGENCY CAKESTAND 3 TIER,14,2019-12-25 14:17:00,13.75,16565,Australia,False,False,192.5
537285,22423,REGENCY CAKESTAND 3 TIER,13,2019-08-04 13:01:00,11.99,13670,United Kingdom,False,False,155.87
536948,21730,GLASS STAR FROSTED T-LIGHT HOLDER,7,2019-05-01 03:21:00,4.04,16493,Switzerland,False,False,28.28
536993,22960,JAM MAKING SET WITH JARS,15,2019-12-15 17:34:00,5.15,17999,Switzerland,False,False,77.25
536206,85123A,WHITE HANGING HEART T-LIGHT HOLDER,14,2019-04-07 08:50:00,2.56,14308,United Kingdom,False,False,35.84
536949,22960,JAM MAKING SET WITH JARS,4,2019-10-06 08:05:00,4.74,14817,Spain,False,False,18.96
537478,21730,GLASS STAR FROSTED T-LIGHT HOLDER,4,2019-08-23 03:59:00,4.44,15666,Portugal,False,False,17.76
536289,22752,SET 7 BABUSHKA NESTING BOXES,6,2019-10-25 10:32:00,8.36,,Spain,False,True,50.16
536835,84879,ASSORTED COLOUR BIRD ORNAMENT,17,2019-07-15 00:00:00,1.74,14195,Switzerland,False,False,29.58
536703,21755,LOVE BUILDING BLOCK WORD,15,2019-01-04 00:00:00,5.72,15118,Spain,False,False,85.8
536152,71270,PINK CRYSTAL GUITAR PHONE CHARM,18,2019-07-23 11:14:00,1.25,18097,Australia,False,False,22.5
537560,84406B,CREAM CUPID HEARTS COAT HANGER,2,2019-08-27 16:54:00,2.86,18247,France,False,False,5.72
536263,21755,LOVE BUILDING BLOCK WORD,19,2019-12-11 03:25:00,6.5,12671,Switzerland,False,False,123.5
537429,71270,PINK CRYSTAL GUITAR PHONE CHARM,12,2019-06-21 00:00:00,1.22,12367,Netherlands,False,False,14.64
537202,84879,ASSORTED COLOUR BIRD ORNAMENT,8,2019-12-15 08:08:00,1.76,16610,Belgium,False,False,14.08
537274,22423,REGENCY CAKESTAND 3 TIER,15,2019-12-18 00:00:00,12.51,17741,United Kingdom,False,False,187.65
536753,22423,REGENCY CAKESTAND 3 TIER,3,2019-09-16 00:00:00,11.83,16534,Belgium,False,False,35.49
537535,22752,SET 7 BABUSHKA NESTING BOXES,10,2019-11-22 15:14:00,7.66,12504,Netherlands,False,False,76.6
536936,71270,PINK CRYSTAL GUITAR PHONE CHARM,2,2019-07-18 00:00:00,1.33,13443,Netherlands,False,False,2.66
537172,21755,LOVE BUILDING BLOCK WORD,10,2019-10-13 11:04:00,6.03,12905,EIRE,False,False,60.3
536244,22423,REGENCY CAKESTAND 3 TIER,11,2019-12-04 16:00:00,13.72,17022,Spain,False,False,150.92
537627,71053,WHITE METAL LANTERN,11,2019-02-24 22:32:00,3.54,17586,Portugal,False,False,38.94
537319,21755,LOVE BUILDING BLOCK WORD,18,2019-01-16 00:39:00,6.07,17165,Switzerland,False,False,109.26
536711,22423,REGENCY CAKESTAND 3 TIER,4,2019-01-07 17:44:00,13.85,16113,France,False,False,55.4
536648,22752,SET 7 BABUSHKA NESTING BOXES,4,2019-08-31 04:50:00,8.22,15474,Switzerland,False,False,32.88
536759,71053,WHITE METAL LANTERN,3,2019-12-30 14:50:00,3.44,17195,Portugal,False,False,10.32
536219,84406B,CREAM CUPID HEARTS COAT HANGER,9,2019-04-02 19:45:00,2.59,14590,Germany,False,False,23.31
536810,85123A,WHITE HANGING HEART T-LIGHT HOLDER,14,2019-01-11 11:34:00,2.8,12632,EIRE,False,False,39.2
537250,71270,PINK CRYSTAL GUITAR PHONE CHARM,10,2019-11-26 00:00:00,1.17,13985,Australia,False,False,11.7
536842,84879,ASSORTED COLOUR BIRD ORNAMENT,7,2019-06-09 00:15:00,1.81,,Spain,False,True,12.67
537464,71270,PINK CRYSTAL GUITAR PHONE CHARM,12,2019-10-06 14:07:00,1.32,12453,Netherlands,False,False,15.84
536214,22752,SET 7 BABUSHKA NESTING BOXES,13,2019-05-18 00:22:00,8.41,16258,Netherlands,False,False,109.33
536056,71053,WHITE METAL LANTERN,19,2019-09-26 14:17:00,3.53,12704,EIRE,False,False,67.07
536505,85123A,WHITE HANGING HEART T-LIGHT HOLDER,6,2019-05-02 22:02:00,2.36,12792,United Kingdom,False,False,14.16
536600,85123A,WHITE HANGING HEART T-LIGHT HOLDER,8,2019-11-17 00:08:00,16.24,15548,Australia,False,False,129.92
537131,84879,ASSORTED COLOUR BIRD ORNAMENT,8,2019-12-29 20:34:00,1.85,15181,France,False,False,14.8
536639,22752,SET 7 BABUSHKA NESTING BOXES,13,2019-07-14 23:48:00,7.67,13853,Germany,False,False,99.71
536090,71053,WHITE METAL LANTERN,10,2019-09-13 05:45:00,3.36,,Belgium,False,True,33.6
536822,21730,GLASS STAR FROSTED T-LIGHT HOLDER,13,2019-09-18 04:51:00,4.04,14456,EIRE,False,False,52.52
537587,84406B,CREAM CUPID HEARTS COAT HANGER,7,2019-11-26 10:09:00,2.79,,Germany,False,True,19.53
536355,22423,REGENCY CAKESTAND 3 TIER,14,2019-04-27 10:08:00,12.78,,Portugal,False,True,178.92
536164,21755,LOVE BUILDING BLOCK WORD,9,2019-07-10 17:37:00,6.48,12927,France,False,False,58.32
536637,22423,REGENCY CAKESTAND 3 TIER,7,2019-09-10 00:00:00,13.26,17350,France,False,False,92.82
537215,22752,SET 7 BABUSHKA NESTING BOXES,15,2019-04-30 17:32:00,7.35,13181,France,False,False,110.25
536012,71270,PINK CRYSTAL GUITAR PHONE CHARM,3,2019-04-26 00:00:00,1.26,16302,Belgium,False,False,3.78
536102,21755,LOVE BUILDING BLOCK WORD,4,2019-02-04 00:00:00,6.41,17277,Spain,False,False,25.64
537246,85123A,WHITE HANGING HEART T-LIGHT HOLDER,5,2019-11-18 01:19:00,2.36,15558,Australia,False,False,11.8
537367,71270,PINK CRYSTAL GUITAR PHONE CHARM,15,2019-03-14 03:41:00,1.24,13070,Switzerland,False,False,18.6
537050,71053,WHITE METAL LANTERN,6,2019-07-17 00:00:00,3.63,17808,Germany,False,False,21.78
536943,71053,WHITE METAL LANTERN,7,2019-03-10 16:37:00,3.06,,France,False,True,21.42
536260,85123A,WHITE HANGING HEART T-LIGHT HOLDER,4,2019-04-11 13:00:00,2.39,13849,Germany,False,False,9.56
536178,22423,REGENCY CAKESTAND 3 TIER,6,2019-01-25 00:00:00,13.45,16703,Portugal,False,False,80.7
536194,21730,GLASS STAR FROSTED T-LIGHT HOLDER,16,2019-09-26 10:16:00,3.94,12915,Belgium,False,False,63.04
537381,71270,PINK CRYSTAL GUITAR PHONE CHARM,14,2019-01-30 00:00:00,1.16,14965,EIRE,False,False,16.24
C537265,21730,GLASS STAR FROSTED T-LIGHT HOLDER,-19,2019-06-01 00:56:00,4.22,18024,Portugal,True,False,-80.18
537608,21755,LOVE BUILDING BLOCK WORD,5,2019-03-08 09:35:00,6.01,14088,Portugal,False,False,30.05
537643,22423,REGENCY CAKESTAND 3 TIER,9,2019-06-13 07:37:00,13.52,15265,EIRE,False,False,121.68
536953,22752,SET 7 BABUSHKA NESTING BOXES,6,2019-06-02 18:55:00,6.92,17437,France,False,False,41.52
536105,85123A,WHITE HANGING HEART T-LIGHT HOLDER,11,2019-12-04 04:05:00,2.71,17106,Australia,False,False,29.81
536732,22752,SET 7 BABUSHKA NESTING BOXES,7,2019-10-21 21:14:00,8.14,13735,Portugal,False,False,56.98
536854,85123A,WHITE HANGING HEART T-LIGHT HOLDER,17,2019-06-15 09:01:00,2.5,16967,Australia,False,False,42.5
537514,85123A,WHITE HANGING HEART T-LIGHT HOLDER,1,2019-10-02 20:02:00,2.52,12560,Portugal,False,False,2.52
537607,85123A,WHITE HANGING HEART T-LIGHT HOLDER,5,2019-06-16 16:32:00,2.73,14547,Spain,False,False,13.65
536598,21730,GLASS STAR FROSTED T-LIGHT HOLDER,3,2019-12-24 00:00:00,4.65,15831,EIRE,False,False,13.95
537564,84406B,CREAM CUPID HEARTS COAT HANGER,5,2019-07-31 00:00:00,2.77,,Spain,False,True,13.85
537425,84879,ASSORTED COLOUR BIRD ORNAMENT,9,2019-11-29 12:38:00,1.72,13579,Switzerland,False,False,15.48
536090,22423,REGENCY CAKESTAND 3 TIER,19,2019-12-30 18:21:00,13.37,13731,Switzerland,False,False,254.03
536182,21730,GLASS STAR FROSTED T-LIGHT HOLDER,14,2019-05-03 14:20:00,3.88,13419,Portugal,False,False,54.32
536564,22752,SET 7 BABUSHKA NESTING BOXES,16,2019-01-15 00:00:00,7.48,12871,Netherlands,False,False,119.68
537175,22423,REGENCY CAKESTAND 3 TIER,2,2019-06-24 21:45:00,12.09,15887,Australia,False,False,24.18
537004,22960,JAM MAKING SET WITH JARS,11,2019-05-19 12:06:00,5.15,15857,Germany,False,False,56.65
537610,84406B,CREAM CUPID HEARTS COAT HANGER,5,2019-01-22 17:28:00,3.02,17318,Belgium,False,False,15.1
536796,22960,JAM MAKING SET WITH JARS,13,2019-07-14 01:22:00,4.59,15044,Belgium,False,False,59.67
537292,84879,ASSORTED COLOUR BIRD ORNAMENT,4,2019-06-03 22:16:00,1.79,15667,Belgium,False,False,7.16
536298,71053,WHITE METAL LANTERN,16,2019-09-23 17:53:00,3.23,13267,United Kingdom,False,False,51.68
536666,21730,GLASS STAR FROSTED T-LIGHT HOLDER,3,2019-03-14 05:34:00,4.23,16293,Australia,False,False,12.69
536707,84406B,CREAM CUPID HEARTS COAT HANGER,16,2019-05-05 04:58:00,2.86,15553,Australia,False,False,45.76
537385,84406B,CREAM CUPID HEARTS COAT HANGER,3,2019-09-19 00:21:00,2.49,12633,Germany,False,False,7.47
536415,84406B,CREAM CUPID HEARTS COAT HANGER,18,2019-06-15 00:09:00,2.53,14381,Portugal,False,False,45.54
536419,21730,GLASS STAR FROSTED T-LIGHT HOLDER,18,2019-07-25 21:13:00,3.99,17999,Switzerland,False,False,71.82
536269,22752,SET 7 BABUSHKA NESTING BOXES,19,2019-03-30 08:31:00,7.32,16607,EIRE,False,False,139.08
536349,22423,REGENCY CAKESTAND 3 TIER,3,2019-09-03 04:12:00,13.73,17662,Germany,False,False,41.19
536626,21730,GLASS STAR FROSTED T-LIGHT HOLDER,2,2019-06-24 17:11:00,4.42,16974,Netherlands,False,False,8.84
C536959,22752,SET 7 BABUSHKA NESTING BOXES,5170,2019-06-01 05:31:00,7.54,15652,Netherlands,True,False,38981.8
536035,84406B,CREAM CUPID HEARTS COAT HANGER,2,2019-12-20 00:00:00,2.92,13060,Switzerland,False,False,5.84
536224,85123A,WHITE HANGING HEART T-LIGHT HOLDER,17,2019-07-01 20:59:00,2.8,,Germany,False,True,47.6
537502,21730,GLASS STAR FROSTED T-LIGHT HOLDER,17,2019-07-31 00:00:00,4.62,12425,Germany,False,False,78.54
537444,71270,PINK CRYSTAL GUITAR PHONE CHARM,5,2019-07-25 00:38:00,1.34,14296,Portugal,False,False,6.7
536510,22423,REGENCY CAKESTAND 3 TIER,11,2019-02-07 06:53:00,11.77,14324,Belgium,False,False,129.47
536618,71053,WHITE METAL LANTERN,3,2019-02-16 06:47:00,3.19,16501,Spain,False,False,9.57
536070,22423,REGENCY CAKESTAND 3 TIER,2,2019-08-28 00:00:00,13.74,13296,Belgium,False,False,27.48
537049,22752,SET 7 BABUSHKA NESTING BOXES,10,2019-01-06 15:22:00,8.06,17717,Portugal,False,False,80.6
536752,84879,ASSORTED COLOUR BIRD ORNAMENT,14,2019-03-19 18:15:00,1.7,12523,Portugal,False,False,23.8
536701,84406B,CREAM CUPID HEARTS COAT HANGER,6,2019-07-12 15:44:00,2.94,16228,Australia,False,False,17.64
537089,21755,LOVE BUILDING BLOCK WORD,11,2019-03-24 00:23:00,5.64,16535,Portugal,False,False,62.04
537601,22960,JAM MAKING SET WITH JARS,5,2019-11-24 08:18:00,4.48,12373,Belgium,False,False,22.4
536657,22752,SET 7 BABUSHKA NESTING BOXES,2,2019-11-28 00:00:00,7.11,17006,Belgium,False,False,14.22
536500,71270,PINK CRYSTAL GUITAR PHONE CHARM,2,2019-08-14 15:43:00,1.25,18179,Portugal,False,False,2.5
537394,22752,SET 7 BABUSHKA NESTING BOXES,17,2019-12-30 02:29:00,8.13,15984,Netherlands,False,False,138.21
536215,21730,GLASS STAR FROSTED T-LIGHT HOLDER,1,2019-11-13 08:01:00,4.2,13561,Germany,False,False,4.2
537211,21755,LOVE BUILDING BLOCK WORD,12,2019-12-06 21:54:00,5.69,13077,Belgium,False,False,68.28
536257,84879,ASSORTED COLOUR BIRD ORNAMENT,15,2019-12-06 04:55:00,1.63,15105,Spain,False,False,24.45
536234,84406B,CREAM CUPID HEARTS COAT HANGER,14,2019-06-12 00:00:00,2.5,15174,Netherlands,False,False,35.0
537195,84879,ASSORTED COLOUR BIRD ORNAMENT,19,2019-04-08 00:08:00,1.81,12895,Switzerland,False,False,34.39
536416,22423,REGENCY CAKESTAND 3 TIER,4,2019-12-30 08:28:00,12.68,15705,Belgium,False,False,50.72
536824,21755,LOVE BUILDING BLOCK WORD,1,2019-02-26 13:47:00,6.44,16820,Netherlands,False,False,6.44
536620,21730,GLASS STAR FROSTED T-LIGHT HOLDER,17,2019-11-08 17:08:00,4.52,16703,Germany,False,False,76.84
536236,22423,REGENCY CAKESTAND 3 TIER,13,2019-07-10 00:00:00,12.16,15977,United Kingdom,False,False,158.08
536890,21755,LOVE BUILDING BLOCK WORD,10,2019-09-25 20:59:00,6.53,15821,Netherlands,False,False,65.3
536487,71053,WHITE METAL LANTERN,9,2019-09-15 22:35:00,3.65,17548,France,False,False,32.85
536494,85123A,WHITE HANGING HEART T-LIGHT HOLDER,5,2019-08-21 15:44:00,2.5,18081,Portugal,False,False,12.5
536848,71270,PINK CRYSTAL GUITAR PHONE CHARM,17,2019-11-09 05:06:00,1.28,14018,United Kingdom,False,False,21.76
536076,22752,SET 7 BABUSHKA NESTING BOXES,2,2019-09-29 14:48:00,8.18,14737,Netherlands,False,False,16.36
536452,22423,REGENCY CAKESTAND 3 TIER,18,2019-12-04 22:48:00,13.12,14106,Portugal,False,False,236.16
537003,22960,JAM MAKING SET WITH JARS,3,2019-06-08 00:00:00,5.15,,EIRE,False,True,15.45
536283,85123A,WHITE HANGING HEART T-LIGHT HOLDER,17,2019-05-31 12:22:00,2.71,14538,France,False,False,46.07
536334,22960,JAM MAKING SET WITH JARS,45,2019-12-18 02:06:00,4.9,14272,Switzerland,False,False,220.5
536665,22960,JAM MAKING SET WITH JARS,15,2019-10-25 22:40:00,4.65,16273,Australia,False,False,69.75
536611,71053,WHITE METAL LANTERN,13,2019-01-12 00:00:00,3.38,16312,Australia,False,False,43.94
537324,22423,REGENCY CAKESTAND 3 TIER,7,2019-02-26 00:00:00,13.22,13197,Portugal,False,False,92.54
536438,84879,ASSORTED COLOUR BIRD ORNAMENT,8,2019-09-25 07:52:00,1.54,17646,Portugal,False,False,12.32
537109,22960,JAM MAKING SET WITH JARS,3,2019-10-02 13:45:00,4.77,15305,Belgium,False,False,14.31
536541,21730,GLASS STAR FROSTED T-LIGHT HOLDER,17,2019-04-29 00:00:00,3.96,12876,United Kingdom,False,False,67.32
536493,71270,PINK CRYSTAL GUITAR PHONE CHARM,9,2019-02-20 17:55:00,1.13,17229,EIRE,False,False,10.17
537277,22752,SET 7 BABUSHKA NESTING BOXES,1,2019-01-08 05:33:00,7.75,,United Kingdom,False,True,7.75
536426,21755,LOVE BUILDING BLOCK WORD,15,2019-01-31 02:48:00,6.47,12493,Australia,False,False,97.05
537026,71270,PINK CRYSTAL GUITAR PHONE CHARM,9,2019-01-06 02:29:00,1.23,16838,EIRE,False,False,11.07
536607,71053,WHITE METAL LANTERN,16,2019-07-15 15:30:00,3.15,16074,Australia,False,False,50.4
536351,85123A,WHITE HANGING HEART T-LIGHT HOLDER,9,2019-07-24 13:37:00,2.35,12856,Germany,False,False,21.15
537381,21730,GLASS STAR FROSTED T-LIGHT HOLDER,15,2019-05-12 00:19:00,4.56,12992,Portugal,False,False,68.4
536158,22423,REGENCY CAKESTAND 3 TIER,12,2019-01-09 20:22:00,11.53,12955,Germany,False,False,138.36
536760,21730,GLASS STAR FROSTED T-LIGHT HOLDER,6,2019-01-13 02:14:00,4.38,12598,Switzerland,False,False,26.28
537237,22960,JAM MAKING SET WITH JARS,1,2019-10-11 05:01:00,4.62,18243,Spain,False,False,4.62
537048,22752,SET 7 BABUSHKA NESTING BOXES,13,2019-06-01 01:25:00,7.39,14836,Spain,False,False,96.07
536111,71053,WHITE METAL LANTERN,2,2019-07-04 11:33:00,3.6,13798,Netherlands,False,False,7.2
536872,21730,GLASS STAR FROSTED T-LIGHT HOLDER,9,2019-10-17 05:39:00,4.04,14533,Netherlands,False,False,36.36
537220,21730,GLASS STAR FROSTED T-LIGHT HOLDER,17,2019-05-06 14:21:00,4.38,16321,Germany,False,False,74.46
536029,71053,WHITE METAL LANTERN,11,2019-06-23 00:00:00,3.44,16381,Netherlands,False,False,37.84
536291,84406B,CREAM CUPID HEARTS COAT HANGER,14,2019-05-05 09:24:00,2.89,14818,Portugal,False,False,40.46
536181,21730,GLASS STAR FROSTED T-LIGHT HOLDER,10,2019-10-07 08:26:00,3.95,15960,Netherlands,False,False,39.5
537000,22423,REGENCY CAKESTAND 3 TIER,10,2019-11-22 01:48:00,12.38,13987,Australia,False,False,123.8
536920,22752,SET 7 BABUSHKA NESTING BOXES,19,2019-01-14 17:43:00,7.39,12782,France,False,False,140.41
536621,71270,PINK CRYSTAL GUITAR PHONE CHARM,10,2019-09-28 00:55:00,1.27,15860,Australia,False,False,12.7
536626,84879,ASSORTED COLOUR BIRD ORNAMENT,2,2019-01-14 00:00:00,1.64,17904,Germany,False,False,3.28
537644,71270,PINK CRYSTAL GUITAR PHONE CHARM,6,2019-08-21 15:07:00,1.36,13513,Netherlands,False,False,8.16
536308,71270,PINK CRYSTAL GUITAR PHONE CHARM,2,2019-08-30 07:57:00,1.16,13777,Belgium,False,False,2.32
536106,84406B,CREAM CUPID HEARTS COAT HANGER,4,2019-10-19 20:47:00,2.53,12530,Netherlands,False,False,10.12
536292,71053,WHITE METAL LANTERN,19,2019-06-12 22:03:00,3.71,17644,Switzerland,False,False,70.49
537331,21730,GLASS STAR FROSTED T-LIGHT HOLDER,9,2019-05-02 01:49:00,4.57,16992,Australia,False,False,41.13
537082,22423,REGENCY CAKESTAND 3 TIER,8,2019-02-19 21:52:00,13.24,16980,United Kingdom,False,False,105.92
537026,21730,GLASS STAR FROSTED T-LIGHT HOLDER,4,2019-07-22 16:11:00,4.24,17129,EIRE,False,False,16.96
537253,85123A,WHITE HANGING HEART T-LIGHT HOLDER,12,2019-06-07 02:14:00,2.75,16467,EIRE,False,False,33.0
537549,22960,JAM MAKING SET WITH JARS,2,2019-05-26 07:51:00,4.46,14319,EIRE,False,False,8.92
537411,22423,REGENCY CAKESTAND 3 TIER,15,2019-10-20 20:25:00,12.93,16167,United Kingdom,False,False,193.95
537419,71053,WHITE METAL LANTERN,19,2019-09-04 03:29:00,3.15,,Switzerland,False,True,59.85
536539,21755,LOVE BUILDING BLOCK WORD,19,2019-07-30 02:45:00,6.03,12389,United Kingdom,False,False,114.57
537242,84879,ASSORTED COLOUR BIRD ORNAMENT,7,2019-09-18 15:39:00,1.74,14169,Germany,False,False,12.18
537629,84406B,CREAM CUPID HEARTS COAT HANGER,11,2019-03-06 04:59:00,2.57,14978,France,False,False,28.27
536348,71053,WHITE METAL LANTERN,14,2019-11-18 16:47:00,3.14,14408,Spain,False,False,43.96
536583,21730,GLASS STAR FROSTED T-LIGHT HOLDER,15,2019-07-08 14:22:00,4.59,13471,Netherlands,False,False,68.85
537292,84879,ASSORTED COLOUR BIRD ORNAMENT,19,2019-09-11 03:54:00,1.65,15233,France,False,False,31.35
537305,21730,GLASS STAR FROSTED T-LIGHT HOLDER,5,2019-03-20 19:42:00,4.11,17174,United Kingdom,False,False,20.55
C536347,21730,GLASS STAR FROSTED T-LIGHT HOLDER,-19,2019-09-18 18:56:00,4.08,13109,Netherlands,True,False,-77.52
537003,21730,GLASS STAR FROSTED T-LIGHT HOLDER,2,2019-07-21 00:00:00,4.51,14228,United Kingdom,False,False,9.02
537096,85123A,WHITE HANGING HEART T-LIGHT HOLDER,1,2019-05-21 19:51:00,2.4,13128,Germany,False,False,2.4
536688,71270,PINK CRYSTAL GUITAR PHONE CHARM,15,2019-08-31 00:00:00,1.19,12403,Netherlands,False,False,17.85
536988,21755,LOVE BUILDING BLOCK WORD,5,2019-05-20 14:48:00,6.0,17095,Netherlands,False,False,30.0
536213,22960,JAM MAKING SET WITH JARS,12,2019-06-23 00:00:00,4.85,16659,United Kingdom,False,False,58.2
536045,84879,ASSORTED COLOUR BIRD ORNAMENT,15,2019-06-25 00:00:00,1.67,,Germany,False,True,25.05
536293,71270,PINK CRYSTAL GUITAR PHONE CHARM,10,2019-11-04 02:37:00,1.34,15885,EIRE,False,False,13.4
536658,71270,PINK CRYSTAL GUITAR PHONE CHARM,19,2019-05-19 14:51:00,1.17,18009,Portugal,False,False,22.23
536527,22960,JAM MAKING SET WITH JARS,12,2019-11-07 00:00:00,4.64,16787,Netherlands,False,False,55.68
536365,84879,ASSORTED COLOUR BIRD ORNAMENT,14,2019-07-16 00:00:00,1.72,13071,Switzerland,False,False,24.08
537570,85123A,WHITE HANGING HEART T-LIGHT HOLDER,6,2019-06-25 20:43:00,2.52,12414,Portugal,False,False,15.12
536464,21755,LOVE BUILDING BLOCK WORD,4,2019-01-23 03:33:00,6.4,17176,United Kingdom,False,False,25.6
536694,22423,REGENCY CAKESTAND 3 TIER,2,2019-03-04 05:06:00,12.97,14035,Belgium,False,False,25.94
536422,84406B,CREAM CUPID HEARTS COAT HANGER,18,2019-12-25 00:00:00,2.76,12593,EIRE,False,False,49.68
537410,71270,PINK CRYSTAL GUITAR PHONE CHARM,14,2019-08-03 23:06:00,1.37,16513,France,False,False,19.18
536858,22752,SET 7 BABUSHKA NESTING BOXES,15,2019-04-11 13:59:00,7.53,17505,Australia,False,False,112.95
536711,85123A,WHITE HANGING HEART T-LIGHT HOLDER,4,2019-04-15 07:32:00,2.3,18113,Australia,False,False,9.2
C536501,22423,REGENCY CAKESTAND 3 TIER,-1,2019-07-17 02:53:00,13.07,16613,United Kingdom,True,False,-13.07
C537122,71270,PINK CRYSTAL GUITAR PHONE CHARM,-3,2019-09-04 15:37:00,1.19,17274,Switzerland,True,False,-3.57
537243,22960,JAM MAKING SET WITH JARS,15,2019-05-31 19:37:00,4.7,,Spain,False,True,70.5
536049,22752,SET 7 BABUSHKA NESTING BOXES,6,2019-07-26 00:10:00,7.8,,France,False,True,46.8
536101,21730,GLASS STAR FROSTED T-LIGHT HOLDER,11,2019-10-03 06:29:00,4.15,13131,Netherlands,False,False,45.65
536641,21730,GLASS STAR FROSTED T-LIGHT HOLDER,7,2019-03-19 02:40:00,4.53,13768,Netherlands,False,False,31.71
537603,22960,JAM MAKING SET WITH JARS,13,2019-12-13 09:47:00,4.69,16751,Belgium,False,False,60.97
536879,71053,WHITE METAL LANTERN,11,2019-09-05 22:11:00,3.41,13514,France,False,False,37.51
536634,21730,GLASS STAR FROSTED T-LIGHT HOLDER,6,2019-03-08 17:25:00,4.41,17982,Portugal,False,False,26.46
537567,21755,LOVE BUILDING BLOCK WORD,16,2019-06-22 18:09:00,6.04,16447,Switzerland,False,False,96.64
537431,71270,PINK CRYSTAL GUITAR PHONE CHARM,12,2019-12-04 00:00:00,1.31,17820,United Kingdom,False,False,15.72
537280,84879,ASSORTED COLOUR BIRD ORNAMENT,6,2019-02-11 00:00:00,1.62,15298,United Kingdom,False,False,9.72
537491,84879,ASSORTED COLOUR BIRD ORNAMENT,19,2019-10-10 04:11:00,1.59,15298,Australia,False,False,30.21
536589,22960,JAM MAKING SET WITH JARS,6,2019-04-02 19:07:00,4.98,14690,Spain,False,False,29.88
536958,21755,LOVE BUILDING BLOCK WORD,10,2019-12-31 11:17:00,5.97,17075,Belgium,False,False,59.7
536746,22752,SET 7 BABUSHKA NESTING BOXES,5,2019-04-10 16:57:00,7.46,15209,Netherlands,False,False,37.3
536161,22960,JAM MAKING SET WITH JARS,15,2019-03-22 17:04:00,5.26,12618,Germany,False,False,78.9
536426,22960,JAM MAKING SET WITH JARS,12,2019-02-08 10:21:00,4.76,13888,Netherlands,False,False,57.12
537226,71270,PINK CRYSTAL GUITAR PHONE CHARM,17,2019-03-29 17:20:00,1.18,17562,Belgium,False,False,20.06
536263,85123A,WHITE HANGING HEART T-LIGHT HOLDER,12,2019-03-26 02:18:00,2.65,12741,Germany,False,False,31.8
C536400,22752,SET 7 BABUSHKA NESTING BOXES,-16,2019-01-30 09:48:00,8.0,,Netherlands,True,True,-128.0
537304,21730,GLASS STAR FROSTED T-LIGHT HOLDER,12,2019-10-03 00:00:00,3.97,13584,Switzerland,False,False,47.64
536787,84406B,CREAM CUPID HEARTS COAT HANGER,5,2019-03-16 22:36:00,2.67,14305,France,False,False,13.35
537023,21730,GLASS STAR FROSTED T-LIGHT HOLDER,18,2019-06-09 00:00:00,4.39,17603,Belgium,False,False,79.02
537143,71053,WHITE METAL LANTERN,13,2019-03-21 14:43:00,3.22,13195,United Kingdom,False,False,41.86
537662,71053,WHITE METAL LANTERN,1,2019-07-25 16:08:00,3.49,16617,United Kingdom,False,False,3.49
537625,71053,WHITE METAL LANTERN,18,2019-10-31 16:19:00,3.41,13668,Belgium,False,False,61.38
536863,71270,PINK CRYSTAL GUITAR PHONE CHARM,2,2019-11-23 19:00:00,1.18,14506,Spain,False,False,2.36
536903,84406B,CREAM CUPID HEARTS COAT HANGER,15,2019-02-16 05:51:00,2.82,16940,Portugal,False,False,42.3
536509,22752,SET 7 BABUSHKA NESTING BOXES,8,2019-07-14 00:00:00,7.09,15102,United Kingdom,False,False,56.72
536936,22423,REGENCY CAKESTAND 3 TIER,9,2019-09-24 17:45:00,13.41,16198,Germany,False,False,120.69
536228,22423,REGENCY CAKESTAND 3 TIER,2,2019-07-14 04:11:00,13.63,13612,Switzerland,False,False,27.26
536517,84406B,CREAM CUPID HEARTS COAT HANGER,3,2019-05-22 09:29:00,2.85,12815,France,False,False,8.55
537418,84406B,CREAM CUPID HEARTS COAT HANGER,12,2019-05-31 01:05:00,2.49,14702,Switzerland,False,False,29.88
537290,85123A,WHITE HANGING HEART T-LIGHT HOLDER,2,2019-04-24 02:50:00,2.72,12915,Belgium,False,False,5.44
536186,22752,SET 7 BABUSHKA NESTING BOXES,6,2019-06-21 00:00:00,6.98,15574,France,False,False,41.88
536750,21755,LOVE BUILDING BLOCK WORD,17,2019-01-14 11:44:00,5.65,15281,United Kingdom,False,False,96.05
537573,71053,WHITE METAL LANTERN,2,2019-01-06 11:39:00,3.1,16772,Spain,False,False,6.2
537166,84406B,CREAM CUPID HEARTS COAT HANGER,11,2019-04-24 16:15:00,2.87,18089,France,False,False,31.57
536896,71270,PINK CRYSTAL GUITAR PHONE CHARM,16,2019-09-01 22:18:00,1.25,14284,Australia,False,False,20.0
537402,71270,PINK CRYSTAL GUITAR PHONE CHARM,3,2019-08-07 20:47:00,1.33,15367,Spain,False,False,3.99
537636,22960,JAM MAKING SET WITH JARS,14,2019-03-16 08:54:00,5.31,,Belgium,False,True,74.34
537126,84406B,CREAM CUPID HEARTS COAT HANGER,7,2019-01-17 09:59:00,2.53,18098,Netherlands,False,False,17.71
537064,84406B,CREAM CUPID HEARTS COAT HANGER,14,2019-04-08 11:15:00,2.49,16917,United Kingdom,False,False,34.86
536482,71270,PINK CRYSTAL GUITAR PHONE CHARM,5,2019-10-24 21:06:00,1.31,18116,Portugal,False,False,6.55
536650,84406B,CREAM CUPID HEARTS COAT HANGER,18,2019-10-16 00:00:00,2.49,17462,Netherlands,False,False,44.82
C536307,22960,JAM MAKING SET WITH JARS,-12,2019-09-08 00:56:00,4.83,13755,Belgium,True,False,-57.96
536541,22960,JAM MAKING SET WITH JARS,9,2019-03-09 08:58:00,4.92,13735,Netherlands,False,False,44.28
536103,22960,JAM MAKING SET WITH JARS,17,2019-05-06 08:39:00,4.77,,United Kingdom,False,True,81.09
536439,22423,REGENCY CAKESTAND 3 TIER,11,2019-09-29 00:00:00,13.31,15713,Switzerland,False,False,146.41
537177,21730,GLASS STAR FROSTED T-LIGHT HOLDER,13,2019-10-30 00:00:00,4.62,12596,Netherlands,False,False,60.06
536554,22960,JAM MAKING SET WITH JARS,13,2019-04-17 12:30:00,4.97,17800,EIRE,False,False,64.61
536271,85123A,WHITE HANGING HEART T-LIGHT HOLDER,2,2019-04-19 01:43:00,2.65,12431,Spain,False,False,5.3
537524,21730,GLASS STAR FROSTED T-LIGHT HOLDER,6,2019-01-06 19:29:00,4.11,12909,Germany,False,False,24.66
536755,21730,GLASS STAR FROSTED T-LIGHT HOLDER,4,2019-04-09 08:36:00,4.34,14307,Netherlands,False,False,17.36
536491,21730,GLASS STAR FROSTED T-LIGHT HOLDER,10,2019-07-13 00:39:00,4.55,16502,Switzerland,False,False,45.5
536591,71270,PINK CRYSTAL GUITAR PHONE CHARM,16,2019-11-29 16:13:00,1.32,12555,France,False,False,21.12
537553,21730,GLASS STAR FROSTED T-LIGHT HOLDER,4,2019-10-11 16:54:00,3.89,16451,France,False,False,15.56
536364,22752,SET 7 BABUSHKA NESTING BOXES,10,2019-12-10 14:10:00,7.14,13595,Germany,False,False,71.4
537392,22423,REGENCY CAKESTAND 3 TIER,8,2019-05-08 08:05:00,12.56,18001,Spain,False,False,100.48
536650,22423,REGENCY CAKESTAND 3 TIER,4,2019-11-18 08:29:00,13.53,16486,Spain,False,False,54.12
537294,71270,PINK CRYSTAL GUITAR PHONE CHARM,10,2019-01-29 14:07:00,1.13,17426,Australia,False,False,11.3
537519,85123A,WHITE HANGING HEART T-LIGHT HOLDER,15,2019-06-21 00:00:00,2.68,15748,Belgium,False,False,40.2
537658,22423,REGENCY CAKESTAND 3 TIER,7,2019-09-12 22:49:00,12.48,14403,France,False,False,87.36
536933,84879,ASSORTED COLOUR BIRD ORNAMENT,14,2019-11-07 16:02:00,1.56,17608,Germany,False,False,21.84
536413,22752,SET 7 BABUSHKA NESTING BOXES,17,2019-01-30 08:39:00,7.26,16338,Switzerland,False,False,123.42
536109,22423,REGENCY CAKESTAND 3 TIER,11,2019-05-03 17:50:00,11.54,13243,Portugal,False,False,126.94
537034,22423,REGENCY CAKESTAND 3 TIER,13,2019-10-24 16:23:00,12.98,12909,Switzerland,False,False,168.74
C536080,21730,GLASS STAR FROSTED T-LIGHT HOLDER,-11,2019-03-02 06:04:00,4.0,17540,United Kingdom,True,False,-44.0
537575,21730,GLASS STAR FROSTED T-LIGHT HOLDER,4,2019-01-31 01:55:00,4.27,17014,EIRE,False,False,17.08
536752,22423,REGENCY CAKESTAND 3 TIER,1,2019-05-12 08:04:00,11.68,15433,Australia,False,False,11.68
536939,71053,WHITE METAL LANTERN,19,2019-05-07 01:30:00,3.19,17689,EIRE,False,False,60.61
537274,71270,PINK CRYSTAL GUITAR PHONE CHARM,3,2019-08-10 01:53:00,1.17,13284,Australia,False,False,3.51
536251,22752,SET 7 BABUSHKA NESTING BOXES,15,2019-07-12 00:00:00,7.95,17552,Switzerland,False,False,119.25
536521,22752,SET 7 BABUSHKA NESTING BOXES,9,2019-04-18 21:54:00,7.43,15793,Australia,False,False,66.87
536644,71270,PINK CRYSTAL GUITAR PHONE CHARM,15,2019-04-03 02:12:00,1.24,12559,Spain,False,False,18.6
537612,71270,PINK CRYSTAL GUITAR PHONE CHARM,16,2019-05-24 05:29:00,1.33,16266,United Kingdom,False,False,21.28
537164,21730,GLASS STAR FROSTED T-LIGHT HOLDER,1,2019-11-20 00:00:00,4.19,17456,Portugal,False,False,4.19
537007,71053,WHITE METAL LANTERN,2,2019-02-13 12:00:00,3.47,17073,France,False,False,6.94
536882,22752,SET 7 BABUSHKA NESTING BOXES,12,2019-05-20 19:15:00,7.54,12738,Spain,False,False,90.48
536618,71053,WHITE METAL LANTERN,15,2019-09-10 00:00:00,3.18,15555,Germany,False,False,47.7
537187,22423,REGENCY CAKESTAND 3 TIER,14,2019-01-16 21:47:00,11.51,17095,Australia,False,False,161.14
536654,21730,GLASS STAR FROSTED T-LIGHT HOLDER,4,2019-09-28 20:11:00,4.03,12622,Switzerland,False,False,16.12
536337,71053,WHITE METAL LANTERN,11,2019-08-27 19:52:00,3.36,14227,Portugal,False,False,36.96
536475,21755,LOVE BUILDING BLOCK WORD,2,2019-07-18 18:32:00,6.09,17630,Netherlands,False,False,12.18
537107,22423,REGENCY CAKESTAND 3 TIER,11,2019-07-31 18:24:00,14.02,,Netherlands,False,True,154.22
536431,22752,SET 7 BABUSHKA NESTING BOXES,13,2019-08-03 00:00:00,7.47,13798,Belgium,False,False,97.11
536155,21730,GLASS STAR FROSTED T-LIGHT HOLDER,13,2019-05-27 22:23:00,4.56,14261,France,False,False,59.28
537342,22423,REGENCY CAKESTAND 3 TIER,15,2019-04-25 00:33:00,13.84,17078,Spain,False,False,207.6
536058,22423,REGENCY CAKESTAND 3 TIER,15,2019-08-15 15:40:00,12.98,12494,France,False,False,194.7
536092,22752,SET 7 BABUSHKA NESTING BOXES,19,2019-12-12 03:41:00,7.18,12502,Spain,False,False,136.42
536356,71270,PINK CRYSTAL GUITAR PHONE CHARM,45,2019-11-24 06:56:00,1.34,15836,Switzerland,False,False,60.3
C536516,84879,ASSORTED COLOUR BIRD ORNAMENT,-4,2019-10-08 01:03:00,1.69,12979,Spain,True,False,-6.76
536341,84406B,CREAM CUPID HEARTS COAT HANGER,12,2019-05-02 16:28:00,2.82,15393,Australia,False,False,33.84
536944,71053,WHITE METAL LANTERN,5,2019-07-06 12:11:00,3.38,18252,France,False,False,16.9
536488,22423,REGENCY CAKESTAND 3 TIER,13,2019-05-16 19:49:00,12.32,15130,Switzerland,False,False,160.16
536571,71270,PINK CRYSTAL GUITAR PHONE CHARM,14,2019-05-01 03:20:00,1.23,12494,EIRE,False,False,17.22
537141,21730,GLASS STAR FROSTED T-LIGHT HOLDER,4,2019-07-12 00:00:00,4.12,12918,United Kingdom,False,False,16.48
536870,22423,REGENCY CAKESTAND 3 TIER,11,2019-09-12 20:20:00,11.57,17801,United Kingdom,False,False,127.27
536129,21755,LOVE BUILDING BLOCK WORD,6,2019-11-25 00:00:00,5.79,15550,Switzerland,False,False,34.74
536690,71270,PINK CRYSTAL GUITAR PHONE CHARM,9,2019-06-09 09:26:00,1.27,12997,Netherlands,False,False,11.43
537323,84406B,CREAM CUPID HEARTS COAT HANGER,1,2019-11-15 06:55:00,2.71,14488,Portugal,False,False,2.71
537165,22423,REGENCY CAKESTAND 3 TIER,12,2019-02-16 19:22:00,12.16,,Switzerland,False,True,145.92
536940,22960,JAM MAKING SET WITH JARS,17,2019-05-09 00:00:00,4.74,17039,Australia,False,False,80.58
536474,71053,WHITE METAL LANTERN,3,2019-09-01 20:29:00,3.66,15859,United Kingdom,False,False,10.98
537180,84406B,CREAM CUPID HEARTS COAT HANGER,11,2019-03-25 20:06:00,2.9,13313,France,False,False,31.9
C537649,84879,ASSORTED COLOUR BIRD ORNAMENT,-15,2019-01-30 03:14:00,1.68,14604,Belgium,True,False,-25.2
537191,22752,SET 7 BABUSHKA NESTING BOXES,3,2019-10-12 02:16:00,7.44,,Netherlands,False,True,22.32
536016,22423,REGENCY CAKESTAND 3 TIER,15,2019-07-02 00:00:00,13.95,14922,Germany,False,False,209.25
536629,84406B,CREAM CUPID HEARTS COAT HANGER,3,2019-04-26 21:13:00,2.48,15724,Belgium,False,False,7.44
537231,84879,ASSORTED COLOUR BIRD ORNAMENT,11,2019-09-09 13:51:00,1.73,16710,Portugal,False,False,19.03
537409,85123A,WHITE HANGING HEART T-LIGHT HOLDER,6,2019-07-19 00:01:00,2.37,14269,Germany,False,False,14.22
536160,21730,GLASS STAR FROSTED T-LIGHT HOLDER,1,2019-07-18 00:00:00,4.2,13817,Belgium,False,False,4.2
537131,21730,GLASS STAR FROSTED T-LIGHT HOLDER,19,2019-05-24 12:58:00,4.4,,Portugal,False,True,83.6
536750,22960,JAM MAKING SET WITH JARS,1,2019-10-25 02:50:00,5.15,17516,Netherlands,False,False,5.15
537387,84879,ASSORTED COLOUR BIRD ORNAMENT,16,2019-10-16 00:00:00,1.85,,Switzerland,False,True,29.6
536771,71270,PINK CRYSTAL GUITAR PHONE CHARM,14,2019-04-28 19:48:00,1.32,13501,France,False,False,18.48
536949,22423,REGENCY CAKESTAND 3 TIER,16,2019-06-12 00:00:00,13.3,14554,Australia,False,False,212.8
537034,21755,LOVE BUILDING BLOCK WORD,18,2019-01-16 15:07:00,6.48,17897,Australia,False,False,116.64
537375,84879,ASSORTED COLOUR BIRD ORNAMENT,11,2019-11-17 06:41:00,1.56,15899,Germany,False,False,17.16
537289,71053,WHITE METAL LANTERN,3,2019-08-21 05:21:00,3.17,,Spain,False,True,9.51
536821,71053,WHITE METAL LANTERN,3,2019-04-18 01:26:00,3.39,14862,Australia,False,False,10.17
536976,84879,ASSORTED COLOUR BIRD ORNAMENT,6,2019-03-03 13:51:00,1.76,15495,Australia,False,False,10.56
537368,84879,ASSORTED COLOUR BIRD ORNAMENT,14,2019-10-22 00:00:00,1.56,14478,Germany,False,False,21.84
536021,84879,ASSORTED COLOUR BIRD ORNAMENT,16,2019-11-18 01:35:00,1.56,15170,Netherlands,False,False,24.96
C537593,84879,ASSORTED COLOUR BIRD ORNAMENT,-6,2019-04-06 23:36:00,1.59,14657,United Kingdom,True,False,-9.54
536258,84406B,CREAM CUPID HEARTS COAT HANGER,13,2019-07-31 07:57:00,2.85,16566,Belgium,False,False,37.05
537391,21755,LOVE BUILDING BLOCK WORD,12,2019-09-29 20:50:00,5.53,17249,Spain,False,False,66.36
536911,22423,REGENCY CAKESTAND 3 TIER,15,2019-12-08 00:00:00,13.05,13325,Australia,False,False,195.75
536860,22423,REGENCY CAKESTAND 3 TIER,16,2019-11-15 05:22:00,12.82,,Netherlands,False,True,205.12
537161,85123A,WHITE HANGING HEART T-LIGHT HOLDER,12,2019-07-26 00:00:00,2.54,14954,Spain,False,False,30.48
537641,22752,SET 7 BABUSHKA NESTING BOXES,13,2019-07-27 01:44:00,6.89,16029,Belgium,False,False,89.57
536781,71270,PINK CRYSTAL GUITAR PHONE CHARM,19,2019-02-23 08:03:00,1.17,13117,Germany,False,False,22.23
536938,21755,LOVE BUILDING BLOCK WORD,11,2019-06-20 13:02:00,6.4,12692,France,False,False,70.4
537582,84406B,CREAM CUPID HEARTS COAT HANGER,16,2019-01-10 01:42:00,2.74,,EIRE,False,True,43.84
537342,22752,SET 7 BABUSHKA NESTING BOXES,12,2019-09-17 03:38:00,7.27,13091,Belgium,False,False,87.24
536241,21730,GLASS STAR FROSTED T-LIGHT HOLDER,19,2019-11-13 14:57:00,4.0,15688,Spain,False,False,76.0
537542,85123A,WHITE HANGING HEART T-LIGHT HOLDER,19,2019-07-29 09:33:00,2.41,17228,Switzerland,False,False,45.79
537536,85123A,WHITE HANGING HEART T-LIGHT HOLDER,19,2019-12-27 02:24:00,2.4,17097,Netherlands,False,False,45.6
537666,71053,WHITE METAL LANTERN,11,2019-03-29 00:00:00,3.63,12581,Germany,False,False,39.93
C537639,22960,JAM MAKING SET WITH JARS,-14,2019-03-24 03:04:00,4.5,18024,EIRE,True,False,-63.0
536578,84406B,CREAM CUPID HEARTS COAT HANGER,14,2019-07-05 13:09:00,2.75,14075,Netherlands,False,False,38.5
537041,85123A,WHITE HANGING HEART T-LIGHT HOLDER,9,2019-12-23 05:33:00,2.49,15791,France,False,False,22.41
536091,22960,JAM MAKING SET WITH JARS,6,2019-06-18 14:03:00,4.71,14499,Spain,False,False,28.26
536981,84879,ASSORTED COLOUR BIRD ORNAMENT,1,2019-09-20 08:40:00,1.64,12501,Australia,False,False,1.64
537605,71270,PINK CRYSTAL GUITAR PHONE CHARM,10,2019-11-13 15:34:00,1.27,,EIRE,False,True,12.7
537534,84406B,CREAM CUPID HEARTS COAT HANGER,6,2019-05-14 19:02:00,2.85,13290,Germany,False,False,17.1
536484,21730,GLASS STAR FROSTED T-LIGHT HOLDER,2,2019-10-25 00:00:00,4.47,16971,United Kingdom,False,False,8.94
536905,71270,PINK CRYSTAL GUITAR PHONE CHARM,8,2019-11-01 07:12:00,1.32,14305,France,False,False,10.56
537415,84879,ASSORTED COLOUR BIRD ORNAMENT,16,2019-03-30 03:41:00,1.59,16292,United Kingdom,False,False,25.44
536897,71270,PINK CRYSTAL GUITAR PHONE CHARM,16,2019-03-23 00:48:00,1.32,14998,EIRE,False,False,21.12
536922,84406B,CREAM CUPID HEARTS COAT HANGER,8,2019-10-03 23:08:00,2.69,14742,Germany,False,False,21.52
536072,84406B,CREAM CUPID HEARTS COAT HANGER,19,2019-10-21 00:00:00,2.68,17878,Portugal,False,False,50.92
536079,85123A,WHITE HANGING HEART T-LIGHT HOLDER,15,2019-04-14 11:46:00,2.56,15028,Netherlands,False,False,38.4
536377,22752,SET 7 BABUSHKA NESTING BOXES,14,2019-01-18 17:22:00,7.74,18089,Belgium,False,False,108.36
537595,22423,REGENCY CAKESTAND 3 TIER,14,2019-04-03 16:38:00,13.72,15892,Portugal,False,False,192.08
537088,84879,ASSORTED COLOUR BIRD ORNAMENT,1,2019-11-04 09:37:00,1.71,12759,Netherlands,False,False,1.71
536746,84406B,CREAM CUPID HEARTS COAT HANGER,13,2019-07-26 00:00:00,2.83,16135,Belgium,False,False,36.79
536461,84879,ASSORTED COLOUR BIRD ORNAMENT,10,2019-05-31 00:00:00,1.64,14582,Switzerland,False,False,16.4
537024,22752,SET 7 BABUSHKA NESTING BOXES,19,2019-05-31 04:51:00,6.95,15020,Germany,False,False,132.05
536452,22960,JAM MAKING SET WITH JARS,18,2019-01-09 00:00:00,5.05,12413,Spain,False,False,90.9
536876,84406B,CREAM CUPID HEARTS COAT HANGER,18,2019-03-03 00:27:00,2.89,16687,Spain,False,False,52.02
536944,22752,SET 7 BABUSHKA NESTING BOXES,16,2019-12-03 14:34:00,8.36,,Australia,False,True,133.76
536208,22423,REGENCY CAKESTAND 3 TIER,11,2019-09-30 19:40:00,12.01,16377,Spain,False,False,132.11
536279,71270,PINK CRYSTAL GUITAR PHONE CHARM,11,2019-07-25 00:00:00,1.25,13381,Belgium,False,False,13.75
536107,21730,GLASS STAR FROSTED T-LIGHT HOLDER,11,2019-12-21 08:17:00,4.1,12764,EIRE,False,False,45.1
536622,22423,REGENCY CAKESTAND 3 TIER,15,2019-05-04 00:00:00,13.0,18217,Portugal,False,False,195.0
536942,71053,WHITE METAL LANTERN,15,2019-06-27 06:14:00,3.44,18197,Portugal,False,False,51.6
537533,84879,ASSORTED COLOUR BIRD ORNAMENT,4,2019-12-28 08:58:00,1.77,17841,Spain,False,False,7.08
536145,71053,WHITE METAL LANTERN,10,2019-01-23 15:22:00,3.36,14190,France,False,False,33.6
C536039,22960,JAM MAKING SET WITH JARS,-9,2019-05-27 15:13:00,5.06,18117,Spain,True,False,-45.54
537523,84879,ASSORTED COLOUR BIRD ORNAMENT,2,2019-05-13 22:35:00,1.63,15558,EIRE,False,False,3.26
537580,71270,PINK CRYSTAL GUITAR PHONE CHARM,10,2019-12-09 18:12:00,1.37,17150,Netherlands,False,False,13.7
536613,84879,ASSORTED COLOUR BIRD ORNAMENT,14,2019-01-07 00:00:00,1.57,14323,Belgium,False,False,21.98
536342,21730,GLASS STAR FROSTED T-LIGHT HOLDER,18,2019-12-18 17:05:00,3.91,12644,Switzerland,False,False,70.38
537100,84879,ASSORTED COLOUR BIRD ORNAMENT,8,2019-12-11 00:00:00,1.66,15676,Portugal,False,False,13.28
537390,22752,SET 7 BABUSHKA NESTING BOXES,10,2019-09-15 03:48:00,7.99,16371,Switzerland,False,False,79.9
537033,21755,LOVE BUILDING BLOCK WORD,18,2019-07-16 00:00:00,6.22,18082,France,False,False,111.96
536300,22960,JAM MAKING SET WITH JARS,6,2019-01-02 12:01:00,4.58,18208,France,False,False,27.48
537489,85123A,WHITE HANGING HEART T-LIGHT HOLDER,14,2019-02-24 21:54:00,2.69,16620,Australia,False,False,37.66
536401,84406B,CREAM CUPID HEARTS COAT HANGER,5,2019-12-31 12:58:00,2.75,17711,Netherlands,False,False,13.75
537549,85123A,WHITE HANGING HEART T-LIGHT HOLDER,4,2019-09-29 03:33:00,2.46,15973,EIRE,False,False,9.84
536574,84879,ASSORTED COLOUR BIRD ORNAMENT,18,2019-11-12 14:26:00,1.53,15440,Australia,False,False,27.54
537350,22752,SET 7 BABUSHKA NESTING BOXES,5,2019-08-14 07:23:00,7.74,15785,Switzerland,False,False,38.7
536184,22752,SET 7 BABUSHKA NESTING BOXES,3,2019-09-21 23:59:00,7.04,16884,Spain,False,False,21.12
536135,71053,WHITE METAL LANTERN,8,2019-02-27 08:55:00,3.56,13751,Germany,False,False,28.48
537528,85123A,WHITE HANGING HEART T-LIGHT HOLDER,7,2019-11-28 04:35:00,2.67,16350,Netherlands,False,False,18.69
536537,22423,REGENCY CAKESTAND 3 TIER,10,2019-04-07 16:00:00,12.17,18198,Switzerland,False,False,121.7
536978,85123A,WHITE HANGING HEART T-LIGHT HOLDER,16,2019-11-18 08:40:00,2.71,13496,Switzerland,False,False,43.36
537099,21755,LOVE BUILDING BLOCK WORD,4,2019-08-31 08:59:00,5.78,17144,Netherlands,False,False,23.12
536944,22960,JAM MAKING SET WITH JARS,8,2019-03-02 02:32:00,4.87,15717,United Kingdom,False,False,38.96
536783,21730,GLASS STAR FROSTED T-LIGHT HOLDER,11,2019-01-05 18:49:00,4.56,18023,Belgium,False,False,50.16
537036,22423,REGENCY CAKESTAND 3 TIER,2,2019-10-21 13:04:00,11.52,,Spain,False,True,23.04
536579,21730,GLASS STAR FROSTED T-LIGHT HOLDER,3,2019-06-06 17:12:00,4.36,,Spain,False,True,13.08
536078,85123A,WHITE HANGING HEART T-LIGHT HOLDER,9,2019-11-17 17:02:00,2.42,13142,Portugal,False,False,21.78
537054,21730,GLASS STAR FROSTED T-LIGHT HOLDER,2,2019-02-11 06:25:00,4.39,12357,Spain,False,False,8.78
536166,71053,WHITE METAL LANTERN,6,2019-01-10 20:17:00,3.28,16690,Netherlands,False,False,19.68
537208,84406B,CREAM CUPID HEARTS COAT HANGER,2,2019-01-01 11:42:00,2.99,17757,Portugal,False,False,5.98
537042,21730,GLASS STAR FROSTED T-LIGHT HOLDER,17,2019-12-11 00:06:00,4.41,17842,France,False,False,74.97
536264,71053,WHITE METAL LANTERN,17,2019-09-12 00:06:00,3.3,12566,Netherlands,False,False,56.1
537119,22423,REGENCY CAKESTAND 3 TIER,7,2019-08-04 19:53:00,13.21,13313,Spain,False,False,92.47
537097,85123A,WHITE HANGING HEART T-LIGHT HOLDER,6,2019-09-26 04:25:00,2.62,15461,EIRE,False,False,15.72
537324,21755,LOVE BUILDING BLOCK WORD,19,2019-12-31 00:00:00,5.47,17300,Belgium,False,False,103.93
536330,21730,GLASS STAR FROSTED T-LIGHT HOLDER,6,2019-02-17 00:00:00,3.94,18229,France,False,False,23.64
536811,84406B,CREAM CUPID HEARTS COAT HANGER,10,2019-02-16 13:49:00,2.69,18228,Belgium,False,False,26.9
537125,85123A,WHITE HANGING HEART T-LIGHT HOLDER,3,2019-02-23 03:13:00,2.63,14704,Switzerland,False,False,7.89
536130,22960,JAM MAKING SET WITH JARS,19,2019-06-10 00:00:00,5.06,17291,Australia,False,False,96.14
536800,71053,WHITE METAL LANTERN,11,2019-03-26 16:34:00,3.18,18178,EIRE,False,False,34.98
536405,84406B,CREAM CUPID HEARTS COAT HANGER,9,2019-05-08 10:24:00,2.82,15493,France,False,False,25.38
536078,21730,GLASS STAR FROSTED T-LIGHT HOLDER,6,2019-08-14 04:18:00,4.54,16211,Spain,False,False,27.24
536110,22423,REGENCY CAKESTAND 3 TIER,7,2019-12-27 00:00:00,13.72,17401,Netherlands,False,False,96.04
537525,21730,GLASS STAR FROSTED T-LIGHT HOLDER,15,2019-02-08 14:36:00,4.45,13593,France,False,False,66.75
537062,71270,PINK CRYSTAL GUITAR PHONE CHARM,11,2019-07-01 22:17:00,1.16,12879,Switzerland,False,False,12.76
536014,84406B,CREAM CUPID HEARTS COAT HANGER,9,2019-02-25 21:24:00,3.02,12886,Switzerland,False,False,27.18
537645,71270,PINK CRYSTAL GUITAR PHONE CHARM,5,2019-06-14 15:23:00,1.28,15260,EIRE,False,False,6.4
537405,84406B,CREAM CUPID HEARTS COAT HANGER,17,2019-04-17 09:24:00,2.74,13784,Netherlands,False,False,46.58
537145,84879,ASSORTED COLOUR BIRD ORNAMENT,11,2019-03-19 20:37:00,1.82,16425,Spain,False,False,20.02
537024,71053,WHITE METAL LANTERN,18,2019-05-16 16:38:00,3.28,12873,Switzerland,False,False,59.04
537044,84406B,CREAM CUPID HEARTS COAT HANGER,6,2019-03-16 00:00:00,2.77,14074,Belgium,False,False,16.62
537348,71270,PINK CRYSTAL GUITAR PHONE CHARM,18,2019-06-25 00:00:00,1.31,,United Kingdom,False,True,23.58
536531,21730,GLASS STAR FROSTED T-LIGHT HOLDER,6,2019-04-03 06:59:00,4.57,17223,Spain,False,False,27.42
536074,21755,LOVE BUILDING BLOCK WORD,5,2019-06-22 00:00:00,5.47,15816,Portugal,False,False,27.35
536963,22752,SET 7 BABUSHKA NESTING BOXES,3,2019-09-24 10:56:00,7.55,16586,Switzerland,False,False,22.65
536415,71053,WHITE METAL LANTERN,18,2019-08-26 07:27:00,3.2,17097,Germany,False,False,57.6
536513,71053,WHITE METAL LANTERN,14,2019-12-03 08:11:00,3.43,13517,Netherlands,False,False,48.02
537179,21755,LOVE BUILDING BLOCK WORD,13,2019-07-24 00:00:00,6.31,,Spain,False,True,82.03
537382,21730,GLASS STAR FROSTED T-LIGHT HOLDER,6,2019-06-01 12:18:00,4.02,14667,EIRE,False,False,24.12
536844,22752,SET 7 BABUSHKA NESTING BOXES,10,2019-04-28 13:22:00,8.18,,France,False,True,81.8
537661,85123A,WHITE HANGING HEART T-LIGHT HOLDER,2,2019-05-30 00:00:00,2.36,18203,Australia,False,False,4.72
C536272,71053,WHITE METAL LANTERN,-13,2019-07-27 16:53:00,3.53,15643,Portugal,True,False,-45.89
537152,22423,REGENCY CAKESTAND 3 TIER,9,2019-05-09 17:42:00,13.62,14331,Switzerland,False,False,122.58
536051,71270,PINK CRYSTAL GUITAR PHONE CHARM,15,2019-11-16 23:39:00,1.25,17454,Spain,False,False,18.75
537644,22423,REGENCY CAKESTAND 3 TIER,13,2019-11-25 08:09:00,13.91,14101,France,False,False,180.83
536082,22960,JAM MAKING SET WITH JARS,16,2019-03-18 22:10:00,4.66,,Spain,False,True,74.56
537309,71270,PINK CRYSTAL GUITAR PHONE CHARM,6,2019-08-05 23:26:00,1.13,12561,Spain,False,False,6.78
537338,21730,GLASS STAR FROSTED T-LIGHT HOLDER,18,2019-07-08 18:24:00,4.45,17524,Spain,False,False,80.1
536878,22960,JAM MAKING SET WITH JARS,5,2019-04-17 14:05:00,5.29,12706,EIRE,False,False,26.45
536264,71053,WHITE METAL LANTERN,14,2019-06-24 16:16:00,3.72,14372,United Kingdom,False,False,52.08
536575,22752,SET 7 BABUSHKA NESTING BOXES,7,2019-09-19 00:00:00,7.69,,EIRE,False,True,53.83
537063,71053,WHITE METAL LANTERN,5,2019-07-10 09:09:00,3.25,15995,Spain,False,False,16.25
536883,84879,ASSORTED COLOUR BIRD ORNAMENT,5,2019-01-28 00:00:00,1.68,13839,Portugal,False,False,8.4
536209,84879,ASSORTED COLOUR BIRD ORNAMENT,3,2019-09-14 00:00:00,1.55,14230,Portugal,False,False,4.65
537598,85123A,WHITE HANGING HEART T-LIGHT HOLDER,14,2019-10-25 00:00:00,2.37,15149,France,False,False,33.18
536779,21755,LOVE BUILDING BLOCK WORD,19,2019-07-27 14:32:00,6.13,17020,United Kingdom,False,False,116.47
537638,85123A,WHITE HANGING HEART T-LIGHT HOLDER,9,2019-12-10 11:32:00,2.75,17681,Spain,False,False,24.75
536540,22960,JAM MAKING SET WITH JARS,15,2019-12-28 20:50:00,4.92,17061,Switzerland,False,False,73.8
536483,22960,JAM MAKING SET WITH JARS,10,2019-11-17 16:55:00,5.17,16933,Portugal,False,False,51.7
536967,21755,LOVE BUILDING BLOCK WORD,2,2019-08-29 01:53:00,5.36,14015,Netherlands,False,False,10.72
C536609,71053,WHITE METAL LANTERN,-8,2019-04-28 07:28:00,3.47,15813,Germany,True,False,-27.76
536275,85123A,WHITE HANGING HEART T-LIGHT HOLDER,14,2019-12-03 00:00:00,2.32,13569,United Kingdom,False,False,32.48
536546,22752,SET 7 BABUSHKA NESTING BOXES,17,2019-08-02 21:00:00,7.11,16279,France,False,False,120.87
537288,22960,JAM MAKING SET WITH JARS,15,2019-08-12 08:34:00,4.8,17551,Spain,False,False,72.0
536971,22423,REGENCY CAKESTAND 3 TIER,11,2019-10-10 05:06:00,12.91,13547,Netherlands,False,False,142.01
537263,21730,GLASS STAR FROSTED T-LIGHT HOLDER,10,2019-03-27 04:39:00,3.99,,Belgium,False,True,39.9
536979,21730,GLASS STAR FROSTED T-LIGHT HOLDER,19,2019-04-12 07:11:00,4.12,,Netherlands,False,True,78.28
537140,71053,WHITE METAL LANTERN,4,2019-02-17 00:40:00,3.15,14415,Switzerland,False,False,12.6
537332,22960,JAM MAKING SET WITH JARS,5,2019-11-27 17:21:00,4.61,13768,Netherlands,False,False,23.05
537255,22752,SET 7 BABUSHKA NESTING BOXES,1,2019-08-19 00:29:00,7.58,17625,Portugal,False,False,7.58
536178,22752,SET 7 BABUSHKA NESTING BOXES,18,2019-02-14 18:24:00,7.55,16589,Portugal,False,False,135.9
536887,84406B,CREAM CUPID HEARTS COAT HANGER,16,2019-08-11 08:03:00,2.55,17485,France,False,False,40.8
536051,22423,REGENCY CAKESTAND 3 TIER,15,2019-01-02 02:58:00,12.36,14115,United Kingdom,False,False,185.4
537080,84879,ASSORTED COLOUR BIRD ORNAMENT,10,2019-11-18 14:00:00,1.77,14089,France,False,False,17.7
537049,21755,LOVE BUILDING BLOCK WORD,19,2019-07-25 00:00:00,5.86,17434,EIRE,False,False,111.34
536984,21755,LOVE BUILDING BLOCK WORD,4,2019-07-16 00:00:00,6.36,17442,Spain,False,False,25.44
536437,22423,REGENCY CAKESTAND 3 TIER,9,2019-01-17 12:13:00,13.14,14822,France,False,False,118.26
536107,84406B,CREAM CUPID HEARTS COAT HANGER,9,2019-05-21 11:05:00,2.79,14076,Belgium,False,False,25.11
537370,21755,LOVE BUILDING BLOCK WORD,6,2019-03-04 05:25:00,6.43,14592,Portugal,False,False,38.58
537110,85123A,WHITE HANGING HEART T-LIGHT HOLDER,4,2019-01-27 18:40:00,2.31,16046,Australia,False,False,9.24
537328,21755,LOVE BUILDING BLOCK WORD,8,2019-01-05 06:01:00,6.12,16768,Switzerland,False,False,48.96
536599,22960,JAM MAKING SET WITH JARS,11,2019-05-23 19:06:00,4.94,14167,Australia,False,False,54.34
536027,21755,LOVE BUILDING BLOCK WORD,13,2019-03-06 17:38:00,5.7,12554,France,False,False,74.1
536853,22423,REGENCY CAKESTAND 3 TIER,6,2019-04-01 05:39:00,11.48,16877,EIRE,False,False,68.88
C536647,21755,LOVE BUILDING BLOCK WORD,-2,2019-04-23 16:25:00,6.49,17568,Spain,True,False,-12.98
536662,84406B,CREAM CUPID HEARTS COAT HANGER,17,2019-08-08 20:06:00,2.51,17183,Belgium,False,False,42.67
537178,22752,SET 7 BABUSHKA NESTING BOXES,11,2019-02-19 00:00:00,8.17,,Australia,False,True,89.87
536524,21730,GLASS STAR FROSTED T-LIGHT HOLDER,16,2019-10-06 06:41:00,4.37,14927,Australia,False,False,69.92
536992,85123A,WHITE HANGING HEART T-LIGHT HOLDER,8,2019-04-29 21:26:00,2.6,13388,Portugal,False,False,20.8
536907,21755,LOVE BUILDING BLOCK WORD,17,2019-03-15 00:00:00,5.91,16984,Australia,False,False,100.47
537135,21730,GLASS STAR FROSTED T-LIGHT HOLDER,12,2019-12-17 18:51:00,4.29,13884,Australia,False,False,51.48
536686,22960,JAM MAKING SET WITH JARS,18,2019-12-01 21:26:00,5.06,12391,Germany,False,False,91.08
536587,22752,SET 7 BABUSHKA NESTING BOXES,10,2019-12-24 23:30:00,7.33,14313,France,False,False,73.3
536498,22960,JAM MAKING SET WITH JARS,15,2019-11-01 03:50:00,4.8,12425,Belgium,False,False,72.0
536693,22423,REGENCY CAKESTAND 3 TIER,1,2019-12-06 01:31:00,12.86,16967,Australia,False,False,12.86
536391,22752,SET 7 BABUSHKA NESTING BOXES,8,2019-03-28 12:35:00,7.62,,Switzerland,False,True,60.96
537503,21730,GLASS STAR FROSTED T-LIGHT HOLDER,11,2019-05-16 00:00:00,4.36,16205,Netherlands,False,False,47.96
536876,84406B,CREAM CUPID HEARTS COAT HANGER,4,2019-06-27 00:00:00,2.7,15113,Germany,False,False,10.8
537420,84406B,CREAM CUPID HEARTS COAT HANGER,14,2019-12-09 02:16:00,3.02,17594,Portugal,False,False,42.28
537562,84879,ASSORTED COLOUR BIRD ORNAMENT,9,2019-03-11 00:00:00,1.83,15734,EIRE,False,False,16.47
536204,85123A,WHITE HANGING HEART T-LIGHT HOLDER,12,2019-02-08 06:33:00,2.35,17361,Netherlands,False,False,28.2
537031,21755,LOVE BUILDING BLOCK WORD,3,2019-08-25 04:22:00,5.37,13748,Germany,False,False,16.11
537150,71053,WHITE METAL LANTERN,7,2019-05-09 00:00:00,3.57,12500,Netherlands,False,False,24.99
536338,71053,WHITE METAL LANTERN,6,2019-02-13 09:28:00,3.7,14867,Portugal,False,False,22.2
537019,21730,GLASS STAR FROSTED T-LIGHT HOLDER,17,2019-02-23 12:00:00,4.34,16508,Australia,False,False,73.78
537611,71053,WHITE METAL LANTERN,14,2019-04-02 18:49:00,3.33,15790,Germany,False,False,46.62
537301,21730,GLASS STAR FROSTED T-LIGHT HOLDER,17,2019-04-19 07:14:00,4.17,15884,Switzerland,False,False,70.89
536727,22960,JAM MAKING SET WITH JARS,10,2019-11-16 23:45:00,5.37,16358,EIRE,False,False,53.7
537139,71270,PINK CRYSTAL GUITAR PHONE CHARM,4,2019-04-21 13:12:00,1.17,17504,Australia,False,False,4.68
537550,84406B,CREAM CUPID HEARTS COAT HANGER,10,2019-11-28 18:54:00,2.5,15526,Switzerland,False,False,25.0
537033,22960,JAM MAKING SET WITH JARS,13,2019-05-01 00:00:00,5.24,14092,EIRE,False,False,68.12
536403,84406B,CREAM CUPID HEARTS COAT HANGER,8,2019-08-04 00:00:00,2.64,13050,Belgium,False,False,21.12
536211,71053,WHITE METAL LANTERN,15,2019-05-01 00:00:00,3.31,17140,Netherlands,False,False,49.65
536351,22752,SET 7 BABUSHKA NESTING BOXES,4,2019-09-30 00:00:00,6.91,15312,Germany,False,False,27.64
536780,21755,LOVE BUILDING BLOCK WORD,6,2019-01-10 00:00:00,5.89,15703,Netherlands,False,False,35.34
536265,85123A,WHITE HANGING HEART T-LIGHT HOLDER,2,2019-12-09 17:26:00,2.34,13213,Portugal,False,False,4.68
537423,85123A,WHITE HANGING HEART T-LIGHT HOLDER,16,2019-08-11 10:09:00,2.48,16131,Australia,False,False,39.68
536938,21755,LOVE BUILDING BLOCK WORD,5,2019-01-03 11:42:00,5.78,12671,France,False,False,28.9
537447,71270,PINK CRYSTAL GUITAR PHONE CHARM,15,2019-07-22 00:00:00,1.14,,United Kingdom,False,True,17.1
536360,71270,PINK CRYSTAL GUITAR PHONE CHARM,16,2019-01-16 14:50:00,1.26,16385,United Kingdom,False,False,20.16
536551,21730,GLASS STAR FROSTED T-LIGHT HOLDER,8,2019-12-10 00:00:00,4.55,12444,France,False,False,36.4
536535,71053,WHITE METAL LANTERN,9,2019-12-05 09:52:00,3.14,15865,Spain,False,False,28.26
536048,22752,SET 7 BABUSHKA NESTING BOXES,18,2019-02-13 00:00:00,7.78,,EIRE,False,True,140.04
537413,21755,LOVE BUILDING BLOCK WORD,12,2019-05-14 09:15:00,6.23,,EIRE,False,True,74.76
536030,71053,WHITE METAL LANTERN,18,2019-10-14 02:48:00,3.13,16630,United Kingdom,False,False,56.34
536227,71053,WHITE METAL LANTERN,8,2019-11-25 00:03:00,3.66,16549,France,False,False,29.28
537468,85123A,WHITE HANGING HEART T-LIGHT HOLDER,19,2019-08-22 09:54:00,2.66,17325,Portugal,False,False,50.54
537143,85123A,WHITE HANGING HEART T-LIGHT HOLDER,17,2019-11-15 00:00:00,2.8,,Belgium,False,True,47.6
536031,21755,LOVE BUILDING BLOCK WORD,7,2019-04-25 03:46:00,5.73,,Germany,False,True,40.11
536278,21730,GLASS STAR FROSTED T-LIGHT HOLDER,10,2019-10-22 07:00:00,4.58,,Netherlands,False,True,45.8
537610,22960,JAM MAKING SET WITH JARS,5,2019-06-25 13:56:00,4.89,12846,EIRE,False,False,24.45
536466,22423,REGENCY CAKESTAND 3 TIER,11,2019-04-16 21:32:00,11.65,15029,Australia,False,False,128.15
537326,21730,GLASS STAR FROSTED T-LIGHT HOLDER,16,2019-11-15 03:40:00,4.01,13289,Portugal,False,False,64.16
536763,21730,GLASS STAR FROSTED T-LIGHT HOLDER,10,2019-12-08 14:41:00,4.16,14905,Germany,False,False,41.6
536500,71270,PINK CRYSTAL GUITAR PHONE CHARM,9,2019-08-06 13:39:00,1.15,15642,Germany,False,False,10.35
536754,22752,SET 7 BABUSHKA NESTING BOXES,19,2019-06-22 02:08:00,7.49,14643,Netherlands,False,False,142.31
536489,71270,PINK CRYSTAL GUITAR PHONE CHARM,3,2019-01-29 03:58:00,1.16,13006,Spain,False,False,3.48
537309,22960,JAM MAKING SET WITH JARS,9,2019-12-19 00:00:00,5.16,16563,EIRE,False,False,46.44
537081,71270,PINK CRYSTAL GUITAR PHONE CHARM,5,2019-04-05 17:59:00,1.14,17647,Belgium,False,False,5.7
536332,21755,LOVE BUILDING BLOCK WORD,2,2019-01-03 05:42:00,5.74,13785,United Kingdom,False,False,11.48
536284,71270,PINK CRYSTAL GUITAR PHONE CHARM,10,2019-06-22 07:11:00,1.14,16013,France,False,False,11.4
537291,84879,ASSORTED COLOUR BIRD ORNAMENT,12,2019-06-24 09:59:00,1.84,12471,Australia,False,False,22.08
536380,22960,JAM MAKING SET WITH JARS,11,2019-07-02 00:00:00,5.03,12858,Portugal,False,False,55.33
536758,84879,ASSORTED COLOUR BIRD ORNAMENT,9,2019-03-14 13:21:00,1.65,13946,Australia,False,False,14.85
536367,21755,LOVE BUILDING BLOCK WORD,15,2019-08-18 06:10:00,5.53,17939,Switzerland,False,False,82.95
536028,22960,JAM MAKING SET WITH JARS,2,2019-07-31 02:01:00,5.17,15454,Australia,False,False,10.34
536736,85123A,WHITE HANGING HEART T-LIGHT HOLDER,4,2019-05-10 03:32:00,2.37,17672,Netherlands,False,False,9.48
537403,22752,SET 7 BABUSHKA NESTING BOXES,6,2019-10-07 07:11:00,7.5,15142,Belgium,False,False,45.0
537571,84406B,CREAM CUPID HEARTS COAT HANGER,14,2019-03-29 22:14:00,2.55,18259,Portugal,False,False,35.7
537146,22960,JAM MAKING SET WITH JARS,9,2019-12-11 06:35:00,4.97,14722,EIRE,False,False,44.73
536522,22752,SET 7 BABUSHKA NESTING BOXES,1,2019-10-25 11:04:00,6.93,12750,France,False,False,6.93
536553,22960,JAM MAKING SET WITH JARS,1,2019-08-05 04:56:00,5.27,16796,EIRE,False,False,5.27
536518,71270,PINK CRYSTAL GUITAR PHONE CHARM,10,2019-11-08 11:39:00,1.15,13267,EIRE,False,False,11.5
537254,71053,WHITE METAL LANTERN,16,2019-12-29 21:06:00,3.61,17785,Germany,False,False,57.76
537194,22752,SET 7 BABUSHKA NESTING BOXES,9,2019-12-30 08:12:00,8.15,,Spain,False,True,73.35
536628,22752,SET 7 BABUSHKA NESTING BOXES,18,2019-03-19 15:33:00,7.47,13849,Australia,False,False,134.46
537048,21755,LOVE BUILDING BLOCK WORD,9,2019-05-08 06:41:00,6.52,12757,Spain,False,False,58.68
536622,71270,PINK CRYSTAL GUITAR PHONE CHARM,19,2019-09-06 05:06:00,1.13,12403,Germany,False,False,21.47
536958,22423,REGENCY CAKESTAND 3 TIER,1,2019-04-11 12:48:00,13.99,14987,EIRE,False,False,13.99
537443,22423,REGENCY CAKESTAND 3 TIER,1,2019-12-05 23:29:00,13.3,16625,Germany,False,False,13.3
537196,71270,PINK CRYSTAL GUITAR PHONE CHARM,11,2019-01-31 22:23:00,1.15,15947,Switzerland,False,False,12.65
537089,71053,WHITE METAL LANTERN,2,2019-01-04 00:00:00,3.48,17626,Germany,False,False,6.96
536961,71270,PINK CRYSTAL GUITAR PHONE CHARM,10,2019-08-26 18:57:00,1.17,,Portugal,False,True,11.7
536963,84406B,CREAM CUPID HEARTS COAT HANGER,17,2019-02-11 10:35:00,2.77,14910,Germany,False,False,47.09
537002,71270,PINK CRYSTAL GUITAR PHONE CHARM,7,2019-08-05 04:40:00,1.25,14816,Belgium,False,False,8.75
536608,21730,GLASS STAR FROSTED T-LIGHT HOLDER,11,2019-01-11 00:00:00,4.21,,Switzerland,False,True,46.31
537307,22960,JAM MAKING SET WITH JARS,9,2019-09-08 21:13:00,5.23,15980,Switzerland,False,False,47.07
536880,22752,SET 7 BABUSHKA NESTING BOXES,7,2019-03-24 00:00:00,7.68,16598,Germany,False,False,53.76
536508,71270,PINK CRYSTAL GUITAR PHONE CHARM,11,2019-07-19 20:16:00,1.17,13950,Portugal,False,False,12.87
536520,21730,GLASS STAR FROSTED T-LIGHT HOLDER,12,2019-03-05 19:59:00,4.15,13439,France,False,False,49.8
536114,71053,WHITE METAL LANTERN,8,2019-06-01 23:23:00,3.6,13802,United Kingdom,False,False,28.8
536847,84879,ASSORTED COLOUR BIRD ORNAMENT,17,2019-05-27 12:05:00,1.57,18038,EIRE,False,False,26.69
537128,85123A,WHITE HANGING HEART T-LIGHT HOLDER,3,2019-06-28 03:57:00,2.79,,France,False,True,8.37
536804,84406B,CREAM CUPID HEARTS COAT HANGER,4,2019-01-18 20:23:00,2.73,17630,Portugal,False,False,10.92
536902,22423,REGENCY CAKESTAND 3 TIER,12,2019-01-17 18:14:00,12.58,15081,United Kingdom,False,False,150.96
536370,22752,SET 7 BABUSHKA NESTING BOXES,1,2019-02-25 21:04:00,7.37,16359,Australia,False,False,7.37
537147,84879,ASSORTED COLOUR BIRD ORNAMENT,7,2019-11-26 22:49:00,1.64,17746,EIRE,False,False,11.48
536737,84406B,CREAM CUPID HEARTS COAT HANGER,3,2019-05-23 00:00:00,2.8,15935,Germany,False,False,8.4
536453,71270,PINK CRYSTAL GUITAR PHONE CHARM,16,2019-01-17 22:39:00,1.18,,Germany,False,True,18.88
536702,71270,PINK CRYSTAL GUITAR PHONE CHARM,19,2019-03-06 00:11:00,1.27,,United Kingdom,False,True,24.13
536459,85123A,WHITE HANGING HEART T-LIGHT HOLDER,9,2019-05-11 00:00:00,2.46,13559,Australia,False,False,22.14
536942,22423,REGENCY CAKESTAND 3 TIER,11,2019-11-17 02:30:00,11.92,17892,France,False,False,131.12
536141,21755,LOVE BUILDING BLOCK WORD,4,2019-06-15 23:03:00,6.3,12393,Switzerland,False,False,25.2
536097,22752,SET 7 BABUSHKA NESTING BOXES,16,2019-06-04 00:00:00,7.03,15587,Switzerland,False,False,112.48
536355,71270,PINK CRYSTAL GUITAR PHONE CHARM,19,2019-06-08 00:00:00,1.35,15379,Portugal,False,False,25.65
536792,22752,SET 7 BABUSHKA NESTING BOXES,14,2019-02-28 14:11:00,7.0,13762,Spain,False,False,98.0
536709,84406B,CREAM CUPID HEARTS COAT HANGER,18,2019-05-01 06:54:00,2.95,14024,Netherlands,False,False,53.1
536572,22752,SET 7 BABUSHKA NESTING BOXES,13,2019-07-11 00:00:00,7.75,14593,Netherlands,False,False,100.75
536312,21755,LOVE BUILDING BLOCK WORD,6,2019-11-10 00:00:00,5.59,16768,Netherlands,False,False,33.54
537259,85123A,WHITE HANGING HEART T-LIGHT HOLDER,2,2019-09-12 10:35:00,2.77,14169,Spain,False,False,5.54
C537321,22423,REGENCY CAKESTAND 3 TIER,-15,2019-02-13 00:00:00,11.7,14722,Australia,True,False,-175.5
537330,71053,WHITE METAL LANTERN,15,2019-08-24 14:56:00,3.44,16073,Australia,False,False,51.6
536084,85123A,WHITE HANGING HEART T-LIGHT HOLDER,13,2019-08-02 00:57:00,2.73,,Spain,False,True,35.49
537620,84406B,CREAM CUPID HEARTS COAT HANGER,19,2019-02-11 19:28:00,3.02,14809,United Kingdom,False,False,57.38
536494,22960,JAM MAKING SET WITH JARS,17,2019-02-11 23:49:00,4.5,16151,France,False,False,76.5
536314,22752,SET 7 BABUSHKA NESTING BOXES,14,2019-10-23 18:11:00,7.0,12967,Australia,False,False,98.0
537061,21730,GLASS STAR FROSTED T-LIGHT HOLDER,5,2019-01-15 00:00:00,4.56,17789,Australia,False,False,22.8
537088,22423,REGENCY CAKESTAND 3 TIER,7,2019-01-02 00:00:00,11.48,16741,Portugal,False,False,80.36
536969,71053,WHITE METAL LANTERN,7,2019-08-07 16:16:00,3.51,12530,Netherlands,False,False,24.57
536323,84406B,CREAM CUPID HEARTS COAT HANGER,1,2019-02-22 00:28:00,3.0,,Spain,False,True,3.0
536165,71270,PINK CRYSTAL GUITAR PHONE CHARM,12,2019-02-15 06:11:00,1.36,12910,Belgium,False,False,16.32
536609,84879,ASSORTED COLOUR BIRD ORNAMENT,17,2019-01-09 11:00:00,1.85,16310,EIRE,False,False,31.45
536725,22960,JAM MAKING SET WITH JARS,1,2019-08-13 17:15:00,4.8,15131,Germany,False,False,4.8
536112,71053,WHITE METAL LANTERN,8,2019-11-18 19:04:00,3.13,13660,Portugal,False,False,25.04
537568,84879,ASSORTED COLOUR BIRD ORNAMENT,14,2019-02-21 14:44:00,1.55,16580,Switzerland,False,False,21.7
536382,22423,REGENCY CAKESTAND 3 TIER,14,2019-05-28 05:04:00,11.99,13132,Australia,False,False,167.86
536747,22423,REGENCY CAKESTAND 3 TIER,16,2019-02-17 00:00:00,11.62,16868,United Kingdom,False,False,185.92
537274,71270,PINK CRYSTAL GUITAR PHONE CHARM,14,2019-01-21 21:36:00,1.25,,Germany,False,True,17.5
537322,84879,ASSORTED COLOUR BIRD ORNAMENT,2,2019-11-20 23:10:00,1.75,16777,Belgium,False,False,3.5
536717,22752,SET 7 BABUSHKA NESTING BOXES,13,2019-12-19 05:20:00,7.53,12551,Switzerland,False,False,97.89
536670,71270,PINK CRYSTAL GUITAR PHONE CHARM,4,2019-08-06 20:09:00,1.23,17596,Spain,False,False,4.92
536830,22960,JAM MAKING SET WITH JARS,1,2019-01-29 08:57:00,4.46,,Belgium,False,True,4.46
537649,71053,WHITE METAL LANTERN,14,2019-05-26 14:24:00,3.18,18228,France,False,False,44.52
536603,22423,REGENCY CAKESTAND 3 TIER,11,2019-06-18 00:00:00,12.21,16324,Portugal,False,False,134.31
536664,84879,ASSORTED COLOUR BIRD ORNAMENT,16,2019-06-01 21:40:00,1.84,14673,Spain,False,False,29.44
536977,22752,SET 7 BABUSHKA NESTING BOXES,14,2019-07-02 20:35:00,7.16,17218,EIRE,False,False,100.24
536941,22423,REGENCY CAKESTAND 3 TIER,14,2019-12-24 17:37:00,13.71,14083,Belgium,False,False,191.94
536965,22423,REGENCY CAKESTAND 3 TIER,3,2019-10-14 10:08:00,12.01,13751,France,False,False,36.03
536758,21730,GLASS STAR FROSTED T-LIGHT HOLDER,6,2019-03-04 11:31:00,4.27,13859,Switzerland,False,False,25.62
536144,21755,LOVE BUILDING BLOCK WORD,17,2019-07-19 12:45:00,5.61,14779,Switzerland,False,False,95.37
537500,21755,LOVE BUILDING BLOCK WORD,17,2019-07-03 00:00:00,6.26,13757,Spain,False,False,106.42
536941,84879,ASSORTED COLOUR BIRD ORNAMENT,4,2019-12-26 11:44:00,1.71,15442,Portugal,False,False,6.84
537251,22423,REGENCY CAKESTAND 3 TIER,17,2019-12-13 18:09:00,13.77,13981,Belgium,False,False,234.09
536834,22423,REGENCY CAKESTAND 3 TIER,13,2019-06-26 00:00:00,13.5,15492,Switzerland,False,False,175.5
537070,71270,PINK CRYSTAL GUITAR PHONE CHARM,4,2019-07-06 10:15:00,1.26,14943,Switzerland,False,False,5.04
C537547,71053,WHITE METAL LANTERN,-12,2019-12-28 15:03:00,3.46,17589,France,True,False,-41.52
537436,84406B,CREAM CUPID HEARTS COAT HANGER,17,2019-10-02 12:24:00,2.88,15921,United Kingdom,False,False,48.96
537180,71053,WHITE METAL LANTERN,10,2019-08-25 00:00:00,3.47,15507,Switzerland,False,False,34.7
537090,22423,REGENCY CAKESTAND 3 TIER,9,2019-12-14 06:45:00,12.57,,Belgium,False,True,113.13
536647,22752,SET 7 BABUSHKA NESTING BOXES,13,2019-11-02 17:27:00,6.89,13077,EIRE,False,False,89.57
536630,85123A,WHITE HANGING HEART T-LIGHT HOLDER,6,2019-12-09 00:52:00,2.75,16272,Belgium,False,False,16.5
537199,71270,PINK CRYSTAL GUITAR PHONE CHARM,13,2019-10-05 04:39:00,1.16,14776,Switzerland,False,False,15.08
536421,71270,PINK CRYSTAL GUITAR PHONE CHARM,4,2019-11-27 07:14:00,1.17,14924,Germany,False,False,4.68
537479,22752,SET 7 BABUSHKA NESTING BOXES,18,2019-06-30 09:49:00,7.27,14372,Switzerland,False,False,130.86
536865,21755,LOVE BUILDING BLOCK WORD,3,2019-07-12 16:23:00,5.58,17435,Australia,False,False,16.74
536470,71053,WHITE METAL LANTERN,8,2019-08-19 18:48:00,3.59,12657,EIRE,False,False,28.72
536404,71270,PINK CRYSTAL GUITAR PHONE CHARM,9,2019-08-12 00:33:00,1.28,15623,France,False,False,11.52
536322,84406B,CREAM CUPID HEARTS COAT HANGER,19,2019-04-12 13:31:00,2.65,12376,France,False,False,50.35
536410,22423,REGENCY CAKESTAND 3 TIER,8,2019-09-23 00:00:00,11.89,15745,Portugal,False,False,95.12
537597,21755,LOVE BUILDING BLOCK WORD,14,2019-02-09 00:00:00,5.94,12997,Spain,False,False,83.16
C536201,21755,LOVE BUILDING BLOCK WORD,-3,2019-10-02 18:22:00,5.59,17323,United Kingdom,True,False,-16.77
C536034,22752,SET 7 BABUSHKA NESTING BOXES,-3,2019-10-23 04:45:00,8.07,12432,Australia,True,False,-24.21
C536215,21730,GLASS STAR FROSTED T-LIGHT HOLDER,-1,2019-05-10 00:00:00,4.54,,Germany,True,True,-4.54
537530,21730,GLASS STAR FROSTED T-LIGHT HOLDER,12,2019-10-22 01:04:00,4.34,14866,Netherlands,False,False,52.08
537029,71053,WHITE METAL LANTERN,9,2019-05-22 00:00:00,3.47,16218,Spain,False,False,31.23
536339,22752,SET 7 BABUSHKA NESTING BOXES,13,2019-01-22 00:00:00,7.76,17883,Spain,False,False,100.88
536030,22752,SET 7 BABUSHKA NESTING BOXES,13,2019-12-03 18:35:00,7.53,13583,Belgium,False,False,97.89
536956,71270,PINK CRYSTAL GUITAR PHONE CHARM,12,2019-05-20 02:58:00,1.28,17877,Belgium,False,False,15.36
536302,71270,PINK CRYSTAL GUITAR PHONE CHARM,12,2019-06-22 00:00:00,1.23,14155,United Kingdom,False,False,14.76
536716,84879,ASSORTED COLOUR BIRD ORNAMENT,11,2019-03-15 07:10:00,1.54,14480,Australia,False,False,16.94
536079,21730,GLASS STAR FROSTED T-LIGHT HOLDER,5,2019-01-14 22:33:00,3.96,12787,Portugal,False,False,19.8
537046,71270,PINK CRYSTAL GUITAR PHONE CHARM,6,2019-11-21 17:54:00,1.21,13387,Australia,False,False,7.26
536314,84406B,CREAM CUPID HEARTS COAT HANGER,13,2019-08-28 22:33:00,2.82,14546,Australia,False,False,36.66
536423,84879,ASSORTED COLOUR BIRD ORNAMENT,4,2019-06-08 00:00:00,1.72,14483,United Kingdom,False,False,6.88
536312,21755,LOVE BUILDING BLOCK WORD,9,2019-08-19 11:09:00,6.25,14560,EIRE,False,False,56.25
C537076,85123A,WHITE HANGING HEART T-LIGHT HOLDER,-10,2019-11-23 06:48:00,2.72,15331,Belgium,True,False,-27.2
537183,71053,WHITE METAL LANTERN,17,2019-10-30 18:10:00,3.13,13168,Australia,False,False,53.21
536620,71270,PINK CRYSTAL GUITAR PHONE CHARM,9,2019-07-15 05:45:00,1.25,16137,EIRE,False,False,11.25
536556,21730,GLASS STAR FROSTED T-LIGHT HOLDER,9,2019-08-25 00:00:00,4.58,12944,Spain,False,False,41.22
C536001,71053,WHITE METAL LANTERN,-15,2019-01-25 00:00:00,3.29,14993,Portugal,True,False,-49.35
537447,22423,REGENCY CAKESTAND 3 TIER,15,2019-10-15 00:00:00,12.74,16014,Switzerland,False,False,191.1
537314,22423,REGENCY CAKESTAND 3 TIER,13,2019-06-16 10:59:00,11.78,13935,Portugal,False,False,153.14
537004,84406B,CREAM CUPID HEARTS COAT HANGER,2,2019-12-09 22:08:00,2.72,16878,Netherlands,False,False,5.44
536006,22423,REGENCY CAKESTAND 3 TIER,17,2019-10-27 01:23:00,12.07,17429,France,False,False,205.19
536656,71053,WHITE METAL LANTERN,6,2019-02-07 07:54:00,3.07,16724,Switzerland,False,False,18.42
536903,22423,REGENCY CAKESTAND 3 TIER,7,2019-11-14 02:55:00,13.29,17959,Switzerland,False,False,93.03
536744,84879,ASSORTED COLOUR BIRD ORNAMENT,8,2019-11-15 14:39:00,1.64,17304,France,False,False,13.12
536270,71053,WHITE METAL LANTERN,3,2019-04-19 00:00:00,3.43,14019,Portugal,False,False,10.29
536433,22423,REGENCY CAKESTAND 3 TIER,5,2019-11-01 00:00:00,11.91,,Spain,False,True,59.55
537650,84406B,CREAM CUPID HEARTS COAT HANGER,11,2019-03-31 00:00:00,2.81,17844,Belgium,False,False,30.91
536086,84879,ASSORTED COLOUR BIRD ORNAMENT,2,2019-02-17 15:43:00,1.75,16701,Belgium,False,False,3.5
536601,22423,REGENCY CAKESTAND 3 TIER,14,2019-12-05 06:36:00,13.3,13460,Germany,False,False,186.2
536523,21730,GLASS STAR FROSTED T-LIGHT HOLDER,15,2019-10-04 09:20:00,4.05,15080,United Kingdom,False,False,60.75
537426,22960,JAM MAKING SET WITH JARS,7,2019-03-23 14:08:00,4.72,16183,Australia,False,False,33.04
536818,71053,WHITE METAL LANTERN,1,2019-08-06 09:35:00,3.05,12908,Portugal,False,False,3.05
536581,21755,LOVE BUILDING BLOCK WORD,5,2019-04-18 13:28:00,6.49,17231,United Kingdom,False,False,32.45
536543,85123A,WHITE HANGING HEART T-LIGHT HOLDER,19,2019-05-11 01:04:00,2.52,17712,France,False,False,47.88
536572,22752,SET 7 BABUSHKA NESTING BOXES,11,2019-04-14 00:00:00,7.43,16486,United Kingdom,False,False,81.73
536173,22752,SET 7 BABUSHKA NESTING BOXES,8,2019-09-18 16:19:00,7.19,15092,Germany,False,False,57.52
537312,84406B,CREAM CUPID HEARTS COAT HANGER,10,2019-05-24 01:13:00,2.67,13506,Switzerland,False,False,26.7
537160,71053,WHITE METAL LANTERN,14,2019-08-05 20:21:00,3.45,17919,Netherlands,False,False,48.3
536552,22960,JAM MAKING SET WITH JARS,17,2019-03-23 19:01:00,5.03,15028,France,False,False,85.51
537157,21730,GLASS STAR FROSTED T-LIGHT HOLDER,14,2019-07-26 22:03:00,3.96,15649,Portugal,False,False,55.44
536825,85123A,WHITE HANGING HEART T-LIGHT HOLDER,5,2019-08-06 17:06:00,2.4,17636,Netherlands,False,False,12.0
537316,21755,LOVE BUILDING BLOCK WORD,18,2019-11-26 09:22:00,5.58,,Belgium,False,True,100.44
537311,21755,LOVE BUILDING BLOCK WORD,7,2019-07-07 02:53:00,6.5,12599,Spain,False,False,45.5
537215,84879,ASSORTED COLOUR BIRD ORNAMENT,15,2019-04-26 11:17:00,1.63,14972,Belgium,False,False,24.45
537442,85123A,WHITE HANGING HEART T-LIGHT HOLDER,17,2019-12-18 00:00:00,2.76,14851,Australia,False,False,46.92
537475,84406B,CREAM CUPID HEARTS COAT HANGER,16,2019-03-12 22:52:00,2.87,17594,Spain,False,False,45.92
536363,22423,REGENCY CAKESTAND 3 TIER,15,2019-05-21 11:24:00,11.78,16983,Netherlands,False,False,176.7
537202,22752,SET 7 BABUSHKA NESTING BOXES,16,2019-05-28 00:00:00,8.23,18223,Switzerland,False,False,131.68
536367,21755,LOVE BUILDING BLOCK WORD,9,2019-07-20 22:03:00,6.06,15168,EIRE,False,False,54.54
537519,22423,REGENCY CAKESTAND 3 TIER,1,2019-10-12 01:54:00,13.31,13296,EIRE,False,False,13.31
536319,21755,LOVE BUILDING BLOCK WORD,8,2019-04-15 06:58:00,5.91,12813,Spain,False,False,47.28
536186,22752,SET 7 BABUSHKA NESTING BOXES,3,2019-12-09 08:50:00,7.37,17511,Netherlands,False,False,22.11
536506,21755,LOVE BUILDING BLOCK WORD,12,2019-11-21 01:38:00,5.78,12983,Portugal,False,False,69.36
537649,85123A,WHITE HANGING HEART T-LIGHT HOLDER,18,2019-02-05 20:21:00,2.33,13533,Germany,False,False,41.94
536828,71053,WHITE METAL LANTERN,6,2019-09-22 18:25:00,3.24,14599,Switzerland,False,False,19.44
536122,71053,WHITE METAL LANTERN,13,2019-03-01 10:26:00,3.51,17146,France,False,False,45.63
537300,71270,PINK CRYSTAL GUITAR PHONE CHARM,11,2019-12-08 05:44:00,1.23,17420,Netherlands,False,False,13.53
536649,84879,ASSORTED COLOUR BIRD ORNAMENT,4,2019-11-11 00:00:00,1.66,13279,Switzerland,False,False,6.64
537388,71053,WHITE METAL LANTERN,2,2019-04-12 05:52:00,3.72,16409,Netherlands,False,False,7.44
536524,84406B,CREAM CUPID HEARTS COAT HANGER,7,2019-07-02 17:16:00,2.96,17700,Australia,False,False,20.72
536269,71053,WHITE METAL LANTERN,10,2019-07-07 03:56:00,3.12,,Germany,False,True,31.2
537077,22423,REGENCY CAKESTAND 3 TIER,2,2019-07-07 13:13:00,13.0,14709,Netherlands,False,False,26.0
537315,71053,WHITE METAL LANTERN,10,2019-05-04 00:00:00,3.06,14340,EIRE,False,False,30.6
536003,21755,LOVE BUILDING BLOCK WORD,16,2019-11-04 00:00:00,6.31,17681,France,False,False,100.96
536675,21755,LOVE BUILDING BLOCK WORD,4,2019-06-15 17:58:00,5.57,12562,Switzerland,False,False,22.28
536058,85123A,WHITE HANGING HEART T-LIGHT HOLDER,6,2019-04-02 19:00:00,2.58,15821,Switzerland,False,False,15.48
536829,21730,GLASS STAR FROSTED T-LIGHT HOLDER,16,2019-04-23 16:19:00,4.24,16026,Spain,False,False,67.84
537295,84879,ASSORTED COLOUR BIRD ORNAMENT,16,2019-05-29 13:17:00,1.59,18095,EIRE,False,False,25.44
536856,71053,WHITE METAL LANTERN,15,2019-06-06 01:06:00,3.37,17284,Australia,False,False,50.55
537173,71270,PINK CRYSTAL GUITAR PHONE CHARM,10,2019-09-10 08:09:00,1.15,15986,EIRE,False,False,11.5
537253,21755,LOVE BUILDING BLOCK WORD,8,2019-02-12 00:00:00,6.33,12715,Netherlands,False,False,50.64
537094,71053,WHITE METAL LANTERN,11,2019-07-04 15:41:00,3.14,15104,Switzerland,False,False,34.54
536554,71053,WHITE METAL LANTERN,12,2019-07-17 18:54:00,3.7,13834,Spain,False,False,44.4
536730,84879,ASSORTED COLOUR BIRD ORNAMENT,8,2019-02-09 00:00:00,1.66,17805,Australia,False,False,13.28
537123,21730,GLASS STAR FROSTED T-LIGHT HOLDER,7,2019-10-25 00:00:00,3.96,17855,Germany,False,False,27.72
536886,21755,LOVE BUILDING BLOCK WORD,14,2019-11-16 00:00:00,6.35,15841,Australia,False,False,88.9
537417,85123A,WHITE HANGING HEART T-LIGHT HOLDER,13,2019-04-26 01:23:00,2.45,17524,Germany,False,False,31.85
537192,84406B,CREAM CUPID HEARTS COAT HANGER,16,2019-12-03 22:55:00,2.74,14983,United Kingdom,False,False,43.84
536682,71270,PINK CRYSTAL GUITAR PHONE CHARM,8,2019-12-21 08:58:00,1.36,16314,Spain,False,False,10.88
536874,21730,GLASS STAR FROSTED T-LIGHT HOLDER,7,2019-10-21 15:51:00,4.42,15905,Switzerland,False,False,30.94
537136,85123A,WHITE HANGING HEART T-LIGHT HOLDER,3,2019-01-19 09:45:00,2.67,15005,Germany,False,False,8.01
536335,21755,LOVE BUILDING BLOCK WORD,16,2019-06-08 00:00:00,6.48,16491,Belgium,False,False,103.68
537189,84879,ASSORTED COLOUR BIRD ORNAMENT,14,2019-12-30 15:16:00,1.58,16315,Spain,False,False,22.12
537245,21730,GLASS STAR FROSTED T-LIGHT HOLDER,16,2019-03-07 18:12:00,4.19,15653,Switzerland,False,False,67.04
537552,22960,JAM MAKING SET WITH JARS,8,2019-06-21 00:00:00,4.78,17627,France,False,False,38.24
536683,21755,LOVE BUILDING BLOCK WORD,12,2019-06-16 10:45:00,5.61,17929,France,False,False,67.32
537337,84406B,CREAM CUPID HEARTS COAT HANGER,16,2019-11-29 11:09:00,2.82,13774,EIRE,False,False,45.12
536089,84879,ASSORTED COLOUR BIRD ORNAMENT,11,2019-06-11 15:10:00,1.69,17175,EIRE,False,False,18.59
536664,22752,SET 7 BABUSHKA NESTING BOXES,10,2019-04-01 00:00:00,6.91,,Portugal,False,True,69.1
536088,21755,LOVE BUILDING BLOCK WORD,19,2019-09-30 06:07:00,6.08,14174,Belgium,False,False,115.52
536304,71270,PINK CRYSTAL GUITAR PHONE CHARM,4,2019-09-04 21:06:00,1.23,15528,United Kingdom,False,False,4.92
536759,21755,LOVE BUILDING BLOCK WORD,10,2019-01-24 10:24:00,5.92,,Portugal,False,True,59.2
536743,22960,JAM MAKING SET WITH JARS,9,2019-04-02 17:58:00,4.92,16644,Australia,False,False,44.28
536096,85123A,WHITE HANGING HEART T-LIGHT HOLDER,1,2019-09-30 19:45:00,2.63,14379,Germany,False,False,2.63
536970,21730,GLASS STAR FROSTED T-LIGHT HOLDER,7,2019-07-30 10:07:00,4.53,16799,Netherlands,False,False,31.71
536697,84406B,CREAM CUPID HEARTS COAT HANGER,4,2019-04-03 00:00:00,2.7,15567,Netherlands,False,False,10.8
537523,84879,ASSORTED COLOUR BIRD ORNAMENT,15,2019-05-31 10:47:00,1.68,,Portugal,False,True,25.2
536550,71270,PINK CRYSTAL GUITAR PHONE CHARM,3,2019-07-02 17:09:00,1.13,14793,France,False,False,3.39
537380,21730,GLASS STAR FROSTED T-LIGHT HOLDER,19,2019-02-02 03:48:00,4.4,12614,Netherlands,False,False,83.6
537419,71053,WHITE METAL LANTERN,12,2019-12-27 17:54:00,3.62,15118,United Kingdom,False,False,43.44
537013,84406B,CREAM CUPID HEARTS COAT HANGER,17,2019-07-09 00:00:00,2.87,13075,Australia,False,False,48.79
536892,71270,PINK CRYSTAL GUITAR PHONE CHARM,13,2019-03-13 19:55:00,1.29,17465,Spain,False,False,16.77
536096,22423,REGENCY CAKESTAND 3 TIER,2,2019-04-23 12:48:00,11.87,14012,United Kingdom,False,False,23.74
537035,84406B,CREAM CUPID HEARTS COAT HANGER,19,2019-01-22 06:14:00,2.72,12692,Portugal,False,False,51.68
536191,22423,REGENCY CAKESTAND 3 TIER,19,2019-03-18 11:19:00,13.4,,Spain,False,True,254.6
536283,84879,ASSORTED COLOUR BIRD ORNAMENT,2,2019-06-10 12:33:00,1.8,15303,Australia,False,False,3.6
537294,71053,WHITE METAL LANTERN,2,2019-11-23 18:36:00,3.69,15272,Germany,False,False,7.38
536574,21755,LOVE BUILDING BLOCK WORD,12,2019-04-12 14:56:00,6.1,15166,EIRE,False,False,73.2
537316,22752,SET 7 BABUSHKA NESTING BOXES,1,2019-02-05 00:00:00,7.98,13650,Australia,False,False,7.98
536366,22960,JAM MAKING SET WITH JARS,16,2019-07-05 00:27:00,5.19,15893,France,False,False,83.04
536402,84879,ASSORTED COLOUR BIRD ORNAMENT,15,2019-03-09 14:14:00,1.83,12934,France,False,False,27.45
536614,84879,ASSORTED COLOUR BIRD ORNAMENT,11,2019-04-19 13:09:00,1.8,16263,Germany,False,False,19.8
536616,71053,WHITE METAL LANTERN,5,2019-11-20 20:31:00,3.55,18027,Portugal,False,False,17.75
536841,21755,LOVE BUILDING BLOCK WORD,1,2019-12-16 00:00:00,6.51,14678,France,False,False,6.51
537315,21755,LOVE BUILDING BLOCK WORD,10,2019-01-12 17:06:00,6.29,14607,Portugal,False,False,62.9
536564,84879,ASSORTED COLOUR BIRD ORNAMENT,8,2019-03-15 00:00:00,1.71,15327,Switzerland,False,False,13.68
C537393,22960,JAM MAKING SET WITH JARS,-16,2019-08-25 21:57:00,4.88,18225,Germany,True,False,-78.08
537521,71270,PINK CRYSTAL GUITAR PHONE CHARM,14,2019-09-24 14:32:00,1.32,,Spain,False,True,18.48
537320,22423,REGENCY CAKESTAND 3 TIER,11,2019-01-03 10:17:00,13.01,13898,United Kingdom,False,False,143.11
536077,84879,ASSORTED COLOUR BIRD ORNAMENT,8,2019-01-12 18:32:00,1.78,12602,France,False,False,14.24
C537110,22423,REGENCY CAKESTAND 3 TIER,-2,2019-09-08 06:14:00,12.78,17582,Spain,True,False,-25.56
536882,22960,JAM MAKING SET WITH JARS,3,2019-08-10 00:00:00,5.02,13461,Portugal,False,False,15.06
537347,22960,JAM MAKING SET WITH JARS,2,2019-05-17 14:32:00,4.53,16736,Portugal,False,False,9.06
536570,84406B,CREAM CUPID HEARTS COAT HANGER,12,2019-08-08 05:19:00,2.52,12803,Spain,False,False,30.24
536060,22423,REGENCY CAKESTAND 3 TIER,9,2019-10-16 07:30:00,12.79,12628,United Kingdom,False,False,115.11
536016,21730,GLASS STAR FROSTED T-LIGHT HOLDER,12,2019-01-17 00:00:00,4.57,14012,EIRE,False,False,54.84
537652,84406B,CREAM CUPID HEARTS COAT HANGER,8,2019-09-26 15:35:00,2.95,13950,Australia,False,False,23.6
537527,71270,PINK CRYSTAL GUITAR PHONE CHARM,6,2019-01-26 01:58:00,1.21,18084,Switzerland,False,False,7.26
536035,84879,ASSORTED COLOUR BIRD ORNAMENT,12,2019-12-18 00:00:00,1.79,14055,Portugal,False,False,21.48
536147,85123A,WHITE HANGING HEART T-LIGHT HOLDER,12,2019-04-23 00:00:00,2.74,14960,Netherlands,False,False,32.88
536651,85123A,WHITE HANGING HEART T-LIGHT HOLDER,11,2019-05-14 23:20:00,2.63,16391,Spain,False,False,28.93
537580,84879,ASSORTED COLOUR BIRD ORNAMENT,11,2019-11-08 10:42:00,1.58,16679,Germany,False,False,17.38
536242,22752,SET 7 BABUSHKA NESTING BOXES,8,2019-04-20 23:13:00,7.88,15868,United Kingdom,False,False,63.04
536746,22752,SET 7 BABUSHKA NESTING BOXES,7,2019-09-05 00:00:00,8.37,16639,EIRE,False,False,58.59
536776,71053,WHITE METAL LANTERN,15,2019-06-08 03:15:00,3.24,14309,Belgium,False,False,48.6
537375,21730,GLASS STAR FROSTED T-LIGHT HOLDER,16,2019-12-28 03:08:00,3.97,13981,Switzerland,False,False,63.52
536056,22752,SET 7 BABUSHKA NESTING BOXES,18,2019-05-06 03:13:00,7.65,12958,EIRE,False,False,137.7
536333,21730,GLASS STAR FROSTED T-LIGHT HOLDER,11,2019-01-25 00:00:00,3.98,17083,Germany,False,False,43.78
537084,21730,GLASS STAR FROSTED T-LIGHT HOLDER,15,2019-10-28 10:52:00,4.16,,Belgium,False,True,62.4
536716,21730,GLASS STAR FROSTED T-LIGHT HOLDER,17,2019-03-22 01:50:00,4.21,14236,Switzerland,False,False,71.57
536065,71270,PINK CRYSTAL GUITAR PHONE CHARM,16,2019-04-19 05:11:00,1.28,,Spain,False,True,20.48
537530,71270,PINK CRYSTAL GUITAR PHONE CHARM,3,2019-08-26 00:00:00,1.22,,Netherlands,False,True,3.66
537264,21755,LOVE BUILDING BLOCK WORD,8,2019-11-15 00:00:00,6.36,,Portugal,False,True,50.88
536215,84406B,CREAM CUPID HEARTS COAT HANGER,9,2019-11-08 00:00:00,2.7,16131,Portugal,False,False,24.3
537011,22752,SET 7 BABUSHKA NESTING BOXES,8,2019-12-04 20:34:00,7.87,12666,Germany,False,False,62.96
537380,71053,WHITE METAL LANTERN,15,2019-07-05 01:35:00,3.29,18159,Netherlands,False,False,49.35
537244,22960,JAM MAKING SET WITH JARS,16,2019-08-11 21:39:00,4.55,15480,United Kingdom,False,False,72.8
536919,22960,JAM MAKING SET WITH JARS,19,2019-02-17 20:42:00,4.98,13871,Australia,False,False,94.62
536124,21755,LOVE BUILDING BLOCK WORD,13,2019-11-26 00:00:00,6.29,15055,Belgium,False,False,81.77
537591,71270,PINK CRYSTAL GUITAR PHONE CHARM,9,2019-11-21 00:44:00,1.25,16956,France,False,False,11.25
536188,22752,SET 7 BABUSHKA NESTING BOXES,11,2019-09-15 00:00:00,7.08,12523,Netherlands,False,False,77.88
537240,84406B,CREAM CUPID HEARTS COAT HANGER,1,2019-07-31 00:00:00,2.9,13027,Germany,False,False,2.9
536965,84406B,CREAM CUPID HEARTS COAT HANGER,10,2019-12-26 07:59:00,2.89,17515,EIRE,False,False,28.9
537518,85123A,WHITE HANGING HEART T-LIGHT HOLDER,9,2019-12-06 01:14:00,2.7,17106,EIRE,False,False,24.3
537161,21755,LOVE BUILDING BLOCK WORD,15,2019-07-25 16:57:00,5.76,15426,France,False,False,86.4
536385,84406B,CREAM CUPID HEARTS COAT HANGER,5,2019-10-02 15:19:00,2.99,17820,Portugal,False,False,14.95
537378,84879,ASSORTED COLOUR BIRD ORNAMENT,19,2019-11-06 00:00:00,1.69,14761,Portugal,False,False,32.11
536324,22752,SET 7 BABUSHKA NESTING BOXES,10,2019-11-03 22:11:00,7.69,17988,Belgium,False,False,76.9
537095,21755,LOVE BUILDING BLOCK WORD,10,2019-03-04 17:41:00,5.65,14471,Switzerland,False,False,56.5
537209,22960,JAM MAKING SET WITH JARS,12,2019-05-04 22:56:00,5.37,12404,Australia,False,False,64.44
537212,85123A,WHITE HANGING HEART T-LIGHT HOLDER,9,2019-07-18 14:43:00,2.71,16437,Belgium,False,False,24.39
C536611,71053,WHITE METAL LANTERN,-11,2019-08-19 21:04:00,3.24,13767,United Kingdom,True,False,-35.64
536769,21755,LOVE BUILDING BLOCK WORD,12,2019-10-07 02:46:00,6.44,13798,EIRE,False,False,77.28
536613,71270,PINK CRYSTAL GUITAR PHONE CHARM,10,2019-09-18 00:00:00,1.32,14483,Portugal,False,False,13.2
537641,85123A,WHITE HANGING HEART T-LIGHT HOLDER,14,2019-06-18 18:28:00,2.55,14713,France,False,False,35.7
536681,22960,JAM MAKING SET WITH JARS,12,2019-10-01 00:00:00,5.02,14020,EIRE,False,False,60.24
537468,71053,WHITE METAL LANTERN,2,2019-05-20 00:00:00,3.18,,Belgium,False,True,6.36
537457,22423,REGENCY CAKESTAND 3 TIER,11,2019-05-30 17:39:00,13.39,18071,Switzerland,False,False,147.29
537577,84406B,CREAM CUPID HEARTS COAT HANGER,15,2019-03-17 20:57:00,2.68,12836,Netherlands,False,False,40.2
537583,85123A,WHITE HANGING HEART T-LIGHT HOLDER,1,2019-08-22 22:37:00,2.8,17379,France,False,False,2.8
537572,21755,LOVE BUILDING BLOCK WORD,14,2019-04-09 01:52:00,6.0,14220,Netherlands,False,False,84.0
536281,22960,JAM MAKING SET WITH JARS,1,2019-07-12 10:55:00,5.36,14111,Australia,False,False,5.36
537496,84406B,CREAM CUPID HEARTS COAT HANGER,13,2019-09-30 18:33:00,2.99,14814,Belgium,False,False,38.87
536718,85123A,WHITE HANGING HEART T-LIGHT HOLDER,18,2019-02-17 04:42:00,2.6,16166,Belgium,False,False,46.8
536116,21755,LOVE BUILDING BLOCK WORD,11,2019-11-15 00:00:00,6.44,,EIRE,False,True,70.84
536261,71270,PINK CRYSTAL GUITAR PHONE CHARM,17,2019-01-27 00:00:00,1.14,12575,EIRE,False,False,19.38
536015,21755,LOVE BUILDING BLOCK WORD,15,2019-01-02 00:00:00,5.67,17976,France,False,False,85.05
537217,22423,REGENCY CAKESTAND 3 TIER,17,2019-10-17 05:30:00,13.64,13913,Netherlands,False,False,231.88
537499,22960,JAM MAKING SET WITH JARS,13,2019-11-29 03:24:00,4.74,13723,United Kingdom,False,False,61.62
537339,84406B,CREAM CUPID HEARTS COAT HANGER,9,2019-02-17 16:03:00,2.65,18145,Spain,False,False,23.85
536479,84406B,CREAM CUPID HEARTS COAT HANGER,3,2019-06-07 00:00:00,2.75,12451,United Kingdom,False,False,8.25
537065,71270,PINK CRYSTAL GUITAR PHONE CHARM,2,2019-08-22 14:01:00,1.31,,Netherlands,False,True,2.62
536011,22423,REGENCY CAKESTAND 3 TIER,12,2019-08-12 14:10:00,12.36,14097,United Kingdom,False,False,148.32
536262,71053,WHITE METAL LANTERN,17,2019-05-03 00:01:00,3.18,13326,Netherlands,False,False,54.06
537525,22423,REGENCY CAKESTAND 3 TIER,8,2019-12-21 06:38:00,12.1,13427,EIRE,False,False,96.8
536875,21730,GLASS STAR FROSTED T-LIGHT HOLDER,1,2019-01-15 13:11:00,4.49,14812,Switzerland,False,False,4.49
536310,21755,LOVE BUILDING BLOCK WORD,16,2019-11-09 23:05:00,6.31,15958,France,False,False,100.96
536801,71053,WHITE METAL LANTERN,1,2019-02-21 14:17:00,3.1,17822,Switzerland,False,False,3.1
536561,84406B,CREAM CUPID HEARTS COAT HANGER,12,2019-04-22 01:27:00,2.67,16879,United Kingdom,False,False,32.04
536416,84406B,CREAM CUPID HEARTS COAT HANGER,14,2019-08-30 14:17:00,2.67,14236,France,False,False,37.38
537618,21730,GLASS STAR FROSTED T-LIGHT HOLDER,17,2019-10-25 21:55:00,4.52,15642,Australia,False,False,76.84
536030,21755,LOVE BUILDING BLOCK WORD,7,2019-10-26 00:00:00,6.42,16115,France,False,False,44.94
536950,22423,REGENCY CAKESTAND 3 TIER,12,2019-05-28 16:13:00,12.54,15719,EIRE,False,False,150.48
536931,22423,REGENCY CAKESTAND 3 TIER,16,2019-11-23 13:55:00,13.91,14343,Netherlands,False,False,222.56
536254,22752,SET 7 BABUSHKA NESTING BOXES,12,2019-11-04 05:10:00,7.12,15342,France,False,False,85.44
536996,21730,GLASS STAR FROSTED T-LIGHT HOLDER,2,2019-04-05 20:16:00,4.67,16841,Belgium,False,False,9.34
C536816,84406B,CREAM CUPID HEARTS COAT HANGER,-1,2019-07-19 04:35:00,2.5,13606,Belgium,True,False,-2.5
536576,71270,PINK CRYSTAL GUITAR PHONE CHARM,13,2019-01-27 00:00:00,1.31,17169,Portugal,False,False,17.03
536085,21755,LOVE BUILDING BLOCK WORD,15,2019-11-23 00:00:00,5.83,13234,Switzerland,False,False,87.45
536406,21755,LOVE BUILDING BLOCK WORD,5,2019-04-28 09:18:00,6.16,17626,EIRE,False,False,30.8
536387,21730,GLASS STAR FROSTED T-LIGHT HOLDER,6,2019-09-10 22:02:00,4.67,13488,France,False,False,28.02
536257,21755,LOVE BUILDING BLOCK WORD,11,2019-05-23 00:00:00,6.45,13354,Australia,False,False,70.95
536104,84879,ASSORTED COLOUR BIRD ORNAMENT,17,2019-09-13 02:23:00,1.84,16820,Germany,False,False,31.28
C537462,84406B,CREAM CUPID HEARTS COAT HANGER,-12,2019-07-13 04:38:00,2.55,13488,Switzerland,True,False,-30.6
537344,21755,LOVE BUILDING BLOCK WORD,8,2019-06-14 00:38:00,5.9,15960,Portugal,False,False,47.2
537619,71270,PINK CRYSTAL GUITAR PHONE CHARM,13,2019-02-28 05:15:00,1.28,14465,France,False,False,16.64
536999,22960,JAM MAKING SET WITH JARS,18,2019-10-22 22:06:00,5.12,16396,France,False,False,92.16
537426,71270,PINK CRYSTAL GUITAR PHONE CHARM,8,2019-09-09 23:08:00,1.14,15915,Switzerland,False,False,9.12
536392,84406B,CREAM CUPID HEARTS COAT HANGER,3,2019-10-24 00:00:00,2.64,15321,Spain,False,False,7.92
537298,85123A,WHITE HANGING HEART T-LIGHT HOLDER,16,2019-07-31 02:25:00,2.61,15628,France,False,False,41.76
536449,21730,GLASS STAR FROSTED T-LIGHT HOLDER,6,2019-05-17 16:30:00,4.1,12916,United Kingdom,False,False,24.6
537258,84406B,CREAM CUPID HEARTS COAT HANGER,13,2019-06-30 00:00:00,2.69,,United Kingdom,False,True,34.97
537038,22960,JAM MAKING SET WITH JARS,17,2019-05-06 00:00:00,5.23,13925,Germany,False,False,88.91
537172,71270,PINK CRYSTAL GUITAR PHONE CHARM,9,2019-05-14 23:02:00,1.27,15097,Switzerland,False,False,11.43
536766,22423,REGENCY CAKESTAND 3 TIER,10,2019-09-15 11:40:00,12.13,13645,Germany,False,False,121.3
536957,21755,LOVE BUILDING BLOCK WORD,6,2019-01-28 22:54:00,5.97,18238,Portugal,False,False,35.82
536130,71270,PINK CRYSTAL GUITAR PHONE CHARM,16,2019-10-05 01:56:00,1.24,16567,United Kingdom,False,False,19.84
536485,22752,SET 7 BABUSHKA NESTING BOXES,7,2019-06-22 16:28:00,7.13,16673,France,False,False,49.91
536364,22752,SET 7 BABUSHKA NESTING BOXES,3,2019-01-14 00:00:00,7.55,17570,Germany,False,False,22.65
537079,71053,WHITE METAL LANTERN,6,2019-10-28 23:13:00,3.33,16785,Portugal,False,False,19.98
536926,22960,JAM MAKING SET WITH JARS,3,2019-04-15 15:38:00,4.88,13147,Spain,False,False,14.64
537487,22752,SET 7 BABUSHKA NESTING BOXES,2,2019-10-14 11:17:00,7.69,12463,Belgium,False,False,15.38
537480,71270,PINK CRYSTAL GUITAR PHONE CHARM,3,2019-03-08 09:26:00,1.21,16142,Netherlands,False,False,3.63
537218,84879,ASSORTED COLOUR BIRD ORNAMENT,19,2019-08-24 18:16:00,1.58,17305,Netherlands,False,False,30.02
536861,22960,JAM MAKING SET WITH JARS,11,2019-06-22 00:00:00,4.46,16215,Australia,False,False,49.06
537085,84406B,CREAM CUPID HEARTS COAT HANGER,5,2019-05-28 00:09:00,2.67,14131,EIRE,False,False,13.35
536457,22960,JAM MAKING SET WITH JARS,8,2019-07-02 07:30:00,5.19,17789,Belgium,False,False,41.52
536306,21730,GLASS STAR FROSTED T-LIGHT HOLDER,7,2019-04-19 06:40:00,4.31,17557,United Kingdom,False,False,30.17
537435,22752,SET 7 BABUSHKA NESTING BOXES,18,2019-05-23 00:00:00,8.1,14417,Portugal,False,False,145.8
536850,21755,LOVE BUILDING BLOCK WORD,13,2019-03-26 10:06:00,6.27,15360,Spain,False,False,81.51
536179,22752,SET 7 BABUSHKA NESTING BOXES,15,2019-04-11 15:44:00,7.03,13138,United Kingdom,False,False,105.45
536406,71270,PINK CRYSTAL GUITAR PHONE CHARM,3,2019-10-05 14:27:00,1.27,,EIRE,False,True,3.81
537423,21730,GLASS STAR FROSTED T-LIGHT HOLDER,17,2019-12-02 00:00:00,4.14,13104,France,False,False,70.38
